ISO-10303-21;
HEADER;
/* Generated by software containing ST-Developer
 * from STEP Tools, Inc. (www.steptools.com) 
 */
/* OPTION: using custom renumber hook */

FILE_DESCRIPTION(
/* description */ ('STEP AP242 Edition 2',
'CAx-IF Rec.Pracs.---Representation and Presentation of Product Manufa
cturing Information (PMI)---4.0---2014-10-13',
'CAx-IF Rec.Pracs.---3D Tessellated Geometry---0.4---2014-09-14','2;1',
'CAx-IF Rec.Pracs.---User Defined Attributes---1.5---2016-08-15'),
/* implementation_level */ '2;1');

FILE_NAME(
/* name */ 'Card case - Part 4',
/* time_stamp */ '2026-08-10T18:37:10Z',
/* author */ (''),
/* organization */ (''),
/* preprocessor_version */ 'ST-DEVELOPER v20',
/* originating_system */ 'ONSHAPE BY PTC INC, 1.219',
/* authorisation */ '  ');

FILE_SCHEMA (('AP242_MANAGED_MODEL_BASED_3D_ENGINEERING_MIM_LF { 1 0 10303 442 3 1 4 }'));
ENDSEC;

DATA;
#10=SHAPE_REPRESENTATION_RELATIONSHIP('','',#3089,#11);
#11=ADVANCED_BREP_SHAPE_REPRESENTATION('',(#3087),#5693);
#12=TOROIDAL_SURFACE('',#3230,0.0109116,0.0002);
#13=TOROIDAL_SURFACE('',#3299,0.0102,0.0002);
#14=TOROIDAL_SURFACE('',#3302,0.0102,0.0002);
#15=TOROIDAL_SURFACE('',#3319,0.0004,0.0002);
#16=TOROIDAL_SURFACE('',#3323,0.0004,0.0002);
#17=TOROIDAL_SURFACE('',#3339,0.0004,0.0002);
#18=TOROIDAL_SURFACE('',#3341,0.0004,0.0002);
#19=TOROIDAL_SURFACE('',#3343,0.0004,0.0002);
#20=TOROIDAL_SURFACE('',#3345,0.0004,0.0002);
#21=TOROIDAL_SURFACE('',#3355,0.0004,0.0002);
#22=TOROIDAL_SURFACE('',#3357,0.0004,0.0002);
#23=TOROIDAL_SURFACE('',#3378,0.0008,0.0002);
#24=TOROIDAL_SURFACE('',#3382,0.00699729416962049,0.001);
#25=TOROIDAL_SURFACE('',#3386,0.00699729416962049,0.001);
#26=TOROIDAL_SURFACE('',#3390,0.0008,0.0002);
#27=TOROIDAL_SURFACE('',#3391,0.0008,0.0002);
#28=TOROIDAL_SURFACE('',#3395,0.00699729416962049,0.001);
#29=TOROIDAL_SURFACE('',#3399,0.00699729416962049,0.001);
#30=TOROIDAL_SURFACE('',#3403,0.0008,0.0002);
#31=TOROIDAL_SURFACE('',#3404,0.0008,0.0002);
#32=TOROIDAL_SURFACE('',#3408,0.008,0.001);
#33=TOROIDAL_SURFACE('',#3412,0.008,0.001);
#34=TOROIDAL_SURFACE('',#3416,0.0008,0.0002);
#35=TOROIDAL_SURFACE('',#3417,0.0008,0.0002);
#36=TOROIDAL_SURFACE('',#3421,0.008,0.001);
#37=TOROIDAL_SURFACE('',#3425,0.008,0.001);
#38=TOROIDAL_SURFACE('',#3429,0.0008,0.0002);
#39=CONICAL_SURFACE('',#3201,0.0102196,0.819532923570544);
#40=CONICAL_SURFACE('',#3235,0.0107116,0.785398163397448);
#41=SPHERICAL_SURFACE('',#3156,0.0005);
#42=SPHERICAL_SURFACE('',#3162,0.0005);
#43=(
BOUNDED_SURFACE()
B_SPLINE_SURFACE(3,2,((#4798,#4799,#4800),(#4801,#4802,#4803),(#4804,#4805,
#4806),(#4807,#4808,#4809)),.UNSPECIFIED.,.F.,.F.,.F.)
B_SPLINE_SURFACE_WITH_KNOTS((4,4),(3,3),(3.49899085470679E-17,1.5707963267949),
(0.,1.),.PIECEWISE_BEZIER_KNOTS.)
GEOMETRIC_REPRESENTATION_ITEM()
RATIONAL_B_SPLINE_SURFACE(((1.,0.695648112189241,1.),(1.,0.695648112214063,
1.),(1.,0.701155636699897,1.),(1.,0.707106781186549,1.)))
REPRESENTATION_ITEM('')
SURFACE()
);
#44=(
BOUNDED_SURFACE()
B_SPLINE_SURFACE(3,2,((#4830,#4831,#4832),(#4833,#4834,#4835),(#4836,#4837,
#4838),(#4839,#4840,#4841)),.UNSPECIFIED.,.F.,.F.,.F.)
B_SPLINE_SURFACE_WITH_KNOTS((4,4),(3,3),(4.71238898038469,6.28318530717959),
(0.,1.),.PIECEWISE_BEZIER_KNOTS.)
GEOMETRIC_REPRESENTATION_ITEM()
RATIONAL_B_SPLINE_SURFACE(((1.,0.707106781186547,1.),(1.,0.701155636702012,
1.),(1.,0.695648112213876,1.),(1.,0.69564811218924,1.)))
REPRESENTATION_ITEM('')
SURFACE()
);
#45=(
BOUNDED_SURFACE()
B_SPLINE_SURFACE(3,2,((#5273,#5274,#5275),(#5276,#5277,#5278),(#5279,#5280,
#5281),(#5282,#5283,#5284),(#5285,#5286,#5287)),.UNSPECIFIED.,.F.,.F.,.F.)
B_SPLINE_SURFACE_WITH_KNOTS((4,1,4),(3,3),(0.0350470467976495,0.0374978038549653,
0.0399485609122811),(0.,1.),.UNSPECIFIED.)
GEOMETRIC_REPRESENTATION_ITEM()
RATIONAL_B_SPLINE_SURFACE(((1.,0.707106781186548,1.),(1.,0.707106781186548,
1.),(1.,0.707106781186548,1.),(1.,0.707106781186548,1.),(1.,0.707106781186548,
1.)))
REPRESENTATION_ITEM('')
SURFACE()
);
#46=(
BOUNDED_SURFACE()
B_SPLINE_SURFACE(3,2,((#5297,#5298,#5299),(#5300,#5301,#5302),(#5303,#5304,
#5305),(#5306,#5307,#5308),(#5309,#5310,#5311),(#5312,#5313,#5314),(#5315,
#5316,#5317)),.UNSPECIFIED.,.F.,.F.,.F.)
B_SPLINE_SURFACE_WITH_KNOTS((4,1,1,1,4),(3,3),(0.0388558884190011,0.041457610876356,
0.0440593333337109,0.0466610557910657,0.0492627782484206),(0.,1.),
 .UNSPECIFIED.)
GEOMETRIC_REPRESENTATION_ITEM()
RATIONAL_B_SPLINE_SURFACE(((1.,0.707106781186547,1.),(1.,0.707106781186547,
1.),(1.,0.707106781186548,1.),(1.,0.707106781186548,1.),(1.,0.707106781186548,
1.),(1.,0.707106781186548,1.),(1.,0.707106781186548,1.)))
REPRESENTATION_ITEM('')
SURFACE()
);
#47=(
BOUNDED_SURFACE()
B_SPLINE_SURFACE(3,2,((#5490,#5491,#5492),(#5493,#5494,#5495),(#5496,#5497,
#5498),(#5499,#5500,#5501),(#5502,#5503,#5504)),.UNSPECIFIED.,.F.,.F.,.F.)
B_SPLINE_SURFACE_WITH_KNOTS((4,1,4),(3,3),(0.,0.785398163397448,1.5707963267949),
(0.,1.),.UNSPECIFIED.)
GEOMETRIC_REPRESENTATION_ITEM()
RATIONAL_B_SPLINE_SURFACE(((1.,0.500686552251562,1.),(1.,0.5006865528865,
1.),(1.,0.557088577039728,1.),(1.,0.660953873610095,1.),(1.,0.707106781186548,
1.)))
REPRESENTATION_ITEM('')
SURFACE()
);
#48=(
BOUNDED_SURFACE()
B_SPLINE_SURFACE(3,2,((#5518,#5519,#5520),(#5521,#5522,#5523),(#5524,#5525,
#5526),(#5527,#5528,#5529),(#5530,#5531,#5532)),.UNSPECIFIED.,.F.,.F.,.F.)
B_SPLINE_SURFACE_WITH_KNOTS((4,1,4),(3,3),(1.5707963267949,2.35619449019234,
3.14159265358979),(0.,1.),.UNSPECIFIED.)
GEOMETRIC_REPRESENTATION_ITEM()
RATIONAL_B_SPLINE_SURFACE(((1.,0.707106781186548,1.),(1.,0.660953873610015,
1.),(1.,0.557088577039768,1.),(1.,0.5006865528865,1.),(1.,0.500686552251562,
1.)))
REPRESENTATION_ITEM('')
SURFACE()
);
#49=(
BOUNDED_SURFACE()
B_SPLINE_SURFACE(3,2,((#5551,#5552,#5553),(#5554,#5555,#5556),(#5557,#5558,
#5559),(#5560,#5561,#5562),(#5563,#5564,#5565)),.UNSPECIFIED.,.F.,.F.,.F.)
B_SPLINE_SURFACE_WITH_KNOTS((4,1,4),(3,3),(3.14159265358979,3.92699081698724,
4.71238898038469),(0.,1.),.UNSPECIFIED.)
GEOMETRIC_REPRESENTATION_ITEM()
RATIONAL_B_SPLINE_SURFACE(((1.,0.483948831903148,1.),(1.,0.483948832662832,
1.),(1.,0.54631281541752,1.),(1.,0.657902992679453,1.),(1.,0.70710678118655,
1.)))
REPRESENTATION_ITEM('')
SURFACE()
);
#50=(
BOUNDED_SURFACE()
B_SPLINE_SURFACE(3,2,((#5567,#5568,#5569),(#5570,#5571,#5572),(#5573,#5574,
#5575),(#5576,#5577,#5578),(#5579,#5580,#5581)),.UNSPECIFIED.,.F.,.F.,.F.)
B_SPLINE_SURFACE_WITH_KNOTS((4,1,4),(3,3),(4.71238898038469,5.49778714378214,
6.28318530717959),(0.,1.),.UNSPECIFIED.)
GEOMETRIC_REPRESENTATION_ITEM()
RATIONAL_B_SPLINE_SURFACE(((1.,0.70710678118655,1.),(1.,0.657902992679508,
1.),(1.,0.546312815417492,1.),(1.,0.483948832662832,1.),(1.,0.483948831903148,
1.)))
REPRESENTATION_ITEM('')
SURFACE()
);
#51=ELLIPSE('',#3128,0.000472252976505573,0.0004);
#52=ELLIPSE('',#3129,0.000472252976505573,0.0004);
#53=ELLIPSE('',#3131,0.000461458278768161,0.0004);
#54=ELLIPSE('',#3132,0.000461458278768161,0.0004);
#55=ELLIPSE('',#3134,0.00023072913938408,0.0002);
#56=ELLIPSE('',#3135,0.00023072913938408,0.0002);
#57=ELLIPSE('',#3147,0.000500165496607348,0.0005);
#58=ELLIPSE('',#3149,0.000400206851511159,0.0004);
#59=ELLIPSE('',#3154,0.000500165496607348,0.0005);
#60=ELLIPSE('',#3155,0.000400206851511159,0.0004);
#61=ELLIPSE('',#3205,0.000282842712474619,0.0002);
#62=ELLIPSE('',#3206,0.000282842712474619,0.0002);
#63=ELLIPSE('',#3208,0.000282842712474619,0.0002);
#64=ELLIPSE('',#3209,0.000207011317748947,0.0002);
#65=ELLIPSE('',#3211,0.000282842712474619,0.0002);
#66=ELLIPSE('',#3213,0.000207011317748947,0.0002);
#67=ELLIPSE('',#3215,0.000283541520009328,0.0002);
#68=ELLIPSE('',#3216,0.000282842712474619,0.0002);
#69=ELLIPSE('',#3218,0.000282842712474619,0.0002);
#70=ELLIPSE('',#3219,0.000208266884288356,0.0002);
#71=ELLIPSE('',#3221,0.000282842712474619,0.0002);
#72=ELLIPSE('',#3223,0.000208118705235869,0.0002);
#73=ELLIPSE('',#3227,0.000282842712474619,0.0002);
#74=ELLIPSE('',#3233,0.000282842712474619,0.0002);
#75=ELLIPSE('',#3266,0.000236126488252787,0.0002);
#76=ELLIPSE('',#3267,0.000236126488252787,0.0002);
#77=ELLIPSE('',#3272,0.000282842712474619,0.0002);
#78=ELLIPSE('',#3273,0.000282842712474619,0.0002);
#79=ELLIPSE('',#3279,0.000282842712474619,0.0002);
#80=ELLIPSE('',#3280,0.000282842712474619,0.0002);
#81=ELLIPSE('',#3281,0.000282842712474619,0.0002);
#82=ELLIPSE('',#3284,0.000282842712474619,0.0002);
#83=ELLIPSE('',#3293,0.000282842712474619,0.0002);
#84=ELLIPSE('',#3298,0.000304866762772975,0.0002);
#85=ELLIPSE('',#3301,0.000282842712474619,0.0002);
#86=ELLIPSE('',#3303,0.000304866762772975,0.0002);
#87=ELLIPSE('',#3321,0.000320971764830449,0.0002);
#88=ELLIPSE('',#3322,0.000320971764830449,0.0002);
#89=CYLINDRICAL_SURFACE('',#3114,0.01);
#90=CYLINDRICAL_SURFACE('',#3150,0.0001);
#91=CYLINDRICAL_SURFACE('',#3160,0.0005);
#92=CYLINDRICAL_SURFACE('',#3165,0.0005);
#93=CYLINDRICAL_SURFACE('',#3166,0.0001);
#94=CYLINDRICAL_SURFACE('',#3168,0.0001);
#95=CYLINDRICAL_SURFACE('',#3169,0.0005);
#96=CYLINDRICAL_SURFACE('',#3170,0.0005);
#97=CYLINDRICAL_SURFACE('',#3173,0.0005);
#98=CYLINDRICAL_SURFACE('',#3180,0.000100057729485908);
#99=CYLINDRICAL_SURFACE('',#3191,0.0107116);
#100=CYLINDRICAL_SURFACE('',#3194,0.0104116);
#101=CYLINDRICAL_SURFACE('',#3196,0.000100238898703694);
#102=CYLINDRICAL_SURFACE('',#3199,0.001);
#103=CYLINDRICAL_SURFACE('',#3204,0.0002);
#104=CYLINDRICAL_SURFACE('',#3207,0.0002);
#105=CYLINDRICAL_SURFACE('',#3210,0.0002);
#106=CYLINDRICAL_SURFACE('',#3212,0.0002);
#107=CYLINDRICAL_SURFACE('',#3214,0.0002);
#108=CYLINDRICAL_SURFACE('',#3217,0.0002);
#109=CYLINDRICAL_SURFACE('',#3220,0.0002);
#110=CYLINDRICAL_SURFACE('',#3222,0.0002);
#111=CYLINDRICAL_SURFACE('',#3226,0.0002);
#112=CYLINDRICAL_SURFACE('',#3228,0.0002);
#113=CYLINDRICAL_SURFACE('',#3232,0.0002);
#114=CYLINDRICAL_SURFACE('',#3237,0.0002);
#115=CYLINDRICAL_SURFACE('',#3241,0.0002);
#116=CYLINDRICAL_SURFACE('',#3242,0.0002);
#117=CYLINDRICAL_SURFACE('',#3251,0.0002);
#118=CYLINDRICAL_SURFACE('',#3256,0.00799729416962049);
#119=CYLINDRICAL_SURFACE('',#3260,0.00799729416962049);
#120=CYLINDRICAL_SURFACE('',#3268,0.0002);
#121=CYLINDRICAL_SURFACE('',#3271,0.0002);
#122=CYLINDRICAL_SURFACE('',#3274,0.0002);
#123=CYLINDRICAL_SURFACE('',#3277,0.0002);
#124=CYLINDRICAL_SURFACE('',#3283,0.0002);
#125=CYLINDRICAL_SURFACE('',#3285,0.0002);
#126=CYLINDRICAL_SURFACE('',#3287,0.0002);
#127=CYLINDRICAL_SURFACE('',#3290,0.0002);
#128=CYLINDRICAL_SURFACE('',#3292,0.0002);
#129=CYLINDRICAL_SURFACE('',#3294,0.0002);
#130=CYLINDRICAL_SURFACE('',#3296,0.0002);
#131=CYLINDRICAL_SURFACE('',#3300,0.0002);
#132=CYLINDRICAL_SURFACE('',#3304,0.0002);
#133=CYLINDRICAL_SURFACE('',#3306,0.0002);
#134=CYLINDRICAL_SURFACE('',#3308,0.0002);
#135=CYLINDRICAL_SURFACE('',#3310,0.0002);
#136=CYLINDRICAL_SURFACE('',#3312,0.0002);
#137=CYLINDRICAL_SURFACE('',#3314,0.0002);
#138=CYLINDRICAL_SURFACE('',#3316,0.0002);
#139=CYLINDRICAL_SURFACE('',#3325,0.0002);
#140=CYLINDRICAL_SURFACE('',#3327,0.0002);
#141=CYLINDRICAL_SURFACE('',#3329,0.0002);
#142=CYLINDRICAL_SURFACE('',#3332,0.0002);
#143=CYLINDRICAL_SURFACE('',#3334,0.0002);
#144=CYLINDRICAL_SURFACE('',#3336,0.0002);
#145=CYLINDRICAL_SURFACE('',#3347,0.0002);
#146=CYLINDRICAL_SURFACE('',#3349,0.0002);
#147=CYLINDRICAL_SURFACE('',#3351,0.0002);
#148=CYLINDRICAL_SURFACE('',#3353,0.0002);
#149=CYLINDRICAL_SURFACE('',#3359,0.0002);
#150=CYLINDRICAL_SURFACE('',#3360,0.0002);
#151=CYLINDRICAL_SURFACE('',#3363,0.0002);
#152=CYLINDRICAL_SURFACE('',#3366,0.0002);
#153=CYLINDRICAL_SURFACE('',#3369,0.0002);
#154=CYLINDRICAL_SURFACE('',#3372,0.009);
#155=CYLINDRICAL_SURFACE('',#3375,0.009);
#156=CYLINDRICAL_SURFACE('',#3380,0.001);
#157=CYLINDRICAL_SURFACE('',#3384,0.001);
#158=CYLINDRICAL_SURFACE('',#3388,0.001);
#159=CYLINDRICAL_SURFACE('',#3393,0.001);
#160=CYLINDRICAL_SURFACE('',#3397,0.001);
#161=CYLINDRICAL_SURFACE('',#3401,0.001);
#162=CYLINDRICAL_SURFACE('',#3406,0.001);
#163=CYLINDRICAL_SURFACE('',#3410,0.001);
#164=CYLINDRICAL_SURFACE('',#3414,0.001);
#165=CYLINDRICAL_SURFACE('',#3419,0.001);
#166=CYLINDRICAL_SURFACE('',#3423,0.001);
#167=CYLINDRICAL_SURFACE('',#3427,0.001);
#168=CYLINDRICAL_SURFACE('',#3430,0.0002);
#169=CYLINDRICAL_SURFACE('',#3431,0.0002);
#170=CIRCLE('',#3093,0.0004);
#171=CIRCLE('',#3094,0.0004);
#172=CIRCLE('',#3095,0.0004);
#173=CIRCLE('',#3096,0.0004);
#174=CIRCLE('',#3097,0.0008);
#175=CIRCLE('',#3098,0.0008);
#176=CIRCLE('',#3099,0.0008);
#177=CIRCLE('',#3100,0.0008);
#178=CIRCLE('',#3102,0.0008);
#179=CIRCLE('',#3103,0.0008);
#180=CIRCLE('',#3104,0.0008);
#181=CIRCLE('',#3105,0.0004);
#182=CIRCLE('',#3106,0.0004);
#183=CIRCLE('',#3107,0.0004);
#184=CIRCLE('',#3108,0.0004);
#185=CIRCLE('',#3109,0.0008);
#186=CIRCLE('',#3111,0.0102);
#187=CIRCLE('',#3113,0.0102);
#188=CIRCLE('',#3115,0.01);
#189=CIRCLE('',#3116,0.01);
#190=CIRCLE('',#3120,0.008);
#191=CIRCLE('',#3121,0.008);
#192=CIRCLE('',#3125,0.008);
#193=CIRCLE('',#3126,0.008);
#194=CIRCLE('',#3137,0.0002);
#195=CIRCLE('',#3139,0.0002);
#196=CIRCLE('',#3140,0.000100238898703694);
#197=CIRCLE('',#3141,0.0104116);
#198=CIRCLE('',#3142,0.0002);
#199=CIRCLE('',#3143,0.0102196);
#200=CIRCLE('',#3146,0.0001);
#201=CIRCLE('',#3148,0.0001);
#202=CIRCLE('',#3151,0.0001);
#203=CIRCLE('',#3153,0.0001);
#204=CIRCLE('',#3157,0.0005);
#205=CIRCLE('',#3158,0.0005);
#206=CIRCLE('',#3159,0.0005);
#207=CIRCLE('',#3161,0.0005);
#208=CIRCLE('',#3163,0.0005);
#209=CIRCLE('',#3164,0.0005);
#210=CIRCLE('',#3171,0.0005);
#211=CIRCLE('',#3174,0.0005);
#212=CIRCLE('',#3177,0.000100057729485908);
#213=CIRCLE('',#3178,0.0107116);
#214=CIRCLE('',#3179,0.0104116);
#215=CIRCLE('',#3183,0.000100238898703694);
#216=CIRCLE('',#3185,0.001);
#217=CIRCLE('',#3187,0.001);
#218=CIRCLE('',#3192,0.0107116);
#219=CIRCLE('',#3202,0.0117338135623731);
#220=CIRCLE('',#3229,0.0002);
#221=CIRCLE('',#3231,0.0109116);
#222=CIRCLE('',#3236,0.0133116);
#223=CIRCLE('',#3246,0.00699729416962049);
#224=CIRCLE('',#3247,0.00699729416962049);
#225=CIRCLE('',#3249,0.00699729416962049);
#226=CIRCLE('',#3250,0.00699729416962049);
#227=CIRCLE('',#3255,0.0002);
#228=CIRCLE('',#3257,0.00799729416962049);
#229=CIRCLE('',#3258,0.00799729416962049);
#230=CIRCLE('',#3261,0.00799729416962049);
#231=CIRCLE('',#3262,0.00799729416962049);
#232=CIRCLE('',#3269,0.0002);
#233=CIRCLE('',#3270,0.0002);
#234=CIRCLE('',#3275,0.0002);
#235=CIRCLE('',#3276,0.0002);
#236=CIRCLE('',#3278,0.0002);
#237=CIRCLE('',#3282,0.0002);
#238=CIRCLE('',#3286,0.0002);
#239=CIRCLE('',#3288,0.0002);
#240=CIRCLE('',#3289,0.0002);
#241=CIRCLE('',#3291,0.0002);
#242=CIRCLE('',#3295,0.0002);
#243=CIRCLE('',#3297,0.0002);
#244=CIRCLE('',#3305,0.0002);
#245=CIRCLE('',#3307,0.0002);
#246=CIRCLE('',#3309,0.0002);
#247=CIRCLE('',#3311,0.0002);
#248=CIRCLE('',#3313,0.0002);
#249=CIRCLE('',#3315,0.0002);
#250=CIRCLE('',#3317,0.0002);
#251=CIRCLE('',#3318,0.0002);
#252=CIRCLE('',#3320,0.0002);
#253=CIRCLE('',#3324,0.0002);
#254=CIRCLE('',#3326,0.0002);
#255=CIRCLE('',#3328,0.0002);
#256=CIRCLE('',#3330,0.0002);
#257=CIRCLE('',#3331,0.0002);
#258=CIRCLE('',#3333,0.0002);
#259=CIRCLE('',#3335,0.0002);
#260=CIRCLE('',#3337,0.0002);
#261=CIRCLE('',#3338,0.0002);
#262=CIRCLE('',#3340,0.0002);
#263=CIRCLE('',#3342,0.0002);
#264=CIRCLE('',#3344,0.0002);
#265=CIRCLE('',#3346,0.0002);
#266=CIRCLE('',#3348,0.0002);
#267=CIRCLE('',#3350,0.0002);
#268=CIRCLE('',#3352,0.0002);
#269=CIRCLE('',#3354,0.0002);
#270=CIRCLE('',#3356,0.0002);
#271=CIRCLE('',#3358,0.0002);
#272=CIRCLE('',#3361,0.0002);
#273=CIRCLE('',#3362,0.0002);
#274=CIRCLE('',#3364,0.0002);
#275=CIRCLE('',#3365,0.0002);
#276=CIRCLE('',#3367,0.0002);
#277=CIRCLE('',#3368,0.0002);
#278=CIRCLE('',#3370,0.0002);
#279=CIRCLE('',#3371,0.0002);
#280=CIRCLE('',#3373,0.009);
#281=CIRCLE('',#3374,0.009);
#282=CIRCLE('',#3376,0.009);
#283=CIRCLE('',#3377,0.009);
#284=CIRCLE('',#3379,0.001);
#285=CIRCLE('',#3381,0.001);
#286=CIRCLE('',#3383,0.001);
#287=CIRCLE('',#3385,0.001);
#288=CIRCLE('',#3387,0.001);
#289=CIRCLE('',#3389,0.001);
#290=CIRCLE('',#3392,0.001);
#291=CIRCLE('',#3394,0.001);
#292=CIRCLE('',#3396,0.001);
#293=CIRCLE('',#3398,0.001);
#294=CIRCLE('',#3400,0.001);
#295=CIRCLE('',#3402,0.001);
#296=CIRCLE('',#3405,0.001);
#297=CIRCLE('',#3407,0.001);
#298=CIRCLE('',#3409,0.001);
#299=CIRCLE('',#3411,0.001);
#300=CIRCLE('',#3413,0.001);
#301=CIRCLE('',#3415,0.001);
#302=CIRCLE('',#3418,0.001);
#303=CIRCLE('',#3420,0.001);
#304=CIRCLE('',#3422,0.001);
#305=CIRCLE('',#3424,0.001);
#306=CIRCLE('',#3426,0.001);
#307=CIRCLE('',#3428,0.001);
#308=PLANE('',#3091);
#309=PLANE('',#3092);
#310=PLANE('',#3101);
#311=PLANE('',#3110);
#312=PLANE('',#3112);
#313=PLANE('',#3117);
#314=PLANE('',#3118);
#315=PLANE('',#3119);
#316=PLANE('',#3122);
#317=PLANE('',#3123);
#318=PLANE('',#3124);
#319=PLANE('',#3127);
#320=PLANE('',#3130);
#321=PLANE('',#3133);
#322=PLANE('',#3136);
#323=PLANE('',#3138);
#324=PLANE('',#3144);
#325=PLANE('',#3145);
#326=PLANE('',#3152);
#327=PLANE('',#3167);
#328=PLANE('',#3172);
#329=PLANE('',#3175);
#330=PLANE('',#3176);
#331=PLANE('',#3181);
#332=PLANE('',#3182);
#333=PLANE('',#3184);
#334=PLANE('',#3186);
#335=PLANE('',#3188);
#336=PLANE('',#3189);
#337=PLANE('',#3190);
#338=PLANE('',#3193);
#339=PLANE('',#3195);
#340=PLANE('',#3197);
#341=PLANE('',#3198);
#342=PLANE('',#3200);
#343=PLANE('',#3203);
#344=PLANE('',#3224);
#345=PLANE('',#3225);
#346=PLANE('',#3234);
#347=PLANE('',#3238);
#348=PLANE('',#3239);
#349=PLANE('',#3240);
#350=PLANE('',#3243);
#351=PLANE('',#3244);
#352=PLANE('',#3245);
#353=PLANE('',#3248);
#354=PLANE('',#3252);
#355=PLANE('',#3253);
#356=PLANE('',#3254);
#357=PLANE('',#3259);
#358=PLANE('',#3263);
#359=PLANE('',#3264);
#360=PLANE('',#3265);
#361=LINE('',#4383,#606);
#362=LINE('',#4385,#607);
#363=LINE('',#4387,#608);
#364=LINE('',#4394,#609);
#365=LINE('',#4403,#610);
#366=LINE('',#4421,#611);
#367=LINE('',#4438,#612);
#368=LINE('',#4439,#613);
#369=LINE('',#4441,#614);
#370=LINE('',#4443,#615);
#371=LINE('',#4445,#616);
#372=LINE('',#4447,#617);
#373=LINE('',#4452,#618);
#374=LINE('',#4456,#619);
#375=LINE('',#4460,#620);
#376=LINE('',#4464,#621);
#377=LINE('',#4468,#622);
#378=LINE('',#4472,#623);
#379=LINE('',#4476,#624);
#380=LINE('',#4480,#625);
#381=LINE('',#4485,#626);
#382=LINE('',#4489,#627);
#383=LINE('',#4493,#628);
#384=LINE('',#4495,#629);
#385=LINE('',#4497,#630);
#386=LINE('',#4501,#631);
#387=LINE('',#4505,#632);
#388=LINE('',#4507,#633);
#389=LINE('',#4509,#634);
#390=LINE('',#4511,#635);
#391=LINE('',#4513,#636);
#392=LINE('',#4515,#637);
#393=LINE('',#4517,#638);
#394=LINE('',#4519,#639);
#395=LINE('',#4521,#640);
#396=LINE('',#4525,#641);
#397=LINE('',#4529,#642);
#398=LINE('',#4531,#643);
#399=LINE('',#4533,#644);
#400=LINE('',#4537,#645);
#401=LINE('',#4539,#646);
#402=LINE('',#4542,#647);
#403=LINE('',#4546,#648);
#404=LINE('',#4548,#649);
#405=LINE('',#4550,#650);
#406=LINE('',#4552,#651);
#407=LINE('',#4554,#652);
#408=LINE('',#4559,#653);
#409=LINE('',#4561,#654);
#410=LINE('',#4563,#655);
#411=LINE('',#4565,#656);
#412=LINE('',#4567,#657);
#413=LINE('',#4569,#658);
#414=LINE('',#4571,#659);
#415=LINE('',#4573,#660);
#416=LINE('',#4578,#661);
#417=LINE('',#4582,#662);
#418=LINE('',#4585,#663);
#419=LINE('',#4587,#664);
#420=LINE('',#4589,#665);
#421=LINE('',#4591,#666);
#422=LINE('',#4594,#667);
#423=LINE('',#4596,#668);
#424=LINE('',#4598,#669);
#425=LINE('',#4600,#670);
#426=LINE('',#4603,#671);
#427=LINE('',#4607,#672);
#428=LINE('',#4611,#673);
#429=LINE('',#4613,#674);
#430=LINE('',#4616,#675);
#431=LINE('',#4618,#676);
#432=LINE('',#4620,#677);
#433=LINE('',#4622,#678);
#434=LINE('',#4625,#679);
#435=LINE('',#4627,#680);
#436=LINE('',#4629,#681);
#437=LINE('',#4634,#682);
#438=LINE('',#4636,#683);
#439=LINE('',#4638,#684);
#440=LINE('',#4642,#685);
#441=LINE('',#4647,#686);
#442=LINE('',#4649,#687);
#443=LINE('',#4651,#688);
#444=LINE('',#4653,#689);
#445=LINE('',#4655,#690);
#446=LINE('',#4657,#691);
#447=LINE('',#4659,#692);
#448=LINE('',#4663,#693);
#449=LINE('',#4664,#694);
#450=LINE('',#4666,#695);
#451=LINE('',#4669,#696);
#452=LINE('',#4673,#697);
#453=LINE('',#4674,#698);
#454=LINE('',#4678,#699);
#455=LINE('',#4680,#700);
#456=LINE('',#4682,#701);
#457=LINE('',#4684,#702);
#458=LINE('',#4686,#703);
#459=LINE('',#4688,#704);
#460=LINE('',#4693,#705);
#461=LINE('',#4697,#706);
#462=LINE('',#4699,#707);
#463=LINE('',#4701,#708);
#464=LINE('',#4703,#709);
#465=LINE('',#4705,#710);
#466=LINE('',#4707,#711);
#467=LINE('',#4710,#712);
#468=LINE('',#4713,#713);
#469=LINE('',#4715,#714);
#470=LINE('',#4719,#715);
#471=LINE('',#4721,#716);
#472=LINE('',#4723,#717);
#473=LINE('',#4732,#718);
#474=LINE('',#4736,#719);
#475=LINE('',#4740,#720);
#476=LINE('',#4741,#721);
#477=LINE('',#4744,#722);
#478=LINE('',#4746,#723);
#479=LINE('',#4750,#724);
#480=LINE('',#4752,#725);
#481=LINE('',#4754,#726);
#482=LINE('',#4779,#727);
#483=LINE('',#4781,#728);
#484=LINE('',#4783,#729);
#485=LINE('',#4786,#730);
#486=LINE('',#4788,#731);
#487=LINE('',#4790,#732);
#488=LINE('',#4792,#733);
#489=LINE('',#4793,#734);
#490=LINE('',#4795,#735);
#491=LINE('',#4797,#736);
#492=LINE('',#4822,#737);
#493=LINE('',#4823,#738);
#494=LINE('',#4825,#739);
#495=LINE('',#4827,#740);
#496=LINE('',#4829,#741);
#497=LINE('',#4854,#742);
#498=LINE('',#4862,#743);
#499=LINE('',#4864,#744);
#500=LINE('',#4871,#745);
#501=LINE('',#4873,#746);
#502=LINE('',#4875,#747);
#503=LINE('',#4882,#748);
#504=LINE('',#4884,#749);
#505=LINE('',#4886,#750);
#506=LINE('',#4888,#751);
#507=LINE('',#4892,#752);
#508=LINE('',#4894,#753);
#509=LINE('',#4896,#754);
#510=LINE('',#4900,#755);
#511=LINE('',#4902,#756);
#512=LINE('',#4904,#757);
#513=LINE('',#4906,#758);
#514=LINE('',#4912,#759);
#515=LINE('',#4916,#760);
#516=LINE('',#4918,#761);
#517=LINE('',#4920,#762);
#518=LINE('',#4923,#763);
#519=LINE('',#4925,#764);
#520=LINE('',#4926,#765);
#521=LINE('',#4934,#766);
#522=LINE('',#4937,#767);
#523=LINE('',#4947,#768);
#524=LINE('',#4951,#769);
#525=LINE('',#4953,#770);
#526=LINE('',#4955,#771);
#527=LINE('',#4959,#772);
#528=LINE('',#4960,#773);
#529=LINE('',#4983,#774);
#530=LINE('',#4985,#775);
#531=LINE('',#4987,#776);
#532=LINE('',#4989,#777);
#533=LINE('',#4991,#778);
#534=LINE('',#4993,#779);
#535=LINE('',#4995,#780);
#536=LINE('',#4997,#781);
#537=LINE('',#5001,#782);
#538=LINE('',#5003,#783);
#539=LINE('',#5010,#784);
#540=LINE('',#5012,#785);
#541=LINE('',#5018,#786);
#542=LINE('',#5020,#787);
#543=LINE('',#5022,#788);
#544=LINE('',#5024,#789);
#545=LINE('',#5043,#790);
#546=LINE('',#5045,#791);
#547=LINE('',#5047,#792);
#548=LINE('',#5106,#793);
#549=LINE('',#5108,#794);
#550=LINE('',#5122,#795);
#551=LINE('',#5124,#796);
#552=LINE('',#5126,#797);
#553=LINE('',#5127,#798);
#554=LINE('',#5131,#799);
#555=LINE('',#5134,#800);
#556=LINE('',#5136,#801);
#557=LINE('',#5140,#802);
#558=LINE('',#5145,#803);
#559=LINE('',#5147,#804);
#560=LINE('',#5148,#805);
#561=LINE('',#5154,#806);
#562=LINE('',#5157,#807);
#563=LINE('',#5159,#808);
#564=LINE('',#5163,#809);
#565=LINE('',#5168,#810);
#566=LINE('',#5170,#811);
#567=LINE('',#5171,#812);
#568=LINE('',#5180,#813);
#569=LINE('',#5182,#814);
#570=LINE('',#5263,#815);
#571=LINE('',#5272,#816);
#572=LINE('',#5331,#817);
#573=LINE('',#5340,#818);
#574=LINE('',#5344,#819);
#575=LINE('',#5346,#820);
#576=LINE('',#5347,#821);
#577=LINE('',#5366,#822);
#578=LINE('',#5371,#823);
#579=LINE('',#5373,#824);
#580=LINE('',#5377,#825);
#581=LINE('',#5380,#826);
#582=LINE('',#5384,#827);
#583=LINE('',#5388,#828);
#584=LINE('',#5389,#829);
#585=LINE('',#5390,#830);
#586=LINE('',#5391,#831);
#587=LINE('',#5393,#832);
#588=LINE('',#5396,#833);
#589=LINE('',#5400,#834);
#590=LINE('',#5404,#835);
#591=LINE('',#5407,#836);
#592=LINE('',#5412,#837);
#593=LINE('',#5414,#838);
#594=LINE('',#5420,#839);
#595=LINE('',#5423,#840);
#596=LINE('',#5424,#841);
#597=LINE('',#5429,#842);
#598=LINE('',#5432,#843);
#599=LINE('',#5434,#844);
#600=LINE('',#5436,#845);
#601=LINE('',#5438,#846);
#602=LINE('',#5441,#847);
#603=LINE('',#5443,#848);
#604=LINE('',#5445,#849);
#605=LINE('',#5449,#850);
#606=VECTOR('',#3434,1.);
#607=VECTOR('',#3435,1.);
#608=VECTOR('',#3436,1.);
#609=VECTOR('',#3437,1.);
#610=VECTOR('',#3438,1.);
#611=VECTOR('',#3439,1.);
#612=VECTOR('',#3442,1.);
#613=VECTOR('',#3443,1.);
#614=VECTOR('',#3444,1.);
#615=VECTOR('',#3445,1.);
#616=VECTOR('',#3446,1.);
#617=VECTOR('',#3447,1.);
#618=VECTOR('',#3452,1.);
#619=VECTOR('',#3455,1.);
#620=VECTOR('',#3458,1.);
#621=VECTOR('',#3461,1.);
#622=VECTOR('',#3464,1.);
#623=VECTOR('',#3467,1.);
#624=VECTOR('',#3470,1.);
#625=VECTOR('',#3473,1.);
#626=VECTOR('',#3478,1.);
#627=VECTOR('',#3481,1.);
#628=VECTOR('',#3484,1.);
#629=VECTOR('',#3485,1.);
#630=VECTOR('',#3486,1.);
#631=VECTOR('',#3489,1.);
#632=VECTOR('',#3492,1.);
#633=VECTOR('',#3493,1.);
#634=VECTOR('',#3494,1.);
#635=VECTOR('',#3495,1.);
#636=VECTOR('',#3496,1.);
#637=VECTOR('',#3497,1.);
#638=VECTOR('',#3498,1.);
#639=VECTOR('',#3499,1.);
#640=VECTOR('',#3500,1.);
#641=VECTOR('',#3503,1.);
#642=VECTOR('',#3506,1.);
#643=VECTOR('',#3507,1.);
#644=VECTOR('',#3508,1.);
#645=VECTOR('',#3511,1.);
#646=VECTOR('',#3514,1.);
#647=VECTOR('',#3515,1.);
#648=VECTOR('',#3518,1.);
#649=VECTOR('',#3519,1.);
#650=VECTOR('',#3520,1.);
#651=VECTOR('',#3521,1.);
#652=VECTOR('',#3522,1.);
#653=VECTOR('',#3527,1.);
#654=VECTOR('',#3528,1.);
#655=VECTOR('',#3529,1.);
#656=VECTOR('',#3530,1.);
#657=VECTOR('',#3531,1.);
#658=VECTOR('',#3532,1.);
#659=VECTOR('',#3533,1.);
#660=VECTOR('',#3536,1.);
#661=VECTOR('',#3539,1.);
#662=VECTOR('',#3544,1.);
#663=VECTOR('',#3545,1.);
#664=VECTOR('',#3546,1.);
#665=VECTOR('',#3547,1.);
#666=VECTOR('',#3550,1.);
#667=VECTOR('',#3551,1.);
#668=VECTOR('',#3552,1.);
#669=VECTOR('',#3553,1.);
#670=VECTOR('',#3556,1.);
#671=VECTOR('',#3557,1.);
#672=VECTOR('',#3560,1.);
#673=VECTOR('',#3563,1.);
#674=VECTOR('',#3566,1.);
#675=VECTOR('',#3567,1.);
#676=VECTOR('',#3568,1.);
#677=VECTOR('',#3569,1.);
#678=VECTOR('',#3572,1.);
#679=VECTOR('',#3573,1.);
#680=VECTOR('',#3574,1.);
#681=VECTOR('',#3575,1.);
#682=VECTOR('',#3580,1.);
#683=VECTOR('',#3581,1.);
#684=VECTOR('',#3582,1.);
#685=VECTOR('',#3585,1.);
#686=VECTOR('',#3590,1.);
#687=VECTOR('',#3591,1.);
#688=VECTOR('',#3592,1.);
#689=VECTOR('',#3593,1.);
#690=VECTOR('',#3594,1.);
#691=VECTOR('',#3595,1.);
#692=VECTOR('',#3596,1.);
#693=VECTOR('',#3599,1.);
#694=VECTOR('',#3600,1.);
#695=VECTOR('',#3603,1.);
#696=VECTOR('',#3604,1.);
#697=VECTOR('',#3607,1.);
#698=VECTOR('',#3608,1.);
#699=VECTOR('',#3611,1.);
#700=VECTOR('',#3612,1.);
#701=VECTOR('',#3613,1.);
#702=VECTOR('',#3614,1.);
#703=VECTOR('',#3615,1.);
#704=VECTOR('',#3618,1.);
#705=VECTOR('',#3621,1.);
#706=VECTOR('',#3624,1.);
#707=VECTOR('',#3625,1.);
#708=VECTOR('',#3626,1.);
#709=VECTOR('',#3627,1.);
#710=VECTOR('',#3628,1.);
#711=VECTOR('',#3631,1.);
#712=VECTOR('',#3632,1.);
#713=VECTOR('',#3635,1.);
#714=VECTOR('',#3636,1.);
#715=VECTOR('',#3641,1.);
#716=VECTOR('',#3642,1.);
#717=VECTOR('',#3643,1.);
#718=VECTOR('',#3644,1.);
#719=VECTOR('',#3647,1.);
#720=VECTOR('',#3650,1.);
#721=VECTOR('',#3651,1.);
#722=VECTOR('',#3654,1.);
#723=VECTOR('',#3655,1.);
#724=VECTOR('',#3658,1.);
#725=VECTOR('',#3659,1.);
#726=VECTOR('',#3660,1.);
#727=VECTOR('',#3661,1.);
#728=VECTOR('',#3662,1.);
#729=VECTOR('',#3665,1.);
#730=VECTOR('',#3666,1.);
#731=VECTOR('',#3667,1.);
#732=VECTOR('',#3668,1.);
#733=VECTOR('',#3671,1.);
#734=VECTOR('',#3672,1.);
#735=VECTOR('',#3673,1.);
#736=VECTOR('',#3674,1.);
#737=VECTOR('',#3687,1.);
#738=VECTOR('',#3688,1.);
#739=VECTOR('',#3691,1.);
#740=VECTOR('',#3692,1.);
#741=VECTOR('',#3693,1.);
#742=VECTOR('',#3710,1.);
#743=VECTOR('',#3721,1.);
#744=VECTOR('',#3724,1.);
#745=VECTOR('',#3725,1.);
#746=VECTOR('',#3728,1.);
#747=VECTOR('',#3729,1.);
#748=VECTOR('',#3732,1.);
#749=VECTOR('',#3735,1.);
#750=VECTOR('',#3738,1.);
#751=VECTOR('',#3739,1.);
#752=VECTOR('',#3744,1.);
#753=VECTOR('',#3745,1.);
#754=VECTOR('',#3748,1.);
#755=VECTOR('',#3753,1.);
#756=VECTOR('',#3754,1.);
#757=VECTOR('',#3755,1.);
#758=VECTOR('',#3756,1.);
#759=VECTOR('',#3763,1.);
#760=VECTOR('',#3768,1.);
#761=VECTOR('',#3769,1.);
#762=VECTOR('',#3772,1.);
#763=VECTOR('',#3773,1.);
#764=VECTOR('',#3774,1.);
#765=VECTOR('',#3775,1.);
#766=VECTOR('',#3778,1.);
#767=VECTOR('',#3781,1.);
#768=VECTOR('',#3784,1.);
#769=VECTOR('',#3787,1.);
#770=VECTOR('',#3790,1.);
#771=VECTOR('',#3791,1.);
#772=VECTOR('',#3796,1.);
#773=VECTOR('',#3797,1.);
#774=VECTOR('',#3798,1.);
#775=VECTOR('',#3801,1.);
#776=VECTOR('',#3802,1.);
#777=VECTOR('',#3805,1.);
#778=VECTOR('',#3806,1.);
#779=VECTOR('',#3807,1.);
#780=VECTOR('',#3808,1.);
#781=VECTOR('',#3811,1.);
#782=VECTOR('',#3816,1.);
#783=VECTOR('',#3817,1.);
#784=VECTOR('',#3818,1.);
#785=VECTOR('',#3821,1.);
#786=VECTOR('',#3824,1.);
#787=VECTOR('',#3825,1.);
#788=VECTOR('',#3828,1.);
#789=VECTOR('',#3831,1.);
#790=VECTOR('',#3834,1.);
#791=VECTOR('',#3835,1.);
#792=VECTOR('',#3836,1.);
#793=VECTOR('',#3841,1.);
#794=VECTOR('',#3842,1.);
#795=VECTOR('',#3849,1.);
#796=VECTOR('',#3850,1.);
#797=VECTOR('',#3851,1.);
#798=VECTOR('',#3852,1.);
#799=VECTOR('',#3857,1.);
#800=VECTOR('',#3860,1.);
#801=VECTOR('',#3863,1.);
#802=VECTOR('',#3866,1.);
#803=VECTOR('',#3873,1.);
#804=VECTOR('',#3876,1.);
#805=VECTOR('',#3877,1.);
#806=VECTOR('',#3884,1.);
#807=VECTOR('',#3887,1.);
#808=VECTOR('',#3890,1.);
#809=VECTOR('',#3893,1.);
#810=VECTOR('',#3900,1.);
#811=VECTOR('',#3903,1.);
#812=VECTOR('',#3904,1.);
#813=VECTOR('',#3909,1.);
#814=VECTOR('',#3910,1.);
#815=VECTOR('',#3913,1.);
#816=VECTOR('',#3918,1.);
#817=VECTOR('',#3923,1.);
#818=VECTOR('',#3930,1.);
#819=VECTOR('',#3933,1.);
#820=VECTOR('',#3936,1.);
#821=VECTOR('',#3937,1.);
#822=VECTOR('',#3944,1.);
#823=VECTOR('',#3953,1.);
#824=VECTOR('',#3956,1.);
#825=VECTOR('',#3963,1.);
#826=VECTOR('',#3964,1.);
#827=VECTOR('',#3967,1.);
#828=VECTOR('',#3970,1.);
#829=VECTOR('',#3971,1.);
#830=VECTOR('',#3972,1.);
#831=VECTOR('',#3973,1.);
#832=VECTOR('',#3976,1.);
#833=VECTOR('',#3977,1.);
#834=VECTOR('',#3980,1.);
#835=VECTOR('',#3983,1.);
#836=VECTOR('',#3988,1.);
#837=VECTOR('',#3995,1.);
#838=VECTOR('',#3998,1.);
#839=VECTOR('',#4005,1.);
#840=VECTOR('',#4006,1.);
#841=VECTOR('',#4007,1.);
#842=VECTOR('',#4016,1.);
#843=VECTOR('',#4017,1.);
#844=VECTOR('',#4018,1.);
#845=VECTOR('',#4019,1.);
#846=VECTOR('',#4022,1.);
#847=VECTOR('',#4023,1.);
#848=VECTOR('',#4024,1.);
#849=VECTOR('',#4025,1.);
#850=VECTOR('',#4030,1.);
#851=ORIENTED_EDGE('',*,*,#1763,.T.);
#852=ORIENTED_EDGE('',*,*,#1764,.F.);
#853=ORIENTED_EDGE('',*,*,#1765,.T.);
#854=ORIENTED_EDGE('',*,*,#1766,.F.);
#855=ORIENTED_EDGE('',*,*,#1767,.T.);
#856=ORIENTED_EDGE('',*,*,#1768,.T.);
#857=ORIENTED_EDGE('',*,*,#1769,.T.);
#858=ORIENTED_EDGE('',*,*,#1770,.F.);
#859=ORIENTED_EDGE('',*,*,#1771,.F.);
#860=ORIENTED_EDGE('',*,*,#1772,.T.);
#861=ORIENTED_EDGE('',*,*,#1765,.F.);
#862=ORIENTED_EDGE('',*,*,#1764,.T.);
#863=ORIENTED_EDGE('',*,*,#1773,.T.);
#864=ORIENTED_EDGE('',*,*,#1769,.F.);
#865=ORIENTED_EDGE('',*,*,#1774,.F.);
#866=ORIENTED_EDGE('',*,*,#1775,.F.);
#867=ORIENTED_EDGE('',*,*,#1776,.T.);
#868=ORIENTED_EDGE('',*,*,#1777,.T.);
#869=ORIENTED_EDGE('',*,*,#1778,.T.);
#870=ORIENTED_EDGE('',*,*,#1766,.T.);
#871=ORIENTED_EDGE('',*,*,#1779,.F.);
#872=ORIENTED_EDGE('',*,*,#1780,.T.);
#873=ORIENTED_EDGE('',*,*,#1781,.F.);
#874=ORIENTED_EDGE('',*,*,#1782,.T.);
#875=ORIENTED_EDGE('',*,*,#1783,.F.);
#876=ORIENTED_EDGE('',*,*,#1784,.T.);
#877=ORIENTED_EDGE('',*,*,#1785,.F.);
#878=ORIENTED_EDGE('',*,*,#1786,.T.);
#879=ORIENTED_EDGE('',*,*,#1787,.F.);
#880=ORIENTED_EDGE('',*,*,#1788,.T.);
#881=ORIENTED_EDGE('',*,*,#1789,.F.);
#882=ORIENTED_EDGE('',*,*,#1790,.T.);
#883=ORIENTED_EDGE('',*,*,#1791,.F.);
#884=ORIENTED_EDGE('',*,*,#1792,.T.);
#885=ORIENTED_EDGE('',*,*,#1793,.F.);
#886=ORIENTED_EDGE('',*,*,#1794,.T.);
#887=ORIENTED_EDGE('',*,*,#1795,.F.);
#888=ORIENTED_EDGE('',*,*,#1796,.T.);
#889=ORIENTED_EDGE('',*,*,#1797,.F.);
#890=ORIENTED_EDGE('',*,*,#1798,.T.);
#891=ORIENTED_EDGE('',*,*,#1799,.F.);
#892=ORIENTED_EDGE('',*,*,#1800,.T.);
#893=ORIENTED_EDGE('',*,*,#1801,.T.);
#894=ORIENTED_EDGE('',*,*,#1802,.T.);
#895=ORIENTED_EDGE('',*,*,#1803,.F.);
#896=ORIENTED_EDGE('',*,*,#1804,.T.);
#897=ORIENTED_EDGE('',*,*,#1805,.F.);
#898=ORIENTED_EDGE('',*,*,#1806,.T.);
#899=ORIENTED_EDGE('',*,*,#1807,.T.);
#900=ORIENTED_EDGE('',*,*,#1808,.T.);
#901=ORIENTED_EDGE('',*,*,#1809,.T.);
#902=ORIENTED_EDGE('',*,*,#1810,.T.);
#903=ORIENTED_EDGE('',*,*,#1811,.T.);
#904=ORIENTED_EDGE('',*,*,#1812,.T.);
#905=ORIENTED_EDGE('',*,*,#1813,.T.);
#906=ORIENTED_EDGE('',*,*,#1814,.T.);
#907=ORIENTED_EDGE('',*,*,#1815,.F.);
#908=ORIENTED_EDGE('',*,*,#1816,.T.);
#909=ORIENTED_EDGE('',*,*,#1817,.F.);
#910=ORIENTED_EDGE('',*,*,#1818,.T.);
#911=ORIENTED_EDGE('',*,*,#1819,.T.);
#912=ORIENTED_EDGE('',*,*,#1820,.T.);
#913=ORIENTED_EDGE('',*,*,#1821,.F.);
#914=ORIENTED_EDGE('',*,*,#1822,.T.);
#915=ORIENTED_EDGE('',*,*,#1823,.T.);
#916=ORIENTED_EDGE('',*,*,#1824,.T.);
#917=ORIENTED_EDGE('',*,*,#1825,.T.);
#918=ORIENTED_EDGE('',*,*,#1826,.T.);
#919=ORIENTED_EDGE('',*,*,#1827,.T.);
#920=ORIENTED_EDGE('',*,*,#1828,.T.);
#921=ORIENTED_EDGE('',*,*,#1829,.T.);
#922=ORIENTED_EDGE('',*,*,#1830,.T.);
#923=ORIENTED_EDGE('',*,*,#1831,.T.);
#924=ORIENTED_EDGE('',*,*,#1832,.T.);
#925=ORIENTED_EDGE('',*,*,#1833,.T.);
#926=ORIENTED_EDGE('',*,*,#1834,.T.);
#927=ORIENTED_EDGE('',*,*,#1835,.T.);
#928=ORIENTED_EDGE('',*,*,#1836,.T.);
#929=ORIENTED_EDGE('',*,*,#1837,.T.);
#930=ORIENTED_EDGE('',*,*,#1838,.T.);
#931=ORIENTED_EDGE('',*,*,#1839,.T.);
#932=ORIENTED_EDGE('',*,*,#1840,.T.);
#933=ORIENTED_EDGE('',*,*,#1841,.F.);
#934=ORIENTED_EDGE('',*,*,#1842,.T.);
#935=ORIENTED_EDGE('',*,*,#1843,.F.);
#936=ORIENTED_EDGE('',*,*,#1844,.T.);
#937=ORIENTED_EDGE('',*,*,#1845,.T.);
#938=ORIENTED_EDGE('',*,*,#1846,.T.);
#939=ORIENTED_EDGE('',*,*,#1847,.T.);
#940=ORIENTED_EDGE('',*,*,#1848,.T.);
#941=ORIENTED_EDGE('',*,*,#1849,.T.);
#942=ORIENTED_EDGE('',*,*,#1850,.T.);
#943=ORIENTED_EDGE('',*,*,#1851,.T.);
#944=ORIENTED_EDGE('',*,*,#1852,.T.);
#945=ORIENTED_EDGE('',*,*,#1853,.T.);
#946=ORIENTED_EDGE('',*,*,#1854,.T.);
#947=ORIENTED_EDGE('',*,*,#1855,.T.);
#948=ORIENTED_EDGE('',*,*,#1856,.T.);
#949=ORIENTED_EDGE('',*,*,#1857,.T.);
#950=ORIENTED_EDGE('',*,*,#1858,.T.);
#951=ORIENTED_EDGE('',*,*,#1859,.T.);
#952=ORIENTED_EDGE('',*,*,#1860,.T.);
#953=ORIENTED_EDGE('',*,*,#1861,.T.);
#954=ORIENTED_EDGE('',*,*,#1862,.T.);
#955=ORIENTED_EDGE('',*,*,#1863,.T.);
#956=ORIENTED_EDGE('',*,*,#1864,.T.);
#957=ORIENTED_EDGE('',*,*,#1865,.T.);
#958=ORIENTED_EDGE('',*,*,#1866,.T.);
#959=ORIENTED_EDGE('',*,*,#1867,.T.);
#960=ORIENTED_EDGE('',*,*,#1868,.T.);
#961=ORIENTED_EDGE('',*,*,#1869,.T.);
#962=ORIENTED_EDGE('',*,*,#1870,.T.);
#963=ORIENTED_EDGE('',*,*,#1871,.F.);
#964=ORIENTED_EDGE('',*,*,#1872,.T.);
#965=ORIENTED_EDGE('',*,*,#1873,.F.);
#966=ORIENTED_EDGE('',*,*,#1874,.F.);
#967=ORIENTED_EDGE('',*,*,#1875,.T.);
#968=ORIENTED_EDGE('',*,*,#1876,.F.);
#969=ORIENTED_EDGE('',*,*,#1877,.T.);
#970=ORIENTED_EDGE('',*,*,#1878,.T.);
#971=ORIENTED_EDGE('',*,*,#1879,.F.);
#972=ORIENTED_EDGE('',*,*,#1880,.T.);
#973=ORIENTED_EDGE('',*,*,#1841,.T.);
#974=ORIENTED_EDGE('',*,*,#1881,.T.);
#975=ORIENTED_EDGE('',*,*,#1882,.T.);
#976=ORIENTED_EDGE('',*,*,#1883,.T.);
#977=ORIENTED_EDGE('',*,*,#1884,.F.);
#978=ORIENTED_EDGE('',*,*,#1885,.T.);
#979=ORIENTED_EDGE('',*,*,#1839,.F.);
#980=ORIENTED_EDGE('',*,*,#1886,.T.);
#981=ORIENTED_EDGE('',*,*,#1887,.F.);
#982=ORIENTED_EDGE('',*,*,#1888,.T.);
#983=ORIENTED_EDGE('',*,*,#1889,.T.);
#984=ORIENTED_EDGE('',*,*,#1890,.T.);
#985=ORIENTED_EDGE('',*,*,#1891,.T.);
#986=ORIENTED_EDGE('',*,*,#1892,.T.);
#987=ORIENTED_EDGE('',*,*,#1893,.T.);
#988=ORIENTED_EDGE('',*,*,#1894,.T.);
#989=ORIENTED_EDGE('',*,*,#1895,.T.);
#990=ORIENTED_EDGE('',*,*,#1896,.T.);
#991=ORIENTED_EDGE('',*,*,#1897,.F.);
#992=ORIENTED_EDGE('',*,*,#1898,.F.);
#993=ORIENTED_EDGE('',*,*,#1899,.F.);
#994=ORIENTED_EDGE('',*,*,#1900,.T.);
#995=ORIENTED_EDGE('',*,*,#1901,.F.);
#996=ORIENTED_EDGE('',*,*,#1902,.F.);
#997=ORIENTED_EDGE('',*,*,#1903,.T.);
#998=ORIENTED_EDGE('',*,*,#1904,.T.);
#999=ORIENTED_EDGE('',*,*,#1877,.F.);
#1000=ORIENTED_EDGE('',*,*,#1905,.F.);
#1001=ORIENTED_EDGE('',*,*,#1906,.F.);
#1002=ORIENTED_EDGE('',*,*,#1907,.T.);
#1003=ORIENTED_EDGE('',*,*,#1908,.T.);
#1004=ORIENTED_EDGE('',*,*,#1909,.T.);
#1005=ORIENTED_EDGE('',*,*,#1910,.T.);
#1006=ORIENTED_EDGE('',*,*,#1774,.T.);
#1007=ORIENTED_EDGE('',*,*,#1772,.F.);
#1008=ORIENTED_EDGE('',*,*,#1911,.T.);
#1009=ORIENTED_EDGE('',*,*,#1912,.F.);
#1010=ORIENTED_EDGE('',*,*,#1913,.F.);
#1011=ORIENTED_EDGE('',*,*,#1914,.T.);
#1012=ORIENTED_EDGE('',*,*,#1915,.F.);
#1013=ORIENTED_EDGE('',*,*,#1916,.T.);
#1014=ORIENTED_EDGE('',*,*,#1897,.T.);
#1015=ORIENTED_EDGE('',*,*,#1917,.T.);
#1016=ORIENTED_EDGE('',*,*,#1918,.T.);
#1017=ORIENTED_EDGE('',*,*,#1882,.F.);
#1018=ORIENTED_EDGE('',*,*,#1919,.T.);
#1019=ORIENTED_EDGE('',*,*,#1920,.T.);
#1020=ORIENTED_EDGE('',*,*,#1921,.T.);
#1021=ORIENTED_EDGE('',*,*,#1922,.T.);
#1022=ORIENTED_EDGE('',*,*,#1923,.T.);
#1023=ORIENTED_EDGE('',*,*,#1924,.T.);
#1024=ORIENTED_EDGE('',*,*,#1925,.T.);
#1025=ORIENTED_EDGE('',*,*,#1926,.F.);
#1026=ORIENTED_EDGE('',*,*,#1927,.F.);
#1027=ORIENTED_EDGE('',*,*,#1873,.T.);
#1028=ORIENTED_EDGE('',*,*,#1928,.T.);
#1029=ORIENTED_EDGE('',*,*,#1929,.T.);
#1030=ORIENTED_EDGE('',*,*,#1930,.T.);
#1031=ORIENTED_EDGE('',*,*,#1931,.T.);
#1032=ORIENTED_EDGE('',*,*,#1932,.F.);
#1033=ORIENTED_EDGE('',*,*,#1906,.T.);
#1034=ORIENTED_EDGE('',*,*,#1933,.T.);
#1035=ORIENTED_EDGE('',*,*,#1934,.T.);
#1036=ORIENTED_EDGE('',*,*,#1935,.T.);
#1037=ORIENTED_EDGE('',*,*,#1775,.T.);
#1038=ORIENTED_EDGE('',*,*,#1910,.F.);
#1039=ORIENTED_EDGE('',*,*,#1936,.T.);
#1040=ORIENTED_EDGE('',*,*,#1937,.F.);
#1041=ORIENTED_EDGE('',*,*,#1938,.F.);
#1042=ORIENTED_EDGE('',*,*,#1939,.F.);
#1043=ORIENTED_EDGE('',*,*,#1940,.T.);
#1044=ORIENTED_EDGE('',*,*,#1941,.F.);
#1045=ORIENTED_EDGE('',*,*,#1936,.F.);
#1046=ORIENTED_EDGE('',*,*,#1942,.F.);
#1047=ORIENTED_EDGE('',*,*,#1943,.T.);
#1048=ORIENTED_EDGE('',*,*,#1941,.T.);
#1049=ORIENTED_EDGE('',*,*,#1944,.T.);
#1050=ORIENTED_EDGE('',*,*,#1945,.T.);
#1051=ORIENTED_EDGE('',*,*,#1946,.T.);
#1052=ORIENTED_EDGE('',*,*,#1947,.F.);
#1053=ORIENTED_EDGE('',*,*,#1940,.F.);
#1054=ORIENTED_EDGE('',*,*,#1948,.F.);
#1055=ORIENTED_EDGE('',*,*,#1949,.F.);
#1056=ORIENTED_EDGE('',*,*,#1950,.T.);
#1057=ORIENTED_EDGE('',*,*,#1951,.F.);
#1058=ORIENTED_EDGE('',*,*,#1950,.F.);
#1059=ORIENTED_EDGE('',*,*,#1952,.F.);
#1060=ORIENTED_EDGE('',*,*,#1953,.T.);
#1061=ORIENTED_EDGE('',*,*,#1945,.F.);
#1062=ORIENTED_EDGE('',*,*,#1954,.F.);
#1063=ORIENTED_EDGE('',*,*,#1955,.T.);
#1064=ORIENTED_EDGE('',*,*,#1953,.F.);
#1065=ORIENTED_EDGE('',*,*,#1956,.F.);
#1066=ORIENTED_EDGE('',*,*,#1937,.T.);
#1067=ORIENTED_EDGE('',*,*,#1943,.F.);
#1068=ORIENTED_EDGE('',*,*,#1955,.F.);
#1069=ORIENTED_EDGE('',*,*,#1938,.T.);
#1070=ORIENTED_EDGE('',*,*,#1957,.F.);
#1071=ORIENTED_EDGE('',*,*,#1958,.T.);
#1072=ORIENTED_EDGE('',*,*,#1959,.F.);
#1073=ORIENTED_EDGE('',*,*,#1942,.T.);
#1074=ORIENTED_EDGE('',*,*,#1939,.T.);
#1075=ORIENTED_EDGE('',*,*,#1959,.T.);
#1076=ORIENTED_EDGE('',*,*,#1960,.T.);
#1077=ORIENTED_EDGE('',*,*,#1961,.T.);
#1078=ORIENTED_EDGE('',*,*,#1948,.T.);
#1079=ORIENTED_EDGE('',*,*,#1961,.F.);
#1080=ORIENTED_EDGE('',*,*,#1962,.T.);
#1081=ORIENTED_EDGE('',*,*,#1963,.F.);
#1082=ORIENTED_EDGE('',*,*,#1946,.F.);
#1083=ORIENTED_EDGE('',*,*,#1947,.T.);
#1084=ORIENTED_EDGE('',*,*,#1964,.F.);
#1085=ORIENTED_EDGE('',*,*,#1951,.T.);
#1086=ORIENTED_EDGE('',*,*,#1944,.F.);
#1087=ORIENTED_EDGE('',*,*,#1965,.F.);
#1088=ORIENTED_EDGE('',*,*,#1949,.T.);
#1089=ORIENTED_EDGE('',*,*,#1966,.F.);
#1090=ORIENTED_EDGE('',*,*,#1967,.F.);
#1091=ORIENTED_EDGE('',*,*,#1968,.T.);
#1092=ORIENTED_EDGE('',*,*,#1952,.T.);
#1093=ORIENTED_EDGE('',*,*,#1965,.T.);
#1094=ORIENTED_EDGE('',*,*,#1969,.T.);
#1095=ORIENTED_EDGE('',*,*,#1970,.F.);
#1096=ORIENTED_EDGE('',*,*,#1954,.T.);
#1097=ORIENTED_EDGE('',*,*,#1968,.F.);
#1098=ORIENTED_EDGE('',*,*,#1971,.F.);
#1099=ORIENTED_EDGE('',*,*,#1972,.T.);
#1100=ORIENTED_EDGE('',*,*,#1973,.T.);
#1101=ORIENTED_EDGE('',*,*,#1974,.T.);
#1102=ORIENTED_EDGE('',*,*,#1975,.T.);
#1103=ORIENTED_EDGE('',*,*,#1957,.T.);
#1104=ORIENTED_EDGE('',*,*,#1956,.T.);
#1105=ORIENTED_EDGE('',*,*,#1970,.T.);
#1106=ORIENTED_EDGE('',*,*,#1976,.F.);
#1107=ORIENTED_EDGE('',*,*,#1973,.F.);
#1108=ORIENTED_EDGE('',*,*,#1977,.F.);
#1109=ORIENTED_EDGE('',*,*,#1978,.F.);
#1110=ORIENTED_EDGE('',*,*,#1979,.T.);
#1111=ORIENTED_EDGE('',*,*,#1974,.F.);
#1112=ORIENTED_EDGE('',*,*,#1976,.T.);
#1113=ORIENTED_EDGE('',*,*,#1980,.T.);
#1114=ORIENTED_EDGE('',*,*,#1981,.T.);
#1115=ORIENTED_EDGE('',*,*,#1958,.F.);
#1116=ORIENTED_EDGE('',*,*,#1975,.F.);
#1117=ORIENTED_EDGE('',*,*,#1982,.F.);
#1118=ORIENTED_EDGE('',*,*,#1983,.F.);
#1119=ORIENTED_EDGE('',*,*,#1984,.F.);
#1120=ORIENTED_EDGE('',*,*,#1966,.T.);
#1121=ORIENTED_EDGE('',*,*,#1964,.T.);
#1122=ORIENTED_EDGE('',*,*,#1963,.T.);
#1123=ORIENTED_EDGE('',*,*,#1985,.F.);
#1124=ORIENTED_EDGE('',*,*,#1770,.T.);
#1125=ORIENTED_EDGE('',*,*,#1773,.F.);
#1126=ORIENTED_EDGE('',*,*,#1763,.F.);
#1127=ORIENTED_EDGE('',*,*,#1986,.T.);
#1128=ORIENTED_EDGE('',*,*,#1987,.F.);
#1129=ORIENTED_EDGE('',*,*,#1983,.T.);
#1130=ORIENTED_EDGE('',*,*,#1988,.T.);
#1131=ORIENTED_EDGE('',*,*,#1989,.T.);
#1132=ORIENTED_EDGE('',*,*,#1990,.F.);
#1133=ORIENTED_EDGE('',*,*,#1991,.F.);
#1134=ORIENTED_EDGE('',*,*,#1992,.T.);
#1135=ORIENTED_EDGE('',*,*,#1993,.T.);
#1136=ORIENTED_EDGE('',*,*,#1994,.T.);
#1137=ORIENTED_EDGE('',*,*,#1995,.T.);
#1138=ORIENTED_EDGE('',*,*,#1996,.T.);
#1139=ORIENTED_EDGE('',*,*,#1997,.F.);
#1140=ORIENTED_EDGE('',*,*,#1993,.F.);
#1141=ORIENTED_EDGE('',*,*,#1998,.F.);
#1142=ORIENTED_EDGE('',*,*,#1995,.F.);
#1143=ORIENTED_EDGE('',*,*,#1768,.F.);
#1144=ORIENTED_EDGE('',*,*,#1999,.T.);
#1145=ORIENTED_EDGE('',*,*,#2000,.T.);
#1146=ORIENTED_EDGE('',*,*,#1986,.F.);
#1147=ORIENTED_EDGE('',*,*,#2000,.F.);
#1148=ORIENTED_EDGE('',*,*,#2001,.T.);
#1149=ORIENTED_EDGE('',*,*,#2002,.T.);
#1150=ORIENTED_EDGE('',*,*,#1971,.T.);
#1151=ORIENTED_EDGE('',*,*,#1969,.F.);
#1152=ORIENTED_EDGE('',*,*,#1967,.T.);
#1153=ORIENTED_EDGE('',*,*,#1984,.T.);
#1154=ORIENTED_EDGE('',*,*,#1987,.T.);
#1155=ORIENTED_EDGE('',*,*,#2003,.T.);
#1156=ORIENTED_EDGE('',*,*,#2004,.T.);
#1157=ORIENTED_EDGE('',*,*,#2005,.F.);
#1158=ORIENTED_EDGE('',*,*,#2006,.F.);
#1159=ORIENTED_EDGE('',*,*,#2007,.F.);
#1160=ORIENTED_EDGE('',*,*,#1977,.T.);
#1161=ORIENTED_EDGE('',*,*,#1972,.F.);
#1162=ORIENTED_EDGE('',*,*,#2002,.F.);
#1163=ORIENTED_EDGE('',*,*,#2008,.T.);
#1164=ORIENTED_EDGE('',*,*,#2009,.T.);
#1165=ORIENTED_EDGE('',*,*,#2010,.F.);
#1166=ORIENTED_EDGE('',*,*,#2011,.T.);
#1167=ORIENTED_EDGE('',*,*,#2012,.F.);
#1168=ORIENTED_EDGE('',*,*,#1776,.F.);
#1169=ORIENTED_EDGE('',*,*,#1979,.F.);
#1170=ORIENTED_EDGE('',*,*,#2013,.T.);
#1171=ORIENTED_EDGE('',*,*,#1915,.T.);
#1172=ORIENTED_EDGE('',*,*,#2014,.F.);
#1173=ORIENTED_EDGE('',*,*,#1914,.F.);
#1174=ORIENTED_EDGE('',*,*,#2015,.T.);
#1175=ORIENTED_EDGE('',*,*,#2016,.F.);
#1176=ORIENTED_EDGE('',*,*,#1960,.F.);
#1177=ORIENTED_EDGE('',*,*,#1981,.F.);
#1178=ORIENTED_EDGE('',*,*,#1980,.F.);
#1179=ORIENTED_EDGE('',*,*,#2014,.T.);
#1180=ORIENTED_EDGE('',*,*,#2015,.F.);
#1181=ORIENTED_EDGE('',*,*,#1913,.T.);
#1182=ORIENTED_EDGE('',*,*,#2017,.T.);
#1183=ORIENTED_EDGE('',*,*,#1988,.F.);
#1184=ORIENTED_EDGE('',*,*,#1982,.T.);
#1185=ORIENTED_EDGE('',*,*,#1985,.T.);
#1186=ORIENTED_EDGE('',*,*,#1962,.F.);
#1187=ORIENTED_EDGE('',*,*,#2016,.T.);
#1188=ORIENTED_EDGE('',*,*,#2017,.F.);
#1189=ORIENTED_EDGE('',*,*,#1912,.T.);
#1190=ORIENTED_EDGE('',*,*,#2018,.T.);
#1191=ORIENTED_EDGE('',*,*,#1989,.F.);
#1192=ORIENTED_EDGE('',*,*,#1911,.F.);
#1193=ORIENTED_EDGE('',*,*,#1771,.T.);
#1194=ORIENTED_EDGE('',*,*,#1990,.T.);
#1195=ORIENTED_EDGE('',*,*,#2018,.F.);
#1196=ORIENTED_EDGE('',*,*,#1926,.T.);
#1197=ORIENTED_EDGE('',*,*,#2019,.T.);
#1198=ORIENTED_EDGE('',*,*,#2020,.T.);
#1199=ORIENTED_EDGE('',*,*,#2010,.T.);
#1200=ORIENTED_EDGE('',*,*,#2021,.T.);
#1201=ORIENTED_EDGE('',*,*,#2022,.T.);
#1202=ORIENTED_EDGE('',*,*,#2023,.T.);
#1203=ORIENTED_EDGE('',*,*,#2019,.F.);
#1204=ORIENTED_EDGE('',*,*,#1925,.F.);
#1205=ORIENTED_EDGE('',*,*,#2024,.F.);
#1206=ORIENTED_EDGE('',*,*,#2025,.F.);
#1207=ORIENTED_EDGE('',*,*,#1996,.F.);
#1208=ORIENTED_EDGE('',*,*,#1998,.T.);
#1209=ORIENTED_EDGE('',*,*,#1992,.F.);
#1210=ORIENTED_EDGE('',*,*,#1923,.F.);
#1211=ORIENTED_EDGE('',*,*,#1997,.T.);
#1212=ORIENTED_EDGE('',*,*,#1994,.F.);
#1213=ORIENTED_EDGE('',*,*,#1922,.F.);
#1214=ORIENTED_EDGE('',*,*,#2026,.F.);
#1215=ORIENTED_EDGE('',*,*,#2027,.F.);
#1216=ORIENTED_EDGE('',*,*,#2024,.T.);
#1217=ORIENTED_EDGE('',*,*,#1924,.F.);
#1218=ORIENTED_EDGE('',*,*,#1991,.T.);
#1219=ORIENTED_EDGE('',*,*,#2028,.F.);
#1220=ORIENTED_EDGE('',*,*,#2029,.F.);
#1221=ORIENTED_EDGE('',*,*,#2026,.T.);
#1222=ORIENTED_EDGE('',*,*,#1921,.F.);
#1223=ORIENTED_EDGE('',*,*,#2030,.T.);
#1224=ORIENTED_EDGE('',*,*,#2028,.T.);
#1225=ORIENTED_EDGE('',*,*,#1920,.F.);
#1226=ORIENTED_EDGE('',*,*,#2031,.F.);
#1227=ORIENTED_EDGE('',*,*,#2032,.T.);
#1228=ORIENTED_EDGE('',*,*,#2033,.F.);
#1229=ORIENTED_EDGE('',*,*,#2005,.T.);
#1230=ORIENTED_EDGE('',*,*,#2034,.T.);
#1231=ORIENTED_EDGE('',*,*,#2035,.T.);
#1232=ORIENTED_EDGE('',*,*,#2036,.F.);
#1233=ORIENTED_EDGE('',*,*,#2037,.T.);
#1234=ORIENTED_EDGE('',*,*,#2038,.F.);
#1235=ORIENTED_EDGE('',*,*,#2039,.F.);
#1236=ORIENTED_EDGE('',*,*,#2040,.T.);
#1237=ORIENTED_EDGE('',*,*,#2041,.F.);
#1238=ORIENTED_EDGE('',*,*,#2042,.F.);
#1239=ORIENTED_EDGE('',*,*,#2043,.F.);
#1240=ORIENTED_EDGE('',*,*,#2032,.F.);
#1241=ORIENTED_EDGE('',*,*,#2040,.F.);
#1242=ORIENTED_EDGE('',*,*,#2044,.F.);
#1243=ORIENTED_EDGE('',*,*,#2045,.F.);
#1244=ORIENTED_EDGE('',*,*,#2043,.T.);
#1245=ORIENTED_EDGE('',*,*,#2046,.F.);
#1246=ORIENTED_EDGE('',*,*,#2047,.F.);
#1247=ORIENTED_EDGE('',*,*,#2048,.T.);
#1248=ORIENTED_EDGE('',*,*,#2049,.F.);
#1249=ORIENTED_EDGE('',*,*,#2050,.F.);
#1250=ORIENTED_EDGE('',*,*,#2051,.F.);
#1251=ORIENTED_EDGE('',*,*,#2052,.F.);
#1252=ORIENTED_EDGE('',*,*,#2053,.T.);
#1253=ORIENTED_EDGE('',*,*,#2054,.F.);
#1254=ORIENTED_EDGE('',*,*,#2055,.T.);
#1255=ORIENTED_EDGE('',*,*,#2056,.T.);
#1256=ORIENTED_EDGE('',*,*,#2022,.F.);
#1257=ORIENTED_EDGE('',*,*,#2053,.F.);
#1258=ORIENTED_EDGE('',*,*,#2057,.F.);
#1259=ORIENTED_EDGE('',*,*,#2058,.F.);
#1260=ORIENTED_EDGE('',*,*,#2056,.F.);
#1261=ORIENTED_EDGE('',*,*,#2059,.F.);
#1262=ORIENTED_EDGE('',*,*,#2060,.T.);
#1263=ORIENTED_EDGE('',*,*,#2061,.F.);
#1264=ORIENTED_EDGE('',*,*,#2027,.T.);
#1265=ORIENTED_EDGE('',*,*,#2062,.T.);
#1266=ORIENTED_EDGE('',*,*,#2063,.F.);
#1267=ORIENTED_EDGE('',*,*,#2020,.F.);
#1268=ORIENTED_EDGE('',*,*,#2025,.T.);
#1269=ORIENTED_EDGE('',*,*,#2061,.T.);
#1270=ORIENTED_EDGE('',*,*,#2064,.F.);
#1271=ORIENTED_EDGE('',*,*,#2065,.T.);
#1272=ORIENTED_EDGE('',*,*,#2066,.T.);
#1273=ORIENTED_EDGE('',*,*,#2011,.F.);
#1274=ORIENTED_EDGE('',*,*,#2066,.F.);
#1275=ORIENTED_EDGE('',*,*,#2067,.T.);
#1276=ORIENTED_EDGE('',*,*,#1777,.F.);
#1277=ORIENTED_EDGE('',*,*,#2012,.T.);
#1278=ORIENTED_EDGE('',*,*,#2068,.T.);
#1279=ORIENTED_EDGE('',*,*,#1778,.F.);
#1280=ORIENTED_EDGE('',*,*,#2069,.T.);
#1281=ORIENTED_EDGE('',*,*,#2070,.F.);
#1282=ORIENTED_EDGE('',*,*,#2071,.T.);
#1283=ORIENTED_EDGE('',*,*,#1767,.F.);
#1284=ORIENTED_EDGE('',*,*,#2068,.F.);
#1285=ORIENTED_EDGE('',*,*,#2072,.F.);
#1286=ORIENTED_EDGE('',*,*,#2073,.T.);
#1287=ORIENTED_EDGE('',*,*,#1999,.F.);
#1288=ORIENTED_EDGE('',*,*,#2071,.F.);
#1289=ORIENTED_EDGE('',*,*,#2074,.F.);
#1290=ORIENTED_EDGE('',*,*,#2075,.T.);
#1291=ORIENTED_EDGE('',*,*,#2001,.F.);
#1292=ORIENTED_EDGE('',*,*,#2073,.F.);
#1293=ORIENTED_EDGE('',*,*,#2076,.F.);
#1294=ORIENTED_EDGE('',*,*,#2077,.T.);
#1295=ORIENTED_EDGE('',*,*,#2008,.F.);
#1296=ORIENTED_EDGE('',*,*,#2075,.F.);
#1297=ORIENTED_EDGE('',*,*,#2078,.F.);
#1298=ORIENTED_EDGE('',*,*,#2079,.F.);
#1299=ORIENTED_EDGE('',*,*,#2080,.T.);
#1300=ORIENTED_EDGE('',*,*,#2081,.F.);
#1301=ORIENTED_EDGE('',*,*,#2077,.F.);
#1302=ORIENTED_EDGE('',*,*,#2082,.T.);
#1303=ORIENTED_EDGE('',*,*,#2083,.T.);
#1304=ORIENTED_EDGE('',*,*,#2084,.F.);
#1305=ORIENTED_EDGE('',*,*,#2034,.F.);
#1306=ORIENTED_EDGE('',*,*,#2004,.F.);
#1307=ORIENTED_EDGE('',*,*,#2062,.F.);
#1308=ORIENTED_EDGE('',*,*,#2029,.T.);
#1309=ORIENTED_EDGE('',*,*,#2030,.F.);
#1310=ORIENTED_EDGE('',*,*,#2084,.T.);
#1311=ORIENTED_EDGE('',*,*,#2085,.T.);
#1312=ORIENTED_EDGE('',*,*,#2086,.F.);
#1313=ORIENTED_EDGE('',*,*,#2047,.T.);
#1314=ORIENTED_EDGE('',*,*,#2087,.F.);
#1315=ORIENTED_EDGE('',*,*,#2037,.F.);
#1316=ORIENTED_EDGE('',*,*,#1900,.F.);
#1317=ORIENTED_EDGE('',*,*,#2033,.T.);
#1318=ORIENTED_EDGE('',*,*,#2045,.T.);
#1319=ORIENTED_EDGE('',*,*,#1899,.T.);
#1320=ORIENTED_EDGE('',*,*,#2006,.T.);
#1321=ORIENTED_EDGE('',*,*,#2013,.F.);
#1322=ORIENTED_EDGE('',*,*,#1978,.T.);
#1323=ORIENTED_EDGE('',*,*,#2007,.T.);
#1324=ORIENTED_EDGE('',*,*,#2081,.T.);
#1325=ORIENTED_EDGE('',*,*,#2082,.F.);
#1326=ORIENTED_EDGE('',*,*,#2003,.F.);
#1327=ORIENTED_EDGE('',*,*,#1898,.T.);
#1328=ORIENTED_EDGE('',*,*,#1916,.F.);
#1329=ORIENTED_EDGE('',*,*,#1935,.F.);
#1330=ORIENTED_EDGE('',*,*,#2054,.T.);
#1331=ORIENTED_EDGE('',*,*,#2021,.F.);
#1332=ORIENTED_EDGE('',*,*,#2009,.F.);
#1333=ORIENTED_EDGE('',*,*,#2050,.T.);
#1334=ORIENTED_EDGE('',*,*,#2088,.F.);
#1335=ORIENTED_EDGE('',*,*,#2055,.F.);
#1336=ORIENTED_EDGE('',*,*,#1934,.F.);
#1337=ORIENTED_EDGE('',*,*,#2060,.F.);
#1338=ORIENTED_EDGE('',*,*,#2089,.F.);
#1339=ORIENTED_EDGE('',*,*,#2048,.F.);
#1340=ORIENTED_EDGE('',*,*,#1875,.F.);
#1341=ORIENTED_EDGE('',*,*,#2023,.F.);
#1342=ORIENTED_EDGE('',*,*,#2058,.T.);
#1343=ORIENTED_EDGE('',*,*,#1874,.T.);
#1344=ORIENTED_EDGE('',*,*,#1927,.T.);
#1345=ORIENTED_EDGE('',*,*,#1892,.F.);
#1346=ORIENTED_EDGE('',*,*,#2041,.T.);
#1347=ORIENTED_EDGE('',*,*,#2031,.T.);
#1348=ORIENTED_EDGE('',*,*,#1919,.F.);
#1349=ORIENTED_EDGE('',*,*,#2090,.T.);
#1350=ORIENTED_EDGE('',*,*,#2091,.T.);
#1351=ORIENTED_EDGE('',*,*,#2092,.T.);
#1352=ORIENTED_EDGE('',*,*,#2093,.T.);
#1353=ORIENTED_EDGE('',*,*,#2094,.T.);
#1354=ORIENTED_EDGE('',*,*,#2095,.T.);
#1355=ORIENTED_EDGE('',*,*,#2096,.T.);
#1356=ORIENTED_EDGE('',*,*,#2064,.T.);
#1357=ORIENTED_EDGE('',*,*,#2063,.T.);
#1358=ORIENTED_EDGE('',*,*,#2086,.T.);
#1359=ORIENTED_EDGE('',*,*,#2097,.T.);
#1360=ORIENTED_EDGE('',*,*,#2079,.T.);
#1361=ORIENTED_EDGE('',*,*,#2078,.T.);
#1362=ORIENTED_EDGE('',*,*,#2076,.T.);
#1363=ORIENTED_EDGE('',*,*,#2074,.T.);
#1364=ORIENTED_EDGE('',*,*,#2072,.T.);
#1365=ORIENTED_EDGE('',*,*,#2070,.T.);
#1366=ORIENTED_EDGE('',*,*,#2059,.T.);
#1367=ORIENTED_EDGE('',*,*,#2057,.T.);
#1368=ORIENTED_EDGE('',*,*,#2052,.T.);
#1369=ORIENTED_EDGE('',*,*,#2088,.T.);
#1370=ORIENTED_EDGE('',*,*,#2049,.T.);
#1371=ORIENTED_EDGE('',*,*,#2089,.T.);
#1372=ORIENTED_EDGE('',*,*,#2046,.T.);
#1373=ORIENTED_EDGE('',*,*,#2044,.T.);
#1374=ORIENTED_EDGE('',*,*,#2039,.T.);
#1375=ORIENTED_EDGE('',*,*,#2098,.T.);
#1376=ORIENTED_EDGE('',*,*,#2038,.T.);
#1377=ORIENTED_EDGE('',*,*,#2087,.T.);
#1378=ORIENTED_EDGE('',*,*,#2099,.T.);
#1379=ORIENTED_EDGE('',*,*,#2100,.T.);
#1380=ORIENTED_EDGE('',*,*,#2101,.T.);
#1381=ORIENTED_EDGE('',*,*,#2102,.T.);
#1382=ORIENTED_EDGE('',*,*,#2103,.T.);
#1383=ORIENTED_EDGE('',*,*,#2104,.T.);
#1384=ORIENTED_EDGE('',*,*,#2042,.T.);
#1385=ORIENTED_EDGE('',*,*,#1891,.F.);
#1386=ORIENTED_EDGE('',*,*,#2035,.F.);
#1387=ORIENTED_EDGE('',*,*,#2098,.F.);
#1388=ORIENTED_EDGE('',*,*,#1901,.T.);
#1389=ORIENTED_EDGE('',*,*,#2036,.T.);
#1390=ORIENTED_EDGE('',*,*,#1890,.F.);
#1391=ORIENTED_EDGE('',*,*,#2105,.T.);
#1392=ORIENTED_EDGE('',*,*,#1876,.T.);
#1393=ORIENTED_EDGE('',*,*,#2051,.T.);
#1394=ORIENTED_EDGE('',*,*,#1933,.F.);
#1395=ORIENTED_EDGE('',*,*,#1905,.T.);
#1396=ORIENTED_EDGE('',*,*,#2106,.T.);
#1397=ORIENTED_EDGE('',*,*,#2107,.T.);
#1398=ORIENTED_EDGE('',*,*,#1893,.F.);
#1399=ORIENTED_EDGE('',*,*,#2105,.F.);
#1400=ORIENTED_EDGE('',*,*,#1889,.F.);
#1401=ORIENTED_EDGE('',*,*,#2108,.F.);
#1402=ORIENTED_EDGE('',*,*,#2109,.T.);
#1403=ORIENTED_EDGE('',*,*,#1843,.T.);
#1404=ORIENTED_EDGE('',*,*,#2110,.T.);
#1405=ORIENTED_EDGE('',*,*,#2111,.F.);
#1406=ORIENTED_EDGE('',*,*,#2112,.T.);
#1407=ORIENTED_EDGE('',*,*,#2108,.T.);
#1408=ORIENTED_EDGE('',*,*,#2113,.T.);
#1409=ORIENTED_EDGE('',*,*,#1863,.F.);
#1410=ORIENTED_EDGE('',*,*,#2114,.T.);
#1411=ORIENTED_EDGE('',*,*,#2111,.T.);
#1412=ORIENTED_EDGE('',*,*,#2115,.T.);
#1413=ORIENTED_EDGE('',*,*,#2116,.T.);
#1414=ORIENTED_EDGE('',*,*,#2117,.T.);
#1415=ORIENTED_EDGE('',*,*,#2118,.T.);
#1416=ORIENTED_EDGE('',*,*,#2119,.T.);
#1417=ORIENTED_EDGE('',*,*,#2120,.T.);
#1418=ORIENTED_EDGE('',*,*,#2121,.T.);
#1419=ORIENTED_EDGE('',*,*,#2122,.T.);
#1420=ORIENTED_EDGE('',*,*,#2123,.T.);
#1421=ORIENTED_EDGE('',*,*,#1909,.F.);
#1422=ORIENTED_EDGE('',*,*,#2124,.T.);
#1423=ORIENTED_EDGE('',*,*,#2125,.T.);
#1424=ORIENTED_EDGE('',*,*,#2126,.T.);
#1425=ORIENTED_EDGE('',*,*,#1902,.T.);
#1426=ORIENTED_EDGE('',*,*,#1932,.T.);
#1427=ORIENTED_EDGE('',*,*,#2090,.F.);
#1428=ORIENTED_EDGE('',*,*,#2127,.T.);
#1429=ORIENTED_EDGE('',*,*,#1796,.F.);
#1430=ORIENTED_EDGE('',*,*,#2128,.T.);
#1431=ORIENTED_EDGE('',*,*,#2129,.F.);
#1432=ORIENTED_EDGE('',*,*,#1895,.F.);
#1433=ORIENTED_EDGE('',*,*,#2130,.F.);
#1434=ORIENTED_EDGE('',*,*,#1811,.F.);
#1435=ORIENTED_EDGE('',*,*,#1861,.F.);
#1436=ORIENTED_EDGE('',*,*,#2131,.T.);
#1437=ORIENTED_EDGE('',*,*,#1822,.F.);
#1438=ORIENTED_EDGE('',*,*,#2132,.T.);
#1439=ORIENTED_EDGE('',*,*,#2099,.F.);
#1440=ORIENTED_EDGE('',*,*,#2133,.T.);
#1441=ORIENTED_EDGE('',*,*,#1820,.F.);
#1442=ORIENTED_EDGE('',*,*,#2134,.F.);
#1443=ORIENTED_EDGE('',*,*,#1917,.F.);
#1444=ORIENTED_EDGE('',*,*,#1896,.F.);
#1445=ORIENTED_EDGE('',*,*,#2129,.T.);
#1446=ORIENTED_EDGE('',*,*,#1810,.F.);
#1447=ORIENTED_EDGE('',*,*,#2135,.T.);
#1448=ORIENTED_EDGE('',*,*,#2124,.F.);
#1449=ORIENTED_EDGE('',*,*,#1908,.F.);
#1450=ORIENTED_EDGE('',*,*,#2136,.F.);
#1451=ORIENTED_EDGE('',*,*,#1800,.F.);
#1452=ORIENTED_EDGE('',*,*,#2137,.T.);
#1453=ORIENTED_EDGE('',*,*,#2107,.F.);
#1454=ORIENTED_EDGE('',*,*,#2138,.F.);
#1455=ORIENTED_EDGE('',*,*,#1812,.F.);
#1456=ORIENTED_EDGE('',*,*,#2130,.T.);
#1457=ORIENTED_EDGE('',*,*,#1894,.F.);
#1458=ORIENTED_EDGE('',*,*,#2134,.T.);
#1459=ORIENTED_EDGE('',*,*,#1819,.F.);
#1460=ORIENTED_EDGE('',*,*,#2139,.F.);
#1461=ORIENTED_EDGE('',*,*,#1883,.F.);
#1462=ORIENTED_EDGE('',*,*,#1918,.F.);
#1463=ORIENTED_EDGE('',*,*,#1845,.F.);
#1464=ORIENTED_EDGE('',*,*,#2140,.T.);
#1465=ORIENTED_EDGE('',*,*,#1798,.F.);
#1466=ORIENTED_EDGE('',*,*,#2141,.T.);
#1467=ORIENTED_EDGE('',*,*,#2142,.F.);
#1468=ORIENTED_EDGE('',*,*,#1885,.F.);
#1469=ORIENTED_EDGE('',*,*,#2143,.F.);
#1470=ORIENTED_EDGE('',*,*,#1826,.F.);
#1471=ORIENTED_EDGE('',*,*,#2125,.F.);
#1472=ORIENTED_EDGE('',*,*,#2135,.F.);
#1473=ORIENTED_EDGE('',*,*,#1809,.F.);
#1474=ORIENTED_EDGE('',*,*,#2144,.F.);
#1475=ORIENTED_EDGE('',*,*,#2145,.F.);
#1476=ORIENTED_EDGE('',*,*,#1886,.F.);
#1477=ORIENTED_EDGE('',*,*,#2146,.F.);
#1478=ORIENTED_EDGE('',*,*,#1838,.F.);
#1479=ORIENTED_EDGE('',*,*,#2106,.F.);
#1480=ORIENTED_EDGE('',*,*,#1888,.F.);
#1481=ORIENTED_EDGE('',*,*,#2147,.F.);
#1482=ORIENTED_EDGE('',*,*,#1813,.F.);
#1483=ORIENTED_EDGE('',*,*,#2138,.T.);
#1484=ORIENTED_EDGE('',*,*,#1884,.T.);
#1485=ORIENTED_EDGE('',*,*,#2139,.T.);
#1486=ORIENTED_EDGE('',*,*,#2148,.F.);
#1487=ORIENTED_EDGE('',*,*,#2143,.T.);
#1488=ORIENTED_EDGE('',*,*,#2142,.T.);
#1489=ORIENTED_EDGE('',*,*,#1825,.F.);
#1490=ORIENTED_EDGE('',*,*,#2149,.F.);
#1491=ORIENTED_EDGE('',*,*,#1840,.F.);
#1492=ORIENTED_EDGE('',*,*,#2144,.T.);
#1493=ORIENTED_EDGE('',*,*,#1808,.F.);
#1494=ORIENTED_EDGE('',*,*,#2150,.F.);
#1495=ORIENTED_EDGE('',*,*,#1903,.F.);
#1496=ORIENTED_EDGE('',*,*,#2126,.F.);
#1497=ORIENTED_EDGE('',*,*,#2146,.T.);
#1498=ORIENTED_EDGE('',*,*,#1842,.F.);
#1499=ORIENTED_EDGE('',*,*,#2151,.F.);
#1500=ORIENTED_EDGE('',*,*,#1831,.F.);
#1501=ORIENTED_EDGE('',*,*,#1887,.T.);
#1502=ORIENTED_EDGE('',*,*,#2145,.T.);
#1503=ORIENTED_EDGE('',*,*,#2152,.F.);
#1504=ORIENTED_EDGE('',*,*,#2147,.T.);
#1505=ORIENTED_EDGE('',*,*,#2148,.T.);
#1506=ORIENTED_EDGE('',*,*,#1818,.F.);
#1507=ORIENTED_EDGE('',*,*,#2153,.F.);
#1508=ORIENTED_EDGE('',*,*,#1827,.F.);
#1509=ORIENTED_EDGE('',*,*,#2149,.T.);
#1510=ORIENTED_EDGE('',*,*,#1824,.F.);
#1511=ORIENTED_EDGE('',*,*,#2154,.F.);
#1512=ORIENTED_EDGE('',*,*,#1881,.F.);
#1513=ORIENTED_EDGE('',*,*,#1907,.F.);
#1514=ORIENTED_EDGE('',*,*,#1872,.F.);
#1515=ORIENTED_EDGE('',*,*,#2155,.F.);
#1516=ORIENTED_EDGE('',*,*,#1801,.F.);
#1517=ORIENTED_EDGE('',*,*,#2136,.T.);
#1518=ORIENTED_EDGE('',*,*,#2150,.T.);
#1519=ORIENTED_EDGE('',*,*,#1807,.F.);
#1520=ORIENTED_EDGE('',*,*,#2156,.F.);
#1521=ORIENTED_EDGE('',*,*,#1878,.F.);
#1522=ORIENTED_EDGE('',*,*,#1904,.F.);
#1523=ORIENTED_EDGE('',*,*,#2151,.T.);
#1524=ORIENTED_EDGE('',*,*,#1880,.F.);
#1525=ORIENTED_EDGE('',*,*,#2157,.F.);
#1526=ORIENTED_EDGE('',*,*,#1832,.F.);
#1527=ORIENTED_EDGE('',*,*,#2152,.T.);
#1528=ORIENTED_EDGE('',*,*,#1837,.F.);
#1529=ORIENTED_EDGE('',*,*,#2158,.F.);
#1530=ORIENTED_EDGE('',*,*,#1814,.F.);
#1531=ORIENTED_EDGE('',*,*,#2159,.F.);
#1532=ORIENTED_EDGE('',*,*,#1816,.F.);
#1533=ORIENTED_EDGE('',*,*,#2160,.F.);
#1534=ORIENTED_EDGE('',*,*,#2118,.F.);
#1535=ORIENTED_EDGE('',*,*,#1817,.T.);
#1536=ORIENTED_EDGE('',*,*,#2159,.T.);
#1537=ORIENTED_EDGE('',*,*,#2161,.F.);
#1538=ORIENTED_EDGE('',*,*,#2153,.T.);
#1539=ORIENTED_EDGE('',*,*,#1871,.T.);
#1540=ORIENTED_EDGE('',*,*,#2154,.T.);
#1541=ORIENTED_EDGE('',*,*,#2162,.F.);
#1542=ORIENTED_EDGE('',*,*,#2155,.T.);
#1543=ORIENTED_EDGE('',*,*,#1879,.T.);
#1544=ORIENTED_EDGE('',*,*,#2156,.T.);
#1545=ORIENTED_EDGE('',*,*,#2163,.F.);
#1546=ORIENTED_EDGE('',*,*,#2157,.T.);
#1547=ORIENTED_EDGE('',*,*,#1815,.T.);
#1548=ORIENTED_EDGE('',*,*,#2158,.T.);
#1549=ORIENTED_EDGE('',*,*,#2164,.F.);
#1550=ORIENTED_EDGE('',*,*,#2160,.T.);
#1551=ORIENTED_EDGE('',*,*,#2161,.T.);
#1552=ORIENTED_EDGE('',*,*,#2117,.F.);
#1553=ORIENTED_EDGE('',*,*,#2165,.F.);
#1554=ORIENTED_EDGE('',*,*,#1828,.F.);
#1555=ORIENTED_EDGE('',*,*,#2162,.T.);
#1556=ORIENTED_EDGE('',*,*,#1823,.F.);
#1557=ORIENTED_EDGE('',*,*,#2166,.F.);
#1558=ORIENTED_EDGE('',*,*,#1802,.F.);
#1559=ORIENTED_EDGE('',*,*,#2167,.F.);
#1560=ORIENTED_EDGE('',*,*,#1804,.F.);
#1561=ORIENTED_EDGE('',*,*,#2168,.F.);
#1562=ORIENTED_EDGE('',*,*,#2120,.F.);
#1563=ORIENTED_EDGE('',*,*,#2163,.T.);
#1564=ORIENTED_EDGE('',*,*,#1806,.F.);
#1565=ORIENTED_EDGE('',*,*,#2169,.F.);
#1566=ORIENTED_EDGE('',*,*,#1833,.F.);
#1567=ORIENTED_EDGE('',*,*,#2164,.T.);
#1568=ORIENTED_EDGE('',*,*,#1836,.F.);
#1569=ORIENTED_EDGE('',*,*,#2170,.F.);
#1570=ORIENTED_EDGE('',*,*,#2119,.F.);
#1571=ORIENTED_EDGE('',*,*,#2171,.F.);
#1572=ORIENTED_EDGE('',*,*,#1782,.F.);
#1573=ORIENTED_EDGE('',*,*,#2172,.F.);
#1574=ORIENTED_EDGE('',*,*,#2116,.F.);
#1575=ORIENTED_EDGE('',*,*,#2172,.T.);
#1576=ORIENTED_EDGE('',*,*,#1781,.T.);
#1577=ORIENTED_EDGE('',*,*,#2173,.F.);
#1578=ORIENTED_EDGE('',*,*,#2165,.T.);
#1579=ORIENTED_EDGE('',*,*,#1803,.T.);
#1580=ORIENTED_EDGE('',*,*,#2166,.T.);
#1581=ORIENTED_EDGE('',*,*,#2174,.F.);
#1582=ORIENTED_EDGE('',*,*,#2168,.T.);
#1583=ORIENTED_EDGE('',*,*,#1805,.T.);
#1584=ORIENTED_EDGE('',*,*,#2167,.T.);
#1585=ORIENTED_EDGE('',*,*,#2175,.F.);
#1586=ORIENTED_EDGE('',*,*,#2169,.T.);
#1587=ORIENTED_EDGE('',*,*,#2171,.T.);
#1588=ORIENTED_EDGE('',*,*,#2170,.T.);
#1589=ORIENTED_EDGE('',*,*,#2176,.F.);
#1590=ORIENTED_EDGE('',*,*,#1783,.T.);
#1591=ORIENTED_EDGE('',*,*,#2173,.T.);
#1592=ORIENTED_EDGE('',*,*,#1780,.F.);
#1593=ORIENTED_EDGE('',*,*,#2177,.F.);
#1594=ORIENTED_EDGE('',*,*,#1829,.F.);
#1595=ORIENTED_EDGE('',*,*,#2174,.T.);
#1596=ORIENTED_EDGE('',*,*,#1830,.F.);
#1597=ORIENTED_EDGE('',*,*,#2178,.F.);
#1598=ORIENTED_EDGE('',*,*,#2121,.F.);
#1599=ORIENTED_EDGE('',*,*,#2175,.T.);
#1600=ORIENTED_EDGE('',*,*,#2123,.F.);
#1601=ORIENTED_EDGE('',*,*,#2179,.F.);
#1602=ORIENTED_EDGE('',*,*,#1834,.F.);
#1603=ORIENTED_EDGE('',*,*,#2176,.T.);
#1604=ORIENTED_EDGE('',*,*,#1835,.F.);
#1605=ORIENTED_EDGE('',*,*,#2180,.F.);
#1606=ORIENTED_EDGE('',*,*,#1784,.F.);
#1607=ORIENTED_EDGE('',*,*,#2177,.T.);
#1608=ORIENTED_EDGE('',*,*,#1779,.T.);
#1609=ORIENTED_EDGE('',*,*,#2181,.F.);
#1610=ORIENTED_EDGE('',*,*,#2178,.T.);
#1611=ORIENTED_EDGE('',*,*,#2180,.T.);
#1612=ORIENTED_EDGE('',*,*,#2179,.T.);
#1613=ORIENTED_EDGE('',*,*,#2182,.F.);
#1614=ORIENTED_EDGE('',*,*,#1785,.T.);
#1615=ORIENTED_EDGE('',*,*,#2181,.T.);
#1616=ORIENTED_EDGE('',*,*,#1786,.F.);
#1617=ORIENTED_EDGE('',*,*,#2182,.T.);
#1618=ORIENTED_EDGE('',*,*,#2122,.F.);
#1619=ORIENTED_EDGE('',*,*,#1847,.F.);
#1620=ORIENTED_EDGE('',*,*,#2183,.T.);
#1621=ORIENTED_EDGE('',*,*,#1792,.F.);
#1622=ORIENTED_EDGE('',*,*,#2184,.T.);
#1623=ORIENTED_EDGE('',*,*,#1851,.F.);
#1624=ORIENTED_EDGE('',*,*,#2185,.T.);
#1625=ORIENTED_EDGE('',*,*,#1794,.F.);
#1626=ORIENTED_EDGE('',*,*,#2186,.T.);
#1627=ORIENTED_EDGE('',*,*,#1867,.F.);
#1628=ORIENTED_EDGE('',*,*,#2187,.T.);
#1629=ORIENTED_EDGE('',*,*,#1790,.F.);
#1630=ORIENTED_EDGE('',*,*,#2188,.T.);
#1631=ORIENTED_EDGE('',*,*,#1859,.F.);
#1632=ORIENTED_EDGE('',*,*,#2189,.T.);
#1633=ORIENTED_EDGE('',*,*,#1788,.F.);
#1634=ORIENTED_EDGE('',*,*,#2190,.T.);
#1635=ORIENTED_EDGE('',*,*,#1849,.F.);
#1636=ORIENTED_EDGE('',*,*,#2191,.T.);
#1637=ORIENTED_EDGE('',*,*,#1928,.F.);
#1638=ORIENTED_EDGE('',*,*,#2192,.T.);
#1639=ORIENTED_EDGE('',*,*,#1930,.F.);
#1640=ORIENTED_EDGE('',*,*,#2193,.T.);
#1641=ORIENTED_EDGE('',*,*,#1857,.F.);
#1642=ORIENTED_EDGE('',*,*,#2194,.T.);
#1643=ORIENTED_EDGE('',*,*,#1797,.T.);
#1644=ORIENTED_EDGE('',*,*,#2127,.F.);
#1645=ORIENTED_EDGE('',*,*,#2195,.F.);
#1646=ORIENTED_EDGE('',*,*,#2141,.F.);
#1647=ORIENTED_EDGE('',*,*,#2195,.T.);
#1648=ORIENTED_EDGE('',*,*,#2095,.F.);
#1649=ORIENTED_EDGE('',*,*,#2196,.F.);
#1650=ORIENTED_EDGE('',*,*,#1846,.F.);
#1651=ORIENTED_EDGE('',*,*,#2196,.T.);
#1652=ORIENTED_EDGE('',*,*,#2094,.F.);
#1653=ORIENTED_EDGE('',*,*,#2197,.F.);
#1654=ORIENTED_EDGE('',*,*,#2110,.F.);
#1655=ORIENTED_EDGE('',*,*,#2197,.T.);
#1656=ORIENTED_EDGE('',*,*,#2093,.F.);
#1657=ORIENTED_EDGE('',*,*,#2198,.F.);
#1658=ORIENTED_EDGE('',*,*,#2113,.F.);
#1659=ORIENTED_EDGE('',*,*,#2198,.T.);
#1660=ORIENTED_EDGE('',*,*,#2092,.F.);
#1661=ORIENTED_EDGE('',*,*,#2199,.F.);
#1662=ORIENTED_EDGE('',*,*,#2115,.F.);
#1663=ORIENTED_EDGE('',*,*,#2199,.T.);
#1664=ORIENTED_EDGE('',*,*,#2091,.F.);
#1665=ORIENTED_EDGE('',*,*,#2200,.F.);
#1666=ORIENTED_EDGE('',*,*,#1864,.F.);
#1667=ORIENTED_EDGE('',*,*,#2128,.F.);
#1668=ORIENTED_EDGE('',*,*,#1795,.T.);
#1669=ORIENTED_EDGE('',*,*,#2131,.F.);
#1670=ORIENTED_EDGE('',*,*,#2200,.T.);
#1671=ORIENTED_EDGE('',*,*,#1799,.T.);
#1672=ORIENTED_EDGE('',*,*,#2140,.F.);
#1673=ORIENTED_EDGE('',*,*,#2201,.F.);
#1674=ORIENTED_EDGE('',*,*,#2137,.F.);
#1675=ORIENTED_EDGE('',*,*,#2201,.T.);
#1676=ORIENTED_EDGE('',*,*,#1844,.F.);
#1677=ORIENTED_EDGE('',*,*,#2202,.F.);
#1678=ORIENTED_EDGE('',*,*,#2100,.F.);
#1679=ORIENTED_EDGE('',*,*,#2202,.T.);
#1680=ORIENTED_EDGE('',*,*,#2109,.F.);
#1681=ORIENTED_EDGE('',*,*,#2203,.F.);
#1682=ORIENTED_EDGE('',*,*,#2101,.F.);
#1683=ORIENTED_EDGE('',*,*,#2203,.T.);
#1684=ORIENTED_EDGE('',*,*,#2112,.F.);
#1685=ORIENTED_EDGE('',*,*,#2204,.F.);
#1686=ORIENTED_EDGE('',*,*,#2102,.F.);
#1687=ORIENTED_EDGE('',*,*,#2204,.T.);
#1688=ORIENTED_EDGE('',*,*,#2114,.F.);
#1689=ORIENTED_EDGE('',*,*,#2205,.F.);
#1690=ORIENTED_EDGE('',*,*,#2103,.F.);
#1691=ORIENTED_EDGE('',*,*,#2205,.T.);
#1692=ORIENTED_EDGE('',*,*,#1862,.F.);
#1693=ORIENTED_EDGE('',*,*,#2206,.F.);
#1694=ORIENTED_EDGE('',*,*,#2104,.F.);
#1695=ORIENTED_EDGE('',*,*,#2132,.F.);
#1696=ORIENTED_EDGE('',*,*,#1821,.T.);
#1697=ORIENTED_EDGE('',*,*,#2133,.F.);
#1698=ORIENTED_EDGE('',*,*,#2206,.T.);
#1699=ORIENTED_EDGE('',*,*,#1793,.T.);
#1700=ORIENTED_EDGE('',*,*,#2183,.F.);
#1701=ORIENTED_EDGE('',*,*,#2207,.F.);
#1702=ORIENTED_EDGE('',*,*,#2186,.F.);
#1703=ORIENTED_EDGE('',*,*,#2207,.T.);
#1704=ORIENTED_EDGE('',*,*,#1850,.F.);
#1705=ORIENTED_EDGE('',*,*,#2208,.F.);
#1706=ORIENTED_EDGE('',*,*,#1852,.F.);
#1707=ORIENTED_EDGE('',*,*,#2208,.T.);
#1708=ORIENTED_EDGE('',*,*,#2192,.F.);
#1709=ORIENTED_EDGE('',*,*,#2209,.F.);
#1710=ORIENTED_EDGE('',*,*,#1853,.F.);
#1711=ORIENTED_EDGE('',*,*,#2209,.T.);
#1712=ORIENTED_EDGE('',*,*,#1931,.F.);
#1713=ORIENTED_EDGE('',*,*,#2210,.F.);
#1714=ORIENTED_EDGE('',*,*,#1854,.F.);
#1715=ORIENTED_EDGE('',*,*,#2210,.T.);
#1716=ORIENTED_EDGE('',*,*,#2194,.F.);
#1717=ORIENTED_EDGE('',*,*,#2211,.F.);
#1718=ORIENTED_EDGE('',*,*,#1855,.F.);
#1719=ORIENTED_EDGE('',*,*,#2211,.T.);
#1720=ORIENTED_EDGE('',*,*,#1860,.F.);
#1721=ORIENTED_EDGE('',*,*,#2212,.F.);
#1722=ORIENTED_EDGE('',*,*,#1856,.F.);
#1723=ORIENTED_EDGE('',*,*,#2185,.F.);
#1724=ORIENTED_EDGE('',*,*,#2212,.T.);
#1725=ORIENTED_EDGE('',*,*,#2190,.F.);
#1726=ORIENTED_EDGE('',*,*,#1787,.T.);
#1727=ORIENTED_EDGE('',*,*,#1791,.T.);
#1728=ORIENTED_EDGE('',*,*,#2187,.F.);
#1729=ORIENTED_EDGE('',*,*,#2213,.F.);
#1730=ORIENTED_EDGE('',*,*,#2184,.F.);
#1731=ORIENTED_EDGE('',*,*,#2213,.T.);
#1732=ORIENTED_EDGE('',*,*,#1866,.F.);
#1733=ORIENTED_EDGE('',*,*,#2214,.F.);
#1734=ORIENTED_EDGE('',*,*,#1848,.F.);
#1735=ORIENTED_EDGE('',*,*,#2214,.T.);
#1736=ORIENTED_EDGE('',*,*,#1865,.F.);
#1737=ORIENTED_EDGE('',*,*,#2215,.F.);
#1738=ORIENTED_EDGE('',*,*,#2191,.F.);
#1739=ORIENTED_EDGE('',*,*,#2215,.T.);
#1740=ORIENTED_EDGE('',*,*,#1870,.F.);
#1741=ORIENTED_EDGE('',*,*,#2216,.F.);
#1742=ORIENTED_EDGE('',*,*,#1929,.F.);
#1743=ORIENTED_EDGE('',*,*,#2216,.T.);
#1744=ORIENTED_EDGE('',*,*,#1869,.F.);
#1745=ORIENTED_EDGE('',*,*,#2217,.F.);
#1746=ORIENTED_EDGE('',*,*,#2193,.F.);
#1747=ORIENTED_EDGE('',*,*,#2217,.T.);
#1748=ORIENTED_EDGE('',*,*,#1868,.F.);
#1749=ORIENTED_EDGE('',*,*,#2218,.F.);
#1750=ORIENTED_EDGE('',*,*,#1858,.F.);
#1751=ORIENTED_EDGE('',*,*,#2188,.F.);
#1752=ORIENTED_EDGE('',*,*,#1789,.T.);
#1753=ORIENTED_EDGE('',*,*,#2189,.F.);
#1754=ORIENTED_EDGE('',*,*,#2218,.T.);
#1755=ORIENTED_EDGE('',*,*,#2069,.F.);
#1756=ORIENTED_EDGE('',*,*,#2067,.F.);
#1757=ORIENTED_EDGE('',*,*,#2065,.F.);
#1758=ORIENTED_EDGE('',*,*,#2096,.F.);
#1759=ORIENTED_EDGE('',*,*,#2085,.F.);
#1760=ORIENTED_EDGE('',*,*,#2083,.F.);
#1761=ORIENTED_EDGE('',*,*,#2080,.F.);
#1762=ORIENTED_EDGE('',*,*,#2097,.F.);
#1763=EDGE_CURVE('',#2219,#2220,#2492,.T.);
#1764=EDGE_CURVE('',#2221,#2220,#361,.T.);
#1765=EDGE_CURVE('',#2221,#2222,#362,.T.);
#1766=EDGE_CURVE('',#2223,#2222,#363,.T.);
#1767=EDGE_CURVE('',#2223,#2224,#2493,.T.);
#1768=EDGE_CURVE('',#2224,#2219,#364,.T.);
#1769=EDGE_CURVE('',#2225,#2226,#365,.T.);
#1770=EDGE_CURVE('',#2227,#2226,#2494,.T.);
#1771=EDGE_CURVE('',#2228,#2227,#366,.T.);
#1772=EDGE_CURVE('',#2228,#2225,#2495,.T.);
#1773=EDGE_CURVE('',#2220,#2226,#367,.T.);
#1774=EDGE_CURVE('',#2229,#2225,#368,.T.);
#1775=EDGE_CURVE('',#2230,#2229,#369,.T.);
#1776=EDGE_CURVE('',#2230,#2231,#370,.T.);
#1777=EDGE_CURVE('',#2231,#2232,#371,.T.);
#1778=EDGE_CURVE('',#2232,#2223,#372,.F.);
#1779=EDGE_CURVE('',#2233,#2234,#170,.T.);
#1780=EDGE_CURVE('',#2233,#2235,#373,.T.);
#1781=EDGE_CURVE('',#2236,#2235,#171,.T.);
#1782=EDGE_CURVE('',#2236,#2237,#374,.T.);
#1783=EDGE_CURVE('',#2238,#2237,#172,.T.);
#1784=EDGE_CURVE('',#2238,#2239,#375,.T.);
#1785=EDGE_CURVE('',#2240,#2239,#173,.T.);
#1786=EDGE_CURVE('',#2240,#2234,#376,.F.);
#1787=EDGE_CURVE('',#2241,#2242,#174,.F.);
#1788=EDGE_CURVE('',#2241,#2243,#377,.T.);
#1789=EDGE_CURVE('',#2244,#2243,#175,.F.);
#1790=EDGE_CURVE('',#2244,#2245,#378,.F.);
#1791=EDGE_CURVE('',#2246,#2245,#176,.F.);
#1792=EDGE_CURVE('',#2246,#2247,#379,.F.);
#1793=EDGE_CURVE('',#2248,#2247,#177,.F.);
#1794=EDGE_CURVE('',#2248,#2242,#380,.F.);
#1795=EDGE_CURVE('',#2249,#2250,#178,.T.);
#1796=EDGE_CURVE('',#2249,#2251,#381,.T.);
#1797=EDGE_CURVE('',#2252,#2251,#179,.T.);
#1798=EDGE_CURVE('',#2252,#2253,#382,.F.);
#1799=EDGE_CURVE('',#2254,#2253,#180,.T.);
#1800=EDGE_CURVE('',#2254,#2255,#383,.T.);
#1801=EDGE_CURVE('',#2255,#2256,#384,.T.);
#1802=EDGE_CURVE('',#2256,#2257,#385,.F.);
#1803=EDGE_CURVE('',#2258,#2257,#181,.F.);
#1804=EDGE_CURVE('',#2258,#2259,#386,.T.);
#1805=EDGE_CURVE('',#2260,#2259,#182,.F.);
#1806=EDGE_CURVE('',#2260,#2261,#387,.F.);
#1807=EDGE_CURVE('',#2261,#2262,#388,.T.);
#1808=EDGE_CURVE('',#2262,#2263,#389,.T.);
#1809=EDGE_CURVE('',#2263,#2264,#390,.F.);
#1810=EDGE_CURVE('',#2264,#2265,#391,.T.);
#1811=EDGE_CURVE('',#2265,#2266,#392,.T.);
#1812=EDGE_CURVE('',#2266,#2267,#393,.T.);
#1813=EDGE_CURVE('',#2267,#2268,#394,.F.);
#1814=EDGE_CURVE('',#2268,#2269,#395,.F.);
#1815=EDGE_CURVE('',#2270,#2269,#183,.F.);
#1816=EDGE_CURVE('',#2270,#2271,#396,.F.);
#1817=EDGE_CURVE('',#2272,#2271,#184,.F.);
#1818=EDGE_CURVE('',#2272,#2273,#397,.F.);
#1819=EDGE_CURVE('',#2273,#2274,#398,.F.);
#1820=EDGE_CURVE('',#2274,#2275,#399,.T.);
#1821=EDGE_CURVE('',#2276,#2275,#185,.T.);
#1822=EDGE_CURVE('',#2276,#2250,#400,.T.);
#1823=EDGE_CURVE('',#2277,#2278,#401,.T.);
#1824=EDGE_CURVE('',#2278,#2279,#402,.F.);
#1825=EDGE_CURVE('',#2279,#2280,#186,.F.);
#1826=EDGE_CURVE('',#2280,#2281,#403,.T.);
#1827=EDGE_CURVE('',#2281,#2282,#404,.T.);
#1828=EDGE_CURVE('',#2282,#2283,#405,.T.);
#1829=EDGE_CURVE('',#2283,#2284,#406,.F.);
#1830=EDGE_CURVE('',#2284,#2277,#407,.T.);
#1831=EDGE_CURVE('',#2285,#2286,#187,.F.);
#1832=EDGE_CURVE('',#2286,#2287,#408,.F.);
#1833=EDGE_CURVE('',#2287,#2288,#409,.T.);
#1834=EDGE_CURVE('',#2288,#2289,#410,.F.);
#1835=EDGE_CURVE('',#2289,#2290,#411,.F.);
#1836=EDGE_CURVE('',#2290,#2291,#412,.F.);
#1837=EDGE_CURVE('',#2291,#2292,#413,.T.);
#1838=EDGE_CURVE('',#2292,#2285,#414,.T.);
#1839=EDGE_CURVE('',#2293,#2294,#415,.T.);
#1840=EDGE_CURVE('',#2294,#2295,#188,.T.);
#1841=EDGE_CURVE('',#2296,#2295,#416,.T.);
#1842=EDGE_CURVE('',#2296,#2293,#189,.T.);
#1843=EDGE_CURVE('',#2297,#2298,#417,.T.);
#1844=EDGE_CURVE('',#2297,#2299,#418,.F.);
#1845=EDGE_CURVE('',#2299,#2300,#419,.T.);
#1846=EDGE_CURVE('',#2300,#2298,#420,.T.);
#1847=EDGE_CURVE('',#2301,#2302,#421,.T.);
#1848=EDGE_CURVE('',#2302,#2303,#422,.T.);
#1849=EDGE_CURVE('',#2303,#2304,#423,.F.);
#1850=EDGE_CURVE('',#2304,#2301,#424,.F.);
#1851=EDGE_CURVE('',#2305,#2306,#425,.T.);
#1852=EDGE_CURVE('',#2306,#2307,#426,.T.);
#1853=EDGE_CURVE('',#2307,#2308,#190,.T.);
#1854=EDGE_CURVE('',#2308,#2309,#427,.T.);
#1855=EDGE_CURVE('',#2309,#2310,#191,.T.);
#1856=EDGE_CURVE('',#2310,#2305,#428,.T.);
#1857=EDGE_CURVE('',#2311,#2312,#429,.T.);
#1858=EDGE_CURVE('',#2312,#2313,#430,.T.);
#1859=EDGE_CURVE('',#2313,#2314,#431,.F.);
#1860=EDGE_CURVE('',#2314,#2311,#432,.F.);
#1861=EDGE_CURVE('',#2315,#2316,#433,.F.);
#1862=EDGE_CURVE('',#2316,#2317,#434,.F.);
#1863=EDGE_CURVE('',#2317,#2318,#435,.T.);
#1864=EDGE_CURVE('',#2318,#2315,#436,.T.);
#1865=EDGE_CURVE('',#2319,#2320,#192,.T.);
#1866=EDGE_CURVE('',#2320,#2321,#437,.F.);
#1867=EDGE_CURVE('',#2321,#2322,#438,.T.);
#1868=EDGE_CURVE('',#2322,#2323,#439,.F.);
#1869=EDGE_CURVE('',#2323,#2324,#193,.T.);
#1870=EDGE_CURVE('',#2324,#2319,#440,.T.);
#1871=EDGE_CURVE('',#2325,#2326,#51,.T.);
#1872=EDGE_CURVE('',#2325,#2327,#441,.F.);
#1873=EDGE_CURVE('',#2328,#2327,#442,.T.);
#1874=EDGE_CURVE('',#2329,#2328,#443,.T.);
#1875=EDGE_CURVE('',#2329,#2330,#444,.F.);
#1876=EDGE_CURVE('',#2331,#2330,#445,.T.);
#1877=EDGE_CURVE('',#2331,#2332,#446,.T.);
#1878=EDGE_CURVE('',#2332,#2333,#447,.F.);
#1879=EDGE_CURVE('',#2334,#2333,#52,.T.);
#1880=EDGE_CURVE('',#2334,#2296,#448,.T.);
#1881=EDGE_CURVE('',#2295,#2326,#449,.T.);
#1882=EDGE_CURVE('',#2335,#2336,#450,.T.);
#1883=EDGE_CURVE('',#2336,#2337,#451,.T.);
#1884=EDGE_CURVE('',#2338,#2337,#53,.F.);
#1885=EDGE_CURVE('',#2338,#2294,#452,.F.);
#1886=EDGE_CURVE('',#2293,#2339,#453,.F.);
#1887=EDGE_CURVE('',#2340,#2339,#54,.F.);
#1888=EDGE_CURVE('',#2340,#2341,#454,.T.);
#1889=EDGE_CURVE('',#2341,#2342,#455,.T.);
#1890=EDGE_CURVE('',#2342,#2343,#456,.T.);
#1891=EDGE_CURVE('',#2343,#2344,#457,.T.);
#1892=EDGE_CURVE('',#2344,#2335,#458,.T.);
#1893=EDGE_CURVE('',#2345,#2346,#459,.T.);
#1894=EDGE_CURVE('',#2346,#2347,#55,.F.);
#1895=EDGE_CURVE('',#2347,#2348,#460,.F.);
#1896=EDGE_CURVE('',#2348,#2349,#56,.F.);
#1897=EDGE_CURVE('',#2350,#2349,#461,.T.);
#1898=EDGE_CURVE('',#2351,#2350,#462,.T.);
#1899=EDGE_CURVE('',#2352,#2351,#463,.T.);
#1900=EDGE_CURVE('',#2352,#2353,#464,.F.);
#1901=EDGE_CURVE('',#2345,#2353,#465,.T.);
#1902=EDGE_CURVE('',#2354,#2355,#466,.T.);
#1903=EDGE_CURVE('',#2354,#2356,#467,.F.);
#1904=EDGE_CURVE('',#2356,#2332,#194,.T.);
#1905=EDGE_CURVE('',#2357,#2331,#468,.T.);
#1906=EDGE_CURVE('',#2355,#2357,#469,.T.);
#1907=EDGE_CURVE('',#2327,#2358,#195,.T.);
#1908=EDGE_CURVE('',#2358,#2359,#470,.F.);
#1909=EDGE_CURVE('',#2359,#2360,#471,.T.);
#1910=EDGE_CURVE('',#2360,#2229,#472,.T.);
#1911=EDGE_CURVE('',#2228,#2361,#2496,.T.);
#1912=EDGE_CURVE('',#2362,#2361,#473,.T.);
#1913=EDGE_CURVE('',#2363,#2362,#196,.T.);
#1914=EDGE_CURVE('',#2363,#2364,#474,.T.);
#1915=EDGE_CURVE('',#2365,#2364,#197,.T.);
#1916=EDGE_CURVE('',#2365,#2350,#475,.T.);
#1917=EDGE_CURVE('',#2349,#2366,#476,.F.);
#1918=EDGE_CURVE('',#2366,#2336,#198,.T.);
#1919=EDGE_CURVE('',#2335,#2367,#477,.T.);
#1920=EDGE_CURVE('',#2367,#2368,#478,.T.);
#1921=EDGE_CURVE('',#2368,#2369,#199,.F.);
#1922=EDGE_CURVE('',#2369,#2370,#479,.T.);
#1923=EDGE_CURVE('',#2370,#2371,#480,.T.);
#1924=EDGE_CURVE('',#2371,#2372,#481,.T.);
#1925=EDGE_CURVE('',#2372,#2373,#2497,.T.);
#1926=EDGE_CURVE('',#2374,#2373,#482,.T.);
#1927=EDGE_CURVE('',#2328,#2374,#483,.T.);
#1928=EDGE_CURVE('',#2375,#2376,#484,.T.);
#1929=EDGE_CURVE('',#2376,#2377,#485,.F.);
#1930=EDGE_CURVE('',#2377,#2378,#486,.F.);
#1931=EDGE_CURVE('',#2378,#2375,#487,.F.);
#1932=EDGE_CURVE('',#2355,#2360,#488,.T.);
#1933=EDGE_CURVE('',#2357,#2379,#489,.T.);
#1934=EDGE_CURVE('',#2379,#2380,#490,.F.);
#1935=EDGE_CURVE('',#2380,#2230,#491,.T.);
#1936=EDGE_CURVE('',#2381,#2382,#200,.F.);
#1937=EDGE_CURVE('',#2383,#2382,#57,.T.);
#1938=EDGE_CURVE('',#2384,#2383,#201,.T.);
#1939=EDGE_CURVE('',#2381,#2384,#58,.T.);
#1940=EDGE_CURVE('',#2385,#2386,#202,.T.);
#1941=EDGE_CURVE('',#2382,#2386,#492,.T.);
#1942=EDGE_CURVE('',#2385,#2381,#493,.F.);
#1943=EDGE_CURVE('',#2387,#2382,#494,.F.);
#1944=EDGE_CURVE('',#2386,#2388,#495,.F.);
#1945=EDGE_CURVE('',#2388,#2387,#496,.T.);
#1946=EDGE_CURVE('',#2389,#2390,#203,.F.);
#1947=EDGE_CURVE('',#2386,#2390,#59,.T.);
#1948=EDGE_CURVE('',#2389,#2385,#60,.T.);
#1949=EDGE_CURVE('',#2391,#2392,#204,.F.);
#1950=EDGE_CURVE('',#2391,#2388,#205,.F.);
#1951=EDGE_CURVE('',#2392,#2388,#206,.T.);
#1952=EDGE_CURVE('',#2393,#2391,#497,.F.);
#1953=EDGE_CURVE('',#2393,#2387,#207,.F.);
#1954=EDGE_CURVE('',#2394,#2393,#208,.T.);
#1955=EDGE_CURVE('',#2394,#2387,#209,.F.);
#1956=EDGE_CURVE('',#2383,#2394,#498,.T.);
#1957=EDGE_CURVE('',#2395,#2383,#499,.T.);
#1958=EDGE_CURVE('',#2395,#2396,#2498,.T.);
#1959=EDGE_CURVE('',#2384,#2396,#500,.F.);
#1960=EDGE_CURVE('',#2396,#2397,#501,.T.);
#1961=EDGE_CURVE('',#2397,#2389,#502,.F.);
#1962=EDGE_CURVE('',#2397,#2398,#2499,.T.);
#1963=EDGE_CURVE('',#2390,#2398,#503,.T.);
#1964=EDGE_CURVE('',#2392,#2390,#504,.T.);
#1965=EDGE_CURVE('',#2391,#2399,#505,.F.);
#1966=EDGE_CURVE('',#2400,#2392,#506,.T.);
#1967=EDGE_CURVE('',#2399,#2400,#210,.T.);
#1968=EDGE_CURVE('',#2401,#2393,#507,.T.);
#1969=EDGE_CURVE('',#2399,#2401,#508,.T.);
#1970=EDGE_CURVE('',#2394,#2402,#509,.F.);
#1971=EDGE_CURVE('',#2402,#2401,#211,.T.);
#1972=EDGE_CURVE('',#2402,#2403,#510,.T.);
#1973=EDGE_CURVE('',#2403,#2404,#511,.T.);
#1974=EDGE_CURVE('',#2404,#2405,#512,.T.);
#1975=EDGE_CURVE('',#2405,#2395,#513,.T.);
#1976=EDGE_CURVE('',#2404,#2406,#212,.T.);
#1977=EDGE_CURVE('',#2407,#2403,#213,.T.);
#1978=EDGE_CURVE('',#2408,#2407,#514,.T.);
#1979=EDGE_CURVE('',#2408,#2406,#214,.T.);
#1980=EDGE_CURVE('',#2406,#2409,#515,.T.);
#1981=EDGE_CURVE('',#2409,#2396,#516,.T.);
#1982=EDGE_CURVE('',#2410,#2411,#517,.T.);
#1983=EDGE_CURVE('',#2412,#2410,#518,.F.);
#1984=EDGE_CURVE('',#2400,#2412,#519,.T.);
#1985=EDGE_CURVE('',#2411,#2398,#520,.T.);
#1986=EDGE_CURVE('',#2219,#2413,#2500,.T.);
#1987=EDGE_CURVE('',#2412,#2413,#521,.T.);
#1988=EDGE_CURVE('',#2410,#2414,#215,.F.);
#1989=EDGE_CURVE('',#2414,#2415,#522,.T.);
#1990=EDGE_CURVE('',#2227,#2415,#2501,.T.);
#1991=EDGE_CURVE('',#2371,#2416,#523,.T.);
#1992=EDGE_CURVE('',#2371,#2417,#216,.T.);
#1993=EDGE_CURVE('',#2417,#2416,#524,.T.);
#1994=EDGE_CURVE('',#2370,#2418,#525,.T.);
#1995=EDGE_CURVE('',#2418,#2419,#526,.T.);
#1996=EDGE_CURVE('',#2419,#2370,#217,.F.);
#1997=EDGE_CURVE('',#2416,#2418,#527,.T.);
#1998=EDGE_CURVE('',#2419,#2417,#528,.T.);
#1999=EDGE_CURVE('',#2224,#2420,#2502,.T.);
#2000=EDGE_CURVE('',#2420,#2413,#529,.T.);
#2001=EDGE_CURVE('',#2420,#2421,#530,.F.);
#2002=EDGE_CURVE('',#2421,#2402,#531,.T.);
#2003=EDGE_CURVE('',#2351,#2422,#532,.T.);
#2004=EDGE_CURVE('',#2422,#2423,#533,.T.);
#2005=EDGE_CURVE('',#2424,#2423,#534,.T.);
#2006=EDGE_CURVE('',#2351,#2424,#535,.T.);
#2007=EDGE_CURVE('',#2407,#2425,#536,.F.);
#2008=EDGE_CURVE('',#2421,#2425,#218,.T.);
#2009=EDGE_CURVE('',#2230,#2426,#537,.T.);
#2010=EDGE_CURVE('',#2427,#2426,#538,.T.);
#2011=EDGE_CURVE('',#2427,#2428,#2503,.T.);
#2012=EDGE_CURVE('',#2231,#2428,#539,.T.);
#2013=EDGE_CURVE('',#2408,#2365,#540,.F.);
#2014=EDGE_CURVE('',#2406,#2364,#2504,.T.);
#2015=EDGE_CURVE('',#2363,#2429,#541,.T.);
#2016=EDGE_CURVE('',#2397,#2429,#542,.F.);
#2017=EDGE_CURVE('',#2362,#2414,#543,.T.);
#2018=EDGE_CURVE('',#2361,#2415,#544,.T.);
#2019=EDGE_CURVE('',#2373,#2430,#2505,.T.);
#2020=EDGE_CURVE('',#2430,#2427,#2506,.T.);
#2021=EDGE_CURVE('',#2426,#2431,#545,.T.);
#2022=EDGE_CURVE('',#2431,#2432,#546,.T.);
#2023=EDGE_CURVE('',#2432,#2374,#547,.T.);
#2024=EDGE_CURVE('',#2433,#2372,#2507,.T.);
#2025=EDGE_CURVE('',#2430,#2433,#2508,.F.);
#2026=EDGE_CURVE('',#2434,#2369,#548,.T.);
#2027=EDGE_CURVE('',#2433,#2434,#549,.T.);
#2028=EDGE_CURVE('',#2435,#2368,#2509,.T.);
#2029=EDGE_CURVE('',#2434,#2435,#219,.T.);
#2030=EDGE_CURVE('',#2436,#2435,#2510,.T.);
#2031=EDGE_CURVE('',#2437,#2367,#550,.T.);
#2032=EDGE_CURVE('',#2437,#2438,#551,.T.);
#2033=EDGE_CURVE('',#2424,#2438,#552,.T.);
#2034=EDGE_CURVE('',#2423,#2436,#553,.T.);
#2035=EDGE_CURVE('',#2439,#2343,#61,.T.);
#2036=EDGE_CURVE('',#2353,#2343,#554,.F.);
#2037=EDGE_CURVE('',#2353,#2440,#62,.F.);
#2038=EDGE_CURVE('',#2439,#2440,#555,.T.);
#2039=EDGE_CURVE('',#2441,#2442,#556,.T.);
#2040=EDGE_CURVE('',#2441,#2437,#63,.T.);
#2041=EDGE_CURVE('',#2344,#2437,#557,.F.);
#2042=EDGE_CURVE('',#2442,#2344,#64,.T.);
#2043=EDGE_CURVE('',#2438,#2443,#65,.F.);
#2044=EDGE_CURVE('',#2443,#2441,#558,.F.);
#2045=EDGE_CURVE('',#2438,#2352,#559,.F.);
#2046=EDGE_CURVE('',#2444,#2443,#560,.T.);
#2047=EDGE_CURVE('',#2352,#2444,#66,.F.);
#2048=EDGE_CURVE('',#2330,#2445,#67,.F.);
#2049=EDGE_CURVE('',#2446,#2445,#561,.T.);
#2050=EDGE_CURVE('',#2379,#2446,#68,.F.);
#2051=EDGE_CURVE('',#2330,#2379,#562,.F.);
#2052=EDGE_CURVE('',#2447,#2448,#563,.F.);
#2053=EDGE_CURVE('',#2447,#2431,#69,.T.);
#2054=EDGE_CURVE('',#2380,#2431,#564,.T.);
#2055=EDGE_CURVE('',#2380,#2448,#70,.F.);
#2056=EDGE_CURVE('',#2449,#2432,#71,.T.);
#2057=EDGE_CURVE('',#2449,#2447,#565,.F.);
#2058=EDGE_CURVE('',#2432,#2329,#566,.T.);
#2059=EDGE_CURVE('',#2450,#2449,#567,.F.);
#2060=EDGE_CURVE('',#2450,#2329,#72,.T.);
#2061=EDGE_CURVE('',#2433,#2451,#2511,.F.);
#2062=EDGE_CURVE('',#2434,#2452,#568,.T.);
#2063=EDGE_CURVE('',#2451,#2452,#569,.T.);
#2064=EDGE_CURVE('',#2453,#2451,#2512,.T.);
#2065=EDGE_CURVE('',#2453,#2454,#2513,.T.);
#2066=EDGE_CURVE('',#2454,#2428,#2514,.T.);
#2067=EDGE_CURVE('',#2454,#2232,#570,.F.);
#2068=EDGE_CURVE('',#2455,#2223,#2515,.T.);
#2069=EDGE_CURVE('',#2232,#2456,#73,.F.);
#2070=EDGE_CURVE('',#2455,#2456,#571,.T.);
#2071=EDGE_CURVE('',#2457,#2224,#2516,.F.);
#2072=EDGE_CURVE('',#2457,#2455,#2517,.T.);
#2073=EDGE_CURVE('',#2458,#2420,#2518,.T.);
#2074=EDGE_CURVE('',#2458,#2457,#2519,.T.);
#2075=EDGE_CURVE('',#2459,#2421,#220,.F.);
#2076=EDGE_CURVE('',#2459,#2458,#572,.T.);
#2077=EDGE_CURVE('',#2460,#2425,#2520,.T.);
#2078=EDGE_CURVE('',#2460,#2459,#221,.F.);
#2079=EDGE_CURVE('',#2461,#2460,#573,.T.);
#2080=EDGE_CURVE('',#2461,#2462,#74,.F.);
#2081=EDGE_CURVE('',#2425,#2462,#574,.F.);
#2082=EDGE_CURVE('',#2422,#2462,#575,.T.);
#2083=EDGE_CURVE('',#2462,#2463,#576,.F.);
#2084=EDGE_CURVE('',#2436,#2463,#2521,.T.);
#2085=EDGE_CURVE('',#2463,#2464,#2522,.T.);
#2086=EDGE_CURVE('',#2452,#2464,#222,.F.);
#2087=EDGE_CURVE('',#2440,#2444,#577,.T.);
#2088=EDGE_CURVE('',#2448,#2446,#578,.T.);
#2089=EDGE_CURVE('',#2445,#2450,#579,.T.);
#2090=EDGE_CURVE('',#2465,#2466,#580,.F.);
#2091=EDGE_CURVE('',#2466,#2467,#581,.F.);
#2092=EDGE_CURVE('',#2467,#2468,#223,.T.);
#2093=EDGE_CURVE('',#2468,#2469,#582,.F.);
#2094=EDGE_CURVE('',#2469,#2470,#224,.T.);
#2095=EDGE_CURVE('',#2470,#2465,#583,.F.);
#2096=EDGE_CURVE('',#2456,#2453,#584,.T.);
#2097=EDGE_CURVE('',#2464,#2461,#585,.T.);
#2098=EDGE_CURVE('',#2442,#2439,#586,.F.);
#2099=EDGE_CURVE('',#2471,#2472,#587,.F.);
#2100=EDGE_CURVE('',#2472,#2473,#588,.T.);
#2101=EDGE_CURVE('',#2473,#2474,#225,.T.);
#2102=EDGE_CURVE('',#2474,#2475,#589,.T.);
#2103=EDGE_CURVE('',#2475,#2476,#226,.T.);
#2104=EDGE_CURVE('',#2476,#2471,#590,.T.);
#2105=EDGE_CURVE('',#2342,#2345,#591,.T.);
#2106=EDGE_CURVE('',#2341,#2477,#227,.T.);
#2107=EDGE_CURVE('',#2477,#2346,#592,.F.);
#2108=EDGE_CURVE('',#2478,#2479,#593,.T.);
#2109=EDGE_CURVE('',#2478,#2297,#228,.F.);
#2110=EDGE_CURVE('',#2298,#2479,#229,.F.);
#2111=EDGE_CURVE('',#2480,#2481,#594,.T.);
#2112=EDGE_CURVE('',#2480,#2478,#595,.F.);
#2113=EDGE_CURVE('',#2479,#2481,#596,.T.);
#2114=EDGE_CURVE('',#2317,#2480,#230,.F.);
#2115=EDGE_CURVE('',#2481,#2318,#231,.F.);
#2116=EDGE_CURVE('',#2482,#2483,#597,.F.);
#2117=EDGE_CURVE('',#2483,#2484,#598,.F.);
#2118=EDGE_CURVE('',#2484,#2485,#599,.T.);
#2119=EDGE_CURVE('',#2485,#2482,#600,.T.);
#2120=EDGE_CURVE('',#2486,#2487,#601,.F.);
#2121=EDGE_CURVE('',#2487,#2488,#602,.F.);
#2122=EDGE_CURVE('',#2488,#2489,#603,.T.);
#2123=EDGE_CURVE('',#2489,#2486,#604,.T.);
#2124=EDGE_CURVE('',#2359,#2490,#75,.T.);
#2125=EDGE_CURVE('',#2490,#2491,#605,.T.);
#2126=EDGE_CURVE('',#2491,#2354,#76,.T.);
#2127=EDGE_CURVE('',#2465,#2251,#232,.T.);
#2128=EDGE_CURVE('',#2249,#2466,#233,.T.);
#2129=EDGE_CURVE('',#2348,#2265,#77,.T.);
#2130=EDGE_CURVE('',#2266,#2347,#78,.F.);
#2131=EDGE_CURVE('',#2315,#2250,#234,.T.);
#2132=EDGE_CURVE('',#2276,#2316,#235,.T.);
#2133=EDGE_CURVE('',#2471,#2275,#236,.T.);
#2134=EDGE_CURVE('',#2366,#2274,#79,.T.);
#2135=EDGE_CURVE('',#2264,#2490,#80,.F.);
#2136=EDGE_CURVE('',#2255,#2358,#81,.F.);
#2137=EDGE_CURVE('',#2254,#2472,#237,.T.);
#2138=EDGE_CURVE('',#2267,#2477,#82,.F.);
#2139=EDGE_CURVE('',#2337,#2273,#238,.T.);
#2140=EDGE_CURVE('',#2299,#2253,#239,.T.);
#2141=EDGE_CURVE('',#2252,#2300,#240,.T.);
#2142=EDGE_CURVE('',#2294,#2280,#2523,.T.);
#2143=EDGE_CURVE('',#2281,#2338,#241,.T.);
#2144=EDGE_CURVE('',#2491,#2263,#83,.T.);
#2145=EDGE_CURVE('',#2339,#2292,#242,.T.);
#2146=EDGE_CURVE('',#2285,#2293,#2524,.F.);
#2147=EDGE_CURVE('',#2268,#2340,#243,.T.);
#2148=EDGE_CURVE('',#2281,#2273,#84,.T.);
#2149=EDGE_CURVE('',#2295,#2279,#2525,.T.);
#2150=EDGE_CURVE('',#2356,#2262,#85,.T.);
#2151=EDGE_CURVE('',#2286,#2296,#2526,.F.);
#2152=EDGE_CURVE('',#2268,#2292,#86,.T.);
#2153=EDGE_CURVE('',#2282,#2272,#244,.T.);
#2154=EDGE_CURVE('',#2326,#2278,#245,.T.);
#2155=EDGE_CURVE('',#2256,#2325,#246,.T.);
#2156=EDGE_CURVE('',#2333,#2261,#247,.T.);
#2157=EDGE_CURVE('',#2287,#2334,#248,.T.);
#2158=EDGE_CURVE('',#2269,#2291,#249,.T.);
#2159=EDGE_CURVE('',#2271,#2484,#250,.T.);
#2160=EDGE_CURVE('',#2485,#2270,#251,.T.);
#2161=EDGE_CURVE('',#2282,#2484,#252,.F.);
#2162=EDGE_CURVE('',#2256,#2278,#87,.F.);
#2163=EDGE_CURVE('',#2287,#2261,#88,.F.);
#2164=EDGE_CURVE('',#2485,#2291,#253,.F.);
#2165=EDGE_CURVE('',#2283,#2483,#254,.F.);
#2166=EDGE_CURVE('',#2257,#2277,#255,.T.);
#2167=EDGE_CURVE('',#2259,#2486,#256,.T.);
#2168=EDGE_CURVE('',#2487,#2258,#257,.T.);
#2169=EDGE_CURVE('',#2288,#2260,#258,.T.);
#2170=EDGE_CURVE('',#2482,#2290,#259,.F.);
#2171=EDGE_CURVE('',#2237,#2482,#260,.T.);
#2172=EDGE_CURVE('',#2483,#2236,#261,.T.);
#2173=EDGE_CURVE('',#2283,#2235,#262,.F.);
#2174=EDGE_CURVE('',#2487,#2277,#263,.F.);
#2175=EDGE_CURVE('',#2288,#2486,#264,.F.);
#2176=EDGE_CURVE('',#2238,#2290,#265,.F.);
#2177=EDGE_CURVE('',#2284,#2233,#266,.T.);
#2178=EDGE_CURVE('',#2488,#2284,#267,.F.);
#2179=EDGE_CURVE('',#2289,#2489,#268,.F.);
#2180=EDGE_CURVE('',#2239,#2289,#269,.T.);
#2181=EDGE_CURVE('',#2488,#2234,#270,.F.);
#2182=EDGE_CURVE('',#2240,#2489,#271,.F.);
#2183=EDGE_CURVE('',#2301,#2247,#272,.T.);
#2184=EDGE_CURVE('',#2246,#2302,#273,.T.);
#2185=EDGE_CURVE('',#2305,#2242,#274,.T.);
#2186=EDGE_CURVE('',#2248,#2306,#275,.T.);
#2187=EDGE_CURVE('',#2321,#2245,#276,.T.);
#2188=EDGE_CURVE('',#2244,#2322,#277,.T.);
#2189=EDGE_CURVE('',#2313,#2243,#278,.T.);
#2190=EDGE_CURVE('',#2241,#2314,#279,.T.);
#2191=EDGE_CURVE('',#2303,#2376,#280,.F.);
#2192=EDGE_CURVE('',#2375,#2304,#281,.F.);
#2193=EDGE_CURVE('',#2377,#2312,#282,.F.);
#2194=EDGE_CURVE('',#2311,#2378,#283,.F.);
#2195=EDGE_CURVE('',#2300,#2465,#284,.T.);
#2196=EDGE_CURVE('',#2298,#2470,#285,.T.);
#2197=EDGE_CURVE('',#2479,#2469,#286,.T.);
#2198=EDGE_CURVE('',#2481,#2468,#287,.T.);
#2199=EDGE_CURVE('',#2318,#2467,#288,.T.);
#2200=EDGE_CURVE('',#2315,#2466,#289,.F.);
#2201=EDGE_CURVE('',#2472,#2299,#290,.T.);
#2202=EDGE_CURVE('',#2473,#2297,#291,.T.);
#2203=EDGE_CURVE('',#2474,#2478,#292,.T.);
#2204=EDGE_CURVE('',#2475,#2480,#293,.T.);
#2205=EDGE_CURVE('',#2476,#2317,#294,.T.);
#2206=EDGE_CURVE('',#2471,#2316,#295,.F.);
#2207=EDGE_CURVE('',#2306,#2301,#296,.F.);
#2208=EDGE_CURVE('',#2307,#2304,#297,.T.);
#2209=EDGE_CURVE('',#2308,#2375,#298,.T.);
#2210=EDGE_CURVE('',#2309,#2378,#299,.T.);
#2211=EDGE_CURVE('',#2310,#2311,#300,.T.);
#2212=EDGE_CURVE('',#2305,#2314,#301,.T.);
#2213=EDGE_CURVE('',#2302,#2321,#302,.F.);
#2214=EDGE_CURVE('',#2303,#2320,#303,.T.);
#2215=EDGE_CURVE('',#2376,#2319,#304,.T.);
#2216=EDGE_CURVE('',#2377,#2324,#305,.T.);
#2217=EDGE_CURVE('',#2312,#2323,#306,.T.);
#2218=EDGE_CURVE('',#2313,#2322,#307,.T.);
#2219=VERTEX_POINT('',#4381);
#2220=VERTEX_POINT('',#4382);
#2221=VERTEX_POINT('',#4384);
#2222=VERTEX_POINT('',#4386);
#2223=VERTEX_POINT('',#4388);
#2224=VERTEX_POINT('',#4393);
#2225=VERTEX_POINT('',#4404);
#2226=VERTEX_POINT('',#4405);
#2227=VERTEX_POINT('',#4420);
#2228=VERTEX_POINT('',#4422);
#2229=VERTEX_POINT('',#4440);
#2230=VERTEX_POINT('',#4442);
#2231=VERTEX_POINT('',#4444);
#2232=VERTEX_POINT('',#4446);
#2233=VERTEX_POINT('',#4450);
#2234=VERTEX_POINT('',#4451);
#2235=VERTEX_POINT('',#4453);
#2236=VERTEX_POINT('',#4455);
#2237=VERTEX_POINT('',#4457);
#2238=VERTEX_POINT('',#4459);
#2239=VERTEX_POINT('',#4461);
#2240=VERTEX_POINT('',#4463);
#2241=VERTEX_POINT('',#4466);
#2242=VERTEX_POINT('',#4467);
#2243=VERTEX_POINT('',#4469);
#2244=VERTEX_POINT('',#4471);
#2245=VERTEX_POINT('',#4473);
#2246=VERTEX_POINT('',#4475);
#2247=VERTEX_POINT('',#4477);
#2248=VERTEX_POINT('',#4479);
#2249=VERTEX_POINT('',#4483);
#2250=VERTEX_POINT('',#4484);
#2251=VERTEX_POINT('',#4486);
#2252=VERTEX_POINT('',#4488);
#2253=VERTEX_POINT('',#4490);
#2254=VERTEX_POINT('',#4492);
#2255=VERTEX_POINT('',#4494);
#2256=VERTEX_POINT('',#4496);
#2257=VERTEX_POINT('',#4498);
#2258=VERTEX_POINT('',#4500);
#2259=VERTEX_POINT('',#4502);
#2260=VERTEX_POINT('',#4504);
#2261=VERTEX_POINT('',#4506);
#2262=VERTEX_POINT('',#4508);
#2263=VERTEX_POINT('',#4510);
#2264=VERTEX_POINT('',#4512);
#2265=VERTEX_POINT('',#4514);
#2266=VERTEX_POINT('',#4516);
#2267=VERTEX_POINT('',#4518);
#2268=VERTEX_POINT('',#4520);
#2269=VERTEX_POINT('',#4522);
#2270=VERTEX_POINT('',#4524);
#2271=VERTEX_POINT('',#4526);
#2272=VERTEX_POINT('',#4528);
#2273=VERTEX_POINT('',#4530);
#2274=VERTEX_POINT('',#4532);
#2275=VERTEX_POINT('',#4534);
#2276=VERTEX_POINT('',#4536);
#2277=VERTEX_POINT('',#4540);
#2278=VERTEX_POINT('',#4541);
#2279=VERTEX_POINT('',#4543);
#2280=VERTEX_POINT('',#4545);
#2281=VERTEX_POINT('',#4547);
#2282=VERTEX_POINT('',#4549);
#2283=VERTEX_POINT('',#4551);
#2284=VERTEX_POINT('',#4553);
#2285=VERTEX_POINT('',#4557);
#2286=VERTEX_POINT('',#4558);
#2287=VERTEX_POINT('',#4560);
#2288=VERTEX_POINT('',#4562);
#2289=VERTEX_POINT('',#4564);
#2290=VERTEX_POINT('',#4566);
#2291=VERTEX_POINT('',#4568);
#2292=VERTEX_POINT('',#4570);
#2293=VERTEX_POINT('',#4574);
#2294=VERTEX_POINT('',#4575);
#2295=VERTEX_POINT('',#4577);
#2296=VERTEX_POINT('',#4579);
#2297=VERTEX_POINT('',#4583);
#2298=VERTEX_POINT('',#4584);
#2299=VERTEX_POINT('',#4586);
#2300=VERTEX_POINT('',#4588);
#2301=VERTEX_POINT('',#4592);
#2302=VERTEX_POINT('',#4593);
#2303=VERTEX_POINT('',#4595);
#2304=VERTEX_POINT('',#4597);
#2305=VERTEX_POINT('',#4601);
#2306=VERTEX_POINT('',#4602);
#2307=VERTEX_POINT('',#4604);
#2308=VERTEX_POINT('',#4606);
#2309=VERTEX_POINT('',#4608);
#2310=VERTEX_POINT('',#4610);
#2311=VERTEX_POINT('',#4614);
#2312=VERTEX_POINT('',#4615);
#2313=VERTEX_POINT('',#4617);
#2314=VERTEX_POINT('',#4619);
#2315=VERTEX_POINT('',#4623);
#2316=VERTEX_POINT('',#4624);
#2317=VERTEX_POINT('',#4626);
#2318=VERTEX_POINT('',#4628);
#2319=VERTEX_POINT('',#4632);
#2320=VERTEX_POINT('',#4633);
#2321=VERTEX_POINT('',#4635);
#2322=VERTEX_POINT('',#4637);
#2323=VERTEX_POINT('',#4639);
#2324=VERTEX_POINT('',#4641);
#2325=VERTEX_POINT('',#4645);
#2326=VERTEX_POINT('',#4646);
#2327=VERTEX_POINT('',#4648);
#2328=VERTEX_POINT('',#4650);
#2329=VERTEX_POINT('',#4652);
#2330=VERTEX_POINT('',#4654);
#2331=VERTEX_POINT('',#4656);
#2332=VERTEX_POINT('',#4658);
#2333=VERTEX_POINT('',#4660);
#2334=VERTEX_POINT('',#4662);
#2335=VERTEX_POINT('',#4667);
#2336=VERTEX_POINT('',#4668);
#2337=VERTEX_POINT('',#4670);
#2338=VERTEX_POINT('',#4672);
#2339=VERTEX_POINT('',#4675);
#2340=VERTEX_POINT('',#4677);
#2341=VERTEX_POINT('',#4679);
#2342=VERTEX_POINT('',#4681);
#2343=VERTEX_POINT('',#4683);
#2344=VERTEX_POINT('',#4685);
#2345=VERTEX_POINT('',#4689);
#2346=VERTEX_POINT('',#4690);
#2347=VERTEX_POINT('',#4692);
#2348=VERTEX_POINT('',#4694);
#2349=VERTEX_POINT('',#4696);
#2350=VERTEX_POINT('',#4698);
#2351=VERTEX_POINT('',#4700);
#2352=VERTEX_POINT('',#4702);
#2353=VERTEX_POINT('',#4704);
#2354=VERTEX_POINT('',#4708);
#2355=VERTEX_POINT('',#4709);
#2356=VERTEX_POINT('',#4711);
#2357=VERTEX_POINT('',#4714);
#2358=VERTEX_POINT('',#4718);
#2359=VERTEX_POINT('',#4720);
#2360=VERTEX_POINT('',#4722);
#2361=VERTEX_POINT('',#4731);
#2362=VERTEX_POINT('',#4733);
#2363=VERTEX_POINT('',#4735);
#2364=VERTEX_POINT('',#4737);
#2365=VERTEX_POINT('',#4739);
#2366=VERTEX_POINT('',#4742);
#2367=VERTEX_POINT('',#4745);
#2368=VERTEX_POINT('',#4747);
#2369=VERTEX_POINT('',#4749);
#2370=VERTEX_POINT('',#4751);
#2371=VERTEX_POINT('',#4753);
#2372=VERTEX_POINT('',#4755);
#2373=VERTEX_POINT('',#4778);
#2374=VERTEX_POINT('',#4780);
#2375=VERTEX_POINT('',#4784);
#2376=VERTEX_POINT('',#4785);
#2377=VERTEX_POINT('',#4787);
#2378=VERTEX_POINT('',#4789);
#2379=VERTEX_POINT('',#4794);
#2380=VERTEX_POINT('',#4796);
#2381=VERTEX_POINT('',#4811);
#2382=VERTEX_POINT('',#4812);
#2383=VERTEX_POINT('',#4814);
#2384=VERTEX_POINT('',#4816);
#2385=VERTEX_POINT('',#4820);
#2386=VERTEX_POINT('',#4821);
#2387=VERTEX_POINT('',#4826);
#2388=VERTEX_POINT('',#4828);
#2389=VERTEX_POINT('',#4843);
#2390=VERTEX_POINT('',#4844);
#2391=VERTEX_POINT('',#4849);
#2392=VERTEX_POINT('',#4850);
#2393=VERTEX_POINT('',#4855);
#2394=VERTEX_POINT('',#4859);
#2395=VERTEX_POINT('',#4865);
#2396=VERTEX_POINT('',#4870);
#2397=VERTEX_POINT('',#4874);
#2398=VERTEX_POINT('',#4881);
#2399=VERTEX_POINT('',#4887);
#2400=VERTEX_POINT('',#4889);
#2401=VERTEX_POINT('',#4893);
#2402=VERTEX_POINT('',#4897);
#2403=VERTEX_POINT('',#4901);
#2404=VERTEX_POINT('',#4903);
#2405=VERTEX_POINT('',#4905);
#2406=VERTEX_POINT('',#4909);
#2407=VERTEX_POINT('',#4911);
#2408=VERTEX_POINT('',#4913);
#2409=VERTEX_POINT('',#4917);
#2410=VERTEX_POINT('',#4921);
#2411=VERTEX_POINT('',#4922);
#2412=VERTEX_POINT('',#4924);
#2413=VERTEX_POINT('',#4933);
#2414=VERTEX_POINT('',#4936);
#2415=VERTEX_POINT('',#4938);
#2416=VERTEX_POINT('',#4948);
#2417=VERTEX_POINT('',#4950);
#2418=VERTEX_POINT('',#4954);
#2419=VERTEX_POINT('',#4956);
#2420=VERTEX_POINT('',#4982);
#2421=VERTEX_POINT('',#4986);
#2422=VERTEX_POINT('',#4990);
#2423=VERTEX_POINT('',#4992);
#2424=VERTEX_POINT('',#4994);
#2425=VERTEX_POINT('',#4998);
#2426=VERTEX_POINT('',#5002);
#2427=VERTEX_POINT('',#5004);
#2428=VERTEX_POINT('',#5009);
#2429=VERTEX_POINT('',#5019);
#2430=VERTEX_POINT('',#5038);
#2431=VERTEX_POINT('',#5044);
#2432=VERTEX_POINT('',#5046);
#2433=VERTEX_POINT('',#5092);
#2434=VERTEX_POINT('',#5107);
#2435=VERTEX_POINT('',#5114);
#2436=VERTEX_POINT('',#5121);
#2437=VERTEX_POINT('',#5123);
#2438=VERTEX_POINT('',#5125);
#2439=VERTEX_POINT('',#5130);
#2440=VERTEX_POINT('',#5133);
#2441=VERTEX_POINT('',#5137);
#2442=VERTEX_POINT('',#5138);
#2443=VERTEX_POINT('',#5144);
#2444=VERTEX_POINT('',#5149);
#2445=VERTEX_POINT('',#5153);
#2446=VERTEX_POINT('',#5155);
#2447=VERTEX_POINT('',#5160);
#2448=VERTEX_POINT('',#5161);
#2449=VERTEX_POINT('',#5167);
#2450=VERTEX_POINT('',#5172);
#2451=VERTEX_POINT('',#5179);
#2452=VERTEX_POINT('',#5181);
#2453=VERTEX_POINT('',#5249);
#2454=VERTEX_POINT('',#5257);
#2455=VERTEX_POINT('',#5269);
#2456=VERTEX_POINT('',#5271);
#2457=VERTEX_POINT('',#5292);
#2458=VERTEX_POINT('',#5322);
#2459=VERTEX_POINT('',#5330);
#2460=VERTEX_POINT('',#5337);
#2461=VERTEX_POINT('',#5341);
#2462=VERTEX_POINT('',#5343);
#2463=VERTEX_POINT('',#5348);
#2464=VERTEX_POINT('',#5363);
#2465=VERTEX_POINT('',#5378);
#2466=VERTEX_POINT('',#5379);
#2467=VERTEX_POINT('',#5381);
#2468=VERTEX_POINT('',#5383);
#2469=VERTEX_POINT('',#5385);
#2470=VERTEX_POINT('',#5387);
#2471=VERTEX_POINT('',#5394);
#2472=VERTEX_POINT('',#5395);
#2473=VERTEX_POINT('',#5397);
#2474=VERTEX_POINT('',#5399);
#2475=VERTEX_POINT('',#5401);
#2476=VERTEX_POINT('',#5403);
#2477=VERTEX_POINT('',#5411);
#2478=VERTEX_POINT('',#5415);
#2479=VERTEX_POINT('',#5416);
#2480=VERTEX_POINT('',#5421);
#2481=VERTEX_POINT('',#5422);
#2482=VERTEX_POINT('',#5430);
#2483=VERTEX_POINT('',#5431);
#2484=VERTEX_POINT('',#5433);
#2485=VERTEX_POINT('',#5435);
#2486=VERTEX_POINT('',#5439);
#2487=VERTEX_POINT('',#5440);
#2488=VERTEX_POINT('',#5442);
#2489=VERTEX_POINT('',#5444);
#2490=VERTEX_POINT('',#5448);
#2491=VERTEX_POINT('',#5450);
#2492=B_SPLINE_CURVE_WITH_KNOTS('',3,(#4376,#4377,#4378,#4379,#4380),
 .UNSPECIFIED.,.F.,.F.,(4,1,4),(1.8702487475375E-18,0.00236888726735463,
0.00473777453470926),.UNSPECIFIED.);
#2493=B_SPLINE_CURVE_WITH_KNOTS('',3,(#4389,#4390,#4391,#4392),
 .UNSPECIFIED.,.F.,.F.,(4,4),(0.,0.00474675236763849),.UNSPECIFIED.);
#2494=B_SPLINE_CURVE_WITH_KNOTS('',3,(#4406,#4407,#4408,#4409,#4410,#4411,
#4412,#4413,#4414,#4415,#4416,#4417,#4418,#4419),.UNSPECIFIED.,.F.,.F.,
(4,1,1,1,1,1,1,1,3,4),(0.524675190456686,0.660742389277133,0.796849742850555,
0.864903419637266,0.932957096423978,0.966983934817333,0.983997354014011,
1.00101077321069,1.0690644499974,1.06962352186695),.UNSPECIFIED.);
#2495=B_SPLINE_CURVE_WITH_KNOTS('',3,(#4423,#4424,#4425,#4426,#4427,#4428,
#4429,#4430,#4431,#4432,#4433,#4434,#4435,#4436),.UNSPECIFIED.,.F.,.F.,
(4,1,1,1,1,1,1,1,3,4),(0.524675190456686,0.660742389277133,0.796849742850555,
0.864903419637266,0.932957096423978,0.966983934817333,0.983997354014011,
1.00101077321069,1.0690644499974,1.06962352186695),.UNSPECIFIED.);
#2496=B_SPLINE_CURVE_WITH_KNOTS('',3,(#4724,#4725,#4726,#4727,#4728,#4729,
#4730),.UNSPECIFIED.,.F.,.F.,(4,3,4),(3.53772806669191E-5,1.,1.00205150508968),
 .PIECEWISE_BEZIER_KNOTS.);
#2497=B_SPLINE_CURVE_WITH_KNOTS('',3,(#4756,#4757,#4758,#4759,#4760,#4761,
#4762,#4763,#4764,#4765,#4766,#4767,#4768,#4769,#4770,#4771,#4772,#4773,
#4774,#4775,#4776,#4777),.UNSPECIFIED.,.F.,.F.,(4,1,1,1,1,1,1,1,1,1,1,1,
1,1,1,1,1,1,1,4),(0.,0.125,0.1875,0.21875,0.25,0.28125,0.3125,0.375,0.4375,
0.46875,0.484375,0.5,0.515625,0.53125,0.5625,0.625,0.6875,0.75,0.875,1.),
 .UNSPECIFIED.);
#2498=B_SPLINE_CURVE_WITH_KNOTS('',3,(#4866,#4867,#4868,#4869),
 .UNSPECIFIED.,.F.,.F.,(4,4),(-8.78382185903936E-5,8.86996232350389E-5),
 .UNSPECIFIED.);
#2499=B_SPLINE_CURVE_WITH_KNOTS('',3,(#4877,#4878,#4879,#4880),
 .UNSPECIFIED.,.F.,.F.,(4,4),(-9.51641520674537E-5,8.01675270327093E-5),
 .UNSPECIFIED.);
#2500=B_SPLINE_CURVE_WITH_KNOTS('',3,(#4928,#4929,#4930,#4931,#4932),
 .UNSPECIFIED.,.F.,.F.,(4,1,4),(0.,0.00507181655644436,0.0101436331128887),
 .UNSPECIFIED.);
#2501=B_SPLINE_CURVE_WITH_KNOTS('',3,(#4939,#4940,#4941,#4942,#4943,#4944,
#4945),.UNSPECIFIED.,.F.,.F.,(4,3,4),(3.53772806669191E-5,1.,1.00205150508968),
 .PIECEWISE_BEZIER_KNOTS.);
#2502=B_SPLINE_CURVE_WITH_KNOTS('',3,(#4977,#4978,#4979,#4980,#4981),
 .UNSPECIFIED.,.F.,.F.,(4,1,4),(0.,0.00506373972585938,0.0101274794517188),
 .UNSPECIFIED.);
#2503=B_SPLINE_CURVE_WITH_KNOTS('',3,(#5005,#5006,#5007,#5008),
 .UNSPECIFIED.,.F.,.F.,(4,4),(0.0085009579552987,0.010417040044232),
 .UNSPECIFIED.);
#2504=B_SPLINE_CURVE_WITH_KNOTS('',3,(#5013,#5014,#5015,#5016),
 .UNSPECIFIED.,.F.,.F.,(4,4),(5.85625573181435E-15,1.),.UNSPECIFIED.);
#2505=B_SPLINE_CURVE_WITH_KNOTS('',3,(#5034,#5035,#5036,#5037),
 .UNSPECIFIED.,.F.,.F.,(4,4),(0.,0.0020842989522082),.UNSPECIFIED.);
#2506=B_SPLINE_CURVE_WITH_KNOTS('',3,(#5039,#5040,#5041,#5042),
 .UNSPECIFIED.,.F.,.F.,(4,4),(0.340928823437529,0.600068572535229),
 .UNSPECIFIED.);
#2507=B_SPLINE_CURVE_WITH_KNOTS('',3,(#5088,#5089,#5090,#5091),
 .UNSPECIFIED.,.F.,.F.,(4,4),(0.,0.999935948061742),.UNSPECIFIED.);
#2508=B_SPLINE_CURVE_WITH_KNOTS('',3,(#5093,#5094,#5095,#5096,#5097,#5098,
#5099,#5100,#5101,#5102,#5103),.UNSPECIFIED.,.F.,.F.,(4,1,1,1,1,1,1,1,4),
(1.46161800508815E-5,0.250010962135038,0.500007308090025,0.625005481067519,
0.750003654045013,0.875001827022506,0.937500913511253,0.968750456755627,
1.),.UNSPECIFIED.);
#2509=B_SPLINE_CURVE_WITH_KNOTS('',3,(#5110,#5111,#5112,#5113),
 .UNSPECIFIED.,.F.,.F.,(4,4),(4.33680868994202E-19,0.00207921018360144),
 .UNSPECIFIED.);
#2510=B_SPLINE_CURVE_WITH_KNOTS('',3,(#5117,#5118,#5119,#5120),
 .UNSPECIFIED.,.F.,.F.,(4,4),(0.00130283748645631,0.00280386184656824),
 .UNSPECIFIED.);
#2511=B_SPLINE_CURVE_WITH_KNOTS('',3,(#5175,#5176,#5177,#5178),
 .UNSPECIFIED.,.F.,.F.,(4,4),(0.133325535120143,0.658487938709058),
 .UNSPECIFIED.);
#2512=B_SPLINE_CURVE_WITH_KNOTS('',3,(#5243,#5244,#5245,#5246,#5247,#5248),
 .UNSPECIFIED.,.F.,.F.,(4,1,1,4),(0.0344198535440952,0.0380318379765034,
0.0416438224089116,0.0488677912737281),.UNSPECIFIED.);
#2513=B_SPLINE_CURVE_WITH_KNOTS('',3,(#5250,#5251,#5252,#5253,#5254,#5255,
#5256),.UNSPECIFIED.,.F.,.F.,(4,1,1,1,4),(0.,0.000118273840249005,0.00023654768049801,
0.000354821520747014,0.000473095360996019),.UNSPECIFIED.);
#2514=B_SPLINE_CURVE_WITH_KNOTS('',3,(#5258,#5259,#5260,#5261),
 .UNSPECIFIED.,.F.,.F.,(4,4),(0.00771782735334923,0.00932762126479189),
 .UNSPECIFIED.);
#2515=B_SPLINE_CURVE_WITH_KNOTS('',3,(#5265,#5266,#5267,#5268),
 .UNSPECIFIED.,.F.,.F.,(4,4),(-2.85170073982981E-6,0.000359128442144784),
 .UNSPECIFIED.);
#2516=B_SPLINE_CURVE_WITH_KNOTS('',3,(#5288,#5289,#5290,#5291),
 .UNSPECIFIED.,.F.,.F.,(4,4),(0.000312414211735237,0.00062474441905894),
 .UNSPECIFIED.);
#2517=B_SPLINE_CURVE_WITH_KNOTS('',3,(#5293,#5294,#5295,#5296),
 .UNSPECIFIED.,.F.,.F.,(4,4),(0.,0.00466269195476631),.UNSPECIFIED.);
#2518=B_SPLINE_CURVE_WITH_KNOTS('',3,(#5318,#5319,#5320,#5321),
 .UNSPECIFIED.,.F.,.F.,(4,4),(-5.60410807193442E-6,0.000308159765070217),
 .UNSPECIFIED.);
#2519=B_SPLINE_CURVE_WITH_KNOTS('',3,(#5323,#5324,#5325,#5326,#5327),
 .UNSPECIFIED.,.F.,.F.,(4,1,4),(0.,0.00511018657292622,0.0102203731458524),
 .UNSPECIFIED.);
#2520=B_SPLINE_CURVE_WITH_KNOTS('',3,(#5333,#5334,#5335,#5336),
 .UNSPECIFIED.,.F.,.F.,(4,4),(-2.84107637903417E-6,0.000363429200483148),
 .UNSPECIFIED.);
#2521=B_SPLINE_CURVE_WITH_KNOTS('',3,(#5349,#5350,#5351,#5352),
 .UNSPECIFIED.,.F.,.F.,(4,4),(0.003787744863311,0.00569761065815108),
 .UNSPECIFIED.);
#2522=B_SPLINE_CURVE_WITH_KNOTS('',3,(#5354,#5355,#5356,#5357,#5358,#5359,
#5360,#5361,#5362),.UNSPECIFIED.,.F.,.F.,(4,1,1,1,1,1,4),(4.52776119935015E-18,
0.000187570351853232,0.000281355527779845,0.000375140703706459,0.000468925879633073,
0.000562711055559686,0.000750281407412914),.UNSPECIFIED.);
#2523=B_SPLINE_CURVE_WITH_KNOTS('',3,(#5475,#5476,#5477,#5478),
 .UNSPECIFIED.,.F.,.F.,(4,4),(0.,0.000335343234462707),.UNSPECIFIED.);
#2524=B_SPLINE_CURVE_WITH_KNOTS('',3,(#5484,#5485,#5486,#5487),
 .UNSPECIFIED.,.F.,.F.,(4,4),(0.,0.000335343234462711),.UNSPECIFIED.);
#2525=B_SPLINE_CURVE_WITH_KNOTS('',3,(#5507,#5508,#5509,#5510),
 .UNSPECIFIED.,.F.,.F.,(4,4),(0.,0.000333299294455093),.UNSPECIFIED.);
#2526=B_SPLINE_CURVE_WITH_KNOTS('',3,(#5514,#5515,#5516,#5517),
 .UNSPECIFIED.,.F.,.F.,(4,4),(0.,0.000333299294455095),.UNSPECIFIED.);
#2527=EDGE_LOOP('',(#851,#852,#853,#854,#855,#856));
#2528=EDGE_LOOP('',(#857,#858,#859,#860));
#2529=EDGE_LOOP('',(#861,#862,#863,#864,#865,#866,#867,#868,#869,#870));
#2530=EDGE_LOOP('',(#871,#872,#873,#874,#875,#876,#877,#878));
#2531=EDGE_LOOP('',(#879,#880,#881,#882,#883,#884,#885,#886));
#2532=EDGE_LOOP('',(#887,#888,#889,#890,#891,#892,#893,#894,#895,#896,#897,
#898,#899,#900,#901,#902,#903,#904,#905,#906,#907,#908,#909,#910,#911,#912,
#913,#914));
#2533=EDGE_LOOP('',(#915,#916,#917,#918,#919,#920,#921,#922));
#2534=EDGE_LOOP('',(#923,#924,#925,#926,#927,#928,#929,#930));
#2535=EDGE_LOOP('',(#931,#932,#933,#934));
#2536=EDGE_LOOP('',(#935,#936,#937,#938));
#2537=EDGE_LOOP('',(#939,#940,#941,#942));
#2538=EDGE_LOOP('',(#943,#944,#945,#946,#947,#948));
#2539=EDGE_LOOP('',(#949,#950,#951,#952));
#2540=EDGE_LOOP('',(#953,#954,#955,#956));
#2541=EDGE_LOOP('',(#957,#958,#959,#960,#961,#962));
#2542=EDGE_LOOP('',(#963,#964,#965,#966,#967,#968,#969,#970,#971,#972,#973,
#974));
#2543=EDGE_LOOP('',(#975,#976,#977,#978,#979,#980,#981,#982,#983,#984,#985,
#986));
#2544=EDGE_LOOP('',(#987,#988,#989,#990,#991,#992,#993,#994,#995));
#2545=EDGE_LOOP('',(#996,#997,#998,#999,#1000,#1001));
#2546=EDGE_LOOP('',(#1002,#1003,#1004,#1005,#1006,#1007,#1008,#1009,#1010,
#1011,#1012,#1013,#1014,#1015,#1016,#1017,#1018,#1019,#1020,#1021,#1022,
#1023,#1024,#1025,#1026,#1027));
#2547=EDGE_LOOP('',(#1028,#1029,#1030,#1031));
#2548=EDGE_LOOP('',(#1032,#1033,#1034,#1035,#1036,#1037,#1038));
#2549=EDGE_LOOP('',(#1039,#1040,#1041,#1042));
#2550=EDGE_LOOP('',(#1043,#1044,#1045,#1046));
#2551=EDGE_LOOP('',(#1047,#1048,#1049,#1050));
#2552=EDGE_LOOP('',(#1051,#1052,#1053,#1054));
#2553=EDGE_LOOP('',(#1055,#1056,#1057));
#2554=EDGE_LOOP('',(#1058,#1059,#1060,#1061));
#2555=EDGE_LOOP('',(#1062,#1063,#1064));
#2556=EDGE_LOOP('',(#1065,#1066,#1067,#1068));
#2557=EDGE_LOOP('',(#1069,#1070,#1071,#1072));
#2558=EDGE_LOOP('',(#1073,#1074,#1075,#1076,#1077,#1078));
#2559=EDGE_LOOP('',(#1079,#1080,#1081,#1082));
#2560=EDGE_LOOP('',(#1083,#1084,#1085,#1086));
#2561=EDGE_LOOP('',(#1087,#1088,#1089,#1090));
#2562=EDGE_LOOP('',(#1091,#1092,#1093,#1094));
#2563=EDGE_LOOP('',(#1095,#1096,#1097,#1098));
#2564=EDGE_LOOP('',(#1099,#1100,#1101,#1102,#1103,#1104,#1105));
#2565=EDGE_LOOP('',(#1106,#1107,#1108,#1109,#1110));
#2566=EDGE_LOOP('',(#1111,#1112,#1113,#1114,#1115,#1116));
#2567=EDGE_LOOP('',(#1117,#1118,#1119,#1120,#1121,#1122,#1123));
#2568=EDGE_LOOP('',(#1124,#1125,#1126,#1127,#1128,#1129,#1130,#1131,#1132));
#2569=EDGE_LOOP('',(#1133,#1134,#1135));
#2570=EDGE_LOOP('',(#1136,#1137,#1138));
#2571=EDGE_LOOP('',(#1139,#1140,#1141,#1142));
#2572=EDGE_LOOP('',(#1143,#1144,#1145,#1146));
#2573=EDGE_LOOP('',(#1147,#1148,#1149,#1150,#1151,#1152,#1153,#1154));
#2574=EDGE_LOOP('',(#1155,#1156,#1157,#1158));
#2575=EDGE_LOOP('',(#1159,#1160,#1161,#1162,#1163));
#2576=EDGE_LOOP('',(#1164,#1165,#1166,#1167,#1168));
#2577=EDGE_LOOP('',(#1169,#1170,#1171,#1172));
#2578=EDGE_LOOP('',(#1173,#1174,#1175,#1176,#1177,#1178,#1179));
#2579=EDGE_LOOP('',(#1180,#1181,#1182,#1183,#1184,#1185,#1186,#1187));
#2580=EDGE_LOOP('',(#1188,#1189,#1190,#1191));
#2581=EDGE_LOOP('',(#1192,#1193,#1194,#1195));
#2582=EDGE_LOOP('',(#1196,#1197,#1198,#1199,#1200,#1201,#1202));
#2583=EDGE_LOOP('',(#1203,#1204,#1205,#1206));
#2584=EDGE_LOOP('',(#1207,#1208,#1209,#1210));
#2585=EDGE_LOOP('',(#1211,#1212,#1213,#1214,#1215,#1216,#1217,#1218));
#2586=EDGE_LOOP('',(#1219,#1220,#1221,#1222));
#2587=EDGE_LOOP('',(#1223,#1224,#1225,#1226,#1227,#1228,#1229,#1230));
#2588=EDGE_LOOP('',(#1231,#1232,#1233,#1234));
#2589=EDGE_LOOP('',(#1235,#1236,#1237,#1238));
#2590=EDGE_LOOP('',(#1239,#1240,#1241,#1242));
#2591=EDGE_LOOP('',(#1243,#1244,#1245,#1246));
#2592=EDGE_LOOP('',(#1247,#1248,#1249,#1250));
#2593=EDGE_LOOP('',(#1251,#1252,#1253,#1254));
#2594=EDGE_LOOP('',(#1255,#1256,#1257,#1258));
#2595=EDGE_LOOP('',(#1259,#1260,#1261,#1262));
#2596=EDGE_LOOP('',(#1263,#1264,#1265,#1266));
#2597=EDGE_LOOP('',(#1267,#1268,#1269,#1270,#1271,#1272,#1273));
#2598=EDGE_LOOP('',(#1274,#1275,#1276,#1277));
#2599=EDGE_LOOP('',(#1278,#1279,#1280,#1281));
#2600=EDGE_LOOP('',(#1282,#1283,#1284,#1285));
#2601=EDGE_LOOP('',(#1286,#1287,#1288,#1289));
#2602=EDGE_LOOP('',(#1290,#1291,#1292,#1293));
#2603=EDGE_LOOP('',(#1294,#1295,#1296,#1297));
#2604=EDGE_LOOP('',(#1298,#1299,#1300,#1301));
#2605=EDGE_LOOP('',(#1302,#1303,#1304,#1305,#1306));
#2606=EDGE_LOOP('',(#1307,#1308,#1309,#1310,#1311,#1312));
#2607=EDGE_LOOP('',(#1313,#1314,#1315,#1316));
#2608=EDGE_LOOP('',(#1317,#1318,#1319,#1320));
#2609=EDGE_LOOP('',(#1321,#1322,#1323,#1324,#1325,#1326,#1327,#1328));
#2610=EDGE_LOOP('',(#1329,#1330,#1331,#1332));
#2611=EDGE_LOOP('',(#1333,#1334,#1335,#1336));
#2612=EDGE_LOOP('',(#1337,#1338,#1339,#1340));
#2613=EDGE_LOOP('',(#1341,#1342,#1343,#1344));
#2614=EDGE_LOOP('',(#1345,#1346,#1347,#1348));
#2615=EDGE_LOOP('',(#1349,#1350,#1351,#1352,#1353,#1354));
#2616=EDGE_LOOP('',(#1355,#1356,#1357,#1358,#1359,#1360,#1361,#1362,#1363,
#1364,#1365));
#2617=EDGE_LOOP('',(#1366,#1367,#1368,#1369,#1370,#1371));
#2618=EDGE_LOOP('',(#1372,#1373,#1374,#1375,#1376,#1377));
#2619=EDGE_LOOP('',(#1378,#1379,#1380,#1381,#1382,#1383));
#2620=EDGE_LOOP('',(#1384,#1385,#1386,#1387));
#2621=EDGE_LOOP('',(#1388,#1389,#1390,#1391));
#2622=EDGE_LOOP('',(#1392,#1393,#1394,#1395));
#2623=EDGE_LOOP('',(#1396,#1397,#1398,#1399,#1400));
#2624=EDGE_LOOP('',(#1401,#1402,#1403,#1404));
#2625=EDGE_LOOP('',(#1405,#1406,#1407,#1408));
#2626=EDGE_LOOP('',(#1409,#1410,#1411,#1412));
#2627=EDGE_LOOP('',(#1413,#1414,#1415,#1416));
#2628=EDGE_LOOP('',(#1417,#1418,#1419,#1420));
#2629=EDGE_LOOP('',(#1421,#1422,#1423,#1424,#1425,#1426));
#2630=EDGE_LOOP('',(#1427,#1428,#1429,#1430));
#2631=EDGE_LOOP('',(#1431,#1432,#1433,#1434));
#2632=EDGE_LOOP('',(#1435,#1436,#1437,#1438));
#2633=EDGE_LOOP('',(#1439,#1440,#1441,#1442,#1443,#1444,#1445,#1446,#1447,
#1448,#1449,#1450,#1451,#1452));
#2634=EDGE_LOOP('',(#1453,#1454,#1455,#1456,#1457));
#2635=EDGE_LOOP('',(#1458,#1459,#1460,#1461,#1462));
#2636=EDGE_LOOP('',(#1463,#1464,#1465,#1466));
#2637=EDGE_LOOP('',(#1467,#1468,#1469,#1470));
#2638=EDGE_LOOP('',(#1471,#1472,#1473,#1474));
#2639=EDGE_LOOP('',(#1475,#1476,#1477,#1478));
#2640=EDGE_LOOP('',(#1479,#1480,#1481,#1482,#1483));
#2641=EDGE_LOOP('',(#1484,#1485,#1486,#1487));
#2642=EDGE_LOOP('',(#1488,#1489,#1490,#1491));
#2643=EDGE_LOOP('',(#1492,#1493,#1494,#1495,#1496));
#2644=EDGE_LOOP('',(#1497,#1498,#1499,#1500));
#2645=EDGE_LOOP('',(#1501,#1502,#1503,#1504));
#2646=EDGE_LOOP('',(#1505,#1506,#1507,#1508));
#2647=EDGE_LOOP('',(#1509,#1510,#1511,#1512));
#2648=EDGE_LOOP('',(#1513,#1514,#1515,#1516,#1517));
#2649=EDGE_LOOP('',(#1518,#1519,#1520,#1521,#1522));
#2650=EDGE_LOOP('',(#1523,#1524,#1525,#1526));
#2651=EDGE_LOOP('',(#1527,#1528,#1529,#1530));
#2652=EDGE_LOOP('',(#1531,#1532,#1533,#1534));
#2653=EDGE_LOOP('',(#1535,#1536,#1537,#1538));
#2654=EDGE_LOOP('',(#1539,#1540,#1541,#1542));
#2655=EDGE_LOOP('',(#1543,#1544,#1545,#1546));
#2656=EDGE_LOOP('',(#1547,#1548,#1549,#1550));
#2657=EDGE_LOOP('',(#1551,#1552,#1553,#1554));
#2658=EDGE_LOOP('',(#1555,#1556,#1557,#1558));
#2659=EDGE_LOOP('',(#1559,#1560,#1561,#1562));
#2660=EDGE_LOOP('',(#1563,#1564,#1565,#1566));
#2661=EDGE_LOOP('',(#1567,#1568,#1569,#1570));
#2662=EDGE_LOOP('',(#1571,#1572,#1573,#1574));
#2663=EDGE_LOOP('',(#1575,#1576,#1577,#1578));
#2664=EDGE_LOOP('',(#1579,#1580,#1581,#1582));
#2665=EDGE_LOOP('',(#1583,#1584,#1585,#1586));
#2666=EDGE_LOOP('',(#1587,#1588,#1589,#1590));
#2667=EDGE_LOOP('',(#1591,#1592,#1593,#1594));
#2668=EDGE_LOOP('',(#1595,#1596,#1597,#1598));
#2669=EDGE_LOOP('',(#1599,#1600,#1601,#1602));
#2670=EDGE_LOOP('',(#1603,#1604,#1605,#1606));
#2671=EDGE_LOOP('',(#1607,#1608,#1609,#1610));
#2672=EDGE_LOOP('',(#1611,#1612,#1613,#1614));
#2673=EDGE_LOOP('',(#1615,#1616,#1617,#1618));
#2674=EDGE_LOOP('',(#1619,#1620,#1621,#1622));
#2675=EDGE_LOOP('',(#1623,#1624,#1625,#1626));
#2676=EDGE_LOOP('',(#1627,#1628,#1629,#1630));
#2677=EDGE_LOOP('',(#1631,#1632,#1633,#1634));
#2678=EDGE_LOOP('',(#1635,#1636,#1637,#1638));
#2679=EDGE_LOOP('',(#1639,#1640,#1641,#1642));
#2680=EDGE_LOOP('',(#1643,#1644,#1645,#1646));
#2681=EDGE_LOOP('',(#1647,#1648,#1649,#1650));
#2682=EDGE_LOOP('',(#1651,#1652,#1653,#1654));
#2683=EDGE_LOOP('',(#1655,#1656,#1657,#1658));
#2684=EDGE_LOOP('',(#1659,#1660,#1661,#1662));
#2685=EDGE_LOOP('',(#1663,#1664,#1665,#1666));
#2686=EDGE_LOOP('',(#1667,#1668,#1669,#1670));
#2687=EDGE_LOOP('',(#1671,#1672,#1673,#1674));
#2688=EDGE_LOOP('',(#1675,#1676,#1677,#1678));
#2689=EDGE_LOOP('',(#1679,#1680,#1681,#1682));
#2690=EDGE_LOOP('',(#1683,#1684,#1685,#1686));
#2691=EDGE_LOOP('',(#1687,#1688,#1689,#1690));
#2692=EDGE_LOOP('',(#1691,#1692,#1693,#1694));
#2693=EDGE_LOOP('',(#1695,#1696,#1697,#1698));
#2694=EDGE_LOOP('',(#1699,#1700,#1701,#1702));
#2695=EDGE_LOOP('',(#1703,#1704,#1705,#1706));
#2696=EDGE_LOOP('',(#1707,#1708,#1709,#1710));
#2697=EDGE_LOOP('',(#1711,#1712,#1713,#1714));
#2698=EDGE_LOOP('',(#1715,#1716,#1717,#1718));
#2699=EDGE_LOOP('',(#1719,#1720,#1721,#1722));
#2700=EDGE_LOOP('',(#1723,#1724,#1725,#1726));
#2701=EDGE_LOOP('',(#1727,#1728,#1729,#1730));
#2702=EDGE_LOOP('',(#1731,#1732,#1733,#1734));
#2703=EDGE_LOOP('',(#1735,#1736,#1737,#1738));
#2704=EDGE_LOOP('',(#1739,#1740,#1741,#1742));
#2705=EDGE_LOOP('',(#1743,#1744,#1745,#1746));
#2706=EDGE_LOOP('',(#1747,#1748,#1749,#1750));
#2707=EDGE_LOOP('',(#1751,#1752,#1753,#1754));
#2708=EDGE_LOOP('',(#1755,#1756,#1757,#1758));
#2709=EDGE_LOOP('',(#1759,#1760,#1761,#1762));
#2710=FACE_BOUND('',#2527,.T.);
#2711=FACE_BOUND('',#2528,.T.);
#2712=FACE_BOUND('',#2529,.T.);
#2713=FACE_BOUND('',#2530,.T.);
#2714=FACE_BOUND('',#2531,.T.);
#2715=FACE_BOUND('',#2532,.T.);
#2716=FACE_BOUND('',#2533,.T.);
#2717=FACE_BOUND('',#2534,.T.);
#2718=FACE_BOUND('',#2535,.T.);
#2719=FACE_BOUND('',#2536,.T.);
#2720=FACE_BOUND('',#2537,.T.);
#2721=FACE_BOUND('',#2538,.T.);
#2722=FACE_BOUND('',#2539,.T.);
#2723=FACE_BOUND('',#2540,.T.);
#2724=FACE_BOUND('',#2541,.T.);
#2725=FACE_BOUND('',#2542,.T.);
#2726=FACE_BOUND('',#2543,.T.);
#2727=FACE_BOUND('',#2544,.T.);
#2728=FACE_BOUND('',#2545,.T.);
#2729=FACE_BOUND('',#2546,.T.);
#2730=FACE_BOUND('',#2547,.T.);
#2731=FACE_BOUND('',#2548,.T.);
#2732=FACE_BOUND('',#2549,.T.);
#2733=FACE_BOUND('',#2550,.T.);
#2734=FACE_BOUND('',#2551,.T.);
#2735=FACE_BOUND('',#2552,.T.);
#2736=FACE_BOUND('',#2553,.T.);
#2737=FACE_BOUND('',#2554,.T.);
#2738=FACE_BOUND('',#2555,.T.);
#2739=FACE_BOUND('',#2556,.T.);
#2740=FACE_BOUND('',#2557,.T.);
#2741=FACE_BOUND('',#2558,.T.);
#2742=FACE_BOUND('',#2559,.T.);
#2743=FACE_BOUND('',#2560,.T.);
#2744=FACE_BOUND('',#2561,.T.);
#2745=FACE_BOUND('',#2562,.T.);
#2746=FACE_BOUND('',#2563,.T.);
#2747=FACE_BOUND('',#2564,.T.);
#2748=FACE_BOUND('',#2565,.T.);
#2749=FACE_BOUND('',#2566,.T.);
#2750=FACE_BOUND('',#2567,.T.);
#2751=FACE_BOUND('',#2568,.T.);
#2752=FACE_BOUND('',#2569,.T.);
#2753=FACE_BOUND('',#2570,.T.);
#2754=FACE_BOUND('',#2571,.T.);
#2755=FACE_BOUND('',#2572,.T.);
#2756=FACE_BOUND('',#2573,.T.);
#2757=FACE_BOUND('',#2574,.T.);
#2758=FACE_BOUND('',#2575,.T.);
#2759=FACE_BOUND('',#2576,.T.);
#2760=FACE_BOUND('',#2577,.T.);
#2761=FACE_BOUND('',#2578,.T.);
#2762=FACE_BOUND('',#2579,.T.);
#2763=FACE_BOUND('',#2580,.T.);
#2764=FACE_BOUND('',#2581,.T.);
#2765=FACE_BOUND('',#2582,.T.);
#2766=FACE_BOUND('',#2583,.T.);
#2767=FACE_BOUND('',#2584,.T.);
#2768=FACE_BOUND('',#2585,.T.);
#2769=FACE_BOUND('',#2586,.T.);
#2770=FACE_BOUND('',#2587,.T.);
#2771=FACE_BOUND('',#2588,.T.);
#2772=FACE_BOUND('',#2589,.T.);
#2773=FACE_BOUND('',#2590,.T.);
#2774=FACE_BOUND('',#2591,.T.);
#2775=FACE_BOUND('',#2592,.T.);
#2776=FACE_BOUND('',#2593,.T.);
#2777=FACE_BOUND('',#2594,.T.);
#2778=FACE_BOUND('',#2595,.T.);
#2779=FACE_BOUND('',#2596,.T.);
#2780=FACE_BOUND('',#2597,.T.);
#2781=FACE_BOUND('',#2598,.T.);
#2782=FACE_BOUND('',#2599,.T.);
#2783=FACE_BOUND('',#2600,.T.);
#2784=FACE_BOUND('',#2601,.T.);
#2785=FACE_BOUND('',#2602,.T.);
#2786=FACE_BOUND('',#2603,.T.);
#2787=FACE_BOUND('',#2604,.T.);
#2788=FACE_BOUND('',#2605,.T.);
#2789=FACE_BOUND('',#2606,.T.);
#2790=FACE_BOUND('',#2607,.T.);
#2791=FACE_BOUND('',#2608,.T.);
#2792=FACE_BOUND('',#2609,.T.);
#2793=FACE_BOUND('',#2610,.T.);
#2794=FACE_BOUND('',#2611,.T.);
#2795=FACE_BOUND('',#2612,.T.);
#2796=FACE_BOUND('',#2613,.T.);
#2797=FACE_BOUND('',#2614,.T.);
#2798=FACE_BOUND('',#2615,.T.);
#2799=FACE_BOUND('',#2616,.T.);
#2800=FACE_BOUND('',#2617,.T.);
#2801=FACE_BOUND('',#2618,.T.);
#2802=FACE_BOUND('',#2619,.T.);
#2803=FACE_BOUND('',#2620,.T.);
#2804=FACE_BOUND('',#2621,.T.);
#2805=FACE_BOUND('',#2622,.T.);
#2806=FACE_BOUND('',#2623,.T.);
#2807=FACE_BOUND('',#2624,.T.);
#2808=FACE_BOUND('',#2625,.T.);
#2809=FACE_BOUND('',#2626,.T.);
#2810=FACE_BOUND('',#2627,.T.);
#2811=FACE_BOUND('',#2628,.T.);
#2812=FACE_BOUND('',#2629,.T.);
#2813=FACE_BOUND('',#2630,.T.);
#2814=FACE_BOUND('',#2631,.T.);
#2815=FACE_BOUND('',#2632,.T.);
#2816=FACE_BOUND('',#2633,.T.);
#2817=FACE_BOUND('',#2634,.T.);
#2818=FACE_BOUND('',#2635,.T.);
#2819=FACE_BOUND('',#2636,.T.);
#2820=FACE_BOUND('',#2637,.T.);
#2821=FACE_BOUND('',#2638,.T.);
#2822=FACE_BOUND('',#2639,.T.);
#2823=FACE_BOUND('',#2640,.T.);
#2824=FACE_BOUND('',#2641,.T.);
#2825=FACE_BOUND('',#2642,.T.);
#2826=FACE_BOUND('',#2643,.T.);
#2827=FACE_BOUND('',#2644,.T.);
#2828=FACE_BOUND('',#2645,.T.);
#2829=FACE_BOUND('',#2646,.T.);
#2830=FACE_BOUND('',#2647,.T.);
#2831=FACE_BOUND('',#2648,.T.);
#2832=FACE_BOUND('',#2649,.T.);
#2833=FACE_BOUND('',#2650,.T.);
#2834=FACE_BOUND('',#2651,.T.);
#2835=FACE_BOUND('',#2652,.T.);
#2836=FACE_BOUND('',#2653,.T.);
#2837=FACE_BOUND('',#2654,.T.);
#2838=FACE_BOUND('',#2655,.T.);
#2839=FACE_BOUND('',#2656,.T.);
#2840=FACE_BOUND('',#2657,.T.);
#2841=FACE_BOUND('',#2658,.T.);
#2842=FACE_BOUND('',#2659,.T.);
#2843=FACE_BOUND('',#2660,.T.);
#2844=FACE_BOUND('',#2661,.T.);
#2845=FACE_BOUND('',#2662,.T.);
#2846=FACE_BOUND('',#2663,.T.);
#2847=FACE_BOUND('',#2664,.T.);
#2848=FACE_BOUND('',#2665,.T.);
#2849=FACE_BOUND('',#2666,.T.);
#2850=FACE_BOUND('',#2667,.T.);
#2851=FACE_BOUND('',#2668,.T.);
#2852=FACE_BOUND('',#2669,.T.);
#2853=FACE_BOUND('',#2670,.T.);
#2854=FACE_BOUND('',#2671,.T.);
#2855=FACE_BOUND('',#2672,.T.);
#2856=FACE_BOUND('',#2673,.T.);
#2857=FACE_BOUND('',#2674,.T.);
#2858=FACE_BOUND('',#2675,.T.);
#2859=FACE_BOUND('',#2676,.T.);
#2860=FACE_BOUND('',#2677,.T.);
#2861=FACE_BOUND('',#2678,.T.);
#2862=FACE_BOUND('',#2679,.T.);
#2863=FACE_BOUND('',#2680,.T.);
#2864=FACE_BOUND('',#2681,.T.);
#2865=FACE_BOUND('',#2682,.T.);
#2866=FACE_BOUND('',#2683,.T.);
#2867=FACE_BOUND('',#2684,.T.);
#2868=FACE_BOUND('',#2685,.T.);
#2869=FACE_BOUND('',#2686,.T.);
#2870=FACE_BOUND('',#2687,.T.);
#2871=FACE_BOUND('',#2688,.T.);
#2872=FACE_BOUND('',#2689,.T.);
#2873=FACE_BOUND('',#2690,.T.);
#2874=FACE_BOUND('',#2691,.T.);
#2875=FACE_BOUND('',#2692,.T.);
#2876=FACE_BOUND('',#2693,.T.);
#2877=FACE_BOUND('',#2694,.T.);
#2878=FACE_BOUND('',#2695,.T.);
#2879=FACE_BOUND('',#2696,.T.);
#2880=FACE_BOUND('',#2697,.T.);
#2881=FACE_BOUND('',#2698,.T.);
#2882=FACE_BOUND('',#2699,.T.);
#2883=FACE_BOUND('',#2700,.T.);
#2884=FACE_BOUND('',#2701,.T.);
#2885=FACE_BOUND('',#2702,.T.);
#2886=FACE_BOUND('',#2703,.T.);
#2887=FACE_BOUND('',#2704,.T.);
#2888=FACE_BOUND('',#2705,.T.);
#2889=FACE_BOUND('',#2706,.T.);
#2890=FACE_BOUND('',#2707,.T.);
#2891=FACE_BOUND('',#2708,.T.);
#2892=FACE_BOUND('',#2709,.T.);
#2893=B_SPLINE_SURFACE_WITH_KNOTS('',3,1,((#4362,#4363),(#4364,#4365),(#4366,
#4367),(#4368,#4369),(#4370,#4371),(#4372,#4373),(#4374,#4375)),
 .SURF_OF_LINEAR_EXTRUSION.,.F.,.F.,.F.,(4,1,1,1,4),(2,2),(0.5247321038699,
0.568921250958932,0.613110398047964,0.701488692226027,0.878245280582155),
(0.,1.),.UNSPECIFIED.);
#2894=B_SPLINE_SURFACE_WITH_KNOTS('',3,1,((#4395,#4396),(#4397,#4398),(#4399,
#4400),(#4401,#4402)),.SURF_OF_LINEAR_EXTRUSION.,.F.,.F.,.F.,(4,4),(2,2),
(0.524675190456686,0.874304361033625),(0.,1.),.PIECEWISE_BEZIER_KNOTS.);
#2895=B_SPLINE_SURFACE_WITH_KNOTS('',3,1,((#4961,#4962),(#4963,#4964),(#4965,
#4966),(#4967,#4968),(#4969,#4970),(#4971,#4972),(#4973,#4974),(#4975,#4976)),
 .SURF_OF_LINEAR_EXTRUSION.,.F.,.F.,.F.,(4,1,1,1,1,4),(2,2),(0.000109919082180538,
0.125865493605535,0.25162106812889,0.5031322171756,0.754643366222309,1.00615451526902),
(0.,1.),.UNSPECIFIED.);
#2896=B_SPLINE_SURFACE_WITH_KNOTS('',3,1,((#5025,#5026),(#5027,#5028),(#5029,
#5030),(#5031,#5032)),.SURF_OF_LINEAR_EXTRUSION.,.F.,.F.,.F.,(4,4),(2,2),
(3.53772806669191E-5,1.00205150508968),(0.,1.),.PIECEWISE_BEZIER_KNOTS.);
#2897=B_SPLINE_SURFACE_WITH_KNOTS('',1,3,((#5048,#5049,#5050,#5051,#5052,
#5053,#5054,#5055,#5056,#5057,#5058,#5059,#5060,#5061,#5062,#5063,#5064,
#5065,#5066,#5067),(#5068,#5069,#5070,#5071,#5072,#5073,#5074,#5075,#5076,
#5077,#5078,#5079,#5080,#5081,#5082,#5083,#5084,#5085,#5086,#5087)),
 .RULED_SURF.,.F.,.F.,.F.,(2,2),(4,2,2,2,2,2,2,2,2,4),(0.,1.),(0.0222118873411941,
0.022321479538786,0.022569424317676,0.0230653138754561,0.0235612034332362,
0.0255447616643565,0.0275283198954768,0.0295118781265972,0.0334789945888378,
0.0368130602029202),.UNSPECIFIED.);
#2898=B_SPLINE_SURFACE_WITH_KNOTS('',1,3,((#5183,#5184,#5185,#5186,#5187,
#5188,#5189,#5190,#5191,#5192,#5193,#5194,#5195,#5196,#5197,#5198,#5199,
#5200,#5201,#5202,#5203,#5204,#5205,#5206,#5207,#5208,#5209,#5210,#5211,
#5212),(#5213,#5214,#5215,#5216,#5217,#5218,#5219,#5220,#5221,#5222,#5223,
#5224,#5225,#5226,#5227,#5228,#5229,#5230,#5231,#5232,#5233,#5234,#5235,
#5236,#5237,#5238,#5239,#5240,#5241,#5242)),.RULED_SURF.,.F.,.F.,.F.,(2,
2),(4,2,2,2,2,2,2,2,2,2,2,2,2,2,4),(0.337572839284258,0.869823381615049),
(0.0843292339909371,0.0847119908147362,0.0860084884206744,0.0873049860266127,
0.0886014836325509,0.0937874740563039,0.0963804692681804,0.0989734644800569,
0.100269962085995,0.101566459691933,0.102214708494903,0.102538832896387,
0.102862957297872,0.103025019498614,0.103170900246488),.UNSPECIFIED.);
#2899=ADVANCED_FACE('',(#2710),#2893,.F.);
#2900=ADVANCED_FACE('',(#2711),#2894,.T.);
#2901=ADVANCED_FACE('',(#2712),#308,.T.);
#2902=ADVANCED_FACE('',(#2713,#2714),#309,.T.);
#2903=ADVANCED_FACE('',(#2715),#310,.F.);
#2904=ADVANCED_FACE('',(#2716),#311,.T.);
#2905=ADVANCED_FACE('',(#2717),#312,.T.);
#2906=ADVANCED_FACE('',(#2718),#89,.F.);
#2907=ADVANCED_FACE('',(#2719),#313,.T.);
#2908=ADVANCED_FACE('',(#2720),#314,.T.);
#2909=ADVANCED_FACE('',(#2721),#315,.T.);
#2910=ADVANCED_FACE('',(#2722),#316,.T.);
#2911=ADVANCED_FACE('',(#2723),#317,.T.);
#2912=ADVANCED_FACE('',(#2724),#318,.T.);
#2913=ADVANCED_FACE('',(#2725),#319,.T.);
#2914=ADVANCED_FACE('',(#2726),#320,.F.);
#2915=ADVANCED_FACE('',(#2727),#321,.T.);
#2916=ADVANCED_FACE('',(#2728),#322,.F.);
#2917=ADVANCED_FACE('',(#2729),#323,.F.);
#2918=ADVANCED_FACE('',(#2730),#324,.T.);
#2919=ADVANCED_FACE('',(#2731),#325,.T.);
#2920=ADVANCED_FACE('',(#2732),#43,.T.);
#2921=ADVANCED_FACE('',(#2733),#90,.T.);
#2922=ADVANCED_FACE('',(#2734),#326,.T.);
#2923=ADVANCED_FACE('',(#2735),#44,.T.);
#2924=ADVANCED_FACE('',(#2736),#41,.T.);
#2925=ADVANCED_FACE('',(#2737),#91,.T.);
#2926=ADVANCED_FACE('',(#2738),#42,.T.);
#2927=ADVANCED_FACE('',(#2739),#92,.T.);
#2928=ADVANCED_FACE('',(#2740),#93,.T.);
#2929=ADVANCED_FACE('',(#2741),#327,.T.);
#2930=ADVANCED_FACE('',(#2742),#94,.T.);
#2931=ADVANCED_FACE('',(#2743),#95,.T.);
#2932=ADVANCED_FACE('',(#2744),#96,.T.);
#2933=ADVANCED_FACE('',(#2745),#328,.T.);
#2934=ADVANCED_FACE('',(#2746),#97,.T.);
#2935=ADVANCED_FACE('',(#2747),#329,.F.);
#2936=ADVANCED_FACE('',(#2748),#330,.F.);
#2937=ADVANCED_FACE('',(#2749),#98,.T.);
#2938=ADVANCED_FACE('',(#2750),#331,.T.);
#2939=ADVANCED_FACE('',(#2751),#332,.F.);
#2940=ADVANCED_FACE('',(#2752),#333,.T.);
#2941=ADVANCED_FACE('',(#2753),#334,.F.);
#2942=ADVANCED_FACE('',(#2754),#335,.F.);
#2943=ADVANCED_FACE('',(#2755),#2895,.T.);
#2944=ADVANCED_FACE('',(#2756),#336,.F.);
#2945=ADVANCED_FACE('',(#2757),#337,.F.);
#2946=ADVANCED_FACE('',(#2758),#99,.F.);
#2947=ADVANCED_FACE('',(#2759),#338,.F.);
#2948=ADVANCED_FACE('',(#2760),#100,.F.);
#2949=ADVANCED_FACE('',(#2761),#339,.F.);
#2950=ADVANCED_FACE('',(#2762),#101,.T.);
#2951=ADVANCED_FACE('',(#2763),#340,.T.);
#2952=ADVANCED_FACE('',(#2764),#2896,.F.);
#2953=ADVANCED_FACE('',(#2765),#341,.F.);
#2954=ADVANCED_FACE('',(#2766),#2897,.T.);
#2955=ADVANCED_FACE('',(#2767),#102,.T.);
#2956=ADVANCED_FACE('',(#2768),#342,.F.);
#2957=ADVANCED_FACE('',(#2769),#39,.F.);
#2958=ADVANCED_FACE('',(#2770),#343,.F.);
#2959=ADVANCED_FACE('',(#2771),#103,.T.);
#2960=ADVANCED_FACE('',(#2772),#104,.T.);
#2961=ADVANCED_FACE('',(#2773),#105,.T.);
#2962=ADVANCED_FACE('',(#2774),#106,.T.);
#2963=ADVANCED_FACE('',(#2775),#107,.T.);
#2964=ADVANCED_FACE('',(#2776),#108,.T.);
#2965=ADVANCED_FACE('',(#2777),#109,.T.);
#2966=ADVANCED_FACE('',(#2778),#110,.T.);
#2967=ADVANCED_FACE('',(#2779),#344,.T.);
#2968=ADVANCED_FACE('',(#2780),#2898,.T.);
#2969=ADVANCED_FACE('',(#2781),#345,.T.);
#2970=ADVANCED_FACE('',(#2782),#111,.T.);
#2971=ADVANCED_FACE('',(#2783),#45,.T.);
#2972=ADVANCED_FACE('',(#2784),#46,.T.);
#2973=ADVANCED_FACE('',(#2785),#112,.T.);
#2974=ADVANCED_FACE('',(#2786),#12,.T.);
#2975=ADVANCED_FACE('',(#2787),#113,.T.);
#2976=ADVANCED_FACE('',(#2788),#346,.F.);
#2977=ADVANCED_FACE('',(#2789),#40,.F.);
#2978=ADVANCED_FACE('',(#2790),#114,.T.);
#2979=ADVANCED_FACE('',(#2791),#347,.T.);
#2980=ADVANCED_FACE('',(#2792),#348,.T.);
#2981=ADVANCED_FACE('',(#2793),#349,.F.);
#2982=ADVANCED_FACE('',(#2794),#115,.T.);
#2983=ADVANCED_FACE('',(#2795),#116,.T.);
#2984=ADVANCED_FACE('',(#2796),#350,.F.);
#2985=ADVANCED_FACE('',(#2797),#351,.T.);
#2986=ADVANCED_FACE('',(#2798,#2799,#2800,#2801),#352,.T.);
#2987=ADVANCED_FACE('',(#2802),#353,.T.);
#2988=ADVANCED_FACE('',(#2803),#117,.T.);
#2989=ADVANCED_FACE('',(#2804),#354,.T.);
#2990=ADVANCED_FACE('',(#2805),#355,.T.);
#2991=ADVANCED_FACE('',(#2806),#356,.F.);
#2992=ADVANCED_FACE('',(#2807),#118,.T.);
#2993=ADVANCED_FACE('',(#2808),#357,.T.);
#2994=ADVANCED_FACE('',(#2809),#119,.T.);
#2995=ADVANCED_FACE('',(#2810),#358,.T.);
#2996=ADVANCED_FACE('',(#2811),#359,.T.);
#2997=ADVANCED_FACE('',(#2812),#360,.F.);
#2998=ADVANCED_FACE('',(#2813),#120,.T.);
#2999=ADVANCED_FACE('',(#2814),#121,.T.);
#3000=ADVANCED_FACE('',(#2815),#122,.T.);
#3001=ADVANCED_FACE('',(#2816),#123,.T.);
#3002=ADVANCED_FACE('',(#2817),#124,.T.);
#3003=ADVANCED_FACE('',(#2818),#125,.T.);
#3004=ADVANCED_FACE('',(#2819),#126,.T.);
#3005=ADVANCED_FACE('',(#2820),#127,.T.);
#3006=ADVANCED_FACE('',(#2821),#128,.T.);
#3007=ADVANCED_FACE('',(#2822),#129,.T.);
#3008=ADVANCED_FACE('',(#2823),#130,.T.);
#3009=ADVANCED_FACE('',(#2824),#47,.T.);
#3010=ADVANCED_FACE('',(#2825),#13,.T.);
#3011=ADVANCED_FACE('',(#2826),#131,.T.);
#3012=ADVANCED_FACE('',(#2827),#14,.T.);
#3013=ADVANCED_FACE('',(#2828),#48,.T.);
#3014=ADVANCED_FACE('',(#2829),#132,.F.);
#3015=ADVANCED_FACE('',(#2830),#133,.T.);
#3016=ADVANCED_FACE('',(#2831),#134,.T.);
#3017=ADVANCED_FACE('',(#2832),#135,.T.);
#3018=ADVANCED_FACE('',(#2833),#136,.T.);
#3019=ADVANCED_FACE('',(#2834),#137,.F.);
#3020=ADVANCED_FACE('',(#2835),#138,.F.);
#3021=ADVANCED_FACE('',(#2836),#15,.F.);
#3022=ADVANCED_FACE('',(#2837),#49,.T.);
#3023=ADVANCED_FACE('',(#2838),#50,.T.);
#3024=ADVANCED_FACE('',(#2839),#16,.F.);
#3025=ADVANCED_FACE('',(#2840),#139,.T.);
#3026=ADVANCED_FACE('',(#2841),#140,.F.);
#3027=ADVANCED_FACE('',(#2842),#141,.F.);
#3028=ADVANCED_FACE('',(#2843),#142,.F.);
#3029=ADVANCED_FACE('',(#2844),#143,.T.);
#3030=ADVANCED_FACE('',(#2845),#144,.F.);
#3031=ADVANCED_FACE('',(#2846),#17,.F.);
#3032=ADVANCED_FACE('',(#2847),#18,.F.);
#3033=ADVANCED_FACE('',(#2848),#19,.F.);
#3034=ADVANCED_FACE('',(#2849),#20,.F.);
#3035=ADVANCED_FACE('',(#2850),#145,.F.);
#3036=ADVANCED_FACE('',(#2851),#146,.T.);
#3037=ADVANCED_FACE('',(#2852),#147,.T.);
#3038=ADVANCED_FACE('',(#2853),#148,.F.);
#3039=ADVANCED_FACE('',(#2854),#21,.F.);
#3040=ADVANCED_FACE('',(#2855),#22,.F.);
#3041=ADVANCED_FACE('',(#2856),#149,.F.);
#3042=ADVANCED_FACE('',(#2857),#150,.T.);
#3043=ADVANCED_FACE('',(#2858),#151,.T.);
#3044=ADVANCED_FACE('',(#2859),#152,.T.);
#3045=ADVANCED_FACE('',(#2860),#153,.T.);
#3046=ADVANCED_FACE('',(#2861),#154,.T.);
#3047=ADVANCED_FACE('',(#2862),#155,.T.);
#3048=ADVANCED_FACE('',(#2863),#23,.T.);
#3049=ADVANCED_FACE('',(#2864),#156,.T.);
#3050=ADVANCED_FACE('',(#2865),#24,.T.);
#3051=ADVANCED_FACE('',(#2866),#157,.T.);
#3052=ADVANCED_FACE('',(#2867),#25,.T.);
#3053=ADVANCED_FACE('',(#2868),#158,.T.);
#3054=ADVANCED_FACE('',(#2869),#26,.T.);
#3055=ADVANCED_FACE('',(#2870),#27,.T.);
#3056=ADVANCED_FACE('',(#2871),#159,.T.);
#3057=ADVANCED_FACE('',(#2872),#28,.T.);
#3058=ADVANCED_FACE('',(#2873),#160,.T.);
#3059=ADVANCED_FACE('',(#2874),#29,.T.);
#3060=ADVANCED_FACE('',(#2875),#161,.T.);
#3061=ADVANCED_FACE('',(#2876),#30,.T.);
#3062=ADVANCED_FACE('',(#2877),#31,.T.);
#3063=ADVANCED_FACE('',(#2878),#162,.T.);
#3064=ADVANCED_FACE('',(#2879),#32,.T.);
#3065=ADVANCED_FACE('',(#2880),#163,.T.);
#3066=ADVANCED_FACE('',(#2881),#33,.T.);
#3067=ADVANCED_FACE('',(#2882),#164,.T.);
#3068=ADVANCED_FACE('',(#2883),#34,.T.);
#3069=ADVANCED_FACE('',(#2884),#35,.T.);
#3070=ADVANCED_FACE('',(#2885),#165,.T.);
#3071=ADVANCED_FACE('',(#2886),#36,.T.);
#3072=ADVANCED_FACE('',(#2887),#166,.T.);
#3073=ADVANCED_FACE('',(#2888),#37,.T.);
#3074=ADVANCED_FACE('',(#2889),#167,.T.);
#3075=ADVANCED_FACE('',(#2890),#38,.T.);
#3076=ADVANCED_FACE('',(#2891),#168,.T.);
#3077=ADVANCED_FACE('',(#2892),#169,.T.);
#3078=CLOSED_SHELL('',(#2899,#2900,#2901,#2902,#2903,#2904,#2905,#2906,
#2907,#2908,#2909,#2910,#2911,#2912,#2913,#2914,#2915,#2916,#2917,#2918,
#2919,#2920,#2921,#2922,#2923,#2924,#2925,#2926,#2927,#2928,#2929,#2930,
#2931,#2932,#2933,#2934,#2935,#2936,#2937,#2938,#2939,#2940,#2941,#2942,
#2943,#2944,#2945,#2946,#2947,#2948,#2949,#2950,#2951,#2952,#2953,#2954,
#2955,#2956,#2957,#2958,#2959,#2960,#2961,#2962,#2963,#2964,#2965,#2966,
#2967,#2968,#2969,#2970,#2971,#2972,#2973,#2974,#2975,#2976,#2977,#2978,
#2979,#2980,#2981,#2982,#2983,#2984,#2985,#2986,#2987,#2988,#2989,#2990,
#2991,#2992,#2993,#2994,#2995,#2996,#2997,#2998,#2999,#3000,#3001,#3002,
#3003,#3004,#3005,#3006,#3007,#3008,#3009,#3010,#3011,#3012,#3013,#3014,
#3015,#3016,#3017,#3018,#3019,#3020,#3021,#3022,#3023,#3024,#3025,#3026,
#3027,#3028,#3029,#3030,#3031,#3032,#3033,#3034,#3035,#3036,#3037,#3038,
#3039,#3040,#3041,#3042,#3043,#3044,#3045,#3046,#3047,#3048,#3049,#3050,
#3051,#3052,#3053,#3054,#3055,#3056,#3057,#3058,#3059,#3060,#3061,#3062,
#3063,#3064,#3065,#3066,#3067,#3068,#3069,#3070,#3071,#3072,#3073,#3074,
#3075,#3076,#3077));
#3079=STYLED_ITEM('',(#3080),#3087);
#3080=PRESENTATION_STYLE_ASSIGNMENT((#3081));
#3081=SURFACE_STYLE_USAGE(.BOTH.,#3082);
#3082=SURFACE_SIDE_STYLE('',(#3083));
#3083=SURFACE_STYLE_FILL_AREA(#3084);
#3084=FILL_AREA_STYLE('',(#3085));
#3085=FILL_AREA_STYLE_COLOUR('',#3086);
#3086=COLOUR_RGB('',0.980392156862745,0.713725490196078,0.00392156862745098);
#3087=MANIFOLD_SOLID_BREP('Part 4',#3078);
#3088=SHAPE_DEFINITION_REPRESENTATION(#5698,#3089);
#3089=SHAPE_REPRESENTATION('Part 4',(#3090),#5693);
#3090=AXIS2_PLACEMENT_3D('',#4361,#3432,#3433);
#3091=AXIS2_PLACEMENT_3D('',#4437,#3440,#3441);
#3092=AXIS2_PLACEMENT_3D('',#4448,#3448,#3449);
#3093=AXIS2_PLACEMENT_3D('',#4449,#3450,#3451);
#3094=AXIS2_PLACEMENT_3D('',#4454,#3453,#3454);
#3095=AXIS2_PLACEMENT_3D('',#4458,#3456,#3457);
#3096=AXIS2_PLACEMENT_3D('',#4462,#3459,#3460);
#3097=AXIS2_PLACEMENT_3D('',#4465,#3462,#3463);
#3098=AXIS2_PLACEMENT_3D('',#4470,#3465,#3466);
#3099=AXIS2_PLACEMENT_3D('',#4474,#3468,#3469);
#3100=AXIS2_PLACEMENT_3D('',#4478,#3471,#3472);
#3101=AXIS2_PLACEMENT_3D('',#4481,#3474,#3475);
#3102=AXIS2_PLACEMENT_3D('',#4482,#3476,#3477);
#3103=AXIS2_PLACEMENT_3D('',#4487,#3479,#3480);
#3104=AXIS2_PLACEMENT_3D('',#4491,#3482,#3483);
#3105=AXIS2_PLACEMENT_3D('',#4499,#3487,#3488);
#3106=AXIS2_PLACEMENT_3D('',#4503,#3490,#3491);
#3107=AXIS2_PLACEMENT_3D('',#4523,#3501,#3502);
#3108=AXIS2_PLACEMENT_3D('',#4527,#3504,#3505);
#3109=AXIS2_PLACEMENT_3D('',#4535,#3509,#3510);
#3110=AXIS2_PLACEMENT_3D('',#4538,#3512,#3513);
#3111=AXIS2_PLACEMENT_3D('',#4544,#3516,#3517);
#3112=AXIS2_PLACEMENT_3D('',#4555,#3523,#3524);
#3113=AXIS2_PLACEMENT_3D('',#4556,#3525,#3526);
#3114=AXIS2_PLACEMENT_3D('',#4572,#3534,#3535);
#3115=AXIS2_PLACEMENT_3D('',#4576,#3537,#3538);
#3116=AXIS2_PLACEMENT_3D('',#4580,#3540,#3541);
#3117=AXIS2_PLACEMENT_3D('',#4581,#3542,#3543);
#3118=AXIS2_PLACEMENT_3D('',#4590,#3548,#3549);
#3119=AXIS2_PLACEMENT_3D('',#4599,#3554,#3555);
#3120=AXIS2_PLACEMENT_3D('',#4605,#3558,#3559);
#3121=AXIS2_PLACEMENT_3D('',#4609,#3561,#3562);
#3122=AXIS2_PLACEMENT_3D('',#4612,#3564,#3565);
#3123=AXIS2_PLACEMENT_3D('',#4621,#3570,#3571);
#3124=AXIS2_PLACEMENT_3D('',#4630,#3576,#3577);
#3125=AXIS2_PLACEMENT_3D('',#4631,#3578,#3579);
#3126=AXIS2_PLACEMENT_3D('',#4640,#3583,#3584);
#3127=AXIS2_PLACEMENT_3D('',#4643,#3586,#3587);
#3128=AXIS2_PLACEMENT_3D('',#4644,#3588,#3589);
#3129=AXIS2_PLACEMENT_3D('',#4661,#3597,#3598);
#3130=AXIS2_PLACEMENT_3D('',#4665,#3601,#3602);
#3131=AXIS2_PLACEMENT_3D('',#4671,#3605,#3606);
#3132=AXIS2_PLACEMENT_3D('',#4676,#3609,#3610);
#3133=AXIS2_PLACEMENT_3D('',#4687,#3616,#3617);
#3134=AXIS2_PLACEMENT_3D('',#4691,#3619,#3620);
#3135=AXIS2_PLACEMENT_3D('',#4695,#3622,#3623);
#3136=AXIS2_PLACEMENT_3D('',#4706,#3629,#3630);
#3137=AXIS2_PLACEMENT_3D('',#4712,#3633,#3634);
#3138=AXIS2_PLACEMENT_3D('',#4716,#3637,#3638);
#3139=AXIS2_PLACEMENT_3D('',#4717,#3639,#3640);
#3140=AXIS2_PLACEMENT_3D('',#4734,#3645,#3646);
#3141=AXIS2_PLACEMENT_3D('',#4738,#3648,#3649);
#3142=AXIS2_PLACEMENT_3D('',#4743,#3652,#3653);
#3143=AXIS2_PLACEMENT_3D('',#4748,#3656,#3657);
#3144=AXIS2_PLACEMENT_3D('',#4782,#3663,#3664);
#3145=AXIS2_PLACEMENT_3D('',#4791,#3669,#3670);
#3146=AXIS2_PLACEMENT_3D('',#4810,#3675,#3676);
#3147=AXIS2_PLACEMENT_3D('',#4813,#3677,#3678);
#3148=AXIS2_PLACEMENT_3D('',#4815,#3679,#3680);
#3149=AXIS2_PLACEMENT_3D('',#4817,#3681,#3682);
#3150=AXIS2_PLACEMENT_3D('',#4818,#3683,#3684);
#3151=AXIS2_PLACEMENT_3D('',#4819,#3685,#3686);
#3152=AXIS2_PLACEMENT_3D('',#4824,#3689,#3690);
#3153=AXIS2_PLACEMENT_3D('',#4842,#3694,#3695);
#3154=AXIS2_PLACEMENT_3D('',#4845,#3696,#3697);
#3155=AXIS2_PLACEMENT_3D('',#4846,#3698,#3699);
#3156=AXIS2_PLACEMENT_3D('',#4847,#3700,#3701);
#3157=AXIS2_PLACEMENT_3D('',#4848,#3702,#3703);
#3158=AXIS2_PLACEMENT_3D('',#4851,#3704,#3705);
#3159=AXIS2_PLACEMENT_3D('',#4852,#3706,#3707);
#3160=AXIS2_PLACEMENT_3D('',#4853,#3708,#3709);
#3161=AXIS2_PLACEMENT_3D('',#4856,#3711,#3712);
#3162=AXIS2_PLACEMENT_3D('',#4857,#3713,#3714);
#3163=AXIS2_PLACEMENT_3D('',#4858,#3715,#3716);
#3164=AXIS2_PLACEMENT_3D('',#4860,#3717,#3718);
#3165=AXIS2_PLACEMENT_3D('',#4861,#3719,#3720);
#3166=AXIS2_PLACEMENT_3D('',#4863,#3722,#3723);
#3167=AXIS2_PLACEMENT_3D('',#4872,#3726,#3727);
#3168=AXIS2_PLACEMENT_3D('',#4876,#3730,#3731);
#3169=AXIS2_PLACEMENT_3D('',#4883,#3733,#3734);
#3170=AXIS2_PLACEMENT_3D('',#4885,#3736,#3737);
#3171=AXIS2_PLACEMENT_3D('',#4890,#3740,#3741);
#3172=AXIS2_PLACEMENT_3D('',#4891,#3742,#3743);
#3173=AXIS2_PLACEMENT_3D('',#4895,#3746,#3747);
#3174=AXIS2_PLACEMENT_3D('',#4898,#3749,#3750);
#3175=AXIS2_PLACEMENT_3D('',#4899,#3751,#3752);
#3176=AXIS2_PLACEMENT_3D('',#4907,#3757,#3758);
#3177=AXIS2_PLACEMENT_3D('',#4908,#3759,#3760);
#3178=AXIS2_PLACEMENT_3D('',#4910,#3761,#3762);
#3179=AXIS2_PLACEMENT_3D('',#4914,#3764,#3765);
#3180=AXIS2_PLACEMENT_3D('',#4915,#3766,#3767);
#3181=AXIS2_PLACEMENT_3D('',#4919,#3770,#3771);
#3182=AXIS2_PLACEMENT_3D('',#4927,#3776,#3777);
#3183=AXIS2_PLACEMENT_3D('',#4935,#3779,#3780);
#3184=AXIS2_PLACEMENT_3D('',#4946,#3782,#3783);
#3185=AXIS2_PLACEMENT_3D('',#4949,#3785,#3786);
#3186=AXIS2_PLACEMENT_3D('',#4952,#3788,#3789);
#3187=AXIS2_PLACEMENT_3D('',#4957,#3792,#3793);
#3188=AXIS2_PLACEMENT_3D('',#4958,#3794,#3795);
#3189=AXIS2_PLACEMENT_3D('',#4984,#3799,#3800);
#3190=AXIS2_PLACEMENT_3D('',#4988,#3803,#3804);
#3191=AXIS2_PLACEMENT_3D('',#4996,#3809,#3810);
#3192=AXIS2_PLACEMENT_3D('',#4999,#3812,#3813);
#3193=AXIS2_PLACEMENT_3D('',#5000,#3814,#3815);
#3194=AXIS2_PLACEMENT_3D('',#5011,#3819,#3820);
#3195=AXIS2_PLACEMENT_3D('',#5017,#3822,#3823);
#3196=AXIS2_PLACEMENT_3D('',#5021,#3826,#3827);
#3197=AXIS2_PLACEMENT_3D('',#5023,#3829,#3830);
#3198=AXIS2_PLACEMENT_3D('',#5033,#3832,#3833);
#3199=AXIS2_PLACEMENT_3D('',#5104,#3837,#3838);
#3200=AXIS2_PLACEMENT_3D('',#5105,#3839,#3840);
#3201=AXIS2_PLACEMENT_3D('',#5109,#3843,#3844);
#3202=AXIS2_PLACEMENT_3D('',#5115,#3845,#3846);
#3203=AXIS2_PLACEMENT_3D('',#5116,#3847,#3848);
#3204=AXIS2_PLACEMENT_3D('',#5128,#3853,#3854);
#3205=AXIS2_PLACEMENT_3D('',#5129,#3855,#3856);
#3206=AXIS2_PLACEMENT_3D('',#5132,#3858,#3859);
#3207=AXIS2_PLACEMENT_3D('',#5135,#3861,#3862);
#3208=AXIS2_PLACEMENT_3D('',#5139,#3864,#3865);
#3209=AXIS2_PLACEMENT_3D('',#5141,#3867,#3868);
#3210=AXIS2_PLACEMENT_3D('',#5142,#3869,#3870);
#3211=AXIS2_PLACEMENT_3D('',#5143,#3871,#3872);
#3212=AXIS2_PLACEMENT_3D('',#5146,#3874,#3875);
#3213=AXIS2_PLACEMENT_3D('',#5150,#3878,#3879);
#3214=AXIS2_PLACEMENT_3D('',#5151,#3880,#3881);
#3215=AXIS2_PLACEMENT_3D('',#5152,#3882,#3883);
#3216=AXIS2_PLACEMENT_3D('',#5156,#3885,#3886);
#3217=AXIS2_PLACEMENT_3D('',#5158,#3888,#3889);
#3218=AXIS2_PLACEMENT_3D('',#5162,#3891,#3892);
#3219=AXIS2_PLACEMENT_3D('',#5164,#3894,#3895);
#3220=AXIS2_PLACEMENT_3D('',#5165,#3896,#3897);
#3221=AXIS2_PLACEMENT_3D('',#5166,#3898,#3899);
#3222=AXIS2_PLACEMENT_3D('',#5169,#3901,#3902);
#3223=AXIS2_PLACEMENT_3D('',#5173,#3905,#3906);
#3224=AXIS2_PLACEMENT_3D('',#5174,#3907,#3908);
#3225=AXIS2_PLACEMENT_3D('',#5262,#3911,#3912);
#3226=AXIS2_PLACEMENT_3D('',#5264,#3914,#3915);
#3227=AXIS2_PLACEMENT_3D('',#5270,#3916,#3917);
#3228=AXIS2_PLACEMENT_3D('',#5328,#3919,#3920);
#3229=AXIS2_PLACEMENT_3D('',#5329,#3921,#3922);
#3230=AXIS2_PLACEMENT_3D('',#5332,#3924,#3925);
#3231=AXIS2_PLACEMENT_3D('',#5338,#3926,#3927);
#3232=AXIS2_PLACEMENT_3D('',#5339,#3928,#3929);
#3233=AXIS2_PLACEMENT_3D('',#5342,#3931,#3932);
#3234=AXIS2_PLACEMENT_3D('',#5345,#3934,#3935);
#3235=AXIS2_PLACEMENT_3D('',#5353,#3938,#3939);
#3236=AXIS2_PLACEMENT_3D('',#5364,#3940,#3941);
#3237=AXIS2_PLACEMENT_3D('',#5365,#3942,#3943);
#3238=AXIS2_PLACEMENT_3D('',#5367,#3945,#3946);
#3239=AXIS2_PLACEMENT_3D('',#5368,#3947,#3948);
#3240=AXIS2_PLACEMENT_3D('',#5369,#3949,#3950);
#3241=AXIS2_PLACEMENT_3D('',#5370,#3951,#3952);
#3242=AXIS2_PLACEMENT_3D('',#5372,#3954,#3955);
#3243=AXIS2_PLACEMENT_3D('',#5374,#3957,#3958);
#3244=AXIS2_PLACEMENT_3D('',#5375,#3959,#3960);
#3245=AXIS2_PLACEMENT_3D('',#5376,#3961,#3962);
#3246=AXIS2_PLACEMENT_3D('',#5382,#3965,#3966);
#3247=AXIS2_PLACEMENT_3D('',#5386,#3968,#3969);
#3248=AXIS2_PLACEMENT_3D('',#5392,#3974,#3975);
#3249=AXIS2_PLACEMENT_3D('',#5398,#3978,#3979);
#3250=AXIS2_PLACEMENT_3D('',#5402,#3981,#3982);
#3251=AXIS2_PLACEMENT_3D('',#5405,#3984,#3985);
#3252=AXIS2_PLACEMENT_3D('',#5406,#3986,#3987);
#3253=AXIS2_PLACEMENT_3D('',#5408,#3989,#3990);
#3254=AXIS2_PLACEMENT_3D('',#5409,#3991,#3992);
#3255=AXIS2_PLACEMENT_3D('',#5410,#3993,#3994);
#3256=AXIS2_PLACEMENT_3D('',#5413,#3996,#3997);
#3257=AXIS2_PLACEMENT_3D('',#5417,#3999,#4000);
#3258=AXIS2_PLACEMENT_3D('',#5418,#4001,#4002);
#3259=AXIS2_PLACEMENT_3D('',#5419,#4003,#4004);
#3260=AXIS2_PLACEMENT_3D('',#5425,#4008,#4009);
#3261=AXIS2_PLACEMENT_3D('',#5426,#4010,#4011);
#3262=AXIS2_PLACEMENT_3D('',#5427,#4012,#4013);
#3263=AXIS2_PLACEMENT_3D('',#5428,#4014,#4015);
#3264=AXIS2_PLACEMENT_3D('',#5437,#4020,#4021);
#3265=AXIS2_PLACEMENT_3D('',#5446,#4026,#4027);
#3266=AXIS2_PLACEMENT_3D('',#5447,#4028,#4029);
#3267=AXIS2_PLACEMENT_3D('',#5451,#4031,#4032);
#3268=AXIS2_PLACEMENT_3D('',#5452,#4033,#4034);
#3269=AXIS2_PLACEMENT_3D('',#5453,#4035,#4036);
#3270=AXIS2_PLACEMENT_3D('',#5454,#4037,#4038);
#3271=AXIS2_PLACEMENT_3D('',#5455,#4039,#4040);
#3272=AXIS2_PLACEMENT_3D('',#5456,#4041,#4042);
#3273=AXIS2_PLACEMENT_3D('',#5457,#4043,#4044);
#3274=AXIS2_PLACEMENT_3D('',#5458,#4045,#4046);
#3275=AXIS2_PLACEMENT_3D('',#5459,#4047,#4048);
#3276=AXIS2_PLACEMENT_3D('',#5460,#4049,#4050);
#3277=AXIS2_PLACEMENT_3D('',#5461,#4051,#4052);
#3278=AXIS2_PLACEMENT_3D('',#5462,#4053,#4054);
#3279=AXIS2_PLACEMENT_3D('',#5463,#4055,#4056);
#3280=AXIS2_PLACEMENT_3D('',#5464,#4057,#4058);
#3281=AXIS2_PLACEMENT_3D('',#5465,#4059,#4060);
#3282=AXIS2_PLACEMENT_3D('',#5466,#4061,#4062);
#3283=AXIS2_PLACEMENT_3D('',#5467,#4063,#4064);
#3284=AXIS2_PLACEMENT_3D('',#5468,#4065,#4066);
#3285=AXIS2_PLACEMENT_3D('',#5469,#4067,#4068);
#3286=AXIS2_PLACEMENT_3D('',#5470,#4069,#4070);
#3287=AXIS2_PLACEMENT_3D('',#5471,#4071,#4072);
#3288=AXIS2_PLACEMENT_3D('',#5472,#4073,#4074);
#3289=AXIS2_PLACEMENT_3D('',#5473,#4075,#4076);
#3290=AXIS2_PLACEMENT_3D('',#5474,#4077,#4078);
#3291=AXIS2_PLACEMENT_3D('',#5479,#4079,#4080);
#3292=AXIS2_PLACEMENT_3D('',#5480,#4081,#4082);
#3293=AXIS2_PLACEMENT_3D('',#5481,#4083,#4084);
#3294=AXIS2_PLACEMENT_3D('',#5482,#4085,#4086);
#3295=AXIS2_PLACEMENT_3D('',#5483,#4087,#4088);
#3296=AXIS2_PLACEMENT_3D('',#5488,#4089,#4090);
#3297=AXIS2_PLACEMENT_3D('',#5489,#4091,#4092);
#3298=AXIS2_PLACEMENT_3D('',#5505,#4093,#4094);
#3299=AXIS2_PLACEMENT_3D('',#5506,#4095,#4096);
#3300=AXIS2_PLACEMENT_3D('',#5511,#4097,#4098);
#3301=AXIS2_PLACEMENT_3D('',#5512,#4099,#4100);
#3302=AXIS2_PLACEMENT_3D('',#5513,#4101,#4102);
#3303=AXIS2_PLACEMENT_3D('',#5533,#4103,#4104);
#3304=AXIS2_PLACEMENT_3D('',#5534,#4105,#4106);
#3305=AXIS2_PLACEMENT_3D('',#5535,#4107,#4108);
#3306=AXIS2_PLACEMENT_3D('',#5536,#4109,#4110);
#3307=AXIS2_PLACEMENT_3D('',#5537,#4111,#4112);
#3308=AXIS2_PLACEMENT_3D('',#5538,#4113,#4114);
#3309=AXIS2_PLACEMENT_3D('',#5539,#4115,#4116);
#3310=AXIS2_PLACEMENT_3D('',#5540,#4117,#4118);
#3311=AXIS2_PLACEMENT_3D('',#5541,#4119,#4120);
#3312=AXIS2_PLACEMENT_3D('',#5542,#4121,#4122);
#3313=AXIS2_PLACEMENT_3D('',#5543,#4123,#4124);
#3314=AXIS2_PLACEMENT_3D('',#5544,#4125,#4126);
#3315=AXIS2_PLACEMENT_3D('',#5545,#4127,#4128);
#3316=AXIS2_PLACEMENT_3D('',#5546,#4129,#4130);
#3317=AXIS2_PLACEMENT_3D('',#5547,#4131,#4132);
#3318=AXIS2_PLACEMENT_3D('',#5548,#4133,#4134);
#3319=AXIS2_PLACEMENT_3D('',#5549,#4135,#4136);
#3320=AXIS2_PLACEMENT_3D('',#5550,#4137,#4138);
#3321=AXIS2_PLACEMENT_3D('',#5566,#4139,#4140);
#3322=AXIS2_PLACEMENT_3D('',#5582,#4141,#4142);
#3323=AXIS2_PLACEMENT_3D('',#5583,#4143,#4144);
#3324=AXIS2_PLACEMENT_3D('',#5584,#4145,#4146);
#3325=AXIS2_PLACEMENT_3D('',#5585,#4147,#4148);
#3326=AXIS2_PLACEMENT_3D('',#5586,#4149,#4150);
#3327=AXIS2_PLACEMENT_3D('',#5587,#4151,#4152);
#3328=AXIS2_PLACEMENT_3D('',#5588,#4153,#4154);
#3329=AXIS2_PLACEMENT_3D('',#5589,#4155,#4156);
#3330=AXIS2_PLACEMENT_3D('',#5590,#4157,#4158);
#3331=AXIS2_PLACEMENT_3D('',#5591,#4159,#4160);
#3332=AXIS2_PLACEMENT_3D('',#5592,#4161,#4162);
#3333=AXIS2_PLACEMENT_3D('',#5593,#4163,#4164);
#3334=AXIS2_PLACEMENT_3D('',#5594,#4165,#4166);
#3335=AXIS2_PLACEMENT_3D('',#5595,#4167,#4168);
#3336=AXIS2_PLACEMENT_3D('',#5596,#4169,#4170);
#3337=AXIS2_PLACEMENT_3D('',#5597,#4171,#4172);
#3338=AXIS2_PLACEMENT_3D('',#5598,#4173,#4174);
#3339=AXIS2_PLACEMENT_3D('',#5599,#4175,#4176);
#3340=AXIS2_PLACEMENT_3D('',#5600,#4177,#4178);
#3341=AXIS2_PLACEMENT_3D('',#5601,#4179,#4180);
#3342=AXIS2_PLACEMENT_3D('',#5602,#4181,#4182);
#3343=AXIS2_PLACEMENT_3D('',#5603,#4183,#4184);
#3344=AXIS2_PLACEMENT_3D('',#5604,#4185,#4186);
#3345=AXIS2_PLACEMENT_3D('',#5605,#4187,#4188);
#3346=AXIS2_PLACEMENT_3D('',#5606,#4189,#4190);
#3347=AXIS2_PLACEMENT_3D('',#5607,#4191,#4192);
#3348=AXIS2_PLACEMENT_3D('',#5608,#4193,#4194);
#3349=AXIS2_PLACEMENT_3D('',#5609,#4195,#4196);
#3350=AXIS2_PLACEMENT_3D('',#5610,#4197,#4198);
#3351=AXIS2_PLACEMENT_3D('',#5611,#4199,#4200);
#3352=AXIS2_PLACEMENT_3D('',#5612,#4201,#4202);
#3353=AXIS2_PLACEMENT_3D('',#5613,#4203,#4204);
#3354=AXIS2_PLACEMENT_3D('',#5614,#4205,#4206);
#3355=AXIS2_PLACEMENT_3D('',#5615,#4207,#4208);
#3356=AXIS2_PLACEMENT_3D('',#5616,#4209,#4210);
#3357=AXIS2_PLACEMENT_3D('',#5617,#4211,#4212);
#3358=AXIS2_PLACEMENT_3D('',#5618,#4213,#4214);
#3359=AXIS2_PLACEMENT_3D('',#5619,#4215,#4216);
#3360=AXIS2_PLACEMENT_3D('',#5620,#4217,#4218);
#3361=AXIS2_PLACEMENT_3D('',#5621,#4219,#4220);
#3362=AXIS2_PLACEMENT_3D('',#5622,#4221,#4222);
#3363=AXIS2_PLACEMENT_3D('',#5623,#4223,#4224);
#3364=AXIS2_PLACEMENT_3D('',#5624,#4225,#4226);
#3365=AXIS2_PLACEMENT_3D('',#5625,#4227,#4228);
#3366=AXIS2_PLACEMENT_3D('',#5626,#4229,#4230);
#3367=AXIS2_PLACEMENT_3D('',#5627,#4231,#4232);
#3368=AXIS2_PLACEMENT_3D('',#5628,#4233,#4234);
#3369=AXIS2_PLACEMENT_3D('',#5629,#4235,#4236);
#3370=AXIS2_PLACEMENT_3D('',#5630,#4237,#4238);
#3371=AXIS2_PLACEMENT_3D('',#5631,#4239,#4240);
#3372=AXIS2_PLACEMENT_3D('',#5632,#4241,#4242);
#3373=AXIS2_PLACEMENT_3D('',#5633,#4243,#4244);
#3374=AXIS2_PLACEMENT_3D('',#5634,#4245,#4246);
#3375=AXIS2_PLACEMENT_3D('',#5635,#4247,#4248);
#3376=AXIS2_PLACEMENT_3D('',#5636,#4249,#4250);
#3377=AXIS2_PLACEMENT_3D('',#5637,#4251,#4252);
#3378=AXIS2_PLACEMENT_3D('',#5638,#4253,#4254);
#3379=AXIS2_PLACEMENT_3D('',#5639,#4255,#4256);
#3380=AXIS2_PLACEMENT_3D('',#5640,#4257,#4258);
#3381=AXIS2_PLACEMENT_3D('',#5641,#4259,#4260);
#3382=AXIS2_PLACEMENT_3D('',#5642,#4261,#4262);
#3383=AXIS2_PLACEMENT_3D('',#5643,#4263,#4264);
#3384=AXIS2_PLACEMENT_3D('',#5644,#4265,#4266);
#3385=AXIS2_PLACEMENT_3D('',#5645,#4267,#4268);
#3386=AXIS2_PLACEMENT_3D('',#5646,#4269,#4270);
#3387=AXIS2_PLACEMENT_3D('',#5647,#4271,#4272);
#3388=AXIS2_PLACEMENT_3D('',#5648,#4273,#4274);
#3389=AXIS2_PLACEMENT_3D('',#5649,#4275,#4276);
#3390=AXIS2_PLACEMENT_3D('',#5650,#4277,#4278);
#3391=AXIS2_PLACEMENT_3D('',#5651,#4279,#4280);
#3392=AXIS2_PLACEMENT_3D('',#5652,#4281,#4282);
#3393=AXIS2_PLACEMENT_3D('',#5653,#4283,#4284);
#3394=AXIS2_PLACEMENT_3D('',#5654,#4285,#4286);
#3395=AXIS2_PLACEMENT_3D('',#5655,#4287,#4288);
#3396=AXIS2_PLACEMENT_3D('',#5656,#4289,#4290);
#3397=AXIS2_PLACEMENT_3D('',#5657,#4291,#4292);
#3398=AXIS2_PLACEMENT_3D('',#5658,#4293,#4294);
#3399=AXIS2_PLACEMENT_3D('',#5659,#4295,#4296);
#3400=AXIS2_PLACEMENT_3D('',#5660,#4297,#4298);
#3401=AXIS2_PLACEMENT_3D('',#5661,#4299,#4300);
#3402=AXIS2_PLACEMENT_3D('',#5662,#4301,#4302);
#3403=AXIS2_PLACEMENT_3D('',#5663,#4303,#4304);
#3404=AXIS2_PLACEMENT_3D('',#5664,#4305,#4306);
#3405=AXIS2_PLACEMENT_3D('',#5665,#4307,#4308);
#3406=AXIS2_PLACEMENT_3D('',#5666,#4309,#4310);
#3407=AXIS2_PLACEMENT_3D('',#5667,#4311,#4312);
#3408=AXIS2_PLACEMENT_3D('',#5668,#4313,#4314);
#3409=AXIS2_PLACEMENT_3D('',#5669,#4315,#4316);
#3410=AXIS2_PLACEMENT_3D('',#5670,#4317,#4318);
#3411=AXIS2_PLACEMENT_3D('',#5671,#4319,#4320);
#3412=AXIS2_PLACEMENT_3D('',#5672,#4321,#4322);
#3413=AXIS2_PLACEMENT_3D('',#5673,#4323,#4324);
#3414=AXIS2_PLACEMENT_3D('',#5674,#4325,#4326);
#3415=AXIS2_PLACEMENT_3D('',#5675,#4327,#4328);
#3416=AXIS2_PLACEMENT_3D('',#5676,#4329,#4330);
#3417=AXIS2_PLACEMENT_3D('',#5677,#4331,#4332);
#3418=AXIS2_PLACEMENT_3D('',#5678,#4333,#4334);
#3419=AXIS2_PLACEMENT_3D('',#5679,#4335,#4336);
#3420=AXIS2_PLACEMENT_3D('',#5680,#4337,#4338);
#3421=AXIS2_PLACEMENT_3D('',#5681,#4339,#4340);
#3422=AXIS2_PLACEMENT_3D('',#5682,#4341,#4342);
#3423=AXIS2_PLACEMENT_3D('',#5683,#4343,#4344);
#3424=AXIS2_PLACEMENT_3D('',#5684,#4345,#4346);
#3425=AXIS2_PLACEMENT_3D('',#5685,#4347,#4348);
#3426=AXIS2_PLACEMENT_3D('',#5686,#4349,#4350);
#3427=AXIS2_PLACEMENT_3D('',#5687,#4351,#4352);
#3428=AXIS2_PLACEMENT_3D('',#5688,#4353,#4354);
#3429=AXIS2_PLACEMENT_3D('',#5689,#4355,#4356);
#3430=AXIS2_PLACEMENT_3D('',#5690,#4357,#4358);
#3431=AXIS2_PLACEMENT_3D('',#5691,#4359,#4360);
#3432=DIRECTION('',(0.,0.,1.));
#3433=DIRECTION('',(1.,0.,0.));
#3434=DIRECTION('',(0.,0.,-1.));
#3435=DIRECTION('',(0.,0.,1.));
#3436=DIRECTION('',(0.,0.,-1.));
#3437=DIRECTION('',(0.,0.,-1.));
#3438=DIRECTION('',(0.,0.,1.));
#3439=DIRECTION('',(0.,0.,1.));
#3440=DIRECTION('',(-1.,1.82358163567898E-16,0.));
#3441=DIRECTION('',(-1.82358163567898E-16,-1.,0.));
#3442=DIRECTION('',(1.82358163567898E-16,1.,0.));
#3443=DIRECTION('',(1.82358163567898E-16,1.,0.));
#3444=DIRECTION('',(0.,0.,-1.));
#3445=DIRECTION('',(0.,1.,0.));
#3446=DIRECTION('',(0.,0.,1.));
#3447=DIRECTION('',(-1.82358163567898E-16,-1.,0.));
#3448=DIRECTION('',(-1.,0.,0.));
#3449=DIRECTION('',(0.,0.,1.));
#3450=DIRECTION('',(-1.,0.,0.));
#3451=DIRECTION('',(0.,0.,1.));
#3452=DIRECTION('',(0.,1.,0.));
#3453=DIRECTION('',(-1.,0.,0.));
#3454=DIRECTION('',(0.,0.,1.));
#3455=DIRECTION('',(0.,0.,1.));
#3456=DIRECTION('',(-1.,0.,0.));
#3457=DIRECTION('',(0.,0.,1.));
#3458=DIRECTION('',(0.,-1.,0.));
#3459=DIRECTION('',(-1.,0.,0.));
#3460=DIRECTION('',(0.,0.,1.));
#3461=DIRECTION('',(0.,0.,1.));
#3462=DIRECTION('',(-1.,0.,0.));
#3463=DIRECTION('',(0.,0.,1.));
#3464=DIRECTION('',(0.,0.,1.));
#3465=DIRECTION('',(-1.,0.,0.));
#3466=DIRECTION('',(0.,0.,1.));
#3467=DIRECTION('',(0.,-1.,0.));
#3468=DIRECTION('',(-1.,0.,0.));
#3469=DIRECTION('',(0.,0.,1.));
#3470=DIRECTION('',(0.,0.,1.));
#3471=DIRECTION('',(-1.,0.,0.));
#3472=DIRECTION('',(0.,0.,1.));
#3473=DIRECTION('',(0.,1.,0.));
#3474=DIRECTION('',(-1.,0.,0.));
#3475=DIRECTION('',(0.,0.,1.));
#3476=DIRECTION('',(-1.,0.,0.));
#3477=DIRECTION('',(0.,0.,1.));
#3478=DIRECTION('',(0.,-1.,0.));
#3479=DIRECTION('',(-1.,0.,0.));
#3480=DIRECTION('',(0.,0.,1.));
#3481=DIRECTION('',(0.,0.,1.));
#3482=DIRECTION('',(-1.,0.,0.));
#3483=DIRECTION('',(0.,0.,1.));
#3484=DIRECTION('',(0.,1.,0.));
#3485=DIRECTION('',(0.,0.,1.));
#3486=DIRECTION('',(0.,1.,0.));
#3487=DIRECTION('',(-1.,0.,0.));
#3488=DIRECTION('',(0.,0.,1.));
#3489=DIRECTION('',(0.,0.,1.));
#3490=DIRECTION('',(-1.,0.,0.));
#3491=DIRECTION('',(0.,0.,1.));
#3492=DIRECTION('',(0.,-1.,0.));
#3493=DIRECTION('',(0.,0.,1.));
#3494=DIRECTION('',(0.,1.,0.));
#3495=DIRECTION('',(0.,0.,1.));
#3496=DIRECTION('',(0.,1.,0.));
#3497=DIRECTION('',(0.,0.,1.));
#3498=DIRECTION('',(0.,1.,0.));
#3499=DIRECTION('',(0.,0.,1.));
#3500=DIRECTION('',(0.,-1.,0.));
#3501=DIRECTION('',(-1.,0.,0.));
#3502=DIRECTION('',(0.,0.,1.));
#3503=DIRECTION('',(0.,0.,1.));
#3504=DIRECTION('',(-1.,0.,0.));
#3505=DIRECTION('',(0.,0.,1.));
#3506=DIRECTION('',(0.,1.,0.));
#3507=DIRECTION('',(0.,0.,1.));
#3508=DIRECTION('',(0.,1.,0.));
#3509=DIRECTION('',(-1.,0.,0.));
#3510=DIRECTION('',(0.,0.,1.));
#3511=DIRECTION('',(0.,0.,1.));
#3512=DIRECTION('',(0.,0.,-1.));
#3513=DIRECTION('',(1.,0.,0.));
#3514=DIRECTION('',(0.,1.,0.));
#3515=DIRECTION('',(-0.847003660961108,-0.531587056199153,0.));
#3516=DIRECTION('',(0.,0.,-1.));
#3517=DIRECTION('',(-1.,0.,0.));
#3518=DIRECTION('',(-0.866817258253075,0.498625952788884,0.));
#3519=DIRECTION('',(0.,1.,0.));
#3520=DIRECTION('',(1.,1.2245106889248E-16,0.));
#3521=DIRECTION('',(0.,1.,0.));
#3522=DIRECTION('',(-1.,-1.6326809185664E-16,0.));
#3523=DIRECTION('',(0.,0.,1.));
#3524=DIRECTION('',(1.,0.,0.));
#3525=DIRECTION('',(0.,0.,1.));
#3526=DIRECTION('',(1.,0.,0.));
#3527=DIRECTION('',(0.847003660961108,0.531587056199153,0.));
#3528=DIRECTION('',(0.,-1.,0.));
#3529=DIRECTION('',(-1.,-1.6326809185664E-16,0.));
#3530=DIRECTION('',(0.,-1.,0.));
#3531=DIRECTION('',(1.,1.2245106889248E-16,0.));
#3532=DIRECTION('',(0.,-1.,0.));
#3533=DIRECTION('',(0.866817258253075,-0.498625952788884,0.));
#3534=DIRECTION('',(0.,0.,-1.));
#3535=DIRECTION('',(-1.,0.,0.));
#3536=DIRECTION('',(0.,0.,-1.));
#3537=DIRECTION('',(0.,0.,-1.));
#3538=DIRECTION('',(-1.,0.,0.));
#3539=DIRECTION('',(0.,0.,-1.));
#3540=DIRECTION('',(0.,0.,1.));
#3541=DIRECTION('',(1.,0.,0.));
#3542=DIRECTION('',(1.6326809185664E-16,-1.,0.));
#3543=DIRECTION('',(1.,1.6326809185664E-16,0.));
#3544=DIRECTION('',(0.,0.,1.));
#3545=DIRECTION('',(-1.,-1.6326809185664E-16,0.));
#3546=DIRECTION('',(0.,0.,1.));
#3547=DIRECTION('',(-1.,-1.6326809185664E-16,0.));
#3548=DIRECTION('',(-1.2245106889248E-16,1.,0.));
#3549=DIRECTION('',(-1.,-1.2245106889248E-16,0.));
#3550=DIRECTION('',(0.,0.,1.));
#3551=DIRECTION('',(1.,1.2245106889248E-16,0.));
#3552=DIRECTION('',(0.,0.,1.));
#3553=DIRECTION('',(1.,1.2245106889248E-16,0.));
#3554=DIRECTION('',(0.,0.,-1.));
#3555=DIRECTION('',(1.,0.,0.));
#3556=DIRECTION('',(0.,1.,0.));
#3557=DIRECTION('',(1.,1.2245106889248E-16,0.));
#3558=DIRECTION('',(0.,0.,-1.));
#3559=DIRECTION('',(-1.,0.,0.));
#3560=DIRECTION('',(-6.12323399573677E-17,-1.,0.));
#3561=DIRECTION('',(0.,0.,-1.));
#3562=DIRECTION('',(-1.,0.,0.));
#3563=DIRECTION('',(-1.,-1.6326809185664E-16,0.));
#3564=DIRECTION('',(1.6326809185664E-16,-1.,0.));
#3565=DIRECTION('',(1.,1.6326809185664E-16,0.));
#3566=DIRECTION('',(0.,0.,1.));
#3567=DIRECTION('',(-1.,-1.6326809185664E-16,0.));
#3568=DIRECTION('',(0.,0.,1.));
#3569=DIRECTION('',(-1.,-1.6326809185664E-16,0.));
#3570=DIRECTION('',(-1.2245106889248E-16,1.,0.));
#3571=DIRECTION('',(-1.,-1.2245106889248E-16,0.));
#3572=DIRECTION('',(0.,0.,1.));
#3573=DIRECTION('',(1.,1.2245106889248E-16,0.));
#3574=DIRECTION('',(0.,0.,1.));
#3575=DIRECTION('',(1.,1.2245106889248E-16,0.));
#3576=DIRECTION('',(0.,0.,1.));
#3577=DIRECTION('',(1.,0.,0.));
#3578=DIRECTION('',(0.,0.,1.));
#3579=DIRECTION('',(1.,0.,0.));
#3580=DIRECTION('',(1.,1.2245106889248E-16,0.));
#3581=DIRECTION('',(0.,-1.,0.));
#3582=DIRECTION('',(-1.,-1.6326809185664E-16,0.));
#3583=DIRECTION('',(0.,0.,1.));
#3584=DIRECTION('',(1.,0.,0.));
#3585=DIRECTION('',(6.12323399573677E-17,1.,0.));
#3586=DIRECTION('',(-0.531587056199153,0.847003660961108,0.));
#3587=DIRECTION('',(-0.847003660961108,-0.531587056199153,0.));
#3588=DIRECTION('',(-0.531587056199153,0.847003660961108,0.));
#3589=DIRECTION('',(0.847003660961108,0.531587056199153,0.));
#3590=DIRECTION('',(0.,0.,1.));
#3591=DIRECTION('',(0.847003660961108,0.531587056199153,0.));
#3592=DIRECTION('',(0.,0.,-1.));
#3593=DIRECTION('',(-0.847003660961108,-0.531587056199153,0.));
#3594=DIRECTION('',(0.,0.,1.));
#3595=DIRECTION('',(0.847003660961108,0.531587056199153,0.));
#3596=DIRECTION('',(0.,0.,1.));
#3597=DIRECTION('',(-0.531587056199153,0.847003660961108,0.));
#3598=DIRECTION('',(-0.847003660961108,-0.531587056199153,0.));
#3599=DIRECTION('',(0.847003660961108,0.531587056199153,0.));
#3600=DIRECTION('',(-0.847003660961108,-0.531587056199153,0.));
#3601=DIRECTION('',(0.498625952788884,0.866817258253074,0.));
#3602=DIRECTION('',(-0.866817258253075,0.498625952788884,0.));
#3603=DIRECTION('',(0.866817258253075,-0.498625952788884,0.));
#3604=DIRECTION('',(0.,0.,1.));
#3605=DIRECTION('',(0.498625952788884,0.866817258253074,0.));
#3606=DIRECTION('',(-0.866817258253075,0.498625952788884,0.));
#3607=DIRECTION('',(-0.866817258253075,0.498625952788884,0.));
#3608=DIRECTION('',(0.866817258253075,-0.498625952788884,0.));
#3609=DIRECTION('',(0.498625952788884,0.866817258253074,0.));
#3610=DIRECTION('',(0.866817258253075,-0.498625952788884,0.));
#3611=DIRECTION('',(0.,0.,1.));
#3612=DIRECTION('',(-0.866817258253075,0.498625952788884,0.));
#3613=DIRECTION('',(0.,0.,1.));
#3614=DIRECTION('',(-0.866817258253075,0.498625952788884,0.));
#3615=DIRECTION('',(0.,0.,-1.));
#3616=DIRECTION('',(0.498625952788884,0.866817258253075,0.));
#3617=DIRECTION('',(-0.866817258253075,0.498625952788884,0.));
#3618=DIRECTION('',(0.866817258253074,-0.498625952788885,0.));
#3619=DIRECTION('',(0.498625952788884,0.866817258253075,0.));
#3620=DIRECTION('',(-0.866817258253075,0.498625952788884,0.));
#3621=DIRECTION('',(0.,0.,1.));
#3622=DIRECTION('',(0.498625952788884,0.866817258253075,0.));
#3623=DIRECTION('',(0.866817258253075,-0.498625952788884,0.));
#3624=DIRECTION('',(0.866817258253075,-0.498625952788884,0.));
#3625=DIRECTION('',(0.,0.,-1.));
#3626=DIRECTION('',(0.,0.,-1.));
#3627=DIRECTION('',(-0.866817258253075,0.498625952788884,0.));
#3628=DIRECTION('',(0.,0.,1.));
#3629=DIRECTION('',(0.,0.,1.));
#3630=DIRECTION('',(1.,0.,0.));
#3631=DIRECTION('',(-0.847003660961107,-0.531587056199153,0.));
#3632=DIRECTION('',(0.,1.,0.));
#3633=DIRECTION('',(0.,0.,1.));
#3634=DIRECTION('',(1.,0.,0.));
#3635=DIRECTION('',(0.535750466757852,-0.844376360024808,0.));
#3636=DIRECTION('',(-0.844376360024808,-0.535750466757852,0.));
#3637=DIRECTION('',(0.,0.,-1.));
#3638=DIRECTION('',(1.,0.,0.));
#3639=DIRECTION('',(0.,0.,-1.));
#3640=DIRECTION('',(-1.,0.,0.));
#3641=DIRECTION('',(0.,-1.,0.));
#3642=DIRECTION('',(-0.847003660961107,-0.531587056199153,0.));
#3643=DIRECTION('',(-0.844376360024808,-0.535750466757852,0.));
#3644=DIRECTION('',(0.,-1.,0.));
#3645=DIRECTION('',(0.,-1.22464679914735E-16,1.));
#3646=DIRECTION('',(0.,-1.,-1.22464679914735E-16));
#3647=DIRECTION('',(0.,1.,0.));
#3648=DIRECTION('',(0.,0.,-1.));
#3649=DIRECTION('',(-1.,0.,0.));
#3650=DIRECTION('',(1.82358163567898E-16,1.,0.));
#3651=DIRECTION('',(0.,-1.,0.));
#3652=DIRECTION('',(0.,0.,-1.));
#3653=DIRECTION('',(-1.,0.,0.));
#3654=DIRECTION('',(-1.,0.,0.));
#3655=DIRECTION('',(-1.91894189820443E-16,-1.,0.));
#3656=DIRECTION('',(0.,0.,-1.));
#3657=DIRECTION('',(-1.,0.,0.));
#3658=DIRECTION('',(0.,-1.,0.));
#3659=DIRECTION('',(0.,-1.,0.));
#3660=DIRECTION('',(0.,-1.,0.));
#3661=DIRECTION('',(1.91894189820443E-16,1.,0.));
#3662=DIRECTION('',(-1.,0.,0.));
#3663=DIRECTION('',(1.,-6.12323399573677E-17,0.));
#3664=DIRECTION('',(6.12323399573677E-17,1.,0.));
#3665=DIRECTION('',(0.,0.,1.));
#3666=DIRECTION('',(6.12323399573677E-17,1.,0.));
#3667=DIRECTION('',(0.,0.,1.));
#3668=DIRECTION('',(-6.12323399573677E-17,-1.,0.));
#3669=DIRECTION('',(0.535750466757852,-0.844376360024808,0.));
#3670=DIRECTION('',(0.844376360024808,0.535750466757852,0.));
#3671=DIRECTION('',(0.,0.,-1.));
#3672=DIRECTION('',(0.,0.,1.));
#3673=DIRECTION('',(0.844376360024808,0.535750466757852,0.));
#3674=DIRECTION('',(0.,0.,-1.));
#3675=DIRECTION('',(0.,-1.,-1.22464679914735E-16));
#3676=DIRECTION('',(0.,1.22464679914735E-16,-1.));
#3677=DIRECTION('',(0.291720424293766,-1.17137910875418E-16,0.956503629919858));
#3678=DIRECTION('',(-0.956503629919858,0.,0.291720424293766));
#3679=DIRECTION('',(0.958358863203647,3.86976380565671E-17,-0.285566611001729));
#3680=DIRECTION('',(-0.285566611001729,0.,-0.958358863203647));
#3681=DIRECTION('',(-0.285566611001729,1.17365111425684E-16,-0.958358863203647));
#3682=DIRECTION('',(-0.958358863203647,-3.49718236106633E-17,0.285566611001729));
#3683=DIRECTION('',(0.,-1.,-1.22464679914735E-16));
#3684=DIRECTION('',(0.,1.22464679914735E-16,-1.));
#3685=DIRECTION('',(3.35502298006639E-17,1.,1.12467563187002E-16));
#3686=DIRECTION('',(0.,-1.12467563187002E-16,1.));
#3687=DIRECTION('',(0.,-1.,-1.22464679914735E-16));
#3688=DIRECTION('',(0.,-1.,-1.22464679914735E-16));
#3689=DIRECTION('',(-0.948683298050514,-3.87267321454038E-17,0.316227766016837));
#3690=DIRECTION('',(-0.316227766016837,1.16180196436212E-16,-0.948683298050514));
#3691=DIRECTION('',(0.316227766016837,-1.16180196436212E-16,0.948683298050514));
#3692=DIRECTION('',(-0.316227766016837,1.16180196436212E-16,-0.948683298050514));
#3693=DIRECTION('',(0.,1.,1.22464679914735E-16));
#3694=DIRECTION('',(0.958358863203647,3.49718236106624E-17,-0.285566611001729));
#3695=DIRECTION('',(-0.285566611001729,0.,-0.958358863203647));
#3696=DIRECTION('',(0.291720424293766,-1.17137910875418E-16,0.956503629919858));
#3697=DIRECTION('',(-0.956503629919858,0.,0.291720424293766));
#3698=DIRECTION('',(-0.285566611001729,1.17365111425684E-16,-0.958358863203647));
#3699=DIRECTION('',(-0.958358863203647,-3.49718236106633E-17,0.285566611001729));
#3700=DIRECTION('',(0.,0.,1.));
#3701=DIRECTION('',(1.,0.,0.));
#3702=DIRECTION('',(-1.,0.,0.));
#3703=DIRECTION('',(0.,0.,1.));
#3704=DIRECTION('',(0.,1.,1.22464679914735E-16));
#3705=DIRECTION('',(0.,-1.22464679914735E-16,1.));
#3706=DIRECTION('',(-0.316227766016837,1.16180196436212E-16,-0.948683298050514));
#3707=DIRECTION('',(-0.948683298050514,0.,0.316227766016837));
#3708=DIRECTION('',(0.,1.,1.22464679914735E-16));
#3709=DIRECTION('',(0.,-1.22464679914735E-16,1.));
#3710=DIRECTION('',(0.,1.,1.22464679914735E-16));
#3711=DIRECTION('',(0.,1.,1.22464679914735E-16));
#3712=DIRECTION('',(0.,-1.22464679914735E-16,1.));
#3713=DIRECTION('',(0.,0.,1.));
#3714=DIRECTION('',(1.,0.,0.));
#3715=DIRECTION('',(1.,0.,0.));
#3716=DIRECTION('',(0.,0.,-1.));
#3717=DIRECTION('',(-0.316227766016837,1.16180196436212E-16,-0.948683298050514));
#3718=DIRECTION('',(-0.948683298050514,0.,0.316227766016837));
#3719=DIRECTION('',(-0.316227766016837,1.16180196436212E-16,-0.948683298050514));
#3720=DIRECTION('',(0.948683298050514,3.87267321454038E-17,-0.316227766016837));
#3721=DIRECTION('',(0.316227766016837,-1.16180196436212E-16,0.948683298050514));
#3722=DIRECTION('',(0.958358863203647,3.49718236106624E-17,-0.285566611001729));
#3723=DIRECTION('',(-0.285566611001729,0.,-0.958358863203647));
#3724=DIRECTION('',(-0.958358863203647,-3.49718236106624E-17,0.285566611001729));
#3725=DIRECTION('',(-0.958358863203647,-3.49718236106624E-17,0.285566611001729));
#3726=DIRECTION('',(-0.285566611001729,1.17365111425684E-16,-0.958358863203647));
#3727=DIRECTION('',(0.,1.,1.22464679914735E-16));
#3728=DIRECTION('',(0.,-1.,-1.22464679914735E-16));
#3729=DIRECTION('',(0.958358863203647,3.49718236106624E-17,-0.285566611001729));
#3730=DIRECTION('',(0.958358863203647,3.49718236106624E-17,-0.285566611001729));
#3731=DIRECTION('',(-0.285566611001729,0.,-0.958358863203647));
#3732=DIRECTION('',(0.958358863203647,3.49718236106624E-17,-0.285566611001729));
#3733=DIRECTION('',(-0.316227766016837,1.16180196436212E-16,-0.948683298050514));
#3734=DIRECTION('',(0.948683298050514,3.87267321454038E-17,-0.316227766016837));
#3735=DIRECTION('',(-0.316227766016837,1.16180196436212E-16,-0.948683298050514));
#3736=DIRECTION('',(-1.,0.,0.));
#3737=DIRECTION('',(0.,1.22464679914735E-16,-1.));
#3738=DIRECTION('',(-1.,0.,0.));
#3739=DIRECTION('',(-1.,0.,0.));
#3740=DIRECTION('',(1.,0.,0.));
#3741=DIRECTION('',(0.,0.,-1.));
#3742=DIRECTION('',(0.,-1.22464679914735E-16,1.));
#3743=DIRECTION('',(1.,0.,0.));
#3744=DIRECTION('',(-1.,0.,0.));
#3745=DIRECTION('',(0.,1.,1.22464679914735E-16));
#3746=DIRECTION('',(1.,0.,0.));
#3747=DIRECTION('',(0.,-1.22464679914735E-16,1.));
#3748=DIRECTION('',(-1.,0.,0.));
#3749=DIRECTION('',(1.,0.,0.));
#3750=DIRECTION('',(0.,0.,-1.));
#3751=DIRECTION('',(0.,-1.,-1.22464679914735E-16));
#3752=DIRECTION('',(0.,1.22464679914735E-16,-1.));
#3753=DIRECTION('',(0.,0.,-1.));
#3754=DIRECTION('',(-1.,0.,0.));
#3755=DIRECTION('',(0.,-1.22464679914735E-16,1.));
#3756=DIRECTION('',(0.,-1.22464679914735E-16,1.));
#3757=DIRECTION('',(0.,0.,-1.));
#3758=DIRECTION('',(1.,0.,0.));
#3759=DIRECTION('',(0.,-1.22464679914735E-16,1.));
#3760=DIRECTION('',(0.,-1.,-1.22464679914735E-16));
#3761=DIRECTION('',(0.,0.,-1.));
#3762=DIRECTION('',(-1.,0.,0.));
#3763=DIRECTION('',(1.82358163567898E-16,1.,0.));
#3764=DIRECTION('',(0.,0.,-1.));
#3765=DIRECTION('',(-1.,0.,0.));
#3766=DIRECTION('',(0.,-1.22464679914735E-16,1.));
#3767=DIRECTION('',(-0.70671481161101,0.707498533602448,0.));
#3768=DIRECTION('',(0.,-1.22464679914735E-16,1.));
#3769=DIRECTION('',(0.,-1.22464679914735E-16,1.));
#3770=DIRECTION('',(0.,-1.,-1.22464679914735E-16));
#3771=DIRECTION('',(0.,1.22464679914735E-16,-1.));
#3772=DIRECTION('',(0.,-1.22464679914735E-16,1.));
#3773=DIRECTION('',(1.,0.,0.));
#3774=DIRECTION('',(0.,1.22464679914735E-16,-1.));
#3775=DIRECTION('',(0.,-1.22464679914735E-16,1.));
#3776=DIRECTION('',(0.,0.,-1.));
#3777=DIRECTION('',(1.,0.,0.));
#3778=DIRECTION('',(0.,-1.,0.));
#3779=DIRECTION('',(0.,-1.22464679914735E-16,1.));
#3780=DIRECTION('',(0.,-1.,-1.22464679914735E-16));
#3781=DIRECTION('',(0.,-1.,0.));
#3782=DIRECTION('',(0.,-1.,0.));
#3783=DIRECTION('',(0.,0.,-1.));
#3784=DIRECTION('',(-0.730827100539353,0.,0.682562633841938));
#3785=DIRECTION('',(0.,-1.,0.));
#3786=DIRECTION('',(0.,0.,-1.));
#3787=DIRECTION('',(-0.930276061322485,0.,0.3668602591319));
#3788=DIRECTION('',(0.,-1.,0.));
#3789=DIRECTION('',(0.,0.,-1.));
#3790=DIRECTION('',(-0.730827100539353,0.,0.682562633841938));
#3791=DIRECTION('',(0.930276061322485,0.,-0.3668602591319));
#3792=DIRECTION('',(0.,-1.,0.));
#3793=DIRECTION('',(0.,0.,-1.));
#3794=DIRECTION('',(-0.3668602591319,0.,-0.930276061322485));
#3795=DIRECTION('',(0.,1.,0.));
#3796=DIRECTION('',(0.,1.,0.));
#3797=DIRECTION('',(0.,-1.,0.));
#3798=DIRECTION('',(0.,0.,-1.));
#3799=DIRECTION('',(1.,0.,0.));
#3800=DIRECTION('',(0.,0.,-1.));
#3801=DIRECTION('',(0.,-1.,0.));
#3802=DIRECTION('',(0.,0.,-1.));
#3803=DIRECTION('',(0.,0.,1.));
#3804=DIRECTION('',(1.,0.,0.));
#3805=DIRECTION('',(0.,-1.,0.));
#3806=DIRECTION('',(-1.,0.,0.));
#3807=DIRECTION('',(-1.91894189820443E-16,-1.,0.));
#3808=DIRECTION('',(-1.,0.,0.));
#3809=DIRECTION('',(0.,0.,-1.));
#3810=DIRECTION('',(-1.,0.,0.));
#3811=DIRECTION('',(0.,0.,-1.));
#3812=DIRECTION('',(0.,0.,1.));
#3813=DIRECTION('',(1.,0.,0.));
#3814=DIRECTION('',(0.,0.,1.));
#3815=DIRECTION('',(1.,0.,0.));
#3816=DIRECTION('',(-1.,0.,0.));
#3817=DIRECTION('',(-1.91894189820443E-16,-1.,0.));
#3818=DIRECTION('',(-1.,0.,0.));
#3819=DIRECTION('',(0.,0.,1.));
#3820=DIRECTION('',(1.,0.,0.));
#3821=DIRECTION('',(0.,0.,1.));
#3822=DIRECTION('',(1.,0.,0.));
#3823=DIRECTION('',(0.,0.,-1.));
#3824=DIRECTION('',(0.,-1.22464679914735E-16,1.));
#3825=DIRECTION('',(0.,-1.22464679914735E-16,1.));
#3826=DIRECTION('',(0.,-1.22464679914735E-16,1.));
#3827=DIRECTION('',(-0.727960730300671,-0.685618826418961,0.));
#3828=DIRECTION('',(0.,-1.22464679914735E-16,1.));
#3829=DIRECTION('',(-1.,0.,0.));
#3830=DIRECTION('',(0.,0.,1.));
#3831=DIRECTION('',(0.,0.,1.));
#3832=DIRECTION('',(-1.,1.91894189820443E-16,0.));
#3833=DIRECTION('',(-1.91894189820443E-16,-1.,0.));
#3834=DIRECTION('',(0.,0.,1.));
#3835=DIRECTION('',(-1.91894189820443E-16,-1.,0.));
#3836=DIRECTION('',(0.,0.,-1.));
#3837=DIRECTION('',(0.,-1.,0.));
#3838=DIRECTION('',(0.,0.,-1.));
#3839=DIRECTION('',(-0.682562633841938,0.,-0.730827100539353));
#3840=DIRECTION('',(0.,1.,0.));
#3841=DIRECTION('',(0.730827100539353,0.,-0.682562633841938));
#3842=DIRECTION('',(0.,1.,0.));
#3843=DIRECTION('',(0.,0.,1.));
#3844=DIRECTION('',(1.,0.,0.));
#3845=DIRECTION('',(0.,0.,-1.));
#3846=DIRECTION('',(-1.,0.,0.));
#3847=DIRECTION('',(-1.,1.91894189820443E-16,0.));
#3848=DIRECTION('',(-1.91894189820443E-16,-1.,0.));
#3849=DIRECTION('',(0.,0.,-1.));
#3850=DIRECTION('',(-1.91894189820443E-16,-1.,0.));
#3851=DIRECTION('',(0.,0.,1.));
#3852=DIRECTION('',(0.,0.,1.));
#3853=DIRECTION('',(-0.498625952788884,-0.866817258253075,0.));
#3854=DIRECTION('',(0.866817258253075,-0.498625952788884,0.));
#3855=DIRECTION('',(0.260350568867657,-0.965514153852903,0.));
#3856=DIRECTION('',(-0.965514153852903,-0.260350568867657,0.));
#3857=DIRECTION('',(-0.498625952788884,-0.866817258253075,0.));
#3858=DIRECTION('',(-0.965514153852903,-0.260350568867657,0.));
#3859=DIRECTION('',(0.260350568867657,-0.965514153852903,0.));
#3860=DIRECTION('',(-0.498625952788884,-0.866817258253075,0.));
#3861=DIRECTION('',(1.,0.,0.));
#3862=DIRECTION('',(0.,0.,-1.));
#3863=DIRECTION('',(1.,0.,0.));
#3864=DIRECTION('',(0.707106781186548,0.707106781186548,0.));
#3865=DIRECTION('',(0.707106781186548,-0.707106781186548,0.));
#3866=DIRECTION('',(1.,0.,0.));
#3867=DIRECTION('',(0.966130751568615,-0.258053038876629,0.));
#3868=DIRECTION('',(-0.258053038876628,-0.966130751568615,0.));
#3869=DIRECTION('',(1.91894189820443E-16,1.,0.));
#3870=DIRECTION('',(-1.,1.91894189820443E-16,0.));
#3871=DIRECTION('',(-0.707106781186548,0.707106781186548,0.));
#3872=DIRECTION('',(0.707106781186548,0.707106781186548,0.));
#3873=DIRECTION('',(-1.91894189820443E-16,-1.,0.));
#3874=DIRECTION('',(-1.,0.,0.));
#3875=DIRECTION('',(0.,0.,1.));
#3876=DIRECTION('',(-1.,0.,0.));
#3877=DIRECTION('',(-1.,0.,0.));
#3878=DIRECTION('',(-0.966130751568615,0.258053038876629,0.));
#3879=DIRECTION('',(-0.258053038876629,-0.966130751568615,0.));
#3880=DIRECTION('',(0.535750466757852,-0.844376360024808,0.));
#3881=DIRECTION('',(0.844376360024808,0.535750466757852,0.));
#3882=DIRECTION('',(-0.220633009480374,-0.975356896283424,0.));
#3883=DIRECTION('',(-0.975356896283424,0.220633009480374,0.));
#3884=DIRECTION('',(0.535750466757852,-0.844376360024808,0.));
#3885=DIRECTION('',(0.97589703811549,-0.21823146197882,0.));
#3886=DIRECTION('',(-0.21823146197882,-0.97589703811549,0.));
#3887=DIRECTION('',(0.535750466757852,-0.844376360024808,0.));
#3888=DIRECTION('',(1.,0.,0.));
#3889=DIRECTION('',(0.,0.,-1.));
#3890=DIRECTION('',(-1.,0.,0.));
#3891=DIRECTION('',(0.707106781186548,0.707106781186548,0.));
#3892=DIRECTION('',(0.707106781186548,-0.707106781186548,0.));
#3893=DIRECTION('',(-1.,0.,0.));
#3894=DIRECTION('',(0.960306294893668,0.278947701169227,0.));
#3895=DIRECTION('',(-0.278947701169227,0.960306294893668,0.));
#3896=DIRECTION('',(1.91894189820443E-16,1.,0.));
#3897=DIRECTION('',(-1.,1.91894189820443E-16,0.));
#3898=DIRECTION('',(-0.707106781186548,0.707106781186548,0.));
#3899=DIRECTION('',(0.707106781186548,0.707106781186548,0.));
#3900=DIRECTION('',(-1.91894189820443E-16,-1.,0.));
#3901=DIRECTION('',(-1.,0.,0.));
#3902=DIRECTION('',(0.,0.,1.));
#3903=DIRECTION('',(1.,0.,0.));
#3904=DIRECTION('',(1.,0.,0.));
#3905=DIRECTION('',(-0.960990026212839,-0.276583024640787,0.));
#3906=DIRECTION('',(-0.276583024640787,0.960990026212839,0.));
#3907=DIRECTION('',(0.707106781186547,0.,0.707106781186548));
#3908=DIRECTION('',(0.,1.,0.));
#3909=DIRECTION('',(-0.707106781186548,0.,0.707106781186548));
#3910=DIRECTION('',(0.,1.,0.));
#3911=DIRECTION('',(0.,1.,0.));
#3912=DIRECTION('',(0.,0.,1.));
#3913=DIRECTION('',(-1.,0.,0.));
#3914=DIRECTION('',(-1.82358163567898E-16,-1.,0.));
#3915=DIRECTION('',(1.,-1.82358163567898E-16,0.));
#3916=DIRECTION('',(-0.707106781186548,-0.707106781186548,0.));
#3917=DIRECTION('',(-0.707106781186548,0.707106781186548,0.));
#3918=DIRECTION('',(-1.82358163567898E-16,-1.,0.));
#3919=DIRECTION('',(0.,1.,0.));
#3920=DIRECTION('',(0.,0.,1.));
#3921=DIRECTION('',(7.94898766439755E-17,1.,0.));
#3922=DIRECTION('',(-1.,7.94898766439756E-17,0.));
#3923=DIRECTION('',(0.,-1.,0.));
#3924=DIRECTION('',(0.,0.,1.));
#3925=DIRECTION('',(1.,0.,0.));
#3926=DIRECTION('',(0.,0.,1.));
#3927=DIRECTION('',(1.,0.,0.));
#3928=DIRECTION('',(-1.82358163567898E-16,-1.,0.));
#3929=DIRECTION('',(1.,-1.82358163567898E-16,0.));
#3930=DIRECTION('',(-1.82358163567898E-16,-1.,0.));
#3931=DIRECTION('',(-0.707106781186548,0.707106781186548,0.));
#3932=DIRECTION('',(-0.707106781186548,-0.707106781186548,0.));
#3933=DIRECTION('',(-1.82358163567898E-16,-1.,0.));
#3934=DIRECTION('',(0.,1.,0.));
#3935=DIRECTION('',(0.,0.,1.));
#3936=DIRECTION('',(0.,0.,1.));
#3937=DIRECTION('',(1.,0.,0.));
#3938=DIRECTION('',(0.,0.,1.));
#3939=DIRECTION('',(1.,0.,0.));
#3940=DIRECTION('',(0.,0.,1.));
#3941=DIRECTION('',(1.,0.,0.));
#3942=DIRECTION('',(-0.866817258253075,0.498625952788884,0.));
#3943=DIRECTION('',(-0.498625952788884,-0.866817258253075,0.));
#3944=DIRECTION('',(-0.866817258253075,0.498625952788884,0.));
#3945=DIRECTION('',(0.,1.,0.));
#3946=DIRECTION('',(0.,0.,1.));
#3947=DIRECTION('',(-1.,1.82358163567898E-16,0.));
#3948=DIRECTION('',(-1.82358163567898E-16,-1.,0.));
#3949=DIRECTION('',(0.,1.,0.));
#3950=DIRECTION('',(0.,0.,1.));
#3951=DIRECTION('',(0.844376360024808,0.535750466757852,0.));
#3952=DIRECTION('',(-0.535750466757852,0.844376360024808,0.));
#3953=DIRECTION('',(0.844376360024808,0.535750466757852,0.));
#3954=DIRECTION('',(-0.847003660961108,-0.531587056199153,0.));
#3955=DIRECTION('',(0.531587056199153,-0.847003660961108,0.));
#3956=DIRECTION('',(-0.847003660961108,-0.531587056199153,0.));
#3957=DIRECTION('',(0.,-1.,0.));
#3958=DIRECTION('',(0.,0.,-1.));
#3959=DIRECTION('',(0.,-1.,0.));
#3960=DIRECTION('',(0.,0.,-1.));
#3961=DIRECTION('',(0.,0.,1.));
#3962=DIRECTION('',(1.,0.,0.));
#3963=DIRECTION('',(0.,-1.,0.));
#3964=DIRECTION('',(1.,1.2245106889248E-16,0.));
#3965=DIRECTION('',(0.,0.,1.));
#3966=DIRECTION('',(1.,0.,0.));
#3967=DIRECTION('',(-2.56996070515082E-16,1.,0.));
#3968=DIRECTION('',(0.,0.,1.));
#3969=DIRECTION('',(1.,0.,0.));
#3970=DIRECTION('',(-1.,-1.6326809185664E-16,0.));
#3971=DIRECTION('',(-1.,0.,0.));
#3972=DIRECTION('',(1.,0.,0.));
#3973=DIRECTION('',(-0.866817258253075,0.498625952788884,0.));
#3974=DIRECTION('',(0.,0.,-1.));
#3975=DIRECTION('',(1.,0.,0.));
#3976=DIRECTION('',(0.,1.,0.));
#3977=DIRECTION('',(-1.,-1.6326809185664E-16,0.));
#3978=DIRECTION('',(0.,0.,-1.));
#3979=DIRECTION('',(-1.,0.,0.));
#3980=DIRECTION('',(-2.56996070515082E-16,1.,0.));
#3981=DIRECTION('',(0.,0.,-1.));
#3982=DIRECTION('',(-1.,0.,0.));
#3983=DIRECTION('',(1.,1.2245106889248E-16,0.));
#3984=DIRECTION('',(0.866817258253075,-0.498625952788884,0.));
#3985=DIRECTION('',(0.498625952788884,0.866817258253075,0.));
#3986=DIRECTION('',(-0.866817258253075,0.498625952788884,0.));
#3987=DIRECTION('',(-0.498625952788884,-0.866817258253075,0.));
#3988=DIRECTION('',(-0.498625952788884,-0.866817258253075,0.));
#3989=DIRECTION('',(-0.844376360024808,-0.535750466757852,0.));
#3990=DIRECTION('',(0.535750466757852,-0.844376360024808,0.));
#3991=DIRECTION('',(0.,0.,1.));
#3992=DIRECTION('',(1.,0.,0.));
#3993=DIRECTION('',(0.,0.,1.));
#3994=DIRECTION('',(1.,0.,0.));
#3995=DIRECTION('',(0.,1.,0.));
#3996=DIRECTION('',(0.,0.,-1.));
#3997=DIRECTION('',(-1.,0.,0.));
#3998=DIRECTION('',(0.,0.,1.));
#3999=DIRECTION('',(0.,0.,-1.));
#4000=DIRECTION('',(-1.,0.,0.));
#4001=DIRECTION('',(0.,0.,1.));
#4002=DIRECTION('',(1.,0.,0.));
#4003=DIRECTION('',(-1.,-2.56996070515082E-16,0.));
#4004=DIRECTION('',(2.56996070515082E-16,-1.,0.));
#4005=DIRECTION('',(0.,0.,1.));
#4006=DIRECTION('',(-2.56996070515082E-16,1.,0.));
#4007=DIRECTION('',(-2.56996070515082E-16,1.,0.));
#4008=DIRECTION('',(0.,0.,-1.));
#4009=DIRECTION('',(-1.,0.,0.));
#4010=DIRECTION('',(0.,0.,-1.));
#4011=DIRECTION('',(-1.,0.,0.));
#4012=DIRECTION('',(0.,0.,1.));
#4013=DIRECTION('',(1.,0.,0.));
#4014=DIRECTION('',(-1.2245106889248E-16,1.,0.));
#4015=DIRECTION('',(-1.,-1.2245106889248E-16,0.));
#4016=DIRECTION('',(0.,0.,1.));
#4017=DIRECTION('',(1.,1.2245106889248E-16,0.));
#4018=DIRECTION('',(0.,0.,1.));
#4019=DIRECTION('',(1.,1.2245106889248E-16,0.));
#4020=DIRECTION('',(1.6326809185664E-16,-1.,0.));
#4021=DIRECTION('',(1.,1.6326809185664E-16,0.));
#4022=DIRECTION('',(0.,0.,1.));
#4023=DIRECTION('',(-1.,-1.6326809185664E-16,0.));
#4024=DIRECTION('',(0.,0.,1.));
#4025=DIRECTION('',(-1.,-1.6326809185664E-16,0.));
#4026=DIRECTION('',(-0.531587056199153,0.847003660961107,0.));
#4027=DIRECTION('',(-0.847003660961107,-0.531587056199154,0.));
#4028=DIRECTION('',(-0.531587056199153,0.847003660961107,0.));
#4029=DIRECTION('',(-0.847003660961107,-0.531587056199154,0.));
#4030=DIRECTION('',(0.,0.,1.));
#4031=DIRECTION('',(-0.531587056199153,0.847003660961107,0.));
#4032=DIRECTION('',(0.847003660961107,0.531587056199154,0.));
#4033=DIRECTION('',(0.,1.,0.));
#4034=DIRECTION('',(0.,0.,1.));
#4035=DIRECTION('',(0.,1.,0.));
#4036=DIRECTION('',(0.,0.,1.));
#4037=DIRECTION('',(0.,-1.,0.));
#4038=DIRECTION('',(0.,0.,-1.));
#4039=DIRECTION('',(0.,0.,-1.));
#4040=DIRECTION('',(-1.,0.,0.));
#4041=DIRECTION('',(0.,0.707106781186548,-0.707106781186548));
#4042=DIRECTION('',(0.,-0.707106781186548,-0.707106781186548));
#4043=DIRECTION('',(0.,-0.707106781186548,-0.707106781186548));
#4044=DIRECTION('',(0.,0.707106781186548,-0.707106781186548));
#4045=DIRECTION('',(0.,0.,-1.));
#4046=DIRECTION('',(-1.,0.,0.));
#4047=DIRECTION('',(0.,0.,-1.));
#4048=DIRECTION('',(-1.,0.,0.));
#4049=DIRECTION('',(0.,0.,1.));
#4050=DIRECTION('',(1.,0.,0.));
#4051=DIRECTION('',(0.,-1.,0.));
#4052=DIRECTION('',(0.,0.,-1.));
#4053=DIRECTION('',(0.,-1.,0.));
#4054=DIRECTION('',(0.,0.,-1.));
#4055=DIRECTION('',(0.,0.707106781186548,0.707106781186548));
#4056=DIRECTION('',(0.,-0.707106781186548,0.707106781186548));
#4057=DIRECTION('',(0.,0.707106781186548,0.707106781186548));
#4058=DIRECTION('',(0.,-0.707106781186548,0.707106781186548));
#4059=DIRECTION('',(0.,0.707106781186548,-0.707106781186548));
#4060=DIRECTION('',(0.,-0.707106781186548,-0.707106781186548));
#4061=DIRECTION('',(0.,1.,0.));
#4062=DIRECTION('',(0.,0.,1.));
#4063=DIRECTION('',(0.,1.,0.));
#4064=DIRECTION('',(0.,0.,1.));
#4065=DIRECTION('',(0.,-0.707106781186548,0.707106781186548));
#4066=DIRECTION('',(0.,0.707106781186548,0.707106781186548));
#4067=DIRECTION('',(0.,0.,1.));
#4068=DIRECTION('',(1.,0.,0.));
#4069=DIRECTION('',(0.,0.,1.));
#4070=DIRECTION('',(1.,0.,0.));
#4071=DIRECTION('',(0.,0.,-1.));
#4072=DIRECTION('',(-1.,0.,0.));
#4073=DIRECTION('',(0.,0.,1.));
#4074=DIRECTION('',(1.,0.,0.));
#4075=DIRECTION('',(0.,0.,-1.));
#4076=DIRECTION('',(-1.,0.,0.));
#4077=DIRECTION('',(0.866817258253075,-0.498625952788884,0.));
#4078=DIRECTION('',(0.498625952788884,0.866817258253075,0.));
#4079=DIRECTION('',(-0.866817258253074,0.498625952788885,0.));
#4080=DIRECTION('',(-0.498625952788885,-0.866817258253074,0.));
#4081=DIRECTION('',(0.,0.,1.));
#4082=DIRECTION('',(1.,0.,0.));
#4083=DIRECTION('',(0.,-0.707106781186548,0.707106781186548));
#4084=DIRECTION('',(0.,0.707106781186548,0.707106781186548));
#4085=DIRECTION('',(-0.866817258253075,0.498625952788884,0.));
#4086=DIRECTION('',(-0.498625952788884,-0.866817258253075,0.));
#4087=DIRECTION('',(-0.866817258253076,0.498625952788881,4.32489073017088E-15));
#4088=DIRECTION('',(-0.498625952788881,-0.866817258253077,0.));
#4089=DIRECTION('',(0.,0.,1.));
#4090=DIRECTION('',(1.,0.,0.));
#4091=DIRECTION('',(0.,0.,-1.));
#4092=DIRECTION('',(-1.,0.,0.));
#4093=DIRECTION('',(-0.754739781503954,-0.65602428477562,0.));
#4094=DIRECTION('',(-0.65602428477562,0.754739781503954,0.));
#4095=DIRECTION('',(0.,0.,-1.));
#4096=DIRECTION('',(-1.,0.,0.));
#4097=DIRECTION('',(0.,1.,0.));
#4098=DIRECTION('',(0.,0.,1.));
#4099=DIRECTION('',(0.,-0.707106781186548,-0.707106781186548));
#4100=DIRECTION('',(0.,0.707106781186548,-0.707106781186548));
#4101=DIRECTION('',(0.,0.,1.));
#4102=DIRECTION('',(1.,0.,0.));
#4103=DIRECTION('',(-0.754739781503954,-0.65602428477562,0.));
#4104=DIRECTION('',(0.65602428477562,-0.754739781503954,0.));
#4105=DIRECTION('',(0.,1.,0.));
#4106=DIRECTION('',(0.,0.,1.));
#4107=DIRECTION('',(0.,-1.,0.));
#4108=DIRECTION('',(0.,0.,-1.));
#4109=DIRECTION('',(-0.847003660961108,-0.531587056199153,0.));
#4110=DIRECTION('',(0.531587056199153,-0.847003660961108,0.));
#4111=DIRECTION('',(-0.847003660961109,-0.531587056199151,0.));
#4112=DIRECTION('',(0.531587056199151,-0.847003660961109,0.));
#4113=DIRECTION('',(0.,0.,-1.));
#4114=DIRECTION('',(-1.,0.,0.));
#4115=DIRECTION('',(0.,0.,1.));
#4116=DIRECTION('',(1.,0.,0.));
#4117=DIRECTION('',(0.,0.,-1.));
#4118=DIRECTION('',(-1.,0.,0.));
#4119=DIRECTION('',(0.,0.,-1.));
#4120=DIRECTION('',(-1.,0.,0.));
#4121=DIRECTION('',(0.847003660961108,0.531587056199153,0.));
#4122=DIRECTION('',(-0.531587056199153,0.847003660961108,0.));
#4123=DIRECTION('',(-0.847003660961107,-0.531587056199153,0.));
#4124=DIRECTION('',(0.531587056199153,-0.847003660961108,0.));
#4125=DIRECTION('',(0.,-1.,0.));
#4126=DIRECTION('',(0.,0.,-1.));
#4127=DIRECTION('',(0.,-1.,0.));
#4128=DIRECTION('',(0.,0.,-1.));
#4129=DIRECTION('',(0.,0.,1.));
#4130=DIRECTION('',(1.,0.,0.));
#4131=DIRECTION('',(0.,0.,1.));
#4132=DIRECTION('',(1.,0.,0.));
#4133=DIRECTION('',(0.,0.,-1.));
#4134=DIRECTION('',(-1.,0.,0.));
#4135=DIRECTION('',(-1.,0.,0.));
#4136=DIRECTION('',(0.,0.,1.));
#4137=DIRECTION('',(-1.,0.,0.));
#4138=DIRECTION('',(0.,0.,1.));
#4139=DIRECTION('',(0.782135991601932,-0.623107768079377,0.));
#4140=DIRECTION('',(0.623107768079377,0.782135991601932,0.));
#4141=DIRECTION('',(0.782135991601932,-0.623107768079377,0.));
#4142=DIRECTION('',(-0.623107768079377,-0.782135991601932,0.));
#4143=DIRECTION('',(-1.,0.,0.));
#4144=DIRECTION('',(0.,0.,1.));
#4145=DIRECTION('',(-1.,0.,0.));
#4146=DIRECTION('',(0.,0.,1.));
#4147=DIRECTION('',(1.,1.2245106889248E-16,0.));
#4148=DIRECTION('',(-1.2245106889248E-16,1.,0.));
#4149=DIRECTION('',(-1.,0.,0.));
#4150=DIRECTION('',(0.,0.,1.));
#4151=DIRECTION('',(0.,1.,0.));
#4152=DIRECTION('',(0.,0.,1.));
#4153=DIRECTION('',(0.,1.,0.));
#4154=DIRECTION('',(0.,0.,1.));
#4155=DIRECTION('',(0.,0.,1.));
#4156=DIRECTION('',(1.,0.,0.));
#4157=DIRECTION('',(0.,0.,-1.));
#4158=DIRECTION('',(-1.,0.,0.));
#4159=DIRECTION('',(0.,0.,1.));
#4160=DIRECTION('',(1.,0.,0.));
#4161=DIRECTION('',(0.,-1.,0.));
#4162=DIRECTION('',(0.,0.,-1.));
#4163=DIRECTION('',(0.,1.,0.));
#4164=DIRECTION('',(0.,0.,1.));
#4165=DIRECTION('',(1.,1.2245106889248E-16,0.));
#4166=DIRECTION('',(-1.2245106889248E-16,1.,0.));
#4167=DIRECTION('',(-1.,0.,0.));
#4168=DIRECTION('',(0.,0.,1.));
#4169=DIRECTION('',(0.,0.,-1.));
#4170=DIRECTION('',(-1.,0.,0.));
#4171=DIRECTION('',(0.,0.,-1.));
#4172=DIRECTION('',(-1.,0.,0.));
#4173=DIRECTION('',(0.,0.,1.));
#4174=DIRECTION('',(1.,0.,0.));
#4175=DIRECTION('',(-1.,0.,0.));
#4176=DIRECTION('',(0.,0.,1.));
#4177=DIRECTION('',(0.,-1.,0.));
#4178=DIRECTION('',(0.,0.,-1.));
#4179=DIRECTION('',(-1.,0.,0.));
#4180=DIRECTION('',(0.,0.,1.));
#4181=DIRECTION('',(-1.,0.,0.));
#4182=DIRECTION('',(0.,0.,1.));
#4183=DIRECTION('',(-1.,0.,0.));
#4184=DIRECTION('',(0.,0.,1.));
#4185=DIRECTION('',(-1.,0.,0.));
#4186=DIRECTION('',(0.,0.,1.));
#4187=DIRECTION('',(-1.,0.,0.));
#4188=DIRECTION('',(0.,0.,1.));
#4189=DIRECTION('',(0.,-1.,0.));
#4190=DIRECTION('',(0.,0.,-1.));
#4191=DIRECTION('',(0.,-1.,0.));
#4192=DIRECTION('',(0.,0.,-1.));
#4193=DIRECTION('',(0.,1.,0.));
#4194=DIRECTION('',(0.,0.,1.));
#4195=DIRECTION('',(-1.,-1.6326809185664E-16,0.));
#4196=DIRECTION('',(1.6326809185664E-16,-1.,0.));
#4197=DIRECTION('',(-1.,0.,0.));
#4198=DIRECTION('',(0.,0.,1.));
#4199=DIRECTION('',(-1.,-1.6326809185664E-16,0.));
#4200=DIRECTION('',(1.6326809185664E-16,-1.,0.));
#4201=DIRECTION('',(-1.,0.,0.));
#4202=DIRECTION('',(0.,0.,1.));
#4203=DIRECTION('',(0.,1.,0.));
#4204=DIRECTION('',(0.,0.,1.));
#4205=DIRECTION('',(0.,1.,0.));
#4206=DIRECTION('',(0.,0.,1.));
#4207=DIRECTION('',(-1.,0.,0.));
#4208=DIRECTION('',(0.,0.,1.));
#4209=DIRECTION('',(0.,0.,1.));
#4210=DIRECTION('',(1.,0.,0.));
#4211=DIRECTION('',(-1.,0.,0.));
#4212=DIRECTION('',(0.,0.,1.));
#4213=DIRECTION('',(0.,0.,-1.));
#4214=DIRECTION('',(-1.,0.,0.));
#4215=DIRECTION('',(0.,0.,-1.));
#4216=DIRECTION('',(-1.,0.,0.));
#4217=DIRECTION('',(0.,0.,1.));
#4218=DIRECTION('',(1.,0.,0.));
#4219=DIRECTION('',(0.,0.,1.));
#4220=DIRECTION('',(1.,0.,0.));
#4221=DIRECTION('',(0.,0.,-1.));
#4222=DIRECTION('',(-1.,0.,0.));
#4223=DIRECTION('',(0.,1.,0.));
#4224=DIRECTION('',(0.,0.,1.));
#4225=DIRECTION('',(0.,1.,0.));
#4226=DIRECTION('',(0.,0.,1.));
#4227=DIRECTION('',(0.,-1.,0.));
#4228=DIRECTION('',(0.,0.,-1.));
#4229=DIRECTION('',(0.,-1.,0.));
#4230=DIRECTION('',(0.,0.,-1.));
#4231=DIRECTION('',(0.,-1.,0.));
#4232=DIRECTION('',(0.,0.,-1.));
#4233=DIRECTION('',(0.,1.,0.));
#4234=DIRECTION('',(0.,0.,1.));
#4235=DIRECTION('',(0.,0.,1.));
#4236=DIRECTION('',(1.,0.,0.));
#4237=DIRECTION('',(0.,0.,-1.));
#4238=DIRECTION('',(-1.,0.,0.));
#4239=DIRECTION('',(0.,0.,1.));
#4240=DIRECTION('',(1.,0.,0.));
#4241=DIRECTION('',(0.,0.,1.));
#4242=DIRECTION('',(1.,0.,0.));
#4243=DIRECTION('',(0.,0.,1.));
#4244=DIRECTION('',(1.,0.,0.));
#4245=DIRECTION('',(0.,0.,-1.));
#4246=DIRECTION('',(-1.,0.,0.));
#4247=DIRECTION('',(0.,0.,1.));
#4248=DIRECTION('',(1.,0.,0.));
#4249=DIRECTION('',(0.,0.,1.));
#4250=DIRECTION('',(1.,0.,0.));
#4251=DIRECTION('',(0.,0.,-1.));
#4252=DIRECTION('',(-1.,0.,0.));
#4253=DIRECTION('',(-1.,0.,0.));
#4254=DIRECTION('',(0.,0.,1.));
#4255=DIRECTION('',(-1.,0.,0.));
#4256=DIRECTION('',(0.,0.,1.));
#4257=DIRECTION('',(-1.,-1.6326809185664E-16,0.));
#4258=DIRECTION('',(1.6326809185664E-16,-1.,0.));
#4259=DIRECTION('',(-1.,0.,0.));
#4260=DIRECTION('',(0.,0.,1.));
#4261=DIRECTION('',(0.,0.,1.));
#4262=DIRECTION('',(1.,0.,0.));
#4263=DIRECTION('',(0.,1.,0.));
#4264=DIRECTION('',(0.,0.,1.));
#4265=DIRECTION('',(-2.56996070515082E-16,1.,0.));
#4266=DIRECTION('',(-1.,-2.56996070515082E-16,0.));
#4267=DIRECTION('',(0.,1.,0.));
#4268=DIRECTION('',(0.,0.,1.));
#4269=DIRECTION('',(0.,0.,1.));
#4270=DIRECTION('',(1.,0.,0.));
#4271=DIRECTION('',(1.,0.,0.));
#4272=DIRECTION('',(0.,0.,-1.));
#4273=DIRECTION('',(1.,1.2245106889248E-16,0.));
#4274=DIRECTION('',(-1.2245106889248E-16,1.,0.));
#4275=DIRECTION('',(-1.,0.,0.));
#4276=DIRECTION('',(0.,0.,1.));
#4277=DIRECTION('',(-1.,0.,0.));
#4278=DIRECTION('',(0.,0.,1.));
#4279=DIRECTION('',(-1.,0.,0.));
#4280=DIRECTION('',(0.,0.,1.));
#4281=DIRECTION('',(-1.,0.,0.));
#4282=DIRECTION('',(0.,0.,1.));
#4283=DIRECTION('',(-1.,-1.6326809185664E-16,0.));
#4284=DIRECTION('',(1.6326809185664E-16,-1.,0.));
#4285=DIRECTION('',(-1.,0.,0.));
#4286=DIRECTION('',(0.,0.,1.));
#4287=DIRECTION('',(0.,0.,-1.));
#4288=DIRECTION('',(-1.,0.,0.));
#4289=DIRECTION('',(0.,1.,0.));
#4290=DIRECTION('',(0.,0.,1.));
#4291=DIRECTION('',(-2.56996070515082E-16,1.,0.));
#4292=DIRECTION('',(-1.,-2.56996070515082E-16,0.));
#4293=DIRECTION('',(0.,1.,0.));
#4294=DIRECTION('',(0.,0.,1.));
#4295=DIRECTION('',(0.,0.,-1.));
#4296=DIRECTION('',(-1.,0.,0.));
#4297=DIRECTION('',(1.,0.,0.));
#4298=DIRECTION('',(0.,0.,-1.));
#4299=DIRECTION('',(1.,1.2245106889248E-16,0.));
#4300=DIRECTION('',(-1.2245106889248E-16,1.,0.));
#4301=DIRECTION('',(-1.,0.,0.));
#4302=DIRECTION('',(0.,0.,1.));
#4303=DIRECTION('',(-1.,0.,0.));
#4304=DIRECTION('',(0.,0.,1.));
#4305=DIRECTION('',(-1.,0.,0.));
#4306=DIRECTION('',(0.,0.,1.));
#4307=DIRECTION('',(-1.,0.,0.));
#4308=DIRECTION('',(0.,0.,1.));
#4309=DIRECTION('',(1.,1.2245106889248E-16,0.));
#4310=DIRECTION('',(-1.2245106889248E-16,1.,0.));
#4311=DIRECTION('',(1.,0.,0.));
#4312=DIRECTION('',(0.,0.,-1.));
#4313=DIRECTION('',(0.,0.,-1.));
#4314=DIRECTION('',(-1.,0.,0.));
#4315=DIRECTION('',(0.,-1.,0.));
#4316=DIRECTION('',(0.,0.,-1.));
#4317=DIRECTION('',(-6.12323399573677E-17,-1.,0.));
#4318=DIRECTION('',(1.,-6.12323399573677E-17,0.));
#4319=DIRECTION('',(0.,-1.,0.));
#4320=DIRECTION('',(0.,0.,-1.));
#4321=DIRECTION('',(0.,0.,-1.));
#4322=DIRECTION('',(-1.,0.,0.));
#4323=DIRECTION('',(-1.,0.,0.));
#4324=DIRECTION('',(0.,0.,1.));
#4325=DIRECTION('',(-1.,-1.6326809185664E-16,0.));
#4326=DIRECTION('',(1.6326809185664E-16,-1.,0.));
#4327=DIRECTION('',(-1.,0.,0.));
#4328=DIRECTION('',(0.,0.,1.));
#4329=DIRECTION('',(-1.,0.,0.));
#4330=DIRECTION('',(0.,0.,1.));
#4331=DIRECTION('',(-1.,0.,0.));
#4332=DIRECTION('',(0.,0.,1.));
#4333=DIRECTION('',(-1.,0.,0.));
#4334=DIRECTION('',(0.,0.,1.));
#4335=DIRECTION('',(1.,1.2245106889248E-16,0.));
#4336=DIRECTION('',(-1.2245106889248E-16,1.,0.));
#4337=DIRECTION('',(1.,0.,0.));
#4338=DIRECTION('',(0.,0.,-1.));
#4339=DIRECTION('',(0.,0.,1.));
#4340=DIRECTION('',(1.,0.,0.));
#4341=DIRECTION('',(0.,-1.,0.));
#4342=DIRECTION('',(0.,0.,-1.));
#4343=DIRECTION('',(6.12323399573677E-17,1.,0.));
#4344=DIRECTION('',(-1.,6.12323399573677E-17,0.));
#4345=DIRECTION('',(0.,-1.,0.));
#4346=DIRECTION('',(0.,0.,-1.));
#4347=DIRECTION('',(0.,0.,1.));
#4348=DIRECTION('',(1.,0.,0.));
#4349=DIRECTION('',(-1.,0.,0.));
#4350=DIRECTION('',(0.,0.,1.));
#4351=DIRECTION('',(-1.,-1.6326809185664E-16,0.));
#4352=DIRECTION('',(1.6326809185664E-16,-1.,0.));
#4353=DIRECTION('',(-1.,0.,0.));
#4354=DIRECTION('',(0.,0.,1.));
#4355=DIRECTION('',(-1.,0.,0.));
#4356=DIRECTION('',(0.,0.,1.));
#4357=DIRECTION('',(-1.,0.,0.));
#4358=DIRECTION('',(0.,0.,1.));
#4359=DIRECTION('',(-1.,0.,0.));
#4360=DIRECTION('',(0.,0.,1.));
#4361=CARTESIAN_POINT('',(0.,0.,0.));
#4362=CARTESIAN_POINT('',(0.0046573395854714,-0.0123490803191622,0.001992));
#4363=CARTESIAN_POINT('',(0.0046573395854714,-0.0123490803191622,-0.000455000000000001));
#4364=CARTESIAN_POINT('',(0.0044860778502483,-0.0125064524428842,0.001992));
#4365=CARTESIAN_POINT('',(0.0044860778502483,-0.0125064524428842,-0.000455000000000001));
#4366=CARTESIAN_POINT('',(0.00417416368983395,-0.0127765266322345,0.001992));
#4367=CARTESIAN_POINT('',(0.00417416368983395,-0.0127765266322345,-0.000455000000000001));
#4368=CARTESIAN_POINT('',(0.00350586117144475,-0.0132898662048675,0.001992));
#4369=CARTESIAN_POINT('',(0.00350586117144475,-0.0132898662048675,-0.000455000000000001));
#4370=CARTESIAN_POINT('',(0.00232533792366343,-0.0140192462303891,0.001992));
#4371=CARTESIAN_POINT('',(0.00232533792366343,-0.0140192462303891,-0.000455000000000001));
#4372=CARTESIAN_POINT('',(0.00126016261565218,-0.0143793664529646,0.001992));
#4373=CARTESIAN_POINT('',(0.00126016261565218,-0.0143793664529646,-0.000455000000000001));
#4374=CARTESIAN_POINT('',(0.000535511655752449,-0.0144921438475198,0.001992));
#4375=CARTESIAN_POINT('',(0.000535511655752449,-0.0144921438475198,-0.000455000000000001));
#4376=CARTESIAN_POINT('',(0.00465733958547128,-0.0123490803191623,-0.000455));
#4377=CARTESIAN_POINT('',(0.00407583666768005,-0.0128834223833961,-0.000455));
#4378=CARTESIAN_POINT('',(0.00282435432529534,-0.0138249558548167,-0.000455));
#4379=CARTESIAN_POINT('',(0.00132012189491787,-0.0143700349931734,-0.000455));
#4380=CARTESIAN_POINT('',(0.000535511655752452,-0.0144921438475198,-0.000455));
#4381=CARTESIAN_POINT('',(0.00465733958547128,-0.0123490803191623,-0.000455));
#4382=CARTESIAN_POINT('',(0.000535511655752453,-0.0144921438475198,-0.000455));
#4383=CARTESIAN_POINT('',(0.000535511655752453,-0.0144921438475198,0.000245));
#4384=CARTESIAN_POINT('',(0.000535511655752425,-0.0144921438475198,0.000245));
#4385=CARTESIAN_POINT('',(0.000535511655752462,-0.0144921438475198,-500.));
#4386=CARTESIAN_POINT('',(0.000535511655752462,-0.0144921438475198,0.000845));
#4387=CARTESIAN_POINT('',(0.000535511655752456,-0.0144921438475198,0.0017185));
#4388=CARTESIAN_POINT('',(0.000535511655752451,-0.0144921438475198,0.001992));
#4389=CARTESIAN_POINT('',(0.000535511655752451,-0.0144921438475198,0.001992));
#4390=CARTESIAN_POINT('',(0.00210008201725939,-0.014248649836288,0.001992));
#4391=CARTESIAN_POINT('',(0.00349540144067957,-0.0134167833483378,0.001992));
#4392=CARTESIAN_POINT('',(0.00465733958547144,-0.0123490803191621,0.001992));
#4393=CARTESIAN_POINT('',(0.00465733958547144,-0.0123490803191621,0.001992));
#4394=CARTESIAN_POINT('',(0.00465733958547148,-0.0123490803191621,0.002392));
#4395=CARTESIAN_POINT('',(0.00445486429740052,-0.012127710981137,-0.0008));
#4396=CARTESIAN_POINT('',(0.00445486429740052,-0.012127710981137,-0.000455000000000001));
#4397=CARTESIAN_POINT('',(0.0032086529716708,-0.013273326534713,-0.0008));
#4398=CARTESIAN_POINT('',(0.0032086529716708,-0.013273326534713,-0.000455000000000001));
#4399=CARTESIAN_POINT('',(0.00190055482959155,-0.0139651753552611,-0.0008));
#4400=CARTESIAN_POINT('',(0.00190055482959155,-0.0139651753552611,-0.000455000000000001));
#4401=CARTESIAN_POINT('',(0.000535511655751667,-0.0141883499644603,-0.0008));
#4402=CARTESIAN_POINT('',(0.000535511655751667,-0.0141883499644603,-0.000455000000000001));
#4403=CARTESIAN_POINT('',(0.000535511655752446,-0.0141883499644602,-0.000398585660560784));
#4404=CARTESIAN_POINT('',(0.000535511655752446,-0.0141883499642319,-0.0008));
#4405=CARTESIAN_POINT('',(0.000535511655753396,-0.01418834996446,-0.000455));
#4406=CARTESIAN_POINT('',(0.00445486429740052,-0.012127710981137,-0.000455));
#4407=CARTESIAN_POINT('',(0.00396986905529716,-0.0125735567869746,-0.000455));
#4408=CARTESIAN_POINT('',(0.00298170397176982,-0.0133276460562853,-0.000455));
#4409=CARTESIAN_POINT('',(0.00169984078162188,-0.0139224948056275,-0.000455));
#4410=CARTESIAN_POINT('',(0.000647570273809813,-0.0141871403295141,-0.000455));
#4411=CARTESIAN_POINT('',(-2.04222513962241E-5,-0.0142634944701065,-0.000455));
#4412=CARTESIAN_POINT('',(-0.000492954546396631,-0.0142714135005869,-0.000455));
#4413=CARTESIAN_POINT('',(-0.00076437207914391,-0.0142610756012626,-0.000455));
#4414=CARTESIAN_POINT('',(-0.00115996116817987,-0.0142435554588016,-0.000455));
#4415=CARTESIAN_POINT('',(-0.00149262322416946,-0.0142294796352598,-0.000455));
#4416=CARTESIAN_POINT('',(-0.00175779143478739,-0.0142180512019701,-0.000455));
#4417=CARTESIAN_POINT('',(-0.00175996983416647,-0.0142179573155577,-0.000455));
#4418=CARTESIAN_POINT('',(-0.00176214823354555,-0.0142178634291453,-0.000455));
#4419=CARTESIAN_POINT('',(-0.00176432663292463,-0.0142177695427329,-0.000455));
#4420=CARTESIAN_POINT('',(0.00445486429735454,-0.0121277109811655,-0.000455));
#4421=CARTESIAN_POINT('',(0.00445486429735454,-0.0121277109811655,-0.007555));
#4422=CARTESIAN_POINT('',(0.00445486429735454,-0.0121277109811655,-0.0008));
#4423=CARTESIAN_POINT('',(0.00445486429740052,-0.012127710981137,-0.0008));
#4424=CARTESIAN_POINT('',(0.00396986905529716,-0.0125735567869746,-0.0008));
#4425=CARTESIAN_POINT('',(0.00298170397176982,-0.0133276460562853,-0.0008));
#4426=CARTESIAN_POINT('',(0.00169984078162188,-0.0139224948056275,-0.0008));
#4427=CARTESIAN_POINT('',(0.000647570273809813,-0.0141871403295141,-0.0008));
#4428=CARTESIAN_POINT('',(-2.04222513962241E-5,-0.0142634944701065,-0.0008));
#4429=CARTESIAN_POINT('',(-0.000492954546396631,-0.0142714135005869,-0.0008));
#4430=CARTESIAN_POINT('',(-0.00076437207914391,-0.0142610756012626,-0.0008));
#4431=CARTESIAN_POINT('',(-0.00115996116817987,-0.0142435554588016,-0.0008));
#4432=CARTESIAN_POINT('',(-0.00149262322416946,-0.0142294796352598,-0.0008));
#4433=CARTESIAN_POINT('',(-0.00175779143478739,-0.0142180512019701,-0.0008));
#4434=CARTESIAN_POINT('',(-0.00175996983416647,-0.0142179573155577,-0.0008));
#4435=CARTESIAN_POINT('',(-0.00176214823354555,-0.0142178634291453,-0.0008));
#4436=CARTESIAN_POINT('',(-0.00176432663292463,-0.0142177695427329,-0.0008));
#4437=CARTESIAN_POINT('',(0.000535511655752445,-0.0155980037472181,0.0242));
#4438=CARTESIAN_POINT('',(0.000535511655752445,-0.0155980037472181,-0.000455));
#4439=CARTESIAN_POINT('',(0.000535511655752445,-0.0155980037472181,-0.0008));
#4440=CARTESIAN_POINT('',(0.000535511655752444,-0.0188680037472181,-0.0008));
#4441=CARTESIAN_POINT('',(0.000535511655752444,-0.0188680037472181,0.0242));
#4442=CARTESIAN_POINT('',(0.000535511655752445,-0.0188680037472181,0.001392));
#4443=CARTESIAN_POINT('',(0.000535511655752444,-0.0173680037472181,0.001392));
#4444=CARTESIAN_POINT('',(0.000535511655752444,-0.0158680037472182,0.001392));
#4445=CARTESIAN_POINT('',(0.000535511655752444,-0.0158680037472182,0.001392));
#4446=CARTESIAN_POINT('',(0.000535511655752444,-0.0158680037472182,0.001992));
#4447=CARTESIAN_POINT('',(0.000535511655752445,-0.0155980037472181,0.001992));
#4448=CARTESIAN_POINT('',(0.039446765654439,0.00211163311682338,0.001092));
#4449=CARTESIAN_POINT('',(0.039446765654439,-0.0235856610527971,9.99999999999989E-5));
#4450=CARTESIAN_POINT('',(0.039446765654439,-0.0235856610527971,-0.0003));
#4451=CARTESIAN_POINT('',(0.039446765654439,-0.0239856610527971,9.99999999999989E-5));
#4452=CARTESIAN_POINT('',(0.039446765654439,0.0280089272864438,-0.0003));
#4453=CARTESIAN_POINT('',(0.039446765654439,0.0278089272864438,-0.0003));
#4454=CARTESIAN_POINT('',(0.039446765654439,0.0278089272864438,9.99999999999989E-5));
#4455=CARTESIAN_POINT('',(0.039446765654439,0.0282089272864438,9.99999999999989E-5));
#4456=CARTESIAN_POINT('',(0.039446765654439,0.0282089272864438,0.001092));
#4457=CARTESIAN_POINT('',(0.039446765654439,0.0282089272864438,0.000892));
#4458=CARTESIAN_POINT('',(0.039446765654439,0.0278089272864438,0.000892));
#4459=CARTESIAN_POINT('',(0.039446765654439,0.0278089272864438,0.001292));
#4460=CARTESIAN_POINT('',(0.039446765654439,-0.0237856610527971,0.001292));
#4461=CARTESIAN_POINT('',(0.039446765654439,-0.0235856610527971,0.001292));
#4462=CARTESIAN_POINT('',(0.039446765654439,-0.0235856610527971,0.000892));
#4463=CARTESIAN_POINT('',(0.039446765654439,-0.0239856610527971,0.000892));
#4464=CARTESIAN_POINT('',(0.039446765654439,-0.0239856610527971,-0.0001));
#4465=CARTESIAN_POINT('',(0.039446765654439,-0.0238856610527971,-0.0002));
#4466=CARTESIAN_POINT('',(0.039446765654439,-0.0246856610527971,-0.0002));
#4467=CARTESIAN_POINT('',(0.039446765654439,-0.0238856610527971,-0.001));
#4468=CARTESIAN_POINT('',(0.039446765654439,-0.0246856610527971,0.001092));
#4469=CARTESIAN_POINT('',(0.039446765654439,-0.0246856610527971,0.001192));
#4470=CARTESIAN_POINT('',(0.039446765654439,-0.0238856610527971,0.001192));
#4471=CARTESIAN_POINT('',(0.039446765654439,-0.0238856610527971,0.001992));
#4472=CARTESIAN_POINT('',(0.039446765654439,0.00211163311682338,0.001992));
#4473=CARTESIAN_POINT('',(0.039446765654439,0.0281089272864439,0.001992));
#4474=CARTESIAN_POINT('',(0.039446765654439,0.0281089272864439,0.001192));
#4475=CARTESIAN_POINT('',(0.039446765654439,0.0289089272864438,0.001192));
#4476=CARTESIAN_POINT('',(0.039446765654439,0.0289089272864438,0.001092));
#4477=CARTESIAN_POINT('',(0.039446765654439,0.0289089272864438,-0.0002));
#4478=CARTESIAN_POINT('',(0.039446765654439,0.0281089272864439,-0.0002));
#4479=CARTESIAN_POINT('',(0.039446765654439,0.0281089272864439,-0.001));
#4480=CARTESIAN_POINT('',(0.039446765654439,0.00211163311682338,-0.001));
#4481=CARTESIAN_POINT('',(0.015446765654439,0.00211163311682337,0.001092));
#4482=CARTESIAN_POINT('',(0.015446765654439,0.0281089272864439,0.001192));
#4483=CARTESIAN_POINT('',(0.015446765654439,0.0281089272864439,0.001992));
#4484=CARTESIAN_POINT('',(0.015446765654439,0.0289089272864438,0.001192));
#4485=CARTESIAN_POINT('',(0.015446765654439,-0.0248856610527971,0.001992));
#4486=CARTESIAN_POINT('',(0.015446765654439,-0.0238856610527971,0.001992));
#4487=CARTESIAN_POINT('',(0.015446765654439,-0.0238856610527971,0.001192));
#4488=CARTESIAN_POINT('',(0.015446765654439,-0.0246856610527971,0.001192));
#4489=CARTESIAN_POINT('',(0.015446765654439,-0.0246856610527971,-0.0012));
#4490=CARTESIAN_POINT('',(0.015446765654439,-0.0246856610527971,-0.0002));
#4491=CARTESIAN_POINT('',(0.015446765654439,-0.0238856610527971,-0.0002));
#4492=CARTESIAN_POINT('',(0.015446765654439,-0.0238856610527971,-0.001));
#4493=CARTESIAN_POINT('',(0.015446765654439,0.0291089272864438,-0.001));
#4494=CARTESIAN_POINT('',(0.015446765654439,-0.0123712159440664,-0.001));
#4495=CARTESIAN_POINT('',(0.015446765654439,-0.0123712159440664,-0.0001));
#4496=CARTESIAN_POINT('',(0.015446765654439,-0.0123712159440664,-0.0003));
#4497=CARTESIAN_POINT('',(0.015446765654439,0.00211163311682337,-0.0003));
#4498=CARTESIAN_POINT('',(0.015446765654439,-0.0235856610527971,-0.0003));
#4499=CARTESIAN_POINT('',(0.015446765654439,-0.0235856610527971,9.99999999999989E-5));
#4500=CARTESIAN_POINT('',(0.015446765654439,-0.0239856610527971,9.99999999999989E-5));
#4501=CARTESIAN_POINT('',(0.015446765654439,-0.0239856610527971,0.001092));
#4502=CARTESIAN_POINT('',(0.015446765654439,-0.0239856610527971,0.000892));
#4503=CARTESIAN_POINT('',(0.015446765654439,-0.0235856610527971,0.000892));
#4504=CARTESIAN_POINT('',(0.015446765654439,-0.0235856610527971,0.001292));
#4505=CARTESIAN_POINT('',(0.015446765654439,0.00211163311682337,0.001292));
#4506=CARTESIAN_POINT('',(0.015446765654439,-0.0123712159440664,0.001292));
#4507=CARTESIAN_POINT('',(0.015446765654439,-0.0123712159440664,0.001392));
#4508=CARTESIAN_POINT('',(0.015446765654439,-0.0123712159440664,0.001592));
#4509=CARTESIAN_POINT('',(0.015446765654439,0.00211163311682337,0.001592));
#4510=CARTESIAN_POINT('',(0.015446765654439,-0.00932828368980069,0.001592));
#4511=CARTESIAN_POINT('',(0.015446765654439,-0.00932828368980069,0.001092));
#4512=CARTESIAN_POINT('',(0.015446765654439,-0.00932828368980069,-0.001));
#4513=CARTESIAN_POINT('',(0.015446765654439,0.0291089272864438,-0.001));
#4514=CARTESIAN_POINT('',(0.015446765654439,0.0124387994225748,-0.001));
#4515=CARTESIAN_POINT('',(0.015446765654439,0.0124387994225748,0.001392));
#4516=CARTESIAN_POINT('',(0.015446765654439,0.0124387994225748,0.001592));
#4517=CARTESIAN_POINT('',(0.015446765654439,0.00211163311682337,0.001592));
#4518=CARTESIAN_POINT('',(0.015446765654439,0.015400257701343,0.001592));
#4519=CARTESIAN_POINT('',(0.015446765654439,0.015400257701343,0.001092));
#4520=CARTESIAN_POINT('',(0.015446765654439,0.015400257701343,0.001292));
#4521=CARTESIAN_POINT('',(0.015446765654439,0.00211163311682337,0.001292));
#4522=CARTESIAN_POINT('',(0.015446765654439,0.0278089272864438,0.001292));
#4523=CARTESIAN_POINT('',(0.015446765654439,0.0278089272864438,0.000892));
#4524=CARTESIAN_POINT('',(0.015446765654439,0.0282089272864438,0.000892));
#4525=CARTESIAN_POINT('',(0.015446765654439,0.0282089272864438,0.001092));
#4526=CARTESIAN_POINT('',(0.015446765654439,0.0282089272864438,9.99999999999989E-5));
#4527=CARTESIAN_POINT('',(0.015446765654439,0.0278089272864438,9.99999999999989E-5));
#4528=CARTESIAN_POINT('',(0.015446765654439,0.0278089272864438,-0.0003));
#4529=CARTESIAN_POINT('',(0.015446765654439,0.00211163311682337,-0.0003));
#4530=CARTESIAN_POINT('',(0.015446765654439,0.015400257701343,-0.0003));
#4531=CARTESIAN_POINT('',(0.015446765654439,0.015400257701343,0.001092));
#4532=CARTESIAN_POINT('',(0.015446765654439,0.015400257701343,-0.001));
#4533=CARTESIAN_POINT('',(0.015446765654439,0.0291089272864438,-0.001));
#4534=CARTESIAN_POINT('',(0.015446765654439,0.0281089272864439,-0.001));
#4535=CARTESIAN_POINT('',(0.015446765654439,0.0281089272864439,-0.0002));
#4536=CARTESIAN_POINT('',(0.015446765654439,0.0289089272864438,-0.0002));
#4537=CARTESIAN_POINT('',(0.015446765654439,0.0289089272864438,0.002192));
#4538=CARTESIAN_POINT('',(0.0193166250015457,0.00211163311682337,-0.0001));
#4539=CARTESIAN_POINT('',(0.015646765654439,0.00211163311682337,-0.0001));
#4540=CARTESIAN_POINT('',(0.015646765654439,-0.0235856610527971,-0.0001));
#4541=CARTESIAN_POINT('',(0.015646765654439,-0.0121201723745045,-0.0001));
#4542=CARTESIAN_POINT('',(0.0246875369518283,-0.00644610362928138,-0.0001));
#4543=CARTESIAN_POINT('',(0.0234027533398147,-0.00725244528946769,-0.0001));
#4544=CARTESIAN_POINT('',(0.027446765654439,0.00211163311682338,-0.0001));
#4545=CARTESIAN_POINT('',(0.0226755638057472,0.0111269330518805,-0.0001));
#4546=CARTESIAN_POINT('',(0.0155464908449968,0.0152278444766479,-0.0001));
#4547=CARTESIAN_POINT('',(0.015646765654439,0.0151701626274199,-0.0001));
#4548=CARTESIAN_POINT('',(0.015646765654439,0.00211163311682337,-0.0001));
#4549=CARTESIAN_POINT('',(0.015646765654439,0.0278089272864438,-0.0001));
#4550=CARTESIAN_POINT('',(0.0193166250015457,0.0278089272864438,-0.0001));
#4551=CARTESIAN_POINT('',(0.039246765654439,0.0278089272864438,-0.0001));
#4552=CARTESIAN_POINT('',(0.039246765654439,-0.0237856610527971,-0.0001));
#4553=CARTESIAN_POINT('',(0.039246765654439,-0.0235856610527971,-0.0001));
#4554=CARTESIAN_POINT('',(0.0193166250015457,-0.0235856610527971,-0.0001));
#4555=CARTESIAN_POINT('',(0.0193166250015457,0.00211163311682337,0.001092));
#4556=CARTESIAN_POINT('',(0.027446765654439,0.00211163311682338,0.001092));
#4557=CARTESIAN_POINT('',(0.0226755638057472,0.0111269330518805,0.001092));
#4558=CARTESIAN_POINT('',(0.0234027533398147,-0.00725244528946769,0.001092));
#4559=CARTESIAN_POINT('',(0.0246875369518283,-0.00644610362928138,0.001092));
#4560=CARTESIAN_POINT('',(0.015646765654439,-0.0121201723745045,0.001092));
#4561=CARTESIAN_POINT('',(0.015646765654439,0.00211163311682337,0.001092));
#4562=CARTESIAN_POINT('',(0.015646765654439,-0.0235856610527971,0.001092));
#4563=CARTESIAN_POINT('',(0.0193166250015457,-0.0235856610527971,0.001092));
#4564=CARTESIAN_POINT('',(0.039246765654439,-0.0235856610527971,0.001092));
#4565=CARTESIAN_POINT('',(0.039246765654439,0.0280089272864438,0.001092));
#4566=CARTESIAN_POINT('',(0.039246765654439,0.0278089272864438,0.001092));
#4567=CARTESIAN_POINT('',(0.0193166250015457,0.0278089272864438,0.001092));
#4568=CARTESIAN_POINT('',(0.015646765654439,0.0278089272864438,0.001092));
#4569=CARTESIAN_POINT('',(0.015646765654439,0.00211163311682337,0.001092));
#4570=CARTESIAN_POINT('',(0.015646765654439,0.0151701626274199,0.001092));
#4571=CARTESIAN_POINT('',(0.0227718825140667,0.0110715269011031,0.001092));
#4572=CARTESIAN_POINT('',(0.027446765654439,0.00211163311682338,0.002292));
#4573=CARTESIAN_POINT('',(0.0226721573235088,0.0108981634494525,0.002292));
#4574=CARTESIAN_POINT('',(0.0226721573235088,0.0108981634494525,0.000892));
#4575=CARTESIAN_POINT('',(0.0226721573235088,0.0108981634494525,0.0001));
#4576=CARTESIAN_POINT('',(0.027446765654439,0.00211163311682338,0.0001));
#4577=CARTESIAN_POINT('',(0.0233860707938312,-0.00702678891594756,0.0001));
#4578=CARTESIAN_POINT('',(0.0233860707938312,-0.00702678891594756,0.002292));
#4579=CARTESIAN_POINT('',(0.0233860707938312,-0.00702678891594756,0.000892));
#4580=CARTESIAN_POINT('',(0.027446765654439,0.00211163311682338,0.000892));
#4581=CARTESIAN_POINT('',(0.0121971116557524,-0.0248856610527971,0.000696));
#4582=CARTESIAN_POINT('',(-0.0150665674830405,-0.0248856610527971,0.000696));
#4583=CARTESIAN_POINT('',(-0.0150665674830405,-0.0248856610527971,-0.0002));
#4584=CARTESIAN_POINT('',(-0.0150665674830405,-0.0248856610527971,0.001192));
#4585=CARTESIAN_POINT('',(0.0121971116557524,-0.0248856610527971,-0.0002));
#4586=CARTESIAN_POINT('',(0.015246765654439,-0.0248856610527971,-0.0002));
#4587=CARTESIAN_POINT('',(0.015246765654439,-0.0248856610527971,0.002192));
#4588=CARTESIAN_POINT('',(0.015246765654439,-0.0248856610527971,0.001192));
#4589=CARTESIAN_POINT('',(0.0121971116557524,-0.0248856610527971,0.001192));
#4590=CARTESIAN_POINT('',(-0.0150665674830405,0.0291089272864438,0.000696));
#4591=CARTESIAN_POINT('',(0.039646765654439,0.0291089272864438,0.000696));
#4592=CARTESIAN_POINT('',(0.039646765654439,0.0291089272864438,-0.0002));
#4593=CARTESIAN_POINT('',(0.039646765654439,0.0291089272864438,0.001192));
#4594=CARTESIAN_POINT('',(-0.0150665674830405,0.0291089272864438,0.001192));
#4595=CARTESIAN_POINT('',(0.0526971116557525,0.0291089272864438,0.001192));
#4596=CARTESIAN_POINT('',(0.0526971116557525,0.0291089272864438,0.000696));
#4597=CARTESIAN_POINT('',(0.0526971116557525,0.0291089272864438,-0.0002));
#4598=CARTESIAN_POINT('',(-0.0150665674830405,0.0291089272864438,-0.0002));
#4599=CARTESIAN_POINT('',(-0.000708443685565487,0.00120650878224337,-0.0012));
#4600=CARTESIAN_POINT('',(0.039646765654439,0.00120650878224337,-0.0012));
#4601=CARTESIAN_POINT('',(0.039646765654439,-0.0238856610527971,-0.0012));
#4602=CARTESIAN_POINT('',(0.039646765654439,0.0281089272864439,-0.0012));
#4603=CARTESIAN_POINT('',(-0.000708443685565491,0.0281089272864439,-0.0012));
#4604=CARTESIAN_POINT('',(0.0526971116557525,0.0281089272864439,-0.0012));
#4605=CARTESIAN_POINT('',(0.0526971116557525,0.0201089272864438,-0.0012));
#4606=CARTESIAN_POINT('',(0.0606971116557525,0.0201089272864438,-0.0012));
#4607=CARTESIAN_POINT('',(0.0606971116557525,0.00120650878224337,-0.0012));
#4608=CARTESIAN_POINT('',(0.0606971116557525,-0.0158856610527971,-0.0012));
#4609=CARTESIAN_POINT('',(0.0526971116557525,-0.0158856610527971,-0.0012));
#4610=CARTESIAN_POINT('',(0.0526971116557525,-0.0238856610527971,-0.0012));
#4611=CARTESIAN_POINT('',(-0.000708443685565483,-0.0238856610527971,-0.0012));
#4612=CARTESIAN_POINT('',(0.0121971116557524,-0.0248856610527971,0.000696));
#4613=CARTESIAN_POINT('',(0.0526971116557525,-0.0248856610527971,0.000696));
#4614=CARTESIAN_POINT('',(0.0526971116557525,-0.0248856610527971,-0.0002));
#4615=CARTESIAN_POINT('',(0.0526971116557525,-0.0248856610527971,0.001192));
#4616=CARTESIAN_POINT('',(0.0121971116557524,-0.0248856610527971,0.001192));
#4617=CARTESIAN_POINT('',(0.039646765654439,-0.0248856610527971,0.001192));
#4618=CARTESIAN_POINT('',(0.039646765654439,-0.0248856610527971,0.000696));
#4619=CARTESIAN_POINT('',(0.039646765654439,-0.0248856610527971,-0.0002));
#4620=CARTESIAN_POINT('',(0.0121971116557524,-0.0248856610527971,-0.0002));
#4621=CARTESIAN_POINT('',(-0.0150665674830405,0.0291089272864438,0.000696));
#4622=CARTESIAN_POINT('',(0.015246765654439,0.0291089272864438,-0.0012));
#4623=CARTESIAN_POINT('',(0.015246765654439,0.0291089272864438,0.001192));
#4624=CARTESIAN_POINT('',(0.015246765654439,0.0291089272864438,-0.0002));
#4625=CARTESIAN_POINT('',(-0.0150665674830405,0.0291089272864438,-0.0002));
#4626=CARTESIAN_POINT('',(-0.0150665674830405,0.0291089272864438,-0.0002));
#4627=CARTESIAN_POINT('',(-0.0150665674830405,0.0291089272864438,0.000696));
#4628=CARTESIAN_POINT('',(-0.0150665674830405,0.0291089272864438,0.001192));
#4629=CARTESIAN_POINT('',(-0.0150665674830405,0.0291089272864438,0.001192));
#4630=CARTESIAN_POINT('',(0.0194334325169595,0.00211163311682337,0.002192));
#4631=CARTESIAN_POINT('',(0.0526971116557525,0.0201089272864438,0.002192));
#4632=CARTESIAN_POINT('',(0.0606971116557525,0.0201089272864438,0.002192));
#4633=CARTESIAN_POINT('',(0.0526971116557525,0.0281089272864439,0.002192));
#4634=CARTESIAN_POINT('',(0.0194334325169595,0.0281089272864439,0.002192));
#4635=CARTESIAN_POINT('',(0.039646765654439,0.0281089272864439,0.002192));
#4636=CARTESIAN_POINT('',(0.039646765654439,0.00211163311682337,0.002192));
#4637=CARTESIAN_POINT('',(0.039646765654439,-0.0238856610527971,0.002192));
#4638=CARTESIAN_POINT('',(0.0194334325169595,-0.0238856610527971,0.002192));
#4639=CARTESIAN_POINT('',(0.0526971116557525,-0.0238856610527971,0.002192));
#4640=CARTESIAN_POINT('',(0.0526971116557525,-0.0158856610527971,0.002192));
#4641=CARTESIAN_POINT('',(0.0606971116557525,-0.0158856610527971,0.002192));
#4642=CARTESIAN_POINT('',(0.0606971116557525,0.00211163311682336,0.002192));
#4643=CARTESIAN_POINT('',(0.0192411386550957,-0.00962818531519739,0.0242));
#4644=CARTESIAN_POINT('',(0.0155404482431991,-0.0119507716423123,-0.0003));
#4645=CARTESIAN_POINT('',(0.0151404482431991,-0.0122018152118742,-0.0003));
#4646=CARTESIAN_POINT('',(0.0155404482431991,-0.0119507716423123,0.0001));
#4647=CARTESIAN_POINT('',(0.0151404482431991,-0.0122018152118742,-0.0008));
#4648=CARTESIAN_POINT('',(0.0151404482431991,-0.0122018152118742,-0.0008));
#4649=CARTESIAN_POINT('',(0.0192411386550957,-0.00962818531519739,-0.0008));
#4650=CARTESIAN_POINT('',(0.000535511655752444,-0.0213680037472181,-0.0008));
#4651=CARTESIAN_POINT('',(0.000535511655752444,-0.0213680037472181,0.0242));
#4652=CARTESIAN_POINT('',(0.000535511655752445,-0.0213680037472181,0.001992));
#4653=CARTESIAN_POINT('',(0.0192411386550957,-0.00962818531519739,0.001992));
#4654=CARTESIAN_POINT('',(0.00590505154727933,-0.0179980325940336,0.001992));
#4655=CARTESIAN_POINT('',(0.00590505154727933,-0.0179980325940336,0.0242));
#4656=CARTESIAN_POINT('',(0.00590505154727933,-0.0179980325940336,0.001392));
#4657=CARTESIAN_POINT('',(0.0192411386550957,-0.00962818531519739,0.001392));
#4658=CARTESIAN_POINT('',(0.0151404482431991,-0.0122018152118742,0.001392));
#4659=CARTESIAN_POINT('',(0.0151404482431991,-0.0122018152118742,0.001092));
#4660=CARTESIAN_POINT('',(0.0151404482431991,-0.0122018152118742,0.001292));
#4661=CARTESIAN_POINT('',(0.0155404482431991,-0.0119507716423123,0.001292));
#4662=CARTESIAN_POINT('',(0.0155404482431991,-0.0119507716423123,0.000892));
#4663=CARTESIAN_POINT('',(0.0192411386550957,-0.00962818531519739,0.000892));
#4664=CARTESIAN_POINT('',(0.0192411386550957,-0.00962818531519739,0.0001));
#4665=CARTESIAN_POINT('',(0.0192411386550957,0.0128718146848026,0.0242));
#4666=CARTESIAN_POINT('',(0.0192411386550957,0.0128718146848026,-0.0008));
#4667=CARTESIAN_POINT('',(0.000535511655752437,0.0236319962527818,-0.0008));
#4668=CARTESIAN_POINT('',(0.0151470404638812,0.0152268942496923,-0.0008));
#4669=CARTESIAN_POINT('',(0.0151470404638812,0.0152268942496923,0.0242));
#4670=CARTESIAN_POINT('',(0.0151470404638812,0.0152268942496923,-0.0003));
#4671=CARTESIAN_POINT('',(0.0155470404638812,0.0149967991757693,-0.0003));
#4672=CARTESIAN_POINT('',(0.0155470404638812,0.0149967991757693,9.99999999999989E-5));
#4673=CARTESIAN_POINT('',(0.0226721573235088,0.0108981634494525,9.99999999999989E-5));
#4674=CARTESIAN_POINT('',(0.015446765654439,0.0150544810249973,0.000892));
#4675=CARTESIAN_POINT('',(0.0155470404638812,0.0149967991757693,0.000892));
#4676=CARTESIAN_POINT('',(0.0155470404638812,0.0149967991757693,0.001292));
#4677=CARTESIAN_POINT('',(0.0151470404638812,0.0152268942496923,0.001292));
#4678=CARTESIAN_POINT('',(0.0151470404638812,0.0152268942496923,0.0242));
#4679=CARTESIAN_POINT('',(0.0151470404638812,0.0152268942496923,0.001392));
#4680=CARTESIAN_POINT('',(0.00352552570485183,0.0219120274936353,0.001392));
#4681=CARTESIAN_POINT('',(0.00595014190024354,0.0205172968868509,0.001392));
#4682=CARTESIAN_POINT('',(0.00595014190024354,0.0205172968868509,0.001392));
#4683=CARTESIAN_POINT('',(0.00595014190024354,0.0205172968868509,0.001992));
#4684=CARTESIAN_POINT('',(0.000535511655752431,0.0236319962527818,0.001992));
#4685=CARTESIAN_POINT('',(0.00053551165575245,0.0236319962527818,0.001992));
#4686=CARTESIAN_POINT('',(0.000535511655752437,0.0236319962527818,0.0242));
#4687=CARTESIAN_POINT('',(0.0170681238596242,0.0116218146848026,0.0242));
#4688=CARTESIAN_POINT('',(0.0109373187547893,0.0151484848193152,0.001392));
#4689=CARTESIAN_POINT('',(0.00486959794701782,0.0186388664888374,0.001392));
#4690=CARTESIAN_POINT('',(0.015246765654439,0.0126695285619589,0.001392));
#4691=CARTESIAN_POINT('',(0.015246765654439,0.0126695285619589,0.001592));
#4692=CARTESIAN_POINT('',(0.0153464908449968,0.0126121628742254,0.00141863654834937));
#4693=CARTESIAN_POINT('',(0.0153464908449968,0.0126121628742254,-0.0008));
#4694=CARTESIAN_POINT('',(0.0153464908449968,0.0126121628742254,-0.000826636548349377));
#4695=CARTESIAN_POINT('',(0.015246765654439,0.0126695285619589,-0.001));
#4696=CARTESIAN_POINT('',(0.015246765654439,0.0126695285619589,-0.0008));
#4697=CARTESIAN_POINT('',(0.0170681238596242,0.0116218146848026,-0.0008));
#4698=CARTESIAN_POINT('',(0.000535511655752448,0.0211319962527819,-0.0008));
#4699=CARTESIAN_POINT('',(0.000535511655752448,0.0211319962527819,0.0242));
#4700=CARTESIAN_POINT('',(0.000535511655752448,0.0211319962527819,0.001392));
#4701=CARTESIAN_POINT('',(0.000535511655752448,0.0211319962527819,0.0242));
#4702=CARTESIAN_POINT('',(0.000535511655752445,0.0211319962527819,0.001992));
#4703=CARTESIAN_POINT('',(0.0170681238596242,0.0116218146848026,0.001992));
#4704=CARTESIAN_POINT('',(0.00486959794701782,0.0186388664888374,0.001992));
#4705=CARTESIAN_POINT('',(0.00486959794701782,0.0186388664888374,0.001392));
#4706=CARTESIAN_POINT('',(0.0194334325169595,0.00211163311682337,0.001392));
#4707=CARTESIAN_POINT('',(0.065985553306285,0.0222797057403514,0.001392));
#4708=CARTESIAN_POINT('',(0.015246765654439,-0.00956441017805346,0.001392));
#4709=CARTESIAN_POINT('',(0.0108033269861896,-0.0123531519390701,0.001392));
#4710=CARTESIAN_POINT('',(0.015246765654439,0.00211163311682337,0.001392));
#4711=CARTESIAN_POINT('',(0.015246765654439,-0.0121712159440664,0.001392));
#4712=CARTESIAN_POINT('',(0.015246765654439,-0.0123712159440664,0.001392));
#4713=CARTESIAN_POINT('',(0.00533122250157791,-0.0170936420037313,0.001392));
#4714=CARTESIAN_POINT('',(0.00475739345587649,-0.0161892514134289,0.001392));
#4715=CARTESIAN_POINT('',(0.0106680279760501,-0.0124389981461239,0.001392));
#4716=CARTESIAN_POINT('',(0.0194334325169595,0.00211163311682337,-0.0008));
#4717=CARTESIAN_POINT('',(0.015246765654439,-0.0123712159440664,-0.0008));
#4718=CARTESIAN_POINT('',(0.015246765654439,-0.0121712159440664,-0.0008));
#4719=CARTESIAN_POINT('',(0.015246765654439,0.00211163311682337,-0.0008));
#4720=CARTESIAN_POINT('',(0.015246765654439,-0.00956441017805346,-0.0008));
#4721=CARTESIAN_POINT('',(0.065985553306285,0.0222797057403514,-0.0008));
#4722=CARTESIAN_POINT('',(0.0108033269861896,-0.0123531519390701,-0.0008));
#4723=CARTESIAN_POINT('',(0.0170681238596242,-0.0083781853151974,-0.0008));
#4724=CARTESIAN_POINT('',(0.00445486429735454,-0.0121277109811655,-0.0008));
#4725=CARTESIAN_POINT('',(0.0071381620403451,-0.00968610585833258,-0.0008));
#4726=CARTESIAN_POINT('',(0.00888790142888179,-0.00693557590091893,-0.0008));
#4727=CARTESIAN_POINT('',(0.00969216164883071,-0.00388302022936917,-0.0008));
#4728=CARTESIAN_POINT('',(0.00969381165113795,-0.00387675767432028,-0.0008));
#4729=CARTESIAN_POINT('',(0.0096954616534452,-0.00387049511927139,-0.0008));
#4730=CARTESIAN_POINT('',(0.00969711165575245,-0.00386423256422251,-0.0008));
#4731=CARTESIAN_POINT('',(0.00969711165575245,-0.00386423256422251,-0.0008));
#4732=CARTESIAN_POINT('',(0.00969711165575245,-0.000979718155720336,-0.0008));
#4733=CARTESIAN_POINT('',(0.00969708675103043,-0.000889901865029778,-0.000800000000000002));
#4734=CARTESIAN_POINT('',(0.00979694714874726,-0.000881491877680827,-0.0008));
#4735=CARTESIAN_POINT('',(0.00969674207775216,-0.000881718231556267,-0.00079999975));
#4736=CARTESIAN_POINT('',(0.00969677564971931,0.00365079625278183,-0.0008));
#4737=CARTESIAN_POINT('',(0.00969677564971931,0.00531715052408419,-0.0008));
#4738=CARTESIAN_POINT('',(-0.000714488344247546,0.00540079625278184,-0.0008));
#4739=CARTESIAN_POINT('',(0.000535511655752451,0.0157370873941923,-0.0008));
#4740=CARTESIAN_POINT('',(0.000535511655752445,-0.0155980037472181,-0.0008));
#4741=CARTESIAN_POINT('',(0.015246765654439,0.00211163311682337,-0.0008));
#4742=CARTESIAN_POINT('',(0.015246765654439,0.015200257701343,-0.0008));
#4743=CARTESIAN_POINT('',(0.015246765654439,0.015400257701343,-0.0008));
#4744=CARTESIAN_POINT('',(-0.000714488344247546,0.0236319962527818,-0.0008));
#4745=CARTESIAN_POINT('',(-0.00196448834424754,0.0236319962527818,-0.0008));
#4746=CARTESIAN_POINT('',(-0.00196448834424755,0.00211163311682337,-0.0008));
#4747=CARTESIAN_POINT('',(-0.00196448834424755,0.0155436619306857,-0.0008));
#4748=CARTESIAN_POINT('',(-0.000714488344247546,0.00540079625278184,-0.0008));
#4749=CARTESIAN_POINT('',(-0.0109340883442475,0.00540079625278184,-0.0008));
#4750=CARTESIAN_POINT('',(-0.0109340883442475,0.00211163311682337,-0.0008));
#4751=CARTESIAN_POINT('',(-0.0109340883442475,0.00503251220739696,-0.0008));
#4752=CARTESIAN_POINT('',(-0.0109340883442475,0.00211163311682337,-0.0008));
#4753=CARTESIAN_POINT('',(-0.0109340883442475,-0.00346748779260304,-0.0008));
#4754=CARTESIAN_POINT('',(-0.0109340883442475,0.00211163311682337,-0.0008));
#4755=CARTESIAN_POINT('',(-0.0109342077419809,-0.0038362988388117,-0.000800047172412654));
#4756=CARTESIAN_POINT('',(-0.0109344281557261,-0.00383592017763898,-0.0008));
#4757=CARTESIAN_POINT('',(-0.0106723465209079,-0.00443628796316764,-0.0008));
#4758=CARTESIAN_POINT('',(-0.0102861402607723,-0.0052807203291955,-0.0008));
#4759=CARTESIAN_POINT('',(-0.00985580242348267,-0.00615282113787624,-0.0008));
#4760=CARTESIAN_POINT('',(-0.00960638221532735,-0.0066358432197508,-0.0008));
#4761=CARTESIAN_POINT('',(-0.00944312084115625,-0.00694374162701399,-0.0008));
#4762=CARTESIAN_POINT('',(-0.00919909871982404,-0.0073883481615492,-0.0008));
#4763=CARTESIAN_POINT('',(-0.0088999467265614,-0.00791240753184931,-0.0008));
#4764=CARTESIAN_POINT('',(-0.00851424962184143,-0.00855318265461675,-0.0008));
#4765=CARTESIAN_POINT('',(-0.00812573970852074,-0.00914894197580292,-0.0008));
#4766=CARTESIAN_POINT('',(-0.00785596524442249,-0.00953881185900901,-0.0008));
#4767=CARTESIAN_POINT('',(-0.00769378754911542,-0.00976521755209113,-0.0008));
#4768=CARTESIAN_POINT('',(-0.00759303163174444,-0.00990369125689795,-0.0008));
#4769=CARTESIAN_POINT('',(-0.00741106895555669,-0.0101468608863817,-0.0008));
#4770=CARTESIAN_POINT('',(-0.00719564493043327,-0.0104245154468156,-0.0008));
#4771=CARTESIAN_POINT('',(-0.00680320750912009,-0.0109074810572663,-0.0008));
#4772=CARTESIAN_POINT('',(-0.00624269007555143,-0.0115282685160166,-0.0008));
#4773=CARTESIAN_POINT('',(-0.00555636396290772,-0.012181622483781,-0.0008));
#4774=CARTESIAN_POINT('',(-0.00462791758969317,-0.0129238665849641,-0.0008));
#4775=CARTESIAN_POINT('',(-0.00344006550105567,-0.013613117376714,-0.0008));
#4776=CARTESIAN_POINT('',(-0.00246115489006135,-0.0139093938354773,-0.0008));
#4777=CARTESIAN_POINT('',(-0.00196450195036175,-0.0139938065393326,-0.0008));
#4778=CARTESIAN_POINT('',(-0.00196449514730464,-0.0139938070698412,-0.000800000576165472));
#4779=CARTESIAN_POINT('',(-0.00196448834424755,0.00211163311682337,-0.0008));
#4780=CARTESIAN_POINT('',(-0.00196448834424755,-0.0213680037472181,-0.0008));
#4781=CARTESIAN_POINT('',(-0.000714488344247555,-0.0213680037472181,-0.0008));
#4782=CARTESIAN_POINT('',(0.0616971116557525,0.000735900482605775,0.002592));
#4783=CARTESIAN_POINT('',(0.0616971116557525,0.0201089272864438,0.002592));
#4784=CARTESIAN_POINT('',(0.0616971116557525,0.0201089272864438,-0.0002));
#4785=CARTESIAN_POINT('',(0.0616971116557525,0.0201089272864438,0.001192));
#4786=CARTESIAN_POINT('',(0.0616971116557525,0.000735900482605775,0.001192));
#4787=CARTESIAN_POINT('',(0.0616971116557525,-0.0158856610527971,0.001192));
#4788=CARTESIAN_POINT('',(0.0616971116557525,-0.0158856610527971,0.002592));
#4789=CARTESIAN_POINT('',(0.0616971116557525,-0.0158856610527971,-0.0002));
#4790=CARTESIAN_POINT('',(0.0616971116557525,0.000735900482605775,-0.0002));
#4791=CARTESIAN_POINT('',(0.0170681238596242,-0.0083781853151974,0.0242));
#4792=CARTESIAN_POINT('',(0.0108033269861896,-0.0123531519390701,0.002194));
#4793=CARTESIAN_POINT('',(0.00475739345587649,-0.0161892514134289,0.001392));
#4794=CARTESIAN_POINT('',(0.00475739345587649,-0.0161892514134289,0.001992));
#4795=CARTESIAN_POINT('',(0.0170681238596242,-0.0083781853151974,0.001992));
#4796=CARTESIAN_POINT('',(0.000535511655752449,-0.0188680037472181,0.001992));
#4797=CARTESIAN_POINT('',(0.000535511655752444,-0.0188680037472181,0.0242));
#4798=CARTESIAN_POINT('',(0.0081722381992448,0.00490079625278184,0.000532657290645423));
#4799=CARTESIAN_POINT('',(0.00813958195358522,0.00490079625278184,0.000434688553666664));
#4800=CARTESIAN_POINT('',(0.00823854986794968,0.00490079625278184,0.000405198627723375));
#4801=CARTESIAN_POINT('',(0.00817223819925311,0.00516259618599514,0.000532657290670353));
#4802=CARTESIAN_POINT('',(0.00813958195452187,0.00516433531678169,0.000434688553387616));
#4803=CARTESIAN_POINT('',(0.00823854986873409,0.00511023619935245,0.00040519862748964));
#4804=CARTESIAN_POINT('',(0.00840015284155077,0.00540079625278184,0.000463146465932735));
#4805=CARTESIAN_POINT('',(0.00836898531307588,0.00540249376038507,0.000366332176490996));
#4806=CARTESIAN_POINT('',(0.00842126922515802,0.00530079625196522,0.000350752898043392));
#4807=CARTESIAN_POINT('',(0.0086506483123104,0.00540079625278184,0.000386748799758026));
#4808=CARTESIAN_POINT('',(0.00862209165121023,0.00540079625278184,0.000290912913437662));
#4809=CARTESIAN_POINT('',(0.00862209165121023,0.00530079625278184,0.000290912913437661));
#4810=CARTESIAN_POINT('',(0.00826710652904986,0.00490079625278184,0.000501034514043739));
#4811=CARTESIAN_POINT('',(0.00823854986794968,0.00490079625278184,0.000405198627723374));
#4812=CARTESIAN_POINT('',(0.00817223819924481,0.00490079625278184,0.000532657290645423));
#4813=CARTESIAN_POINT('',(0.0086506483123104,0.00490079625278184,0.000386748799758026));
#4814=CARTESIAN_POINT('',(0.0086506483123104,0.00540079625278184,0.000386748799758025));
#4815=CARTESIAN_POINT('',(0.0086506483123104,0.00530079625278184,0.000386748799758026));
#4816=CARTESIAN_POINT('',(0.00862209165121023,0.00530079625278184,0.00029091291343766));
#4817=CARTESIAN_POINT('',(0.00862209165121023,0.00490079625278184,0.000290912913437661));
#4818=CARTESIAN_POINT('',(0.00826710652904986,0.00828531066128401,0.00050103451404374));
#4819=CARTESIAN_POINT('',(0.00826710652904985,-0.000481718155720337,0.000501034514043739));
#4820=CARTESIAN_POINT('',(0.00823854986794968,-0.000481718155720337,0.000405198627723374));
#4821=CARTESIAN_POINT('',(0.0081722381992448,-0.000481718155720337,0.000532657290645422));
#4822=CARTESIAN_POINT('',(0.00817223819924481,0.00828531066128401,0.000532657290645423));
#4823=CARTESIAN_POINT('',(0.00823854986794968,0.00828531066128401,0.000405198627723375));
#4824=CARTESIAN_POINT('',(0.00854842835770194,0.00828531066128401,0.00166122776601683));
#4825=CARTESIAN_POINT('',(0.00814500724423864,0.00490079625278184,0.000450964425626938));
#4826=CARTESIAN_POINT('',(0.0082790570633658,0.00490079625278183,0.000853113883008419));
#4827=CARTESIAN_POINT('',(0.00854842835770194,-0.000481718155720337,0.00166122776601683));
#4828=CARTESIAN_POINT('',(0.0082790570633658,-0.000481718155720337,0.000853113883008418));
#4829=CARTESIAN_POINT('',(0.0082790570633658,0.00828531066128401,0.000853113883008419));
#4830=CARTESIAN_POINT('',(0.0086506483123104,-0.000981718155720337,0.000386748799758024));
#4831=CARTESIAN_POINT('',(0.00862209165121023,-0.000981718155720337,0.000290912913437659));
#4832=CARTESIAN_POINT('',(0.00862209165121023,-0.000881718155720337,0.00029091291343766));
#4833=CARTESIAN_POINT('',(0.0084001528415508,-0.00098171815572034,0.000463146465932726));
#4834=CARTESIAN_POINT('',(0.00836898531307669,-0.000983415663323482,0.000366332176491347));
#4835=CARTESIAN_POINT('',(0.00842126922515804,-0.00088171815490349,0.000350752898043386));
#4836=CARTESIAN_POINT('',(0.00817223819925314,-0.000743518088933712,0.000532657290670423));
#4837=CARTESIAN_POINT('',(0.00813958195452195,-0.000745257219720476,0.000434688553387658));
#4838=CARTESIAN_POINT('',(0.00823854986873409,-0.000691158102291046,0.00040519862748964));
#4839=CARTESIAN_POINT('',(0.0081722381992448,-0.000481718155720336,0.000532657290645422));
#4840=CARTESIAN_POINT('',(0.00813958195358522,-0.000481718155720336,0.000434688553666663));
#4841=CARTESIAN_POINT('',(0.00823854986794968,-0.000481718155720336,0.000405198627723374));
#4842=CARTESIAN_POINT('',(0.0086506483123104,-0.000881718155720337,0.000386748799758025));
#4843=CARTESIAN_POINT('',(0.00862209165121023,-0.000881718155720337,0.00029091291343766));
#4844=CARTESIAN_POINT('',(0.0086506483123104,-0.000981718155720337,0.000386748799758025));
#4845=CARTESIAN_POINT('',(0.0086506483123104,-0.000481718155720337,0.000386748799758025));
#4846=CARTESIAN_POINT('',(0.00862209165121023,-0.000481718155720337,0.00029091291343766));
#4847=CARTESIAN_POINT('',(0.00875339871239106,-0.000481718155720337,0.000695));
#4848=CARTESIAN_POINT('',(0.00875339871239106,-0.000481718155720337,0.000695));
#4849=CARTESIAN_POINT('',(0.00875339871239106,-0.000481718155720337,0.001195));
#4850=CARTESIAN_POINT('',(0.00875339871239106,-0.000981718155720337,0.000695));
#4851=CARTESIAN_POINT('',(0.00875339871239106,-0.000481718155720337,0.000695));
#4852=CARTESIAN_POINT('',(0.00875339871239106,-0.000481718155720337,0.000695));
#4853=CARTESIAN_POINT('',(0.00875339871239106,0.00828531066128401,0.000695));
#4854=CARTESIAN_POINT('',(0.00875339871239106,-0.00194180300843658,0.001195));
#4855=CARTESIAN_POINT('',(0.00875339871239106,0.00490079625278184,0.001195));
#4856=CARTESIAN_POINT('',(0.00875339871239106,0.00490079625278184,0.000695));
#4857=CARTESIAN_POINT('',(0.00875339871239106,0.00490079625278184,0.000695));
#4858=CARTESIAN_POINT('',(0.00875339871239106,0.00490079625278184,0.000695));
#4859=CARTESIAN_POINT('',(0.00875339871239106,0.00540079625278184,0.000695));
#4860=CARTESIAN_POINT('',(0.00875339871239106,0.00490079625278184,0.000695));
#4861=CARTESIAN_POINT('',(0.0079227700067272,0.00490079625278184,-0.00179688611699158));
#4862=CARTESIAN_POINT('',(0.00880610334006053,0.00540079625278184,0.000853113883008418));
#4863=CARTESIAN_POINT('',(0.0108760841793901,0.00530079625278184,-0.000276374590617094));
#4864=CARTESIAN_POINT('',(0.00910368145481977,0.00540079625278184,0.000251756424620598));
#4865=CARTESIAN_POINT('',(0.00979687168498061,0.00540079095090613,4.52030836627437E-5));
#4866=CARTESIAN_POINT('',(0.00979687173049528,0.00540079625278184,4.52033207631508E-5));
#4867=CARTESIAN_POINT('',(0.009749937702731,0.00540079625278184,9.70409272223029E-6));
#4868=CARTESIAN_POINT('',(0.00969677564971931,0.00535982430116917,-2.93156346931772E-5));
#4869=CARTESIAN_POINT('',(0.00969677564971931,0.00530079625278184,-2.93156346931766E-5));
#4870=CARTESIAN_POINT('',(0.00969677493429453,0.00530079625327038,-2.93156346931778E-5));
#4871=CARTESIAN_POINT('',(0.0090751247937196,0.00530079625278184,0.000155920538300234));
#4872=CARTESIAN_POINT('',(0.00909797404145418,0.00828531066128401,0.000149112042558157));
#4873=CARTESIAN_POINT('',(0.00969677564971931,0.00828531066128401,-2.93156346931777E-5));
#4874=CARTESIAN_POINT('',(0.00969674208751525,-0.000881718231534215,-2.93158843524052E-5));
#4875=CARTESIAN_POINT('',(0.00909797404145418,-0.000881718155720336,0.000149112042558156));
#4876=CARTESIAN_POINT('',(0.00932488098887819,-0.000881718155720337,0.00018584457915066));
#4877=CARTESIAN_POINT('',(0.00969677564971934,-0.000881718223122223,-2.93156346931635E-5));
#4878=CARTESIAN_POINT('',(0.00969677568964092,-0.000940822437934946,-2.93156050204755E-5));
#4879=CARTESIAN_POINT('',(0.0097502211534333,-0.000981718155720337,9.99590549258504E-6));
#4880=CARTESIAN_POINT('',(0.00979687173251542,-0.000981718155720337,4.52033201611994E-5));
#4881=CARTESIAN_POINT('',(0.00979687168245973,-0.00098172445186297,4.52030831330193E-5));
#4882=CARTESIAN_POINT('',(0.00932488098887819,-0.000981718155720337,0.00018584457915066));
#4883=CARTESIAN_POINT('',(0.0092379653055441,-0.000481718155720337,0.00214869977945914));
#4884=CARTESIAN_POINT('',(0.0092379653055441,-0.000981718155720337,0.00214869977945914));
#4885=CARTESIAN_POINT('',(0.00984906464392153,-0.000481718155720337,0.000695));
#4886=CARTESIAN_POINT('',(-0.000605432709684783,-0.000481718155720337,0.001195));
#4887=CARTESIAN_POINT('',(0.00999711165575245,-0.000481718155720337,0.001195));
#4888=CARTESIAN_POINT('',(0.00984906464392153,-0.000981718155720337,0.000695));
#4889=CARTESIAN_POINT('',(0.00999711165575245,-0.000981718155720337,0.000695));
#4890=CARTESIAN_POINT('',(0.00999711165575245,-0.000481718155720337,0.000695));
#4891=CARTESIAN_POINT('',(-0.000605432709684783,-0.00194180300843658,0.001195));
#4892=CARTESIAN_POINT('',(0.00944711165575246,0.00490079625278184,0.001195));
#4893=CARTESIAN_POINT('',(0.00999711165575245,0.00490079625278184,0.001195));
#4894=CARTESIAN_POINT('',(0.00999711165575245,-0.00194180300843658,0.001195));
#4895=CARTESIAN_POINT('',(-0.000605432709684783,0.00490079625278184,0.000695));
#4896=CARTESIAN_POINT('',(0.0106971116557524,0.00540079625278184,0.000695));
#4897=CARTESIAN_POINT('',(0.00999711165575245,0.00540079625278184,0.000695));
#4898=CARTESIAN_POINT('',(0.00999711165575245,0.00490079625278184,0.000695));
#4899=CARTESIAN_POINT('',(0.0101971116557524,0.00540079625278184,-0.002555));
#4900=CARTESIAN_POINT('',(0.00999711165575246,0.00540079625278184,0.002094));
#4901=CARTESIAN_POINT('',(0.00999711165575246,0.00540079625278184,-0.000455));
#4902=CARTESIAN_POINT('',(-0.0109760883442475,0.00540079625278184,-0.000455));
#4903=CARTESIAN_POINT('',(0.00979687172827167,0.00540079095090613,-0.00045499975));
#4904=CARTESIAN_POINT('',(0.00979687173049439,0.00540079625278184,-0.00400699999988966));
#4905=CARTESIAN_POINT('',(0.00979687172827167,0.00540079095090613,-0.000254999999999999));
#4906=CARTESIAN_POINT('',(0.00979687173049439,0.00540079625278184,-0.000255));
#4907=CARTESIAN_POINT('',(-0.0109760883442475,-0.00384480374721817,-0.000455));
#4908=CARTESIAN_POINT('',(0.00979682977875199,0.00530072792833731,-0.000455));
#4909=CARTESIAN_POINT('',(0.00969670353705799,0.00530079694542263,-0.000455));
#4910=CARTESIAN_POINT('',(-0.000714488344247546,0.00540079625278184,-0.000455));
#4911=CARTESIAN_POINT('',(0.000535511655752451,0.0160392112926269,-0.000455));
#4912=CARTESIAN_POINT('',(0.000535511655752448,-0.00384480374721817,-0.000455));
#4913=CARTESIAN_POINT('',(0.000535511655752451,0.0157370873941923,-0.000455));
#4914=CARTESIAN_POINT('',(-0.000714488344247546,0.00540079625278184,-0.000455));
#4915=CARTESIAN_POINT('',(0.00979682977875199,0.00530072792833732,-0.00400699999988966));
#4916=CARTESIAN_POINT('',(0.00969677564971931,0.00530079625278184,-0.00400699999988966));
#4917=CARTESIAN_POINT('',(0.00969677564971931,0.00530079625278184,-0.000255));
#4918=CARTESIAN_POINT('',(0.00969677564971931,0.00530079625278184,-0.000255));
#4919=CARTESIAN_POINT('',(0.00984906464392153,-0.000981718155720337,0.001945));
#4920=CARTESIAN_POINT('',(0.00979687173049438,-0.000981718155720337,-0.00400699999988966));
#4921=CARTESIAN_POINT('',(0.00979687172575666,-0.00098172445186297,-0.000455));
#4922=CARTESIAN_POINT('',(0.00979687172575666,-0.00098172445186297,-0.000254999999999999));
#4923=CARTESIAN_POINT('',(0.00984906464392153,-0.000981718155720337,-0.000455));
#4924=CARTESIAN_POINT('',(0.00999711165575245,-0.000981718155720337,-0.000455));
#4925=CARTESIAN_POINT('',(0.00999711165575245,-0.000981718155720337,0.002094));
#4926=CARTESIAN_POINT('',(0.00979687173049438,-0.000981718155720337,-0.000255));
#4927=CARTESIAN_POINT('',(-0.0109760883442475,-0.00384480374721817,-0.000455));
#4928=CARTESIAN_POINT('',(0.00465733958547128,-0.0123490803191623,-0.000455));
#4929=CARTESIAN_POINT('',(0.00591067859925355,-0.0112083931083978,-0.000455));
#4930=CARTESIAN_POINT('',(0.00817591915319067,-0.00864736564935843,-0.000454999999999999));
#4931=CARTESIAN_POINT('',(0.00956508528864683,-0.00554283875778489,-0.000455));
#4932=CARTESIAN_POINT('',(0.00999711165575245,-0.00390309019823117,-0.000455));
#4933=CARTESIAN_POINT('',(0.00999711165575246,-0.00390309019823116,-0.000455));
#4934=CARTESIAN_POINT('',(0.00999711165575245,-0.00384480374721817,-0.000455));
#4935=CARTESIAN_POINT('',(0.00979694714874726,-0.000881491877680827,-0.000455));
#4936=CARTESIAN_POINT('',(0.00969708675103043,-0.000889901865029778,-0.000455000250000002));
#4937=CARTESIAN_POINT('',(0.00969711165575245,-0.000979718155720336,-0.000455));
#4938=CARTESIAN_POINT('',(0.00969711165575245,-0.00386423256422251,-0.000455));
#4939=CARTESIAN_POINT('',(0.00445486429735454,-0.0121277109811655,-0.000455));
#4940=CARTESIAN_POINT('',(0.0071381620403451,-0.00968610585833258,-0.000455));
#4941=CARTESIAN_POINT('',(0.00888790142888179,-0.00693557590091893,-0.000455));
#4942=CARTESIAN_POINT('',(0.00969216164883071,-0.00388302022936917,-0.000455));
#4943=CARTESIAN_POINT('',(0.00969381165113795,-0.00387675767432028,-0.000455));
#4944=CARTESIAN_POINT('',(0.0096954616534452,-0.00387049511927139,-0.000455));
#4945=CARTESIAN_POINT('',(0.00969711165575245,-0.00386423256422251,-0.000455));
#4946=CARTESIAN_POINT('',(-0.0109340883442475,-0.00346748779260304,0.0002));
#4947=CARTESIAN_POINT('',(-0.0124483019066206,-0.00346748779260304,0.000614213562373093));
#4948=CARTESIAN_POINT('',(-0.0121509644424741,-0.00346748779260304,0.000336512526768386));
#4949=CARTESIAN_POINT('',(-0.0119340883442475,-0.00346748779260304,-0.0008));
#4950=CARTESIAN_POINT('',(-0.0117707393325643,-0.00346748779260304,0.000186568345520013));
#4951=CARTESIAN_POINT('',(-0.0121509644424741,-0.00346748779260304,0.000336512526768386));
#4952=CARTESIAN_POINT('',(-0.0109340883442475,0.00503251220739696,0.0002));
#4953=CARTESIAN_POINT('',(-0.0124483019066206,0.00503251220739696,0.000614213562373093));
#4954=CARTESIAN_POINT('',(-0.0121509644424741,0.00503251220739696,0.000336512526768386));
#4955=CARTESIAN_POINT('',(-0.0110512742031578,0.00503251220739696,-9.71572868854852E-5));
#4956=CARTESIAN_POINT('',(-0.0117707393325643,0.00503251220739696,0.000186568345520013));
#4957=CARTESIAN_POINT('',(-0.0119340883442475,0.00503251220739696,-0.0008));
#4958=CARTESIAN_POINT('',(-0.0121509644424741,0.000659365958214329,0.000336512526768386));
#4959=CARTESIAN_POINT('',(-0.0121509644424741,0.000659365958214329,0.000336512526768386));
#4960=CARTESIAN_POINT('',(-0.0117707393325643,0.00203251220739696,0.000186568345520013));
#4961=CARTESIAN_POINT('',(0.00465733958547126,-0.0123490803191623,0.001992));
#4962=CARTESIAN_POINT('',(0.00465733958547126,-0.0123490803191623,-0.000455));
#4963=CARTESIAN_POINT('',(0.00500938435000765,-0.0120286778134497,0.001992));
#4964=CARTESIAN_POINT('',(0.00500938435000765,-0.0120286778134497,-0.000455));
#4965=CARTESIAN_POINT('',(0.00564880264265406,-0.011409709920105,0.001992));
#4966=CARTESIAN_POINT('',(0.00564880264265406,-0.011409709920105,-0.000455000000000001));
#4967=CARTESIAN_POINT('',(0.00684603788665112,-0.0100973062854484,0.001992));
#4968=CARTESIAN_POINT('',(0.00684603788665112,-0.0100973062854484,-0.000455));
#4969=CARTESIAN_POINT('',(0.00810720351353889,-0.00838853756262596,0.001992));
#4970=CARTESIAN_POINT('',(0.00810720351353889,-0.00838853756262596,-0.000455000000000001));
#4971=CARTESIAN_POINT('',(0.00926503328373652,-0.00622208064091758,0.001992));
#4972=CARTESIAN_POINT('',(0.00926503328373652,-0.00622208064091758,-0.000455));
#4973=CARTESIAN_POINT('',(0.0097948240873159,-0.00467086914464495,0.001992));
#4974=CARTESIAN_POINT('',(0.0097948240873159,-0.00467086914464495,-0.000455));
#4975=CARTESIAN_POINT('',(0.00999711165575246,-0.00390309019823113,0.001992));
#4976=CARTESIAN_POINT('',(0.00999711165575246,-0.00390309019823113,-0.000455));
#4977=CARTESIAN_POINT('',(0.00465733958547144,-0.0123490803191621,0.001992));
#4978=CARTESIAN_POINT('',(0.00590846293286969,-0.011210409627695,0.001992));
#4979=CARTESIAN_POINT('',(0.00816683094588497,-0.00866301185763058,0.001992));
#4980=CARTESIAN_POINT('',(0.00956588755464628,-0.00553979377114222,0.001992));
#4981=CARTESIAN_POINT('',(0.00999711165575246,-0.00390309019823113,0.001992));
#4982=CARTESIAN_POINT('',(0.00999711165575245,-0.00390309019823116,0.001992));
#4983=CARTESIAN_POINT('',(0.00999711165575246,-0.00390309019823116,0.002392));
#4984=CARTESIAN_POINT('',(0.00999711165575245,0.000703519120931861,0.002094));
#4985=CARTESIAN_POINT('',(0.00999711165575245,0.00540079625278184,0.001992));
#4986=CARTESIAN_POINT('',(0.00999711165575245,0.00540079625278184,0.001992));
#4987=CARTESIAN_POINT('',(0.00999711165575245,0.00540079625278184,0.002094));
#4988=CARTESIAN_POINT('',(0.0194334325169595,0.00211163311682337,0.001392));
#4989=CARTESIAN_POINT('',(0.000535511655752448,0.0196319962527818,0.001392));
#4990=CARTESIAN_POINT('',(0.000535511655752448,0.0181319962527819,0.001392));
#4991=CARTESIAN_POINT('',(-0.000714488344247549,0.0181319962527819,0.001392));
#4992=CARTESIAN_POINT('',(-0.00196448834424754,0.0181319962527819,0.001392));
#4993=CARTESIAN_POINT('',(-0.00196448834424755,0.00493119625278184,0.001392));
#4994=CARTESIAN_POINT('',(-0.00196448834424754,0.0211319962527819,0.001392));
#4995=CARTESIAN_POINT('',(-0.000714488344247549,0.0211319962527819,0.001392));
#4996=CARTESIAN_POINT('',(-0.000714488344247546,0.00540079625278184,0.002094));
#4997=CARTESIAN_POINT('',(0.000535511655752451,0.0160392112926269,0.002094));
#4998=CARTESIAN_POINT('',(0.000535511655752451,0.0160392112926269,0.001992));
#4999=CARTESIAN_POINT('',(-0.000714488344247546,0.00540079625278184,0.001992));
#5000=CARTESIAN_POINT('',(0.0194334325169595,0.00211163311682337,0.001392));
#5001=CARTESIAN_POINT('',(-0.000714488344247554,-0.0188680037472181,0.001392));
#5002=CARTESIAN_POINT('',(-0.00196448834424755,-0.0188680037472181,0.001392));
#5003=CARTESIAN_POINT('',(-0.00196448834424755,0.00493119625278184,0.001392));
#5004=CARTESIAN_POINT('',(-0.00196423020324657,-0.0163091358942936,0.00139199997763564));
#5005=CARTESIAN_POINT('',(-0.00196427872114762,-0.0163095070298307,0.001392));
#5006=CARTESIAN_POINT('',(-0.00259758413927902,-0.0162267161177995,0.001392));
#5007=CARTESIAN_POINT('',(-0.0032122186908363,-0.0160827424243277,0.001392));
#5008=CARTESIAN_POINT('',(-0.00380525821947185,-0.0158680037472183,0.001392));
#5009=CARTESIAN_POINT('',(-0.00380525821947174,-0.0158680037472182,0.00139199999999983));
#5010=CARTESIAN_POINT('',(-0.000714488344247546,-0.0158680037472182,0.001392));
#5011=CARTESIAN_POINT('',(-0.000714488344247546,0.00540079625278184,-0.007555));
#5012=CARTESIAN_POINT('',(0.000535511655752451,0.0157370873941923,-0.007555));
#5013=CARTESIAN_POINT('',(0.00969663142439667,0.00530079763806339,-0.000455));
#5014=CARTESIAN_POINT('',(0.00969668378041351,0.00530624856119381,-0.00057));
#5015=CARTESIAN_POINT('',(0.00969673185554083,0.00531169952544211,-0.000685000000000001));
#5016=CARTESIAN_POINT('',(0.00969677564971931,0.00531715052408421,-0.0008));
#5017=CARTESIAN_POINT('',(0.00969677564971931,0.00365079625278183,-0.00400699999988966));
#5018=CARTESIAN_POINT('',(0.00969677564971931,-0.000881718155720337,-0.00400699999988966));
#5019=CARTESIAN_POINT('',(0.00969674207775216,-0.000881718231556267,-0.000254999999999999));
#5020=CARTESIAN_POINT('',(0.00969677564971931,-0.000881718155720337,-0.000255));
#5021=CARTESIAN_POINT('',(0.00979694714874726,-0.000881491877680827,-0.00400699999988966));
#5022=CARTESIAN_POINT('',(0.00969711165575246,-0.000889899767617771,-0.00245437986987818));
#5023=CARTESIAN_POINT('',(0.00969711165575245,-0.000979718155720336,-0.007555));
#5024=CARTESIAN_POINT('',(0.00969711165575245,-0.00386423256422251,-0.007555));
#5025=CARTESIAN_POINT('',(0.00445486429735454,-0.0121277109811655,-0.0008));
#5026=CARTESIAN_POINT('',(0.00445486429735454,-0.0121277109811655,-0.000455));
#5027=CARTESIAN_POINT('',(0.00714366703407368,-0.00968109671578626,-0.0008));
#5028=CARTESIAN_POINT('',(0.00714366703407368,-0.00968109671578626,-0.000455));
#5029=CARTESIAN_POINT('',(0.00889120143349551,-0.00692305079082162,-0.0008));
#5030=CARTESIAN_POINT('',(0.00889120143349551,-0.00692305079082162,-0.000455));
#5031=CARTESIAN_POINT('',(0.00969711165575245,-0.00386423256422251,-0.0008));
#5032=CARTESIAN_POINT('',(0.00969711165575245,-0.00386423256422251,-0.000455));
#5033=CARTESIAN_POINT('',(-0.00196448834424755,-0.0168480037472181,0.0242));
#5034=CARTESIAN_POINT('',(-0.00196448834424755,-0.0139938076003498,-0.000800001152330942));
#5035=CARTESIAN_POINT('',(-0.00196448834424755,-0.0145049149729998,-0.000329395319335237));
#5036=CARTESIAN_POINT('',(-0.00196448834424756,-0.0150150743755807,0.000142238487816002));
#5037=CARTESIAN_POINT('',(-0.00196448834424756,-0.0155249605598991,0.00061416705655266));
#5038=CARTESIAN_POINT('',(-0.00196475637068623,-0.015524652656028,0.000614499725393565));
#5039=CARTESIAN_POINT('',(-0.00196448834424755,-0.0155243685699863,0.000614786422125285));
#5040=CARTESIAN_POINT('',(-0.00196448834424755,-0.0157858897481517,0.000873926161493981));
#5041=CARTESIAN_POINT('',(-0.00196448834424755,-0.0160474109263172,0.00113306590086268));
#5042=CARTESIAN_POINT('',(-0.00196448834424755,-0.0163089321044827,0.00139220564023137));
#5043=CARTESIAN_POINT('',(-0.00196448834424755,-0.0188680037472181,0.001392));
#5044=CARTESIAN_POINT('',(-0.00196448834424755,-0.0188680037472181,0.001992));
#5045=CARTESIAN_POINT('',(-0.00196448834424755,-0.0213680037472181,0.001992));
#5046=CARTESIAN_POINT('',(-0.00196448834424755,-0.0213680037472181,0.001992));
#5047=CARTESIAN_POINT('',(-0.00196448834424755,-0.0213680037472181,0.0242));
#5048=CARTESIAN_POINT('',(-0.00186929685566275,-0.0155376360363413,0.000614215600178865));
#5049=CARTESIAN_POINT('',(-0.00190653924293904,-0.0155327758646622,0.000614215385139391));
#5050=CARTESIAN_POINT('',(-0.00194630051479865,-0.0155275178931152,0.000614215154507588));
#5051=CARTESIAN_POINT('',(-0.00209898881297532,-0.0155066715870169,0.000614219224892089));
#5052=CARTESIAN_POINT('',(-0.00220487652358925,-0.0154896950312792,0.000614216203105297));
#5053=CARTESIAN_POINT('',(-0.00252345158318961,-0.0154311766893422,0.000614209299448833));
#5054=CARTESIAN_POINT('',(-0.0027311762182423,-0.01538398918062,0.000614215538462967));
#5055=CARTESIAN_POINT('',(-0.00313970297812031,-0.0152727888813269,0.00061421171865872));
#5056=CARTESIAN_POINT('',(-0.00334091873648489,-0.0152102147826792,0.000614220008351842));
#5057=CARTESIAN_POINT('',(-0.00431457174308611,-0.0148513089885872,0.000614217699988153));
#5058=CARTESIAN_POINT('',(-0.00503609633870211,-0.0144564094781377,0.000614236968169461));
#5059=CARTESIAN_POINT('',(-0.00632872718912514,-0.0135325254284878,0.000614214263806566));
#5060=CARTESIAN_POINT('',(-0.00689532602660817,-0.0130199281771003,0.000614210956412561));
#5061=CARTESIAN_POINT('',(-0.00793581684722115,-0.0119308155300652,0.000614178195378592));
#5062=CARTESIAN_POINT('',(-0.00840672674556087,-0.0113527782221587,0.000614238203107188));
#5063=CARTESIAN_POINT('',(-0.0096882249200835,-0.00960818500015059,0.000613975246926859));
#5064=CARTESIAN_POINT('',(-0.0103916587779209,-0.00840405508175892,0.000614235292108316));
#5065=CARTESIAN_POINT('',(-0.0115634069400195,-0.00615901746926452,0.00061417508176657));
#5066=CARTESIAN_POINT('',(-0.0120406788815071,-0.00509648820416073,0.000614199789303804));
#5067=CARTESIAN_POINT('',(-0.0124839204428141,-0.00406899933942876,0.000614210665929715));
#5068=CARTESIAN_POINT('',(-0.00167513420408277,-0.0140358888109802,-0.0008));
#5069=CARTESIAN_POINT('',(-0.00171243207548814,-0.0140310173568791,-0.0008));
#5070=CARTESIAN_POINT('',(-0.00174972296996793,-0.014026093711852,-0.0008));
#5071=CARTESIAN_POINT('',(-0.00187130989449533,-0.014009491699411,-0.0008));
#5072=CARTESIAN_POINT('',(-0.0019553963538588,-0.0139960134284897,-0.0008));
#5073=CARTESIAN_POINT('',(-0.00220668387547792,-0.0139497390021705,-0.000799999999999989));
#5074=CARTESIAN_POINT('',(-0.00237401817594917,-0.0139118991136865,-0.0008));
#5075=CARTESIAN_POINT('',(-0.00270162073502622,-0.0138227282779193,-0.0008));
#5076=CARTESIAN_POINT('',(-0.00286294233353782,-0.0137724807482147,-0.0008));
#5077=CARTESIAN_POINT('',(-0.00365331710966757,-0.0134818260910708,-0.000800000000000012));
#5078=CARTESIAN_POINT('',(-0.00424947794781426,-0.0131572816326666,-0.0008));
#5079=CARTESIAN_POINT('',(-0.00535544504834136,-0.0123670504698713,-0.0008));
#5080=CARTESIAN_POINT('',(-0.00585394700190964,-0.0119179495736619,-0.0008));
#5081=CARTESIAN_POINT('',(-0.00678693274536356,-0.0109414098339902,-0.0008));
#5082=CARTESIAN_POINT('',(-0.00721788644151243,-0.0104137296079623,-0.0008));
#5083=CARTESIAN_POINT('',(-0.00840465646090009,-0.00879757952705402,-0.0008));
#5084=CARTESIAN_POINT('',(-0.00907392042577439,-0.00765695053275531,-0.0008));
#5085=CARTESIAN_POINT('',(-0.0101972147711622,-0.00550348327318862,-0.0008));
#5086=CARTESIAN_POINT('',(-0.010652749107923,-0.00449086329618673,-0.0008));
#5087=CARTESIAN_POINT('',(-0.0110929904638506,-0.00347045362107685,-0.0008));
#5088=CARTESIAN_POINT('',(-0.0124479721144399,-0.00415141306942055,0.000613905549958988));
#5089=CARTESIAN_POINT('',(-0.0119433428435918,-0.0040465079327496,0.000142602441508876));
#5090=CARTESIAN_POINT('',(-0.0114387135727438,-0.00394160279607864,-0.000328700666941236));
#5091=CARTESIAN_POINT('',(-0.0109340843018957,-0.00383669765940769,-0.000800003775391349));
#5092=CARTESIAN_POINT('',(-0.0124504251911455,-0.00414958007893249,0.000616584053716841));
#5093=CARTESIAN_POINT('',(-0.0124493252157039,-0.0041491044518956,0.000614209791885502));
#5094=CARTESIAN_POINT('',(-0.0119678830557131,-0.00526259081643496,0.000614197296353895));
#5095=CARTESIAN_POINT('',(-0.0109152236429272,-0.00754429791313409,0.0006142412461422));
#5096=CARTESIAN_POINT('',(-0.00929121160590121,-0.010251640502857,0.000614113958385548));
#5097=CARTESIAN_POINT('',(-0.00759603094078891,-0.0123497804187547,0.000614197955144911));
#5098=CARTESIAN_POINT('',(-0.00608866504015238,-0.0137780038517999,0.000614224202770668));
#5099=CARTESIAN_POINT('',(-0.00452720835864709,-0.0147647166357899,0.000614225509392316));
#5100=CARTESIAN_POINT('',(-0.00328995532136077,-0.0152405437096625,0.000614215736677333));
#5101=CARTESIAN_POINT('',(-0.0025490071682081,-0.0154307112121506,0.000614209005319531));
#5102=CARTESIAN_POINT('',(-0.00214641693707211,-0.0155004444501128,0.000614218693106181));
#5103=CARTESIAN_POINT('',(-0.00196502273600983,-0.0155249410612206,0.000614215806043509));
#5104=CARTESIAN_POINT('',(-0.0119340883442475,0.00211163311682337,-0.0008));
#5105=CARTESIAN_POINT('',(-0.0124483019066206,0.000659365958214329,0.000614213562373093));
#5106=CARTESIAN_POINT('',(-0.0124483019066206,0.00540079625278184,0.000614213562373088));
#5107=CARTESIAN_POINT('',(-0.0124483019066206,0.00540079625278184,0.000614213562373088));
#5108=CARTESIAN_POINT('',(-0.0124483019066206,0.000659365958214329,0.000614213562373088));
#5109=CARTESIAN_POINT('',(-0.000714488344247546,0.00540079625278184,-0.0008));
#5110=CARTESIAN_POINT('',(-0.00196448834424754,0.0170678387536272,0.000614213562373108));
#5111=CARTESIAN_POINT('',(-0.00196448834424754,0.0165599799669491,0.000142593324128248));
#5112=CARTESIAN_POINT('',(-0.00196448834424754,0.0160519508770016,-0.000328843368785672));
#5113=CARTESIAN_POINT('',(-0.00196448834424754,0.0155436619306857,-0.0008));
#5114=CARTESIAN_POINT('',(-0.00196448834424754,0.0170678387536272,0.000614213562373109));
#5115=CARTESIAN_POINT('',(-0.000714488344247546,0.00540079625278184,0.000614213562373111));
#5116=CARTESIAN_POINT('',(-0.00196448834424755,-0.0168480037472181,0.0242));
#5117=CARTESIAN_POINT('',(-0.00196448834424755,0.0181319962527818,0.00167281781056264));
#5118=CARTESIAN_POINT('',(-0.00196448834424755,0.0177773538560006,0.00131987254651936));
#5119=CARTESIAN_POINT('',(-0.00196448834424755,0.0174226416535146,0.000966997462543794));
#5120=CARTESIAN_POINT('',(-0.00196448834424755,0.0170678387536272,0.000614213562373103));
#5121=CARTESIAN_POINT('',(-0.00196448834424754,0.0181319962527819,0.00167281781056263));
#5122=CARTESIAN_POINT('',(-0.00196448834424754,0.0236319962527818,0.0242));
#5123=CARTESIAN_POINT('',(-0.00196448834424754,0.0236319962527818,0.001992));
#5124=CARTESIAN_POINT('',(-0.00196448834424754,0.0211319962527819,0.001992));
#5125=CARTESIAN_POINT('',(-0.00196448834424754,0.0211319962527819,0.001992));
#5126=CARTESIAN_POINT('',(-0.00196448834424754,0.0211319962527819,0.001392));
#5127=CARTESIAN_POINT('',(-0.00196448834424754,0.0181319962527819,0.001392));
#5128=CARTESIAN_POINT('',(0.00152057530801106,0.0124157836259903,0.001992));
#5129=CARTESIAN_POINT('',(0.00622323054245193,0.0205909351479437,0.001992));
#5130=CARTESIAN_POINT('',(0.00622323054245193,0.0205909351479437,0.002192));
#5131=CARTESIAN_POINT('',(0.00540986992363068,0.0195780816878442,0.001992));
#5132=CARTESIAN_POINT('',(0.00494323620811065,0.018365777846629,0.001992));
#5133=CARTESIAN_POINT('',(0.00494323620811065,0.018365777846629,0.002192));
#5134=CARTESIAN_POINT('',(0.00152057530801106,0.0124157836259903,0.002192));
#5135=CARTESIAN_POINT('',(0.0194334325169595,0.0238319962527818,0.001992));
#5136=CARTESIAN_POINT('',(0.0194334325169595,0.0238319962527818,0.002192));
#5137=CARTESIAN_POINT('',(-0.00216448834424754,0.0238319962527818,0.002192));
#5138=CARTESIAN_POINT('',(0.000588931555379429,0.0238319962527818,0.002192));
#5139=CARTESIAN_POINT('',(-0.00216448834424754,0.0238319962527818,0.001992));
#5140=CARTESIAN_POINT('',(-0.000714488344247546,0.0236319962527818,0.001992));
#5141=CARTESIAN_POINT('',(0.000588931555379434,0.0238319962527818,0.001992));
#5142=CARTESIAN_POINT('',(-0.00216448834424755,-0.0168480037472181,0.001992));
#5143=CARTESIAN_POINT('',(-0.00216448834424754,0.0209319962527819,0.001992));
#5144=CARTESIAN_POINT('',(-0.00216448834424754,0.0209319962527819,0.002192));
#5145=CARTESIAN_POINT('',(-0.00216448834424754,0.0236319962527818,0.002192));
#5146=CARTESIAN_POINT('',(0.0194334325169595,0.0209319962527819,0.001992));
#5147=CARTESIAN_POINT('',(-0.000714488344247549,0.0211319962527819,0.001992));
#5148=CARTESIAN_POINT('',(0.0194334325169595,0.0209319962527819,0.002192));
#5149=CARTESIAN_POINT('',(0.000482091756125471,0.0209319962527819,0.002192));
#5150=CARTESIAN_POINT('',(0.000482091756125472,0.0209319962527819,0.001992));
#5151=CARTESIAN_POINT('',(0.000859847954558391,-0.00967316696732446,0.001992));
#5152=CARTESIAN_POINT('',(0.00618160572420311,-0.0180605912129059,0.001992));
#5153=CARTESIAN_POINT('',(0.00618160572420311,-0.0180605912129059,0.002192));
#5154=CARTESIAN_POINT('',(0.000859847954558391,-0.00967316696732446,0.002192));
#5155=CARTESIAN_POINT('',(0.00481911863452988,-0.0159132260480724,0.002192));
#5156=CARTESIAN_POINT('',(0.00481911863452988,-0.0159132260480724,0.001992));
#5157=CARTESIAN_POINT('',(0.00533122250157791,-0.0170936420037313,0.001992));
#5158=CARTESIAN_POINT('',(-0.000714488344247554,-0.0186680037472182,0.001992));
#5159=CARTESIAN_POINT('',(0.000535511655752444,-0.0186680037472182,0.002192));
#5160=CARTESIAN_POINT('',(-0.00216448834424755,-0.0186680037472182,0.002192));
#5161=CARTESIAN_POINT('',(0.000477416087150522,-0.0186680037472182,0.002192));
#5162=CARTESIAN_POINT('',(-0.00216448834424755,-0.0186680037472182,0.001992));
#5163=CARTESIAN_POINT('',(-0.00196448834424755,-0.0188680037472181,0.001992));
#5164=CARTESIAN_POINT('',(0.000477416087150524,-0.0186680037472182,0.001992));
#5165=CARTESIAN_POINT('',(-0.00216448834424755,-0.0168480037472181,0.001992));
#5166=CARTESIAN_POINT('',(-0.00216448834424755,-0.0215680037472182,0.001992));
#5167=CARTESIAN_POINT('',(-0.00216448834424755,-0.0215680037472182,0.002192));
#5168=CARTESIAN_POINT('',(-0.00216448834424755,-0.0188680037472181,0.002192));
#5169=CARTESIAN_POINT('',(-0.000714488344247555,-0.0215680037472182,0.001992));
#5170=CARTESIAN_POINT('',(0.000535511655752444,-0.0213680037472181,0.001992));
#5171=CARTESIAN_POINT('',(-0.00196448834424755,-0.0215680037472182,0.002192));
#5172=CARTESIAN_POINT('',(0.000593073756730909,-0.0215680037472182,0.002192));
#5173=CARTESIAN_POINT('',(0.000593073756730903,-0.0215680037472182,0.001992));
#5174=CARTESIAN_POINT('',(-0.0114260883442475,0.000659365958214329,-0.000408));
#5175=CARTESIAN_POINT('',(-0.0140260906875885,-0.00447382506686161,0.00219200234334093));
#5176=CARTESIAN_POINT('',(-0.0135009331619748,-0.00436551933531238,0.00166684481772729));
#5177=CARTESIAN_POINT('',(-0.0129757756363612,-0.00425721360376315,0.00114168729211365));
#5178=CARTESIAN_POINT('',(-0.0124506181107476,-0.00414890787221392,0.000616529766500012));
#5179=CARTESIAN_POINT('',(-0.0140260993160899,-0.0044737945911031,0.002192));
#5180=CARTESIAN_POINT('',(-0.0114260883442475,0.00540079625278184,-0.000408));
#5181=CARTESIAN_POINT('',(-0.0140260883442475,0.00540079625278184,0.002192));
#5182=CARTESIAN_POINT('',(-0.0140260883442475,0.00211163311682337,0.002192));
#5183=CARTESIAN_POINT('',(-0.0126131048527976,-0.00374189183622852,0.000604718517852775));
#5184=CARTESIAN_POINT('',(-0.012562582818829,-0.00385913414263137,0.000604718517852775));
#5185=CARTESIAN_POINT('',(-0.01251195411891,-0.00397668138812542,0.000604718517852775));
#5186=CARTESIAN_POINT('',(-0.0122889928365182,-0.00449479311162621,0.000604718517852775));
#5187=CARTESIAN_POINT('',(-0.0121270117032734,-0.00486928536506688,0.000604718517852775));
#5188=CARTESIAN_POINT('',(-0.0117834870615054,-0.00562599915858596,0.000604718517852775));
#5189=CARTESIAN_POINT('',(-0.0116089096608742,-0.00599815938336072,0.000604718517852775));
#5190=CARTESIAN_POINT('',(-0.0112477596006243,-0.00673734703636798,0.000604718517852775));
#5191=CARTESIAN_POINT('',(-0.0110627386268543,-0.00710277886695009,0.000604718517852775));
#5192=CARTESIAN_POINT('',(-0.0101031939707714,-0.0089074933678412,0.000604718517852775));
#5193=CARTESIAN_POINT('',(-0.00924229451355685,-0.0102873412569329,0.000604718517852775));
#5194=CARTESIAN_POINT('',(-0.00778476563881976,-0.0120863143533325,0.000604718517852775));
#5195=CARTESIAN_POINT('',(-0.00726721085204244,-0.0126454500719707,0.000604718517852775));
#5196=CARTESIAN_POINT('',(-0.0061533563261331,-0.0136561088618749,0.000604718517852775));
#5197=CARTESIAN_POINT('',(-0.0055652228444178,-0.0140974017057199,0.000604718517852775));
#5198=CARTESIAN_POINT('',(-0.00464834882494032,-0.0146372544427935,0.000604718517852775));
#5199=CARTESIAN_POINT('',(-0.00433458426118435,-0.0147981585711647,0.000604718517852775));
#5200=CARTESIAN_POINT('',(-0.00368850644530932,-0.0150793783580239,0.000604718517852775));
#5201=CARTESIAN_POINT('',(-0.00336080535789749,-0.015197353926624,0.000604718517852775));
#5202=CARTESIAN_POINT('',(-0.00286663012209156,-0.0153389329525364,0.000604718517852775));
#5203=CARTESIAN_POINT('',(-0.0027012039134423,-0.0153803834234977,0.000604718517852775));
#5204=CARTESIAN_POINT('',(-0.00245145897289781,-0.0154339699886143,0.000604718517852775));
#5205=CARTESIAN_POINT('',(-0.00236822877450156,-0.0154503540496301,0.000604718517852775));
#5206=CARTESIAN_POINT('',(-0.00220052634674384,-0.0154803752753644,0.000604718517852775));
#5207=CARTESIAN_POINT('',(-0.00211749186549277,-0.0154937641871432,0.000604718517852775));
#5208=CARTESIAN_POINT('',(-0.00198959451398006,-0.0155121722182469,0.000604718517852775));
#5209=CARTESIAN_POINT('',(-0.00195191542474202,-0.0155171442240431,0.000604718517852775));
#5210=CARTESIAN_POINT('',(-0.0018464402860653,-0.0155309322350649,0.000604718517852775));
#5211=CARTESIAN_POINT('',(-0.00179941701959336,-0.0155370791303941,0.000604718517852775));
#5212=CARTESIAN_POINT('',(-0.0017515890717774,-0.0155433610003612,0.000604718517852775));
#5213=CARTESIAN_POINT('',(-0.0140790080300445,-0.00437492705708681,0.00220147014484515));
#5214=CARTESIAN_POINT('',(-0.0140285111862251,-0.00449211140188214,0.00220147014484515));
#5215=CARTESIAN_POINT('',(-0.0139780105226133,-0.00460936404054032,0.00220147014484515));
#5216=CARTESIAN_POINT('',(-0.0137564208071935,-0.00512431983885965,0.00220147014484515));
#5217=CARTESIAN_POINT('',(-0.0135867580038279,-0.00551660260910929,0.00220147014484515));
#5218=CARTESIAN_POINT('',(-0.0132323433630987,-0.00629720151469763,0.00220147014484515));
#5219=CARTESIAN_POINT('',(-0.0130507606175951,-0.00668441833160855,0.00220147014484515));
#5220=CARTESIAN_POINT('',(-0.0126752596373227,-0.00745297535526213,0.00220147014484515));
#5221=CARTESIAN_POINT('',(-0.0124822161469656,-0.00783436869735257,0.00220147014484515));
#5222=CARTESIAN_POINT('',(-0.0114790213174273,-0.00972081080593698,0.00220147014484515));
#5223=CARTESIAN_POINT('',(-0.0105687104883225,-0.0111868384553646,0.00220147014484515));
#5224=CARTESIAN_POINT('',(-0.00898182054869672,-0.0131452265540514,0.00220147014484515));
#5225=CARTESIAN_POINT('',(-0.00841061402746065,-0.013764017745881,0.00220147014484515));
#5226=CARTESIAN_POINT('',(-0.00715567293131081,-0.0149027789469162,0.00220147014484515));
#5227=CARTESIAN_POINT('',(-0.00648028009054151,-0.0154115367659533,0.00220147014484515));
#5228=CARTESIAN_POINT('',(-0.00540541577642355,-0.0160445010957595,0.00220147014484515));
#5229=CARTESIAN_POINT('',(-0.00503415183979512,-0.0162351085681513,0.00220147014484515));
#5230=CARTESIAN_POINT('',(-0.00426338705252223,-0.0165706095123429,0.00220147014484515));
#5231=CARTESIAN_POINT('',(-0.00386931061364191,-0.0167126493651928,0.00220147014484515));
#5232=CARTESIAN_POINT('',(-0.00327219250185274,-0.0168837360170654,0.00220147014484515));
#5233=CARTESIAN_POINT('',(-0.00307167473991023,-0.0169339821445776,0.00220147014484515));
#5234=CARTESIAN_POINT('',(-0.00276876130484436,-0.0169989842993237,0.00220147014484515));
#5235=CARTESIAN_POINT('',(-0.00266747757150664,-0.0170189162191992,0.00220147014484515));
#5236=CARTESIAN_POINT('',(-0.00246403180887207,-0.0170553414859819,0.00220147014484515));
#5237=CARTESIAN_POINT('',(-0.00236214404187571,-0.0170717481840694,0.00220147014484515));
#5238=CARTESIAN_POINT('',(-0.00220819340748395,-0.0170939196852328,0.00220147014484515));
#5239=CARTESIAN_POINT('',(-0.00215773998126547,-0.0171005788289421,0.00220147014484515));
#5240=CARTESIAN_POINT('',(-0.00205518941333724,-0.017113977356935,0.00220147014484515));
#5241=CARTESIAN_POINT('',(-0.00200718702424385,-0.0171202496714735,0.00220147014484515));
#5242=CARTESIAN_POINT('',(-0.00195903302676215,-0.0171265784493466,0.00220147014484515));
#5243=CARTESIAN_POINT('',(-0.00532375467950108,-0.0160680037472182,0.002192));
#5244=CARTESIAN_POINT('',(-0.00642630229957316,-0.0154871427172958,0.002192));
#5245=CARTESIAN_POINT('',(-0.00837403035816005,-0.0139587896844951,0.002192));
#5246=CARTESIAN_POINT('',(-0.0114498426487425,-0.0100804783321563,0.002192));
#5247=CARTESIAN_POINT('',(-0.0130511777101349,-0.00673697126531084,0.002192));
#5248=CARTESIAN_POINT('',(-0.0140260993160899,-0.00447379459110311,0.002192));
#5249=CARTESIAN_POINT('',(-0.00532375467950107,-0.0160680037472181,0.002192));
#5250=CARTESIAN_POINT('',(-0.00532375467950107,-0.0160680037472182,0.002192));
#5251=CARTESIAN_POINT('',(-0.00535887283694679,-0.0160495022614487,0.002192));
#5252=CARTESIAN_POINT('',(-0.00543081814176155,-0.016011822232517,0.002192675434272));
#5253=CARTESIAN_POINT('',(-0.00548636921070704,-0.0159040845411769,0.00212507328728448));
#5254=CARTESIAN_POINT('',(-0.0053757526796398,-0.0158715537524115,0.00204323545316495));
#5255=CARTESIAN_POINT('',(-0.00530993527470085,-0.0158680037472184,0.00200888800561614));
#5256=CARTESIAN_POINT('',(-0.00527403243655473,-0.0158680037472182,0.00199200000000344));
#5257=CARTESIAN_POINT('',(-0.00527403243655472,-0.0158680037472182,0.00199200000000345));
#5258=CARTESIAN_POINT('',(-0.00527403243655473,-0.0158680037472182,0.00199200000000344));
#5259=CARTESIAN_POINT('',(-0.00479237765211412,-0.0158680037472182,0.00176543883874402));
#5260=CARTESIAN_POINT('',(-0.004303883670625,-0.0158680037472181,0.00156176613465984));
#5261=CARTESIAN_POINT('',(-0.00380525821947173,-0.0158680037472181,0.0013919999999998));
#5262=CARTESIAN_POINT('',(-0.000714488344247546,-0.0158680037472182,0.001392));
#5263=CARTESIAN_POINT('',(-0.000714488344247546,-0.0158680037472182,0.001992));
#5264=CARTESIAN_POINT('',(0.00073551165575245,0.00211163311682337,0.001992));
#5265=CARTESIAN_POINT('',(0.000735511655753464,-0.0146611626138687,0.002192));
#5266=CARTESIAN_POINT('',(0.000642855834453228,-0.0145838709378505,0.00219200000000047));
#5267=CARTESIAN_POINT('',(0.000535511655752447,-0.0144921438475198,0.00211492501791335));
#5268=CARTESIAN_POINT('',(0.000535511655752447,-0.0144921438475198,0.001992));
#5269=CARTESIAN_POINT('',(0.000735511655752447,-0.0146611626138691,0.002192));
#5270=CARTESIAN_POINT('',(0.000735511655752447,-0.0160680037472181,0.001992));
#5271=CARTESIAN_POINT('',(0.000735511655752447,-0.0160680037472181,0.002192));
#5272=CARTESIAN_POINT('',(0.00073551165575245,0.00211163311682337,0.002192));
#5273=CARTESIAN_POINT('',(0.00467873774798934,-0.0123294175832054,0.001992));
#5274=CARTESIAN_POINT('',(0.00467873774798934,-0.0123294175832054,0.002192));
#5275=CARTESIAN_POINT('',(0.00481406116250264,-0.0124766845974498,0.002192));
#5276=CARTESIAN_POINT('',(0.00407721162387942,-0.0128821589384311,0.00199200000000071));
#5277=CARTESIAN_POINT('',(0.00407721162388167,-0.0128821589384325,0.00219200000000075));
#5278=CARTESIAN_POINT('',(0.00421253503840409,-0.0130294259526702,0.002192));
#5279=CARTESIAN_POINT('',(0.00280326684894999,-0.0138407359464006,0.00199199999999894));
#5280=CARTESIAN_POINT('',(0.00280326684881843,-0.0138407359455378,0.00219199999999887));
#5281=CARTESIAN_POINT('',(0.0028980223271286,-0.0140222928921545,0.002192));
#5282=CARTESIAN_POINT('',(0.00128960656324557,-0.0143782410502768,0.00199200000000141));
#5283=CARTESIAN_POINT('',(0.00128960656350644,-0.0143782410520009,0.0021920000000015));
#5284=CARTESIAN_POINT('',(0.0013439310699222,-0.0145723021546121,0.002192));
#5285=CARTESIAN_POINT('',(0.000507702848415431,-0.0144964091162859,0.001992));
#5286=CARTESIAN_POINT('',(0.000507702848415431,-0.0144964091162859,0.002192));
#5287=CARTESIAN_POINT('',(0.000537589208306177,-0.0146941635232974,0.002192));
#5288=CARTESIAN_POINT('',(0.00465733958547122,-0.0123490803191624,0.001992));
#5289=CARTESIAN_POINT('',(0.00465733958547136,-0.0123490803191622,0.00209760904059078));
#5290=CARTESIAN_POINT('',(0.00472205186913606,-0.0124198426593259,0.0021920000000043));
#5291=CARTESIAN_POINT('',(0.00479231094791727,-0.0124966708334518,0.00219200000000971));
#5292=CARTESIAN_POINT('',(0.00479231094792409,-0.0124966708334597,0.002192));
#5293=CARTESIAN_POINT('',(0.00479231094792409,-0.0124966708334597,0.002192));
#5294=CARTESIAN_POINT('',(0.00364345172159356,-0.013552355666209,0.002192));
#5295=CARTESIAN_POINT('',(0.0022755254551464,-0.0143801963713669,0.002192));
#5296=CARTESIAN_POINT('',(0.000735511655752446,-0.0146611626138691,0.002192));
#5297=CARTESIAN_POINT('',(0.0100194316143705,-0.00381837518363972,0.001992));
#5298=CARTESIAN_POINT('',(0.0100194316143705,-0.00381837518363972,0.002192));
#5299=CARTESIAN_POINT('',(0.0102128316051415,-0.00386933049317437,0.002192));
#5300=CARTESIAN_POINT('',(0.0097984789924776,-0.00465699701569558,0.001992));
#5301=CARTESIAN_POINT('',(0.00979847899248462,-0.00465699701569748,0.0021920000000008));
#5302=CARTESIAN_POINT('',(0.00999187898324544,-0.00470795232525787,0.002192));
#5303=CARTESIAN_POINT('',(0.00925816357737474,-0.00625467420810171,0.00199199999999989));
#5304=CARTESIAN_POINT('',(0.0092581635773714,-0.00625467420810084,0.00219199999999952));
#5305=CARTESIAN_POINT('',(0.00944112225385711,-0.00633975656537707,0.002192));
#5306=CARTESIAN_POINT('',(0.00802414017936662,-0.00852723755547487,0.00199200000000038));
#5307=CARTESIAN_POINT('',(0.00802414017936776,-0.00852723755547505,0.0021920000000005));
#5308=CARTESIAN_POINT('',(0.00819217974867885,-0.00863603694458499,0.002192));
#5309=CARTESIAN_POINT('',(0.00646172359374692,-0.0105891457065339,0.0019919999999986));
#5310=CARTESIAN_POINT('',(0.0064617235937457,-0.010589145706534,0.00219199999999848));
#5311=CARTESIAN_POINT('',(0.00661503454394852,-0.0107193065376746,0.002192));
#5312=CARTESIAN_POINT('',(0.00525502925505548,-0.0118051118041765,0.00199200000000302));
#5313=CARTESIAN_POINT('',(0.00525502925505756,-0.011805111804176,0.0021920000000032));
#5314=CARTESIAN_POINT('',(0.00538964702279058,-0.0119530241316237,0.002192));
#5315=CARTESIAN_POINT('',(0.00461155910014024,-0.0123907459926516,0.001992));
#5316=CARTESIAN_POINT('',(0.00461155910014024,-0.0123907459926516,0.002192));
#5317=CARTESIAN_POINT('',(0.00474617686786644,-0.0125386583201041,0.002192));
#5318=CARTESIAN_POINT('',(0.0101971116557551,-0.00392899528755013,0.002192));
#5319=CARTESIAN_POINT('',(0.0100933802908535,-0.00391555943655749,0.00219200000000138));
#5320=CARTESIAN_POINT('',(0.00999711165575245,-0.00390309019823116,0.00209811359543041));
#5321=CARTESIAN_POINT('',(0.00999711165575245,-0.00390309019823116,0.001992));
#5322=CARTESIAN_POINT('',(0.0101971116557524,-0.00392899528757028,0.002192));
#5323=CARTESIAN_POINT('',(0.0101971116557524,-0.00392899528757028,0.002192));
#5324=CARTESIAN_POINT('',(0.00975930952839859,-0.00559066564465374,0.002192));
#5325=CARTESIAN_POINT('',(0.00836165387831243,-0.00873898673678704,0.002192));
#5326=CARTESIAN_POINT('',(0.00606295948483388,-0.0113402299028804,0.002192));
#5327=CARTESIAN_POINT('',(0.00479231094792409,-0.0124966708334597,0.002192));
#5328=CARTESIAN_POINT('',(0.0101971116557524,0.00211163311682337,0.001992));
#5329=CARTESIAN_POINT('',(0.0101971116557524,0.00540079625278184,0.001992));
#5330=CARTESIAN_POINT('',(0.0101971116557524,0.00540079625278184,0.002192));
#5331=CARTESIAN_POINT('',(0.0101971116557524,-0.00390309019823116,0.002192));
#5332=CARTESIAN_POINT('',(-0.000714488344247546,0.00540079625278184,0.001992));
#5333=CARTESIAN_POINT('',(0.000735511655752453,0.0162156247100437,0.002192));
#5334=CARTESIAN_POINT('',(0.000643626411060646,0.0161352298489195,0.002192));
#5335=CARTESIAN_POINT('',(0.000535511655752453,0.0160392112926268,0.00211632232460284));
#5336=CARTESIAN_POINT('',(0.000535511655752453,0.0160392112926268,0.001992));
#5337=CARTESIAN_POINT('',(0.000735511655752453,0.0162156247100437,0.002192));
#5338=CARTESIAN_POINT('',(-0.000714488344247546,0.00540079625278184,0.002192));
#5339=CARTESIAN_POINT('',(0.00073551165575245,0.00211163311682337,0.001992));
#5340=CARTESIAN_POINT('',(0.00073551165575245,0.00211163311682337,0.002192));
#5341=CARTESIAN_POINT('',(0.000735511655752453,0.0183319962527819,0.002192));
#5342=CARTESIAN_POINT('',(0.000735511655752453,0.0183319962527819,0.001992));
#5343=CARTESIAN_POINT('',(0.000535511655752448,0.0181319962527819,0.001992));
#5344=CARTESIAN_POINT('',(0.000535511655752445,-0.0155980037472181,0.001992));
#5345=CARTESIAN_POINT('',(-0.000714488344247549,0.0181319962527819,0.001392));
#5346=CARTESIAN_POINT('',(0.000535511655752448,0.0181319962527819,0.001392));
#5347=CARTESIAN_POINT('',(-0.00460232078921323,0.0181319962527819,0.001992));
#5348=CARTESIAN_POINT('',(-0.00384986728785234,0.0181319962527819,0.001992));
#5349=CARTESIAN_POINT('',(-0.00196448834424754,0.0181319962527819,0.00167281781056263));
#5350=CARTESIAN_POINT('',(-0.00260501449328917,0.0181319962527819,0.00173540626711233));
#5351=CARTESIAN_POINT('',(-0.00323275014679119,0.0181319962527819,0.00184442868224928));
#5352=CARTESIAN_POINT('',(-0.00384986728785233,0.0181319962527819,0.00199200000000002));
#5353=CARTESIAN_POINT('',(-0.000714488344247546,0.00540079625278184,-0.000408));
#5354=CARTESIAN_POINT('',(-0.00384986728785234,0.0181319962527819,0.001992));
#5355=CARTESIAN_POINT('',(-0.00391077534943342,0.0181319962527819,0.002006564954222));
#5356=CARTESIAN_POINT('',(-0.00400432538879371,0.0181345539514098,0.00203209329698615));
#5357=CARTESIAN_POINT('',(-0.00411360978931532,0.0181472801189488,0.00207222401666266));
#5358=CARTESIAN_POINT('',(-0.00421563829546204,0.0181775567013945,0.00212812951692232));
#5359=CARTESIAN_POINT('',(-0.0041399699853613,0.0182499759424654,0.00217822598817258));
#5360=CARTESIAN_POINT('',(-0.00402487596303891,0.0182900580435656,0.00218774439979538));
#5361=CARTESIAN_POINT('',(-0.00393470814014452,0.0183171726600727,0.00219200000000366));
#5362=CARTESIAN_POINT('',(-0.00387403912244559,0.0183319962527849,0.00219200000000344));
#5363=CARTESIAN_POINT('',(-0.00387403912244372,0.0183319962527819,0.002192));
#5364=CARTESIAN_POINT('',(-0.000714488344247546,0.00540079625278184,0.002192));
#5365=CARTESIAN_POINT('',(0.022856093417059,0.00806162733746207,0.001992));
#5366=CARTESIAN_POINT('',(0.022856093417059,0.00806162733746207,0.002192));
#5367=CARTESIAN_POINT('',(-0.000714488344247549,0.0211319962527819,0.001392));
#5368=CARTESIAN_POINT('',(0.000535511655752445,-0.0155980037472181,0.0242));
#5369=CARTESIAN_POINT('',(-0.000714488344247554,-0.0188680037472181,0.001392));
#5370=CARTESIAN_POINT('',(0.0233927031969309,-0.00412842596392456,0.001992));
#5371=CARTESIAN_POINT('',(0.0233927031969309,-0.00412842596392456,0.002192));
#5372=CARTESIAN_POINT('',(0.0247713364390568,-0.00639351032327815,0.001992));
#5373=CARTESIAN_POINT('',(0.0247713364390568,-0.00639351032327815,0.002192));
#5374=CARTESIAN_POINT('',(-0.000714488344247555,-0.0213680037472181,0.0242));
#5375=CARTESIAN_POINT('',(-0.000714488344247546,0.0236319962527818,0.0242));
#5376=CARTESIAN_POINT('',(0.0194334325169595,0.00211163311682337,0.002192));
#5377=CARTESIAN_POINT('',(0.015246765654439,0.0291089272864438,0.002192));
#5378=CARTESIAN_POINT('',(0.015246765654439,-0.0238856610527971,0.002192));
#5379=CARTESIAN_POINT('',(0.015246765654439,0.0281089272864439,0.002192));
#5380=CARTESIAN_POINT('',(0.0194334325169595,0.0281089272864439,0.002192));
#5381=CARTESIAN_POINT('',(-0.0150665674830405,0.0281089272864439,0.002192));
#5382=CARTESIAN_POINT('',(-0.0150665674830405,0.0211116331168234,0.002192));
#5383=CARTESIAN_POINT('',(-0.0220638616526611,0.0211116331168234,0.002192));
#5384=CARTESIAN_POINT('',(-0.0220638616526611,0.00211163311682336,0.002192));
#5385=CARTESIAN_POINT('',(-0.0220638616526611,-0.0168883668831766,0.002192));
#5386=CARTESIAN_POINT('',(-0.0150665674830405,-0.0168883668831766,0.002192));
#5387=CARTESIAN_POINT('',(-0.0150665674830405,-0.0238856610527971,0.002192));
#5388=CARTESIAN_POINT('',(0.0194334325169595,-0.0238856610527971,0.002192));
#5389=CARTESIAN_POINT('',(0.0194334325169595,-0.0160680037472181,0.002192));
#5390=CARTESIAN_POINT('',(0.000735511655752454,0.0183319962527819,0.002192));
#5391=CARTESIAN_POINT('',(0.00604986709080131,0.0206906603385015,0.002192));
#5392=CARTESIAN_POINT('',(-0.000708443685565487,0.00120650878224337,-0.0012));
#5393=CARTESIAN_POINT('',(0.015246765654439,-0.0248856610527971,-0.0012));
#5394=CARTESIAN_POINT('',(0.015246765654439,0.0281089272864439,-0.0012));
#5395=CARTESIAN_POINT('',(0.015246765654439,-0.0238856610527971,-0.0012));
#5396=CARTESIAN_POINT('',(-0.000708443685565483,-0.0238856610527971,-0.0012));
#5397=CARTESIAN_POINT('',(-0.0150665674830405,-0.0238856610527971,-0.0012));
#5398=CARTESIAN_POINT('',(-0.0150665674830405,-0.0168883668831766,-0.0012));
#5399=CARTESIAN_POINT('',(-0.0220638616526611,-0.0168883668831766,-0.0012));
#5400=CARTESIAN_POINT('',(-0.0220638616526611,0.00120650878224336,-0.0012));
#5401=CARTESIAN_POINT('',(-0.0220638616526611,0.0211116331168234,-0.0012));
#5402=CARTESIAN_POINT('',(-0.0150665674830405,0.0211116331168234,-0.0012));
#5403=CARTESIAN_POINT('',(-0.0150665674830405,0.0281089272864439,-0.0012));
#5404=CARTESIAN_POINT('',(-0.000708443685565491,0.0281089272864439,-0.0012));
#5405=CARTESIAN_POINT('',(0.0193408638456535,0.0130451781364532,0.001992));
#5406=CARTESIAN_POINT('',(0.00540986992363068,0.0195780816878442,0.001392));
#5407=CARTESIAN_POINT('',(0.00540986992363068,0.0195780816878442,0.001392));
#5408=CARTESIAN_POINT('',(0.00533122250157791,-0.0170936420037313,0.001392));
#5409=CARTESIAN_POINT('',(0.0194334325169595,0.00211163311682337,0.001392));
#5410=CARTESIAN_POINT('',(0.015246765654439,0.015400257701343,0.001392));
#5411=CARTESIAN_POINT('',(0.015246765654439,0.015200257701343,0.001392));
#5412=CARTESIAN_POINT('',(0.015246765654439,0.00211163311682337,0.001392));
#5413=CARTESIAN_POINT('',(-0.0150665674830405,-0.0168883668831766,0.000696));
#5414=CARTESIAN_POINT('',(-0.023063861652661,-0.0168883668831766,0.000696));
#5415=CARTESIAN_POINT('',(-0.023063861652661,-0.0168883668831766,-0.0002));
#5416=CARTESIAN_POINT('',(-0.023063861652661,-0.0168883668831766,0.001192));
#5417=CARTESIAN_POINT('',(-0.0150665674830405,-0.0168883668831766,-0.0002));
#5418=CARTESIAN_POINT('',(-0.0150665674830405,-0.0168883668831766,0.001192));
#5419=CARTESIAN_POINT('',(-0.023063861652661,-0.0168883668831766,0.000695999999999966));
#5420=CARTESIAN_POINT('',(-0.023063861652661,0.0211116331168234,0.000695999999999966));
#5421=CARTESIAN_POINT('',(-0.023063861652661,0.0211116331168234,-0.0002));
#5422=CARTESIAN_POINT('',(-0.023063861652661,0.0211116331168234,0.001192));
#5423=CARTESIAN_POINT('',(-0.023063861652661,-0.0168883668831766,-0.0002));
#5424=CARTESIAN_POINT('',(-0.023063861652661,-0.0168883668831766,0.001192));
#5425=CARTESIAN_POINT('',(-0.0150665674830405,0.0211116331168234,0.000696));
#5426=CARTESIAN_POINT('',(-0.0150665674830405,0.0211116331168234,-0.0002));
#5427=CARTESIAN_POINT('',(-0.0150665674830405,0.0211116331168234,0.001192));
#5428=CARTESIAN_POINT('',(0.023315272086356,0.0280089272864438,0.000496));
#5429=CARTESIAN_POINT('',(0.039246765654439,0.0280089272864438,-0.0001));
#5430=CARTESIAN_POINT('',(0.039246765654439,0.0280089272864438,0.000892));
#5431=CARTESIAN_POINT('',(0.039246765654439,0.0280089272864438,9.99999999999989E-5));
#5432=CARTESIAN_POINT('',(0.023315272086356,0.0280089272864438,9.99999999999989E-5));
#5433=CARTESIAN_POINT('',(0.015646765654439,0.0280089272864438,9.99999999999989E-5));
#5434=CARTESIAN_POINT('',(0.015646765654439,0.0280089272864438,0.000496));
#5435=CARTESIAN_POINT('',(0.015646765654439,0.0280089272864438,0.000892));
#5436=CARTESIAN_POINT('',(0.023315272086356,0.0280089272864438,0.000892));
#5437=CARTESIAN_POINT('',(0.023315272086356,-0.0237856610527971,0.000496));
#5438=CARTESIAN_POINT('',(0.015646765654439,-0.0237856610527971,0.000496));
#5439=CARTESIAN_POINT('',(0.015646765654439,-0.0237856610527971,0.000892));
#5440=CARTESIAN_POINT('',(0.015646765654439,-0.0237856610527971,9.99999999999989E-5));
#5441=CARTESIAN_POINT('',(0.023315272086356,-0.0237856610527971,9.99999999999989E-5));
#5442=CARTESIAN_POINT('',(0.039246765654439,-0.0237856610527971,9.99999999999989E-5));
#5443=CARTESIAN_POINT('',(0.039246765654439,-0.0237856610527971,0.001092));
#5444=CARTESIAN_POINT('',(0.039246765654439,-0.0237856610527971,0.000892));
#5445=CARTESIAN_POINT('',(0.023315272086356,-0.0237856610527971,0.000892));
#5446=CARTESIAN_POINT('',(0.065985553306285,0.0222797057403514,0.002194));
#5447=CARTESIAN_POINT('',(0.015246765654439,-0.00956441017805347,-0.001));
#5448=CARTESIAN_POINT('',(0.0153530830656788,-0.00949768442199291,-0.000830599267807713));
#5449=CARTESIAN_POINT('',(0.0153530830656788,-0.00949768442199291,0.002194));
#5450=CARTESIAN_POINT('',(0.0153530830656788,-0.00949768442199291,0.00142259926780771));
#5451=CARTESIAN_POINT('',(0.015246765654439,-0.00956441017805347,0.001592));
#5452=CARTESIAN_POINT('',(0.015246765654439,0.00211163311682337,0.001992));
#5453=CARTESIAN_POINT('',(0.015246765654439,-0.0238856610527971,0.001992));
#5454=CARTESIAN_POINT('',(0.015246765654439,0.0281089272864439,0.001992));
#5455=CARTESIAN_POINT('',(0.015246765654439,0.0124387994225748,0.001092));
#5456=CARTESIAN_POINT('',(0.015246765654439,0.0124387994225748,-0.001));
#5457=CARTESIAN_POINT('',(0.015246765654439,0.0124387994225748,0.001592));
#5458=CARTESIAN_POINT('',(0.015246765654439,0.0289089272864438,0.001092));
#5459=CARTESIAN_POINT('',(0.015246765654439,0.0289089272864438,0.001192));
#5460=CARTESIAN_POINT('',(0.015246765654439,0.0289089272864438,-0.0002));
#5461=CARTESIAN_POINT('',(0.015246765654439,0.00211163311682337,-0.001));
#5462=CARTESIAN_POINT('',(0.015246765654439,0.0281089272864439,-0.001));
#5463=CARTESIAN_POINT('',(0.015246765654439,0.015400257701343,-0.001));
#5464=CARTESIAN_POINT('',(0.015246765654439,-0.00932828368980069,-0.001));
#5465=CARTESIAN_POINT('',(0.015246765654439,-0.0123712159440664,-0.001));
#5466=CARTESIAN_POINT('',(0.015246765654439,-0.0238856610527971,-0.001));
#5467=CARTESIAN_POINT('',(0.015246765654439,0.00211163311682337,0.001592));
#5468=CARTESIAN_POINT('',(0.015246765654439,0.015400257701343,0.001592));
#5469=CARTESIAN_POINT('',(0.015246765654439,0.015400257701343,0.0242));
#5470=CARTESIAN_POINT('',(0.015246765654439,0.015400257701343,-0.0003));
#5471=CARTESIAN_POINT('',(0.015246765654439,-0.0246856610527971,0.000696));
#5472=CARTESIAN_POINT('',(0.015246765654439,-0.0246856610527971,-0.0002));
#5473=CARTESIAN_POINT('',(0.015246765654439,-0.0246856610527971,0.001192));
#5474=CARTESIAN_POINT('',(0.0240483218363325,0.0103372709005654,9.99999999999989E-5));
#5475=CARTESIAN_POINT('',(0.0226721573235088,0.0108981634494525,0.0001));
#5476=CARTESIAN_POINT('',(0.0226721573235088,0.0108981634494525,-1.34980166230517E-5));
#5477=CARTESIAN_POINT('',(0.0226735976558265,0.0110151673263001,-9.99999999999923E-5));
#5478=CARTESIAN_POINT('',(0.0226755638057472,0.0111269330518805,-0.0001));
#5479=CARTESIAN_POINT('',(0.015646765654439,0.0151701626274199,9.99999999999989E-5));
#5480=CARTESIAN_POINT('',(0.015246765654439,-0.00932828368980069,0.002194));
#5481=CARTESIAN_POINT('',(0.015246765654439,-0.00932828368980069,0.001592));
#5482=CARTESIAN_POINT('',(0.0240483218363325,0.0103372709005654,0.000892));
#5483=CARTESIAN_POINT('',(0.015646765654439,0.0151701626274199,0.000892));
#5484=CARTESIAN_POINT('',(0.0226721573235088,0.0108981634494525,0.000892));
#5485=CARTESIAN_POINT('',(0.0226721573235088,0.0108981634494525,0.00100549801662305));
#5486=CARTESIAN_POINT('',(0.0226735976558265,0.0110151673263001,0.001092));
#5487=CARTESIAN_POINT('',(0.0226755638057472,0.0111269330518805,0.001092));
#5488=CARTESIAN_POINT('',(0.015246765654439,0.015400257701343,0.0242));
#5489=CARTESIAN_POINT('',(0.015246765654439,0.015400257701343,0.001292));
#5490=CARTESIAN_POINT('',(0.015446765654439,0.015400257701343,-0.0003));
#5491=CARTESIAN_POINT('',(0.015446765654439,0.0150544810249974,-0.0003));
#5492=CARTESIAN_POINT('',(0.0151470404638812,0.0152268942496924,-0.0003));
#5493=CARTESIAN_POINT('',(0.015446765654439,0.0154002577011077,-0.000247640013357326));
#5494=CARTESIAN_POINT('',(0.0154467656511926,0.0150544810268659,-0.000299713658311123));
#5495=CARTESIAN_POINT('',(0.0151470404642903,0.0152268942494571,-0.000195280026714663));
#5496=CARTESIAN_POINT('',(0.0154901029217252,0.0153503992428614,-0.000143337280846718));
#5497=CARTESIAN_POINT('',(0.0153911090000679,0.015086496830001,-0.000270652471708086));
#5498=CARTESIAN_POINT('',(0.0152337149982491,0.0151770357912108,1.33254384397795E-5));
#5499=CARTESIAN_POINT('',(0.0155944056949174,0.0152304014712038,-0.0001));
#5500=CARTESIAN_POINT('',(0.0154770970873183,0.0150370332417717,-0.000127931272235382));
#5501=CARTESIAN_POINT('',(0.0154423205448379,0.015057038019553,9.99999997335794E-5));
#5502=CARTESIAN_POINT('',(0.015646765654439,0.0151701626274199,-0.0001));
#5503=CARTESIAN_POINT('',(0.0155470404638812,0.0149967991757693,-0.0001));
#5504=CARTESIAN_POINT('',(0.0155470404638812,0.0149967991757693,9.99999999999999E-5));
#5505=CARTESIAN_POINT('',(0.015646765654439,0.0151701626274199,-0.0003));
#5506=CARTESIAN_POINT('',(0.027446765654439,0.00211163311682338,0.0001));
#5507=CARTESIAN_POINT('',(0.0233860707938312,-0.00702678891594756,0.0001));
#5508=CARTESIAN_POINT('',(0.0233860707938312,-0.00702678891594756,-1.27960031544127E-5));
#5509=CARTESIAN_POINT('',(0.023394277202423,-0.00714166725637434,-0.000100000000000002));
#5510=CARTESIAN_POINT('',(0.0234027533398147,-0.00725244528946769,-0.0001));
#5511=CARTESIAN_POINT('',(0.015246765654439,0.00211163311682337,0.001592));
#5512=CARTESIAN_POINT('',(0.015246765654439,-0.0123712159440664,0.001592));
#5513=CARTESIAN_POINT('',(0.027446765654439,0.00211163311682338,0.000892));
#5514=CARTESIAN_POINT('',(0.0233860707938312,-0.00702678891594756,0.000892));
#5515=CARTESIAN_POINT('',(0.0233860707938312,-0.00702678891594756,0.00100479600315441));
#5516=CARTESIAN_POINT('',(0.0233942772024177,-0.00714166725637475,0.001092));
#5517=CARTESIAN_POINT('',(0.0234027533398147,-0.00725244528946769,0.001092));
#5518=CARTESIAN_POINT('',(0.015646765654439,0.0151701626274199,0.001092));
#5519=CARTESIAN_POINT('',(0.0155470404638812,0.0149967991757693,0.001092));
#5520=CARTESIAN_POINT('',(0.0155470404638812,0.0149967991757693,0.000892));
#5521=CARTESIAN_POINT('',(0.0155944056949174,0.0152304014712038,0.001092));
#5522=CARTESIAN_POINT('',(0.0154770970873183,0.0150370332417716,0.0011199312722354));
#5523=CARTESIAN_POINT('',(0.0154423205448379,0.015057038019553,0.000892000000266443));
#5524=CARTESIAN_POINT('',(0.0154901029217252,0.0153503992428614,0.00113533728084672));
#5525=CARTESIAN_POINT('',(0.015391109000068,0.0150864968300011,0.00126265247170808));
#5526=CARTESIAN_POINT('',(0.0152337149982491,0.0151770357912108,0.000978674561560211));
#5527=CARTESIAN_POINT('',(0.015446765654439,0.0154002577011077,0.00123964001335731));
#5528=CARTESIAN_POINT('',(0.0154467656511926,0.0150544810268659,0.00129171365831108));
#5529=CARTESIAN_POINT('',(0.0151470404642903,0.0152268942494571,0.00118728002671466));
#5530=CARTESIAN_POINT('',(0.015446765654439,0.015400257701343,0.001292));
#5531=CARTESIAN_POINT('',(0.015446765654439,0.0150544810249974,0.001292));
#5532=CARTESIAN_POINT('',(0.0151470404638812,0.0152268942496924,0.001292));
#5533=CARTESIAN_POINT('',(0.015646765654439,0.0151701626274199,0.001292));
#5534=CARTESIAN_POINT('',(0.015646765654439,0.00211163311682337,-0.0003));
#5535=CARTESIAN_POINT('',(0.015646765654439,0.0278089272864438,-0.0003));
#5536=CARTESIAN_POINT('',(0.0193474560663356,-0.00979758604738962,0.0001));
#5537=CARTESIAN_POINT('',(0.015646765654439,-0.0121201723745045,0.0001));
#5538=CARTESIAN_POINT('',(0.015246765654439,-0.0123712159440664,0.001092));
#5539=CARTESIAN_POINT('',(0.015246765654439,-0.0123712159440664,-0.0003));
#5540=CARTESIAN_POINT('',(0.015246765654439,-0.0123712159440664,0.001092));
#5541=CARTESIAN_POINT('',(0.015246765654439,-0.0123712159440664,0.001292));
#5542=CARTESIAN_POINT('',(0.0193474560663356,-0.00979758604738962,0.000892));
#5543=CARTESIAN_POINT('',(0.015646765654439,-0.0121201723745045,0.000892));
#5544=CARTESIAN_POINT('',(0.015646765654439,0.00211163311682337,0.001292));
#5545=CARTESIAN_POINT('',(0.015646765654439,0.0278089272864438,0.001292));
#5546=CARTESIAN_POINT('',(0.015646765654439,0.0282089272864438,0.000496));
#5547=CARTESIAN_POINT('',(0.015646765654439,0.0282089272864438,9.99999999999989E-5));
#5548=CARTESIAN_POINT('',(0.015646765654439,0.0282089272864438,0.000892));
#5549=CARTESIAN_POINT('',(0.015646765654439,0.0278089272864438,9.99999999999989E-5));
#5550=CARTESIAN_POINT('',(0.015646765654439,0.0278089272864438,9.99999999999989E-5));
#5551=CARTESIAN_POINT('',(0.0151404482431992,-0.0122018152118742,-0.0003));
#5552=CARTESIAN_POINT('',(0.015446765654439,-0.0120095676710327,-0.0003));
#5553=CARTESIAN_POINT('',(0.015446765654439,-0.0123712159440664,-0.0003));
#5554=CARTESIAN_POINT('',(0.0151404482436082,-0.0122018152116174,-0.000195280026714658));
#5555=CARTESIAN_POINT('',(0.0154467656505092,-0.0120095676734997,-0.000307062476315658));
#5556=CARTESIAN_POINT('',(0.015446765654439,-0.0123712159438096,-0.000247640013357325));
#5557=CARTESIAN_POINT('',(0.015227122773863,-0.0121474175029543,1.33254384308535E-5));
#5558=CARTESIAN_POINT('',(0.0153794264252118,-0.0120518303722242,-0.000284258100201893));
#5559=CARTESIAN_POINT('',(0.0154901029198734,-0.0123168182351466,-0.000143337280846718));
#5560=CARTESIAN_POINT('',(0.015435728331564,-0.012016494793365,9.99999997514291E-5));
#5561=CARTESIAN_POINT('',(0.0154682695621796,-0.0119960716266358,-0.000129915710689628));
#5562=CARTESIAN_POINT('',(0.015594405698621,-0.0121858955255572,-9.99999999999995E-5));
#5563=CARTESIAN_POINT('',(0.0155404482431992,-0.0119507716423123,0.0001));
#5564=CARTESIAN_POINT('',(0.0155404482431992,-0.0119507716423123,-9.9999999999998E-5));
#5565=CARTESIAN_POINT('',(0.015646765654439,-0.0121201723745045,-9.99999999999995E-5));
#5566=CARTESIAN_POINT('',(0.015646765654439,-0.0121201723745045,-0.0003));
#5567=CARTESIAN_POINT('',(0.0155404482431992,-0.0119507716423123,0.000892));
#5568=CARTESIAN_POINT('',(0.0155404482431992,-0.0119507716423123,0.001092));
#5569=CARTESIAN_POINT('',(0.015646765654439,-0.0121201723745045,0.001092));
#5570=CARTESIAN_POINT('',(0.015435728331564,-0.012016494793365,0.000892000000248547));
#5571=CARTESIAN_POINT('',(0.0154682695621796,-0.011996071626636,0.00112191571068963));
#5572=CARTESIAN_POINT('',(0.015594405698621,-0.0121858955255571,0.001092));
#5573=CARTESIAN_POINT('',(0.015227122773863,-0.0121474175029543,0.000978674561569152));
#5574=CARTESIAN_POINT('',(0.0153794264252118,-0.0120518303722241,0.00127625810020194));
#5575=CARTESIAN_POINT('',(0.0154901029198734,-0.0123168182351466,0.00113533728084673));
#5576=CARTESIAN_POINT('',(0.0151404482436082,-0.0122018152116174,0.00118728002671467));
#5577=CARTESIAN_POINT('',(0.0154467656505092,-0.0120095676734997,0.00129906247631558));
#5578=CARTESIAN_POINT('',(0.015446765654439,-0.0123712159438096,0.0012396400133573));
#5579=CARTESIAN_POINT('',(0.0151404482431992,-0.0122018152118742,0.001292));
#5580=CARTESIAN_POINT('',(0.015446765654439,-0.0120095676710327,0.001292));
#5581=CARTESIAN_POINT('',(0.015446765654439,-0.0123712159440664,0.001292));
#5582=CARTESIAN_POINT('',(0.015646765654439,-0.0121201723745045,0.001292));
#5583=CARTESIAN_POINT('',(0.015646765654439,0.0278089272864438,0.000892));
#5584=CARTESIAN_POINT('',(0.015646765654439,0.0278089272864438,0.000892));
#5585=CARTESIAN_POINT('',(0.0193166250015457,0.0278089272864438,9.99999999999989E-5));
#5586=CARTESIAN_POINT('',(0.039246765654439,0.0278089272864438,9.99999999999989E-5));
#5587=CARTESIAN_POINT('',(0.015646765654439,0.00211163311682337,-0.0003));
#5588=CARTESIAN_POINT('',(0.015646765654439,-0.0235856610527971,-0.0003));
#5589=CARTESIAN_POINT('',(0.015646765654439,-0.0239856610527971,0.001092));
#5590=CARTESIAN_POINT('',(0.015646765654439,-0.0239856610527971,0.000892));
#5591=CARTESIAN_POINT('',(0.015646765654439,-0.0239856610527971,9.99999999999989E-5));
#5592=CARTESIAN_POINT('',(0.015646765654439,0.00211163311682337,0.001292));
#5593=CARTESIAN_POINT('',(0.015646765654439,-0.0235856610527971,0.001292));
#5594=CARTESIAN_POINT('',(0.023315272086356,0.0278089272864438,0.000892));
#5595=CARTESIAN_POINT('',(0.039246765654439,0.0278089272864438,0.000892));
#5596=CARTESIAN_POINT('',(0.039246765654439,0.0282089272864438,0.001092));
#5597=CARTESIAN_POINT('',(0.039246765654439,0.0282089272864438,0.000892));
#5598=CARTESIAN_POINT('',(0.039246765654439,0.0282089272864438,9.99999999999989E-5));
#5599=CARTESIAN_POINT('',(0.039246765654439,0.0278089272864438,9.99999999999989E-5));
#5600=CARTESIAN_POINT('',(0.039246765654439,0.0278089272864438,-0.0003));
#5601=CARTESIAN_POINT('',(0.015646765654439,-0.0235856610527971,9.99999999999989E-5));
#5602=CARTESIAN_POINT('',(0.015646765654439,-0.0235856610527971,9.99999999999989E-5));
#5603=CARTESIAN_POINT('',(0.015646765654439,-0.0235856610527971,0.000892));
#5604=CARTESIAN_POINT('',(0.015646765654439,-0.0235856610527971,0.000892));
#5605=CARTESIAN_POINT('',(0.039246765654439,0.0278089272864438,0.000892));
#5606=CARTESIAN_POINT('',(0.039246765654439,0.0278089272864438,0.001292));
#5607=CARTESIAN_POINT('',(0.039246765654439,0.00211163311682338,-0.0003));
#5608=CARTESIAN_POINT('',(0.039246765654439,-0.0235856610527971,-0.0003));
#5609=CARTESIAN_POINT('',(0.0193166250015457,-0.0235856610527971,9.99999999999989E-5));
#5610=CARTESIAN_POINT('',(0.039246765654439,-0.0235856610527971,9.99999999999989E-5));
#5611=CARTESIAN_POINT('',(0.023315272086356,-0.0235856610527971,0.000892));
#5612=CARTESIAN_POINT('',(0.039246765654439,-0.0235856610527971,0.000892));
#5613=CARTESIAN_POINT('',(0.039246765654439,0.00211163311682338,0.001292));
#5614=CARTESIAN_POINT('',(0.039246765654439,-0.0235856610527971,0.001292));
#5615=CARTESIAN_POINT('',(0.039246765654439,-0.0235856610527971,9.99999999999989E-5));
#5616=CARTESIAN_POINT('',(0.039246765654439,-0.0239856610527971,9.99999999999989E-5));
#5617=CARTESIAN_POINT('',(0.039246765654439,-0.0235856610527971,0.000892));
#5618=CARTESIAN_POINT('',(0.039246765654439,-0.0239856610527971,0.000892));
#5619=CARTESIAN_POINT('',(0.039246765654439,-0.0239856610527971,0.000496));
#5620=CARTESIAN_POINT('',(0.039646765654439,0.0289089272864438,0.000696));
#5621=CARTESIAN_POINT('',(0.039646765654439,0.0289089272864438,-0.0002));
#5622=CARTESIAN_POINT('',(0.039646765654439,0.0289089272864438,0.001192));
#5623=CARTESIAN_POINT('',(0.039646765654439,0.00120650878224337,-0.001));
#5624=CARTESIAN_POINT('',(0.039646765654439,-0.0238856610527971,-0.001));
#5625=CARTESIAN_POINT('',(0.039646765654439,0.0281089272864439,-0.001));
#5626=CARTESIAN_POINT('',(0.039646765654439,0.00211163311682337,0.001992));
#5627=CARTESIAN_POINT('',(0.039646765654439,0.0281089272864439,0.001992));
#5628=CARTESIAN_POINT('',(0.039646765654439,-0.0238856610527971,0.001992));
#5629=CARTESIAN_POINT('',(0.039646765654439,-0.0246856610527971,0.001092));
#5630=CARTESIAN_POINT('',(0.039646765654439,-0.0246856610527971,0.001192));
#5631=CARTESIAN_POINT('',(0.039646765654439,-0.0246856610527971,-0.0002));
#5632=CARTESIAN_POINT('',(0.0526971116557525,0.0201089272864438,0.002592));
#5633=CARTESIAN_POINT('',(0.0526971116557525,0.0201089272864438,0.001192));
#5634=CARTESIAN_POINT('',(0.0526971116557525,0.0201089272864438,-0.0002));
#5635=CARTESIAN_POINT('',(0.0526971116557525,-0.0158856610527971,0.000696));
#5636=CARTESIAN_POINT('',(0.0526971116557525,-0.0158856610527971,0.001192));
#5637=CARTESIAN_POINT('',(0.0526971116557525,-0.0158856610527971,-0.0002));
#5638=CARTESIAN_POINT('',(0.015246765654439,-0.0238856610527971,0.001192));
#5639=CARTESIAN_POINT('',(0.015246765654439,-0.0238856610527971,0.001192));
#5640=CARTESIAN_POINT('',(0.0121971116557524,-0.0238856610527971,0.001192));
#5641=CARTESIAN_POINT('',(-0.0150665674830405,-0.0238856610527971,0.001192));
#5642=CARTESIAN_POINT('',(-0.0150665674830405,-0.0168883668831766,0.001192));
#5643=CARTESIAN_POINT('',(-0.0220638616526611,-0.0168883668831766,0.001192));
#5644=CARTESIAN_POINT('',(-0.0220638616526611,-0.0168883668831766,0.001192));
#5645=CARTESIAN_POINT('',(-0.0220638616526611,0.0211116331168234,0.001192));
#5646=CARTESIAN_POINT('',(-0.0150665674830405,0.0211116331168234,0.001192));
#5647=CARTESIAN_POINT('',(-0.0150665674830405,0.0281089272864439,0.001192));
#5648=CARTESIAN_POINT('',(-0.0150665674830405,0.0281089272864439,0.001192));
#5649=CARTESIAN_POINT('',(0.015246765654439,0.0281089272864439,0.001192));
#5650=CARTESIAN_POINT('',(0.015246765654439,0.0281089272864439,0.001192));
#5651=CARTESIAN_POINT('',(0.015246765654439,-0.0238856610527971,-0.0002));
#5652=CARTESIAN_POINT('',(0.015246765654439,-0.0238856610527971,-0.0002));
#5653=CARTESIAN_POINT('',(-0.000708443685565483,-0.0238856610527971,-0.0002));
#5654=CARTESIAN_POINT('',(-0.0150665674830405,-0.0238856610527971,-0.0002));
#5655=CARTESIAN_POINT('',(-0.0150665674830405,-0.0168883668831766,-0.0002));
#5656=CARTESIAN_POINT('',(-0.0220638616526611,-0.0168883668831766,-0.0002));
#5657=CARTESIAN_POINT('',(-0.0220638616526611,0.00120650878224336,-0.0002));
#5658=CARTESIAN_POINT('',(-0.0220638616526611,0.0211116331168234,-0.0002));
#5659=CARTESIAN_POINT('',(-0.0150665674830405,0.0211116331168234,-0.0002));
#5660=CARTESIAN_POINT('',(-0.0150665674830405,0.0281089272864439,-0.0002));
#5661=CARTESIAN_POINT('',(-0.000708443685565491,0.0281089272864439,-0.0002));
#5662=CARTESIAN_POINT('',(0.015246765654439,0.0281089272864439,-0.0002));
#5663=CARTESIAN_POINT('',(0.015246765654439,0.0281089272864439,-0.0002));
#5664=CARTESIAN_POINT('',(0.039646765654439,0.0281089272864439,-0.0002));
#5665=CARTESIAN_POINT('',(0.039646765654439,0.0281089272864439,-0.0002));
#5666=CARTESIAN_POINT('',(-0.000708443685565491,0.0281089272864439,-0.0002));
#5667=CARTESIAN_POINT('',(0.0526971116557525,0.0281089272864439,-0.0002));
#5668=CARTESIAN_POINT('',(0.0526971116557525,0.0201089272864438,-0.0002));
#5669=CARTESIAN_POINT('',(0.0606971116557525,0.0201089272864438,-0.0002));
#5670=CARTESIAN_POINT('',(0.0606971116557525,0.00120650878224337,-0.0002));
#5671=CARTESIAN_POINT('',(0.0606971116557525,-0.0158856610527971,-0.0002));
#5672=CARTESIAN_POINT('',(0.0526971116557525,-0.0158856610527971,-0.0002));
#5673=CARTESIAN_POINT('',(0.0526971116557525,-0.0238856610527971,-0.0002));
#5674=CARTESIAN_POINT('',(-0.000708443685565483,-0.0238856610527971,-0.0002));
#5675=CARTESIAN_POINT('',(0.039646765654439,-0.0238856610527971,-0.0002));
#5676=CARTESIAN_POINT('',(0.039646765654439,-0.0238856610527971,-0.0002));
#5677=CARTESIAN_POINT('',(0.039646765654439,0.0281089272864439,0.001192));
#5678=CARTESIAN_POINT('',(0.039646765654439,0.0281089272864439,0.001192));
#5679=CARTESIAN_POINT('',(-0.0150665674830405,0.0281089272864439,0.001192));
#5680=CARTESIAN_POINT('',(0.0526971116557525,0.0281089272864439,0.001192));
#5681=CARTESIAN_POINT('',(0.0526971116557525,0.0201089272864438,0.001192));
#5682=CARTESIAN_POINT('',(0.0606971116557525,0.0201089272864438,0.001192));
#5683=CARTESIAN_POINT('',(0.0606971116557525,0.00211163311682336,0.001192));
#5684=CARTESIAN_POINT('',(0.0606971116557525,-0.0158856610527971,0.001192));
#5685=CARTESIAN_POINT('',(0.0526971116557525,-0.0158856610527971,0.001192));
#5686=CARTESIAN_POINT('',(0.0526971116557525,-0.0238856610527971,0.001192));
#5687=CARTESIAN_POINT('',(0.0121971116557524,-0.0238856610527971,0.001192));
#5688=CARTESIAN_POINT('',(0.039646765654439,-0.0238856610527971,0.001192));
#5689=CARTESIAN_POINT('',(0.039646765654439,-0.0238856610527971,0.001192));
#5690=CARTESIAN_POINT('',(0.0194334325169595,-0.0160680037472181,0.001992));
#5691=CARTESIAN_POINT('',(0.0194334325169595,0.0183319962527819,0.001992));
#5692=MECHANICAL_DESIGN_GEOMETRIC_PRESENTATION_REPRESENTATION('',(#3079),
#5693);
#5693=(
GEOMETRIC_REPRESENTATION_CONTEXT(3)
GLOBAL_UNCERTAINTY_ASSIGNED_CONTEXT((#5694))
GLOBAL_UNIT_ASSIGNED_CONTEXT((#5697,#5696,#5695))
REPRESENTATION_CONTEXT('Part 4','TOP_LEVEL_ASSEMBLY_PART')
);
#5694=UNCERTAINTY_MEASURE_WITH_UNIT(LENGTH_MEASURE(2.21151226524921E-5),
#5697,'DISTANCE_ACCURACY_VALUE','Maximum Tolerance applied to model');
#5695=(
NAMED_UNIT(*)
SI_UNIT($,.STERADIAN.)
SOLID_ANGLE_UNIT()
);
#5696=(
NAMED_UNIT(*)
PLANE_ANGLE_UNIT()
SI_UNIT($,.RADIAN.)
);
#5697=(
LENGTH_UNIT()
NAMED_UNIT(*)
SI_UNIT($,.METRE.)
);
#5698=PRODUCT_DEFINITION_SHAPE('','',#5699);
#5699=PRODUCT_DEFINITION('','',#5701,#5700);
#5700=PRODUCT_DEFINITION_CONTEXT('',#5707,'design');
#5701=PRODUCT_DEFINITION_FORMATION_WITH_SPECIFIED_SOURCE('','',#5703,
 .NOT_KNOWN.);
#5702=PRODUCT_RELATED_PRODUCT_CATEGORY('','',(#5703));
#5703=PRODUCT('Part 4','Part 4','Part 4',(#5705));
#5704=PRODUCT_CATEGORY('','');
#5705=PRODUCT_CONTEXT('',#5707,'mechanical');
#5706=APPLICATION_PROTOCOL_DEFINITION('international standard',
'ap242_managed_model_based_3d_engineering',2020,#5707);
#5707=APPLICATION_CONTEXT('managed model based 3d engineering');
ENDSEC;
END-ISO-10303-21;
