ISO-10303-21;
HEADER;
/* Generated by software containing ST-Developer
 * from STEP Tools, Inc. (www.steptools.com) 
 */
/* OPTION: using custom renumber hook */

FILE_DESCRIPTION(
/* description */ ('STEP AP242 Edition 2',
'CAx-IF Rec.Pracs.---Representation and Presentation of Product Manufa
cturing Information (PMI)---4.0---2014-10-13',
'CAx-IF Rec.Pracs.---3D Tessellated Geometry---0.4---2014-09-14','2;1',
'CAx-IF Rec.Pracs.---User Defined Attributes---1.5---2016-08-15'),
/* implementation_level */ '2;1');

FILE_NAME(
/* name */ 'Case for CR2032',
/* time_stamp */ '2026-08-10T18:37:35Z',
/* author */ (''),
/* organization */ (''),
/* preprocessor_version */ 'ST-DEVELOPER v20',
/* originating_system */ 'ONSHAPE BY PTC INC, 1.219',
/* authorisation */ '  ');

FILE_SCHEMA (('AP242_MANAGED_MODEL_BASED_3D_ENGINEERING_MIM_LF { 1 0 10303 442 3 1 4 }'));
ENDSEC;

DATA;
#10=SHAPE_REPRESENTATION_RELATIONSHIP('','',#4485,#12);
#11=SHAPE_REPRESENTATION_RELATIONSHIP('','',#4486,#13);
#12=ADVANCED_BREP_SHAPE_REPRESENTATION('',(#4481),#9600);
#13=ADVANCED_BREP_SHAPE_REPRESENTATION('',(#4482),#9601);
#14=SPHERICAL_SURFACE('',#4622,0.0005);
#15=SPHERICAL_SURFACE('',#4626,0.0005);
#16=SPHERICAL_SURFACE('',#4633,0.0005);
#17=SPHERICAL_SURFACE('',#4637,0.0005);
#18=ELLIPSE('',#4579,0.000400206851511159,0.0004);
#19=ELLIPSE('',#4580,0.000400206851511159,0.0004);
#20=ELLIPSE('',#4582,0.000400206851511159,0.0004);
#21=ELLIPSE('',#4583,0.000400206851511159,0.0004);
#22=ELLIPSE('',#4620,0.000500165496607348,0.0005);
#23=ELLIPSE('',#4629,0.000500165496607348,0.0005);
#24=ELLIPSE('',#4631,0.000500165496607348,0.0005);
#25=ELLIPSE('',#4640,0.000500165496607348,0.0005);
#26=ELLIPSE('',#4809,0.000424264068711928,0.0003);
#27=ELLIPSE('',#4825,0.000424264068711928,0.0003);
#28=TOROIDAL_SURFACE('',#4572,0.0104116,0.001);
#29=TOROIDAL_SURFACE('',#4586,0.0094116,0.001);
#30=TOROIDAL_SURFACE('',#4649,0.0003,0.0001);
#31=TOROIDAL_SURFACE('',#4652,0.00035,0.0001);
#32=TOROIDAL_SURFACE('',#4660,0.00035,0.0001);
#33=TOROIDAL_SURFACE('',#4663,0.00035,0.0001);
#34=TOROIDAL_SURFACE('',#4671,0.00035,0.0001);
#35=TOROIDAL_SURFACE('',#4674,0.0003,0.0001);
#36=TOROIDAL_SURFACE('',#4680,0.0017,0.0004);
#37=TOROIDAL_SURFACE('',#4682,0.0017,0.0004);
#38=TOROIDAL_SURFACE('',#4688,0.0017,0.0004);
#39=TOROIDAL_SURFACE('',#4690,0.0017,0.0004);
#40=TOROIDAL_SURFACE('',#4726,0.0094116,0.001);
#41=TOROIDAL_SURFACE('',#4765,0.0094116,0.001);
#42=TOROIDAL_SURFACE('',#4774,0.01435,0.00165);
#43=TOROIDAL_SURFACE('',#4776,0.0108116,0.0006);
#44=TOROIDAL_SURFACE('',#4805,0.0111116,0.0003);
#45=TOROIDAL_SURFACE('',#4812,0.0007,0.0003);
#46=TOROIDAL_SURFACE('',#4814,0.0007,0.0003);
#47=TOROIDAL_SURFACE('',#4820,0.0007,0.0003);
#48=TOROIDAL_SURFACE('',#4822,0.0007,0.0003);
#49=TOROIDAL_SURFACE('',#4830,0.0111116,0.0003);
#50=(
BOUNDED_SURFACE()
B_SPLINE_SURFACE(3,2,((#6729,#6730,#6731),(#6732,#6733,#6734),(#6735,#6736,
#6737),(#6738,#6739,#6740),(#6741,#6742,#6743),(#6744,#6745,#6746),(#6747,
#6748,#6749),(#6750,#6751,#6752),(#6753,#6754,#6755)),.UNSPECIFIED.,.F.,
 .F.,.F.)
B_SPLINE_SURFACE_WITH_KNOTS((4,1,1,1,1,1,4),(3,3),(0.0132602787873383,0.0145354151154291,
0.0158105514435198,0.0183608240997014,0.0209110967558829,0.0221862330839737,
0.0234613694120645),(0.,1.),.UNSPECIFIED.)
GEOMETRIC_REPRESENTATION_ITEM()
RATIONAL_B_SPLINE_SURFACE(((1.,0.707106781186548,1.),(1.,0.707106781186548,
1.),(1.,0.707106781186547,1.),(1.,0.707106781186548,1.),(1.,0.707106781186548,
1.),(1.,0.707106781186547,1.),(1.,0.707106781186548,1.),(1.,0.707106781186547,
1.),(1.,0.707106781186547,1.)))
REPRESENTATION_ITEM('')
SURFACE()
);
#51=(
BOUNDED_SURFACE()
B_SPLINE_SURFACE(3,2,((#6761,#6762,#6763),(#6764,#6765,#6766),(#6767,#6768,
#6769),(#6770,#6771,#6772),(#6773,#6774,#6775),(#6776,#6777,#6778),(#6779,
#6780,#6781),(#6782,#6783,#6784),(#6785,#6786,#6787),(#6788,#6789,#6790),
(#6791,#6792,#6793)),.UNSPECIFIED.,.F.,.F.,.F.)
B_SPLINE_SURFACE_WITH_KNOTS((4,1,1,1,1,1,1,1,4),(3,3),(0.0133675886060858,
0.0142417917674264,0.0146788933480968,0.0151159949287671,0.0159901980901078,
0.0168644012514485,0.0186128075741298,0.0194870107354705,0.0203612138968112),
(0.,1.),.UNSPECIFIED.)
GEOMETRIC_REPRESENTATION_ITEM()
RATIONAL_B_SPLINE_SURFACE(((1.,0.707106781186548,1.),(1.,0.707106781186548,
1.),(1.,0.707106781186547,1.),(1.,0.707106781186547,1.),(1.,0.707106781186547,
1.),(1.,0.707106781186547,1.),(1.,0.707106781186547,1.),(1.,0.707106781186547,
1.),(1.,0.707106781186548,1.),(1.,0.707106781186548,1.),(1.,0.707106781186548,
1.)))
REPRESENTATION_ITEM('')
SURFACE()
);
#52=(
BOUNDED_SURFACE()
B_SPLINE_SURFACE(3,2,((#6799,#6800,#6801),(#6802,#6803,#6804),(#6805,#6806,
#6807),(#6808,#6809,#6810),(#6811,#6812,#6813),(#6814,#6815,#6816),(#6817,
#6818,#6819),(#6820,#6821,#6822),(#6823,#6824,#6825),(#6826,#6827,#6828),
(#6829,#6830,#6831)),.UNSPECIFIED.,.F.,.F.,.F.)
B_SPLINE_SURFACE_WITH_KNOTS((4,1,1,1,1,1,1,1,4),(3,3),(0.0391212925807048,
0.0428701028050619,0.0466189130294191,0.0484933181415977,0.0503677232537763,
0.0522421283659549,0.0531793309220442,0.0536479322000888,0.0541165334781335),
(0.,1.),.UNSPECIFIED.)
GEOMETRIC_REPRESENTATION_ITEM()
RATIONAL_B_SPLINE_SURFACE(((1.,0.707106781186548,1.),(1.,0.707106781186548,
1.),(1.,0.707106781186548,1.),(1.,0.707106781186548,1.),(1.,0.707106781186548,
1.),(1.,0.707106781186548,1.),(1.,0.707106781186548,1.),(1.,0.707106781186547,
1.),(1.,0.707106781186548,1.),(1.,0.707106781186548,1.),(1.,0.707106781186548,
1.)))
REPRESENTATION_ITEM('')
SURFACE()
);
#53=(
BOUNDED_SURFACE()
B_SPLINE_SURFACE(3,2,((#6885,#6886,#6887),(#6888,#6889,#6890),(#6891,#6892,
#6893),(#6894,#6895,#6896),(#6897,#6898,#6899),(#6900,#6901,#6902),(#6903,
#6904,#6905),(#6906,#6907,#6908),(#6909,#6910,#6911),(#6912,#6913,#6914),
(#6915,#6916,#6917),(#6918,#6919,#6920)),.UNSPECIFIED.,.F.,.F.,.F.)
B_SPLINE_SURFACE_WITH_KNOTS((4,1,1,1,1,1,1,1,1,4),(3,3),(0.0381183743679521,
0.0415362043322002,0.0449540342964482,0.0466629492785722,0.0483718642606962,
0.0492263217517582,0.0500807792428202,0.0509352367338822,0.0513624654794132,
0.0517896942249442),(0.,1.),.UNSPECIFIED.)
GEOMETRIC_REPRESENTATION_ITEM()
RATIONAL_B_SPLINE_SURFACE(((1.,0.707106781186548,1.),(1.,0.707106781186548,
1.),(1.,0.707106781186547,1.),(1.,0.707106781186548,1.),(1.,0.707106781186547,
1.),(1.,0.707106781186546,1.),(1.,0.707106781186549,1.),(1.,0.707106781186547,
1.),(1.,0.707106781186548,1.),(1.,0.707106781186547,1.),(1.,0.707106781186548,
1.),(1.,0.707106781186548,1.)))
REPRESENTATION_ITEM('')
SURFACE()
);
#54=(
BOUNDED_SURFACE()
B_SPLINE_SURFACE(3,2,((#6932,#6933,#6934),(#6935,#6936,#6937),(#6938,#6939,
#6940),(#6941,#6942,#6943),(#6944,#6945,#6946),(#6947,#6948,#6949),(#6950,
#6951,#6952),(#6953,#6954,#6955),(#6956,#6957,#6958),(#6959,#6960,#6961),
(#6962,#6963,#6964)),.UNSPECIFIED.,.F.,.F.,.F.)
B_SPLINE_SURFACE_WITH_KNOTS((4,1,1,1,1,1,1,1,4),(3,3),(0.0254680324072128,
0.0262277305330721,0.0266075795960017,0.0269874286589314,0.0277471267847907,
0.02850682491065,0.0300262211623686,0.0307859192882279,0.0315456174140872),
(0.,1.),.UNSPECIFIED.)
GEOMETRIC_REPRESENTATION_ITEM()
RATIONAL_B_SPLINE_SURFACE(((1.,0.707106781186548,1.),(1.,0.707106781186548,
1.),(1.,0.707106781186546,1.),(1.,0.707106781186548,1.),(1.,0.707106781186546,
1.),(1.,0.707106781186548,1.),(1.,0.707106781186547,1.),(1.,0.707106781186548,
1.),(1.,0.707106781186548,1.),(1.,0.707106781186548,1.),(1.,0.707106781186548,
1.)))
REPRESENTATION_ITEM('')
SURFACE()
);
#55=(
BOUNDED_SURFACE()
B_SPLINE_SURFACE(3,2,((#6970,#6971,#6972),(#6973,#6974,#6975),(#6976,#6977,
#6978),(#6979,#6980,#6981),(#6982,#6983,#6984),(#6985,#6986,#6987),(#6988,
#6989,#6990),(#6991,#6992,#6993),(#6994,#6995,#6996),(#6997,#6998,#6999)),
 .UNSPECIFIED.,.F.,.F.,.F.)
B_SPLINE_SURFACE_WITH_KNOTS((4,1,1,1,1,1,1,4),(3,3),(0.0124292026267152,
0.0136152452086622,0.0148012877906092,0.0171733729545033,0.0195454581183974,
0.0207315007003444,0.021324521991318,0.0219175432822915),(0.,1.),
 .UNSPECIFIED.)
GEOMETRIC_REPRESENTATION_ITEM()
RATIONAL_B_SPLINE_SURFACE(((1.,0.707106781186548,1.),(1.,0.707106781186548,
1.),(1.,0.707106781186548,1.),(1.,0.707106781186547,1.),(1.,0.707106781186548,
1.),(1.,0.707106781186547,1.),(1.,0.707106781186548,1.),(1.,0.707106781186547,
1.),(1.,0.707106781186548,1.),(1.,0.707106781186548,1.)))
REPRESENTATION_ITEM('')
SURFACE()
);
#56=(
BOUNDED_SURFACE()
B_SPLINE_SURFACE(3,2,((#7158,#7159,#7160),(#7161,#7162,#7163),(#7164,#7165,
#7166),(#7167,#7168,#7169)),.UNSPECIFIED.,.F.,.F.,.F.)
B_SPLINE_SURFACE_WITH_KNOTS((4,4),(3,3),(1.84314369322536E-18,1.29624863061531E-5),
(0.,1.),.PIECEWISE_BEZIER_KNOTS.)
GEOMETRIC_REPRESENTATION_ITEM()
RATIONAL_B_SPLINE_SURFACE(((1.,0.707106781186548,1.),(1.,0.706918318384131,
1.),(1.,0.706918363979134,1.),(1.,0.707106781186548,1.)))
REPRESENTATION_ITEM('')
SURFACE()
);
#57=(
BOUNDED_SURFACE()
B_SPLINE_SURFACE(3,2,((#7173,#7174,#7175),(#7176,#7177,#7178),(#7179,#7180,
#7181),(#7182,#7183,#7184)),.UNSPECIFIED.,.F.,.F.,.F.)
B_SPLINE_SURFACE_WITH_KNOTS((4,4),(3,3),(2.69695290405769E-18,4.8748280837443E-5),
(0.,1.),.PIECEWISE_BEZIER_KNOTS.)
GEOMETRIC_REPRESENTATION_ITEM()
RATIONAL_B_SPLINE_SURFACE(((1.,0.70710678118655,1.),(1.,0.708638144244705,
1.),(1.,0.708176579983807,1.),(1.,0.705723802109057,1.)))
REPRESENTATION_ITEM('')
SURFACE()
);
#58=(
BOUNDED_SURFACE()
B_SPLINE_SURFACE(3,2,((#7186,#7187,#7188),(#7189,#7190,#7191),(#7192,#7193,
#7194),(#7195,#7196,#7197)),.UNSPECIFIED.,.F.,.F.,.F.)
B_SPLINE_SURFACE_WITH_KNOTS((4,4),(3,3),(4.8342500965406,6.28318530717959),
(0.,1.),.PIECEWISE_BEZIER_KNOTS.)
GEOMETRIC_REPRESENTATION_ITEM()
RATIONAL_B_SPLINE_SURFACE(((1.,0.705723802109057,1.),(1.,0.700264374046017,
1.),(1.,0.695648112208727,1.),(1.,0.69564811218924,1.)))
REPRESENTATION_ITEM('')
SURFACE()
);
#59=(
BOUNDED_SURFACE()
B_SPLINE_SURFACE(3,2,((#7201,#7202,#7203),(#7204,#7205,#7206),(#7207,#7208,
#7209),(#7210,#7211,#7212)),.UNSPECIFIED.,.F.,.F.,.F.)
B_SPLINE_SURFACE_WITH_KNOTS((4,4),(3,3),(0.,1.44893521063899),(0.,1.),
 .PIECEWISE_BEZIER_KNOTS.)
GEOMETRIC_REPRESENTATION_ITEM()
RATIONAL_B_SPLINE_SURFACE(((1.,0.69564811218924,1.),(1.,0.695648112208791,
1.),(1.,0.700264374046145,1.),(1.,0.705723802109057,1.)))
REPRESENTATION_ITEM('')
SURFACE()
);
#60=(
BOUNDED_SURFACE()
B_SPLINE_SURFACE(3,2,((#7214,#7215,#7216),(#7217,#7218,#7219),(#7220,#7221,
#7222),(#7223,#7224,#7225)),.UNSPECIFIED.,.F.,.F.,.F.)
B_SPLINE_SURFACE_WITH_KNOTS((4,4),(3,3),(-1.07064964532944E-17,4.87482808374347E-5),
(0.,1.),.PIECEWISE_BEZIER_KNOTS.)
GEOMETRIC_REPRESENTATION_ITEM()
RATIONAL_B_SPLINE_SURFACE(((1.,0.705723802109056,1.),(1.,0.708176579983829,
1.),(1.,0.708638144244615,1.),(1.,0.707106781186549,1.)))
REPRESENTATION_ITEM('')
SURFACE()
);
#61=(
BOUNDED_SURFACE()
B_SPLINE_SURFACE(3,2,((#7229,#7230,#7231),(#7232,#7233,#7234),(#7235,#7236,
#7237),(#7238,#7239,#7240)),.UNSPECIFIED.,.F.,.F.,.F.)
B_SPLINE_SURFACE_WITH_KNOTS((4,4),(3,3),(3.93023287525995E-19,0.000331368138725126),
(0.,1.),.PIECEWISE_BEZIER_KNOTS.)
GEOMETRIC_REPRESENTATION_ITEM()
RATIONAL_B_SPLINE_SURFACE(((1.,0.707106781186548,1.),(1.,0.702210529327564,
1.),(1.,0.829959153989827,1.),(1.,0.896722614338841,1.)))
REPRESENTATION_ITEM('')
SURFACE()
);
#62=(
BOUNDED_SURFACE()
B_SPLINE_SURFACE(3,2,((#7241,#7242,#7243),(#7244,#7245,#7246),(#7247,#7248,
#7249),(#7250,#7251,#7252)),.UNSPECIFIED.,.F.,.F.,.F.)
B_SPLINE_SURFACE_WITH_KNOTS((4,4),(3,3),(4.60785923306339E-19,0.0003313681387257),
(0.,1.),.PIECEWISE_BEZIER_KNOTS.)
GEOMETRIC_REPRESENTATION_ITEM()
RATIONAL_B_SPLINE_SURFACE(((1.,0.707106781186548,1.),(1.,0.702210529327555,
1.),(1.,0.829959153990247,1.),(1.,0.896722614339198,1.)))
REPRESENTATION_ITEM('')
SURFACE()
);
#63=(
BOUNDED_SURFACE()
B_SPLINE_SURFACE(3,2,((#7256,#7257,#7258),(#7259,#7260,#7261),(#7262,#7263,
#7264),(#7265,#7266,#7267)),.UNSPECIFIED.,.F.,.F.,.F.)
B_SPLINE_SURFACE_WITH_KNOTS((4,4),(3,3),(2.94089839286693E-18,4.8748280837444E-5),
(0.,1.),.PIECEWISE_BEZIER_KNOTS.)
GEOMETRIC_REPRESENTATION_ITEM()
RATIONAL_B_SPLINE_SURFACE(((1.,0.707106781186546,1.),(1.,0.708638144244712,
1.),(1.,0.708176579983801,1.),(1.,0.70572380210906,1.)))
REPRESENTATION_ITEM('')
SURFACE()
);
#64=(
BOUNDED_SURFACE()
B_SPLINE_SURFACE(3,2,((#7269,#7270,#7271),(#7272,#7273,#7274),(#7275,#7276,
#7277),(#7278,#7279,#7280)),.UNSPECIFIED.,.F.,.F.,.F.)
B_SPLINE_SURFACE_WITH_KNOTS((4,4),(3,3),(4.83425009654062,6.28318530717959),
(0.,1.),.PIECEWISE_BEZIER_KNOTS.)
GEOMETRIC_REPRESENTATION_ITEM()
RATIONAL_B_SPLINE_SURFACE(((1.,0.70572380210906,1.),(1.,0.70026437404661,
1.),(1.,0.695648112211879,1.),(1.,0.69564811218924,1.)))
REPRESENTATION_ITEM('')
SURFACE()
);
#65=(
BOUNDED_SURFACE()
B_SPLINE_SURFACE(3,2,((#7284,#7285,#7286),(#7287,#7288,#7289),(#7290,#7291,
#7292),(#7293,#7294,#7295)),.UNSPECIFIED.,.F.,.F.,.F.)
B_SPLINE_SURFACE_WITH_KNOTS((4,4),(3,3),(0.,1.44893521063897),(0.,1.),
 .PIECEWISE_BEZIER_KNOTS.)
GEOMETRIC_REPRESENTATION_ITEM()
RATIONAL_B_SPLINE_SURFACE(((1.,0.695648112189241,1.),(1.,0.695648112211912,
1.),(1.,0.700264374045427,1.),(1.,0.705723802109058,1.)))
REPRESENTATION_ITEM('')
SURFACE()
);
#66=(
BOUNDED_SURFACE()
B_SPLINE_SURFACE(3,2,((#7297,#7298,#7299),(#7300,#7301,#7302),(#7303,#7304,
#7305),(#7306,#7307,#7308)),.UNSPECIFIED.,.F.,.F.,.F.)
B_SPLINE_SURFACE_WITH_KNOTS((4,4),(3,3),(5.42101086242752E-20,4.87482808374413E-5),
(0.,1.),.PIECEWISE_BEZIER_KNOTS.)
GEOMETRIC_REPRESENTATION_ITEM()
RATIONAL_B_SPLINE_SURFACE(((1.,0.705723802109056,1.),(1.,0.708176579983908,
1.),(1.,0.70863814424479,1.),(1.,0.707106781186548,1.)))
REPRESENTATION_ITEM('')
SURFACE()
);
#67=(
BOUNDED_SURFACE()
B_SPLINE_SURFACE(3,2,((#7312,#7313,#7314),(#7315,#7316,#7317),(#7318,#7319,
#7320),(#7321,#7322,#7323)),.UNSPECIFIED.,.F.,.F.,.F.)
B_SPLINE_SURFACE_WITH_KNOTS((4,4),(3,3),(-2.77826806699411E-19,1.29624863061474E-5),
(0.,1.),.PIECEWISE_BEZIER_KNOTS.)
GEOMETRIC_REPRESENTATION_ITEM()
RATIONAL_B_SPLINE_SURFACE(((1.,0.707106781186548,1.),(1.,0.706918363979133,
1.),(1.,0.706918318384131,1.),(1.,0.707106781186548,1.)))
REPRESENTATION_ITEM('')
SURFACE()
);
#68=(
BOUNDED_SURFACE()
B_SPLINE_SURFACE(3,2,((#7403,#7404,#7405),(#7406,#7407,#7408),(#7409,#7410,
#7411),(#7412,#7413,#7414),(#7415,#7416,#7417)),.UNSPECIFIED.,.F.,.F.,.F.)
B_SPLINE_SURFACE_WITH_KNOTS((4,1,4),(3,3),(0.000848704021587543,0.00197127506041159,
0.00309384609923564),(0.,1.),.UNSPECIFIED.)
GEOMETRIC_REPRESENTATION_ITEM()
RATIONAL_B_SPLINE_SURFACE(((1.,0.707106781186547,1.),(1.,0.793175505431138,
1.),(1.,0.909622253044544,1.),(1.,0.96737501431288,1.),(1.,0.983753365459724,
1.)))
REPRESENTATION_ITEM('')
SURFACE()
);
#69=(
BOUNDED_SURFACE()
B_SPLINE_SURFACE(3,2,((#7964,#7965,#7966),(#7967,#7968,#7969),(#7970,#7971,
#7972),(#7973,#7974,#7975),(#7976,#7977,#7978),(#7979,#7980,#7981),(#7982,
#7983,#7984),(#7985,#7986,#7987),(#7988,#7989,#7990)),.UNSPECIFIED.,.F.,
 .F.,.F.)
B_SPLINE_SURFACE_WITH_KNOTS((4,1,1,1,1,1,4),(3,3),(0.0132602787881211,0.0145354151162127,
0.0158105514443042,0.0183608241004874,0.0209110967566705,0.0221862330847621,
0.0234613694128536),(0.,1.),.UNSPECIFIED.)
GEOMETRIC_REPRESENTATION_ITEM()
RATIONAL_B_SPLINE_SURFACE(((1.,0.707106781186548,1.),(1.,0.707106781186548,
1.),(1.,0.707106781186548,1.),(1.,0.707106781186547,1.),(1.,0.70710678118655,
1.),(1.,0.707106781186547,1.),(1.,0.707106781186549,1.),(1.,0.707106781186547,
1.),(1.,0.707106781186547,1.)))
REPRESENTATION_ITEM('')
SURFACE()
);
#70=(
BOUNDED_SURFACE()
B_SPLINE_SURFACE(3,2,((#7996,#7997,#7998),(#7999,#8000,#8001),(#8002,#8003,
#8004),(#8005,#8006,#8007),(#8008,#8009,#8010),(#8011,#8012,#8013),(#8014,
#8015,#8016),(#8017,#8018,#8019),(#8020,#8021,#8022),(#8023,#8024,#8025),
(#8026,#8027,#8028)),.UNSPECIFIED.,.F.,.F.,.F.)
B_SPLINE_SURFACE_WITH_KNOTS((4,1,1,1,1,1,1,1,4),(3,3),(0.0133675886000464,
0.0142417917613934,0.0146788933420669,0.0151159949227404,0.0159901980840874,
0.0168644012454344,0.0186128075681284,0.0194870107294754,0.0203612138908224),
(0.,1.),.UNSPECIFIED.)
GEOMETRIC_REPRESENTATION_ITEM()
RATIONAL_B_SPLINE_SURFACE(((1.,0.707106781186548,1.),(1.,0.707106781186548,
1.),(1.,0.707106781186548,1.),(1.,0.707106781186549,1.),(1.,0.707106781186547,
1.),(1.,0.707106781186549,1.),(1.,0.707106781186548,1.),(1.,0.707106781186548,
1.),(1.,0.707106781186547,1.),(1.,0.707106781186548,1.),(1.,0.707106781186548,
1.)))
REPRESENTATION_ITEM('')
SURFACE()
);
#71=(
BOUNDED_SURFACE()
B_SPLINE_SURFACE(3,2,((#8034,#8035,#8036),(#8037,#8038,#8039),(#8040,#8041,
#8042),(#8043,#8044,#8045),(#8046,#8047,#8048),(#8049,#8050,#8051),(#8052,
#8053,#8054),(#8055,#8056,#8057),(#8058,#8059,#8060),(#8061,#8062,#8063),
(#8064,#8065,#8066)),.UNSPECIFIED.,.F.,.F.,.F.)
B_SPLINE_SURFACE_WITH_KNOTS((4,1,1,1,1,1,1,1,4),(3,3),(0.0391212925807079,
0.0428701028050651,0.0466189130294223,0.0484933181416008,0.0503677232537794,
0.052242128365958,0.0531793309220473,0.0536479322000919,0.0541165334781366),
(0.,1.),.UNSPECIFIED.)
GEOMETRIC_REPRESENTATION_ITEM()
RATIONAL_B_SPLINE_SURFACE(((1.,0.707106781186548,1.),(1.,0.707106781186548,
1.),(1.,0.707106781186547,1.),(1.,0.707106781186548,1.),(1.,0.707106781186547,
1.),(1.,0.707106781186547,1.),(1.,0.707106781186546,1.),(1.,0.707106781186549,
1.),(1.,0.707106781186546,1.),(1.,0.707106781186548,1.),(1.,0.707106781186548,
1.)))
REPRESENTATION_ITEM('')
SURFACE()
);
#72=(
BOUNDED_SURFACE()
B_SPLINE_SURFACE(3,2,((#8297,#8298,#8299),(#8300,#8301,#8302),(#8303,#8304,
#8305),(#8306,#8307,#8308),(#8309,#8310,#8311),(#8312,#8313,#8314),(#8315,
#8316,#8317),(#8318,#8319,#8320),(#8321,#8322,#8323),(#8324,#8325,#8326),
(#8327,#8328,#8329),(#8330,#8331,#8332)),.UNSPECIFIED.,.F.,.F.,.F.)
B_SPLINE_SURFACE_WITH_KNOTS((4,1,1,1,1,1,1,1,1,4),(3,3),(0.0381183743692548,
0.0415362043335015,0.0449540342977482,0.0466629492798716,0.0483718642619949,
0.0492263217530566,0.0500807792441182,0.0509352367351799,0.0513624654807108,
0.0517896942262416),(0.,1.),.UNSPECIFIED.)
GEOMETRIC_REPRESENTATION_ITEM()
RATIONAL_B_SPLINE_SURFACE(((1.,0.707106781186548,1.),(1.,0.707106781186548,
1.),(1.,0.707106781186548,1.),(1.,0.707106781186547,1.),(1.,0.707106781186548,
1.),(1.,0.707106781186547,1.),(1.,0.707106781186548,1.),(1.,0.707106781186548,
1.),(1.,0.707106781186546,1.),(1.,0.707106781186548,1.),(1.,0.707106781186548,
1.),(1.,0.707106781186548,1.)))
REPRESENTATION_ITEM('')
SURFACE()
);
#73=(
BOUNDED_SURFACE()
B_SPLINE_SURFACE(3,2,((#8355,#8356,#8357),(#8358,#8359,#8360),(#8361,#8362,
#8363),(#8364,#8365,#8366),(#8367,#8368,#8369),(#8370,#8371,#8372),(#8373,
#8374,#8375),(#8376,#8377,#8378),(#8379,#8380,#8381),(#8382,#8383,#8384),
(#8385,#8386,#8387)),.UNSPECIFIED.,.F.,.F.,.F.)
B_SPLINE_SURFACE_WITH_KNOTS((4,1,1,1,1,1,1,1,4),(3,3),(0.0105641333297176,
0.0113303220909764,0.0120965108522351,0.0136288883747526,0.0143950771360113,
0.0151612658972701,0.0155443602778994,0.0159274546585288,0.0166936434197876),
(0.,1.),.UNSPECIFIED.)
GEOMETRIC_REPRESENTATION_ITEM()
RATIONAL_B_SPLINE_SURFACE(((1.,0.707106781186547,1.),(1.,0.707106781186547,
1.),(1.,0.707106781186548,1.),(1.,0.707106781186547,1.),(1.,0.707106781186548,
1.),(1.,0.707106781186547,1.),(1.,0.707106781186548,1.),(1.,0.707106781186547,
1.),(1.,0.707106781186547,1.),(1.,0.707106781186548,1.),(1.,0.707106781186548,
1.)))
REPRESENTATION_ITEM('')
SURFACE()
);
#74=(
BOUNDED_SURFACE()
B_SPLINE_SURFACE(3,2,((#8401,#8402,#8403),(#8404,#8405,#8406),(#8407,#8408,
#8409),(#8410,#8411,#8412),(#8413,#8414,#8415),(#8416,#8417,#8418),(#8419,
#8420,#8421),(#8422,#8423,#8424),(#8425,#8426,#8427),(#8428,#8429,#8430)),
 .UNSPECIFIED.,.F.,.F.,.F.)
B_SPLINE_SURFACE_WITH_KNOTS((4,1,1,1,1,1,1,4),(3,3),(0.0124292026267154,
0.0136152452086625,0.0148012877906096,0.0171733729545038,0.019545458118398,
0.0207315007003451,0.0213245219913186,0.0219175432822922),(0.,1.),
 .UNSPECIFIED.)
GEOMETRIC_REPRESENTATION_ITEM()
RATIONAL_B_SPLINE_SURFACE(((1.,0.707106781186548,1.),(1.,0.707106781186548,
1.),(1.,0.707106781186548,1.),(1.,0.707106781186547,1.),(1.,0.707106781186548,
1.),(1.,0.707106781186546,1.),(1.,0.707106781186548,1.),(1.,0.707106781186548,
1.),(1.,0.707106781186547,1.),(1.,0.707106781186547,1.)))
REPRESENTATION_ITEM('')
SURFACE()
);
#75=(
BOUNDED_SURFACE()
B_SPLINE_SURFACE(3,2,((#9033,#9034,#9035),(#9036,#9037,#9038),(#9039,#9040,
#9041),(#9042,#9043,#9044)),.UNSPECIFIED.,.F.,.F.,.F.)
B_SPLINE_SURFACE_WITH_KNOTS((4,4),(3,3),(-0.00312720488867343,-0.000862946055092153),
(0.,1.),.PIECEWISE_BEZIER_KNOTS.)
GEOMETRIC_REPRESENTATION_ITEM()
RATIONAL_B_SPLINE_SURFACE(((1.,0.983751939981442,1.),(1.,0.951073405774548,
1.),(1.,0.877781778606324,1.),(1.,0.707106781186548,1.)))
REPRESENTATION_ITEM('')
SURFACE()
);
#76=(
BOUNDED_SURFACE()
B_SPLINE_SURFACE(3,2,((#9088,#9089,#9090),(#9091,#9092,#9093),(#9094,#9095,
#9096),(#9097,#9098,#9099),(#9100,#9101,#9102)),.UNSPECIFIED.,.F.,.F.,.F.)
B_SPLINE_SURFACE_WITH_KNOTS((4,1,4),(3,3),(0.00107678218240301,0.00151140959763625,
0.00194603701286949),(0.,0.14331427175606),.UNSPECIFIED.)
GEOMETRIC_REPRESENTATION_ITEM()
RATIONAL_B_SPLINE_SURFACE(((1.,0.955432749406158,0.923639744938368),(1.,
0.950307456338103,0.914858214089428),(1.,0.938781686172515,0.895110288473669),
(1.,0.927863737156492,0.876403786266227),(1.,0.923170459925912,0.868362459021966)))
REPRESENTATION_ITEM('')
SURFACE()
);
#77=(
BOUNDED_SURFACE()
B_SPLINE_SURFACE(3,2,((#9107,#9108,#9109),(#9110,#9111,#9112),(#9113,#9114,
#9115),(#9116,#9117,#9118)),.UNSPECIFIED.,.F.,.F.,.F.)
B_SPLINE_SURFACE_WITH_KNOTS((4,4),(3,3),(0.00110814636461402,0.00141465815785975),
(0.,1.),.PIECEWISE_BEZIER_KNOTS.)
GEOMETRIC_REPRESENTATION_ITEM()
RATIONAL_B_SPLINE_SURFACE(((1.,0.707106781185392,1.),(1.,0.752870028222376,
1.),(1.,0.794181388260682,1.),(1.,0.818329507610384,1.)))
REPRESENTATION_ITEM('')
SURFACE()
);
#78=(
BOUNDED_SURFACE()
B_SPLINE_SURFACE(3,2,((#9125,#9126,#9127),(#9128,#9129,#9130),(#9131,#9132,
#9133),(#9134,#9135,#9136)),.UNSPECIFIED.,.F.,.F.,.F.)
B_SPLINE_SURFACE_WITH_KNOTS((4,4),(3,3),(0.00196084569942883,0.00332250831899308),
(0.,1.),.PIECEWISE_BEZIER_KNOTS.)
GEOMETRIC_REPRESENTATION_ITEM()
RATIONAL_B_SPLINE_SURFACE(((1.,0.472852808497554,1.),(1.,0.467596128376486,
1.),(1.,0.462048572354507,1.),(1.,0.456184033625578,1.)))
REPRESENTATION_ITEM('')
SURFACE()
);
#79=(
BOUNDED_SURFACE()
B_SPLINE_SURFACE(3,2,((#9145,#9146,#9147),(#9148,#9149,#9150),(#9151,#9152,
#9153),(#9154,#9155,#9156),(#9157,#9158,#9159)),.UNSPECIFIED.,.F.,.F.,.F.)
B_SPLINE_SURFACE_WITH_KNOTS((4,1,4),(3,3),(-3.5215817693609E-6,0.000208431205486198,
0.000420383992741757),(0.,1.),.UNSPECIFIED.)
GEOMETRIC_REPRESENTATION_ITEM()
RATIONAL_B_SPLINE_SURFACE(((1.,1.,1.),(1.,0.999999994340538,1.),(1.,0.958385690399664,
1.),(1.,0.851540087916508,1.),(1.,0.818329507608897,1.)))
REPRESENTATION_ITEM('')
SURFACE()
);
#80=(
BOUNDED_SURFACE()
B_SPLINE_SURFACE(3,2,((#9164,#9165,#9166),(#9167,#9168,#9169),(#9170,#9171,
#9172),(#9173,#9174,#9175)),.UNSPECIFIED.,.F.,.F.,.F.)
B_SPLINE_SURFACE_WITH_KNOTS((4,4),(3,3),(0.00726020898321868,0.0111866231115594),
(0.,1.),.PIECEWISE_BEZIER_KNOTS.)
GEOMETRIC_REPRESENTATION_ITEM()
RATIONAL_B_SPLINE_SURFACE(((1.,0.81980406535162,1.),(1.,0.819469522306799,
1.),(1.,0.821677926828478,1.),(1.,0.820329913307168,1.)))
REPRESENTATION_ITEM('')
SURFACE()
);
#81=(
BOUNDED_SURFACE()
B_SPLINE_SURFACE(3,2,((#9180,#9181,#9182),(#9183,#9184,#9185),(#9186,#9187,
#9188),(#9189,#9190,#9191),(#9192,#9193,#9194),(#9195,#9196,#9197),(#9198,
#9199,#9200),(#9201,#9202,#9203),(#9204,#9205,#9206)),.UNSPECIFIED.,.F.,
 .F.,.F.)
B_SPLINE_SURFACE_WITH_KNOTS((4,1,1,1,1,1,4),(3,3),(0.00902734905926738,
0.00979184555673272,0.0101740938054654,0.0105563420541981,0.0120853350491287,
0.0136143280440594,0.0151433210389901),(0.,1.),.UNSPECIFIED.)
GEOMETRIC_REPRESENTATION_ITEM()
RATIONAL_B_SPLINE_SURFACE(((1.,0.821175949968091,1.),(1.,0.821175949968091,
1.),(1.,0.82095400250626,1.),(1.,0.82160328428231,1.),(1.,0.81511249875825,
1.),(1.,0.820303050323098,1.),(1.,0.818827970547817,1.),(1.,0.819572059244351,
1.),(1.,0.819713063483357,1.)))
REPRESENTATION_ITEM('')
SURFACE()
);
#82=(
BOUNDED_SURFACE()
B_SPLINE_SURFACE(3,2,((#9211,#9212,#9213),(#9214,#9215,#9216),(#9217,#9218,
#9219),(#9220,#9221,#9222)),.UNSPECIFIED.,.F.,.F.,.F.)
B_SPLINE_SURFACE_WITH_KNOTS((4,4),(3,3),(0.000710006658420611,0.00101526437570997),
(0.,1.),.PIECEWISE_BEZIER_KNOTS.)
GEOMETRIC_REPRESENTATION_ITEM()
RATIONAL_B_SPLINE_SURFACE(((1.,0.818284429456555,1.),(1.,0.794110332506415,
1.),(1.,0.75309682698685,1.),(1.,0.707106781184831,1.)))
REPRESENTATION_ITEM('')
SURFACE()
);
#83=(
BOUNDED_SURFACE()
B_SPLINE_SURFACE(3,2,((#9229,#9230,#9231),(#9232,#9233,#9234),(#9235,#9236,
#9237),(#9238,#9239,#9240),(#9241,#9242,#9243)),.UNSPECIFIED.,.F.,.F.,.F.)
B_SPLINE_SURFACE_WITH_KNOTS((4,1,4),(3,3),(-3.52211758993917E-6,0.000208488645518947,
0.000420499408627834),(0.,1.),.UNSPECIFIED.)
GEOMETRIC_REPRESENTATION_ITEM()
RATIONAL_B_SPLINE_SURFACE(((1.,1.,1.),(1.,0.999999994304283,1.),(1.,0.958375848143952,
1.),(1.,0.851492523101754,1.),(1.,0.818284429455015,1.)))
REPRESENTATION_ITEM('')
SURFACE()
);
#84=(
BOUNDED_SURFACE()
B_SPLINE_SURFACE(3,2,((#9248,#9249,#9250),(#9251,#9252,#9253),(#9254,#9255,
#9256),(#9257,#9258,#9259)),.UNSPECIFIED.,.F.,.F.,.F.)
B_SPLINE_SURFACE_WITH_KNOTS((4,4),(3,3),(0.00151970262144336,0.00288101923373854),
(0.,1.),.PIECEWISE_BEZIER_KNOTS.)
GEOMETRIC_REPRESENTATION_ITEM()
RATIONAL_B_SPLINE_SURFACE(((1.,0.455774020931935,1.),(1.,0.461908982390277,
1.),(1.,0.467559156655998,1.),(1.,0.472833004767004,1.)))
REPRESENTATION_ITEM('')
SURFACE()
);
#85=(
BOUNDED_SURFACE()
B_SPLINE_SURFACE(3,2,((#9268,#9269,#9270),(#9271,#9272,#9273),(#9274,#9275,
#9276),(#9277,#9278,#9279),(#9280,#9281,#9282)),.UNSPECIFIED.,.F.,.F.,.F.)
B_SPLINE_SURFACE_WITH_KNOTS((4,1,4),(3,3),(0.00134863340325428,0.00177976107507368,
0.00221088874689309),(0.856899984426908,1.),.UNSPECIFIED.)
GEOMETRIC_REPRESENTATION_ITEM()
RATIONAL_B_SPLINE_SURFACE(((0.922181993359335,0.954593296735377,1.),(0.913497753252734,
0.949526054195742,1.),(0.895277026574106,0.938894284438614,1.),(0.876362372763383,
0.927857609123832,1.),(0.868460563712175,0.923246914063257,1.)))
REPRESENTATION_ITEM('')
SURFACE()
);
#86=(
BOUNDED_SURFACE()
B_SPLINE_SURFACE(3,2,((#9283,#9284,#9285),(#9286,#9287,#9288),(#9289,#9290,
#9291),(#9292,#9293,#9294),(#9295,#9296,#9297)),.UNSPECIFIED.,.F.,.F.,.F.)
B_SPLINE_SURFACE_WITH_KNOTS((4,1,4),(3,3),(0.0148795671527447,0.0198612729320775,
0.0248429787114102),(0.,1.),.UNSPECIFIED.)
GEOMETRIC_REPRESENTATION_ITEM()
RATIONAL_B_SPLINE_SURFACE(((1.,0.835747636323669,1.),(1.,0.835747636323669,
1.),(1.,0.83574763632367,1.),(1.,0.835747636323668,1.),(1.,0.835747636323668,
1.)))
REPRESENTATION_ITEM('')
SURFACE()
);
#87=(
BOUNDED_SURFACE()
B_SPLINE_SURFACE(3,2,((#9298,#9299,#9300),(#9301,#9302,#9303),(#9304,#9305,
#9306),(#9307,#9308,#9309),(#9310,#9311,#9312),(#9313,#9314,#9315),(#9316,
#9317,#9318),(#9319,#9320,#9321),(#9322,#9323,#9324),(#9325,#9326,#9327),
(#9328,#9329,#9330),(#9331,#9332,#9333),(#9334,#9335,#9336),(#9337,#9338,
#9339)),.UNSPECIFIED.,.T.,.F.,.F.)
B_SPLINE_SURFACE_WITH_KNOTS((1,3,1,1,1,1,1,1,1,1,1,1,3,1),(3,3),(-0.00148515103524954,
0.,0.00148515103524954,0.00222772655287431,0.00297030207049907,0.00445545310574861,
0.00594060414099815,0.00668317965862292,0.00742575517624769,0.00816833069387246,
0.00891090621149722,0.0103960572467468,0.0118812082819963,0.0133663593172458),
(0.,1.),.UNSPECIFIED.)
GEOMETRIC_REPRESENTATION_ITEM()
RATIONAL_B_SPLINE_SURFACE(((1.,0.537339222906182,1.),(1.,0.496411826524893,
1.),(1.,0.445419117591027,1.),(1.,0.448389223237317,1.),(1.,0.503468120179796,
1.),(1.,0.630563295335196,1.),(1.,0.758342129550561,1.),(1.,0.832987243201271,
1.),(1.,0.861607136075592,1.),(1.,0.85038655934551,1.),(1.,0.790911393431811,
1.),(1.,0.67398592623414,1.),(1.,0.578266619287471,1.),(1.,0.537339222906182,
1.)))
REPRESENTATION_ITEM('')
SURFACE()
);
#88=(
BOUNDED_SURFACE()
B_SPLINE_SURFACE(3,2,((#9340,#9341,#9342),(#9343,#9344,#9345),(#9346,#9347,
#9348),(#9349,#9350,#9351),(#9352,#9353,#9354),(#9355,#9356,#9357),(#9358,
#9359,#9360),(#9361,#9362,#9363),(#9364,#9365,#9366),(#9367,#9368,#9369),
(#9370,#9371,#9372),(#9373,#9374,#9375),(#9376,#9377,#9378),(#9379,#9380,
#9381),(#9382,#9383,#9384)),.UNSPECIFIED.,.T.,.F.,.F.)
B_SPLINE_SURFACE_WITH_KNOTS((1,3,1,1,1,1,1,1,1,1,1,1,1,3,1),(3,3),(-0.000757194595793669,
0.,0.000757194595793669,0.00151438919158734,0.00227158378738101,0.00302877838317468,
0.00454316757476202,0.00605755676634936,0.00681475136214302,0.00757194595793669,
0.00908633514952403,0.0106007243411114,0.011357918936905,0.0121151135326987,
0.0128723081284924),(0.,1.),.UNSPECIFIED.)
GEOMETRIC_REPRESENTATION_ITEM()
RATIONAL_B_SPLINE_SURFACE(((1.,0.445313370115657,1.),(1.,0.427050628285922,
1.),(1.,0.40949189790306,1.),(1.,0.470499345940747,1.),(1.,0.558786923402786,
1.),(1.,0.673175781558691,1.),(1.,0.791226633915611,1.),(1.,0.860949076954974,
1.),(1.,0.870798738357177,1.),(1.,0.846816451861776,1.),(1.,0.764775438466346,
1.),(1.,0.636935143187403,1.),(1.,0.519068348881472,1.),(1.,0.463576111945392,
1.),(1.,0.445313370115657,1.)))
REPRESENTATION_ITEM('')
SURFACE()
);
#89=(
BOUNDED_SURFACE()
B_SPLINE_SURFACE(3,2,((#9385,#9386,#9387),(#9388,#9389,#9390),(#9391,#9392,
#9393),(#9394,#9395,#9396)),.UNSPECIFIED.,.F.,.F.,.F.)
B_SPLINE_SURFACE_WITH_KNOTS((4,4),(3,3),(0.000366797026134424,0.00103974930123876),
(0.,1.),.PIECEWISE_BEZIER_KNOTS.)
GEOMETRIC_REPRESENTATION_ITEM()
RATIONAL_B_SPLINE_SURFACE(((1.,0.638218207882729,1.),(1.,0.640151038243915,
1.),(1.,0.642125661201996,1.),(1.,0.644655813064167,1.)))
REPRESENTATION_ITEM('')
SURFACE()
);
#90=(
BOUNDED_SURFACE()
B_SPLINE_SURFACE(3,2,((#9401,#9402,#9403),(#9404,#9405,#9406),(#9407,#9408,
#9409),(#9410,#9411,#9412),(#9413,#9414,#9415),(#9416,#9417,#9418)),
 .UNSPECIFIED.,.F.,.F.,.F.)
B_SPLINE_SURFACE_WITH_KNOTS((4,1,1,4),(3,3),(0.0024580097372355,0.00463372721441259,
0.00680944469158968,0.0111608796459439),(0.,1.),.UNSPECIFIED.)
GEOMETRIC_REPRESENTATION_ITEM()
RATIONAL_B_SPLINE_SURFACE(((1.,0.700324486111727,1.),(1.,0.700356216201706,
1.),(1.,0.700308331194607,1.),(1.,0.700283015864632,1.),(1.,0.701305610662976,
1.),(1.,0.701098874830554,1.)))
REPRESENTATION_ITEM('')
SURFACE()
);
#91=(
BOUNDED_SURFACE()
B_SPLINE_SURFACE(3,2,((#9423,#9424,#9425),(#9426,#9427,#9428),(#9429,#9430,
#9431),(#9432,#9433,#9434)),.UNSPECIFIED.,.F.,.F.,.F.)
B_SPLINE_SURFACE_WITH_KNOTS((4,4),(3,3),(0.000451651010809743,0.00159802505778361),
(0.,1.),.PIECEWISE_BEZIER_KNOTS.)
GEOMETRIC_REPRESENTATION_ITEM()
RATIONAL_B_SPLINE_SURFACE(((1.,0.739881928219567,1.),(1.,0.740595914006917,
1.),(1.,0.741472622581453,1.),(1.,0.742181784251231,1.)))
REPRESENTATION_ITEM('')
SURFACE()
);
#92=(
BOUNDED_SURFACE()
B_SPLINE_SURFACE(3,2,((#9435,#9436,#9437),(#9438,#9439,#9440),(#9441,#9442,
#9443),(#9444,#9445,#9446),(#9447,#9448,#9449)),.UNSPECIFIED.,.F.,.F.,.F.)
B_SPLINE_SURFACE_WITH_KNOTS((4,1,4),(3,3),(0.00131287737085586,0.00170356678604124,
0.00209425620122663),(0.,1.),.UNSPECIFIED.)
GEOMETRIC_REPRESENTATION_ITEM()
RATIONAL_B_SPLINE_SURFACE(((1.,0.717895925328434,1.),(1.,0.689962227581449,
1.),(1.,0.621950714971704,1.),(1.,0.599180747240524,1.),(1.,0.608449923601125,
1.)))
REPRESENTATION_ITEM('')
SURFACE()
);
#93=(
BOUNDED_SURFACE()
B_SPLINE_SURFACE(3,2,((#9451,#9452,#9453),(#9454,#9455,#9456),(#9457,#9458,
#9459),(#9460,#9461,#9462),(#9463,#9464,#9465),(#9466,#9467,#9468),(#9469,
#9470,#9471)),.UNSPECIFIED.,.F.,.F.,.F.)
B_SPLINE_SURFACE_WITH_KNOTS((4,1,1,1,4),(3,3),(1.30104260698261E-18,0.00128138427960169,
0.00256276855920337,0.00384415283880505,0.00512553711840674),(0.,1.),
 .UNSPECIFIED.)
GEOMETRIC_REPRESENTATION_ITEM()
RATIONAL_B_SPLINE_SURFACE(((1.,0.71789592532699,1.),(1.,0.718176034894482,
1.),(1.,0.717479517695433,1.),(1.,0.718328160223116,1.),(1.,0.71813614471086,
1.),(1.,0.717846295471961,1.),(1.,0.717846274863776,1.)))
REPRESENTATION_ITEM('')
SURFACE()
);
#94=(
BOUNDED_SURFACE()
B_SPLINE_SURFACE(3,2,((#9476,#9477,#9478),(#9479,#9480,#9481),(#9482,#9483,
#9484),(#9485,#9486,#9487)),.UNSPECIFIED.,.F.,.F.,.F.)
B_SPLINE_SURFACE_WITH_KNOTS((4,4),(3,3),(-8.13151629364128E-19,0.000421629172004872),
(0.,1.),.PIECEWISE_BEZIER_KNOTS.)
GEOMETRIC_REPRESENTATION_ITEM()
RATIONAL_B_SPLINE_SURFACE(((1.,0.717846270946136,1.),(1.,0.717922559563249,
1.),(1.,0.717836351893354,1.),(1.,0.717840671960001,1.)))
REPRESENTATION_ITEM('')
SURFACE()
);
#95=(
BOUNDED_SURFACE()
B_SPLINE_SURFACE(3,2,((#9492,#9493,#9494),(#9495,#9496,#9497),(#9498,#9499,
#9500),(#9501,#9502,#9503)),.UNSPECIFIED.,.F.,.F.,.F.)
B_SPLINE_SURFACE_WITH_KNOTS((4,4),(3,3),(-8.67361737988404E-19,0.00347119534325259),
(0.,1.),.PIECEWISE_BEZIER_KNOTS.)
GEOMETRIC_REPRESENTATION_ITEM()
RATIONAL_B_SPLINE_SURFACE(((1.,0.718400149389747,1.),(1.,0.720768568380477,
1.),(1.,0.717948733017423,1.),(1.,0.71753737891243,1.)))
REPRESENTATION_ITEM('')
SURFACE()
);
#96=(
BOUNDED_SURFACE()
B_SPLINE_SURFACE(3,2,((#9505,#9506,#9507),(#9508,#9509,#9510),(#9511,#9512,
#9513),(#9514,#9515,#9516),(#9517,#9518,#9519)),.UNSPECIFIED.,.F.,.F.,.F.)
B_SPLINE_SURFACE_WITH_KNOTS((4,1,4),(3,3),(0.00131271368260575,0.00170364234876136,
0.00209457101491697),(0.,1.),.UNSPECIFIED.)
GEOMETRIC_REPRESENTATION_ITEM()
RATIONAL_B_SPLINE_SURFACE(((1.,0.718400149392947,1.),(1.,0.690119320645581,
1.),(1.,0.620405929358317,1.),(1.,0.601142448740519,1.),(1.,0.610714848554421,
1.)))
REPRESENTATION_ITEM('')
SURFACE()
);
#97=(
BOUNDED_SURFACE()
B_SPLINE_SURFACE(3,2,((#9535,#9536,#9537),(#9538,#9539,#9540),(#9541,#9542,
#9543),(#9544,#9545,#9546)),.UNSPECIFIED.,.F.,.F.,.F.)
B_SPLINE_SURFACE_WITH_KNOTS((4,4),(3,3),(-7.48356997030963E-16,0.000114650029593373),
(0.,1.),.PIECEWISE_BEZIER_KNOTS.)
GEOMETRIC_REPRESENTATION_ITEM()
RATIONAL_B_SPLINE_SURFACE(((1.,0.707106781168205,1.),(1.,0.698687772752995,
1.),(1.,0.690412305988049,1.),(1.,0.682249710836888,1.)))
REPRESENTATION_ITEM('')
SURFACE()
);
#98=(
BOUNDED_SURFACE()
B_SPLINE_SURFACE(3,2,((#9576,#9577,#9578),(#9579,#9580,#9581),(#9582,#9583,
#9584),(#9585,#9586,#9587)),.UNSPECIFIED.,.F.,.F.,.F.)
B_SPLINE_SURFACE_WITH_KNOTS((4,4),(3,3),(1.76182853028894E-18,0.000114650029591317),
(0.,1.),.PIECEWISE_BEZIER_KNOTS.)
GEOMETRIC_REPRESENTATION_ITEM()
RATIONAL_B_SPLINE_SURFACE(((1.,0.707106781184514,1.),(1.,0.698687771768015,
1.),(1.,0.690412305988035,1.),(1.,0.682249710837375,1.)))
REPRESENTATION_ITEM('')
SURFACE()
);
#99=B_SPLINE_SURFACE_WITH_KNOTS('',3,1,((#6107,#6108),(#6109,#6110),(#6111,
#6112),(#6113,#6114),(#6115,#6116),(#6117,#6118),(#6119,#6120),(#6121,#6122),
(#6123,#6124),(#6125,#6126),(#6127,#6128),(#6129,#6130)),
 .SURF_OF_LINEAR_EXTRUSION.,.F.,.F.,.F.,(4,1,1,1,1,1,1,1,1,4),(2,2),(-0.0101262636926677,
0.103019441739253,0.216165147171174,0.442456558035016,0.555602263466936,
0.668747968898857,0.781893674330778,0.838466527046739,0.866752953404719,
0.895039379762699),(0.,1.),.UNSPECIFIED.);
#100=B_SPLINE_SURFACE_WITH_KNOTS('',3,1,((#6277,#6278),(#6279,#6280),(#6281,
#6282),(#6283,#6284),(#6285,#6286),(#6287,#6288),(#6289,#6290),(#6291,#6292)),
 .SURF_OF_LINEAR_EXTRUSION.,.F.,.F.,.F.,(4,1,1,1,1,4),(2,2),(0.000257274124814927,
0.254125007015484,0.507992739906154,0.761860472796823,0.888794339242157,
1.01572820568749),(0.,1.),.UNSPECIFIED.);
#101=B_SPLINE_SURFACE_WITH_KNOTS('',3,1,((#6302,#6303),(#6304,#6305),(#6306,
#6307),(#6308,#6309),(#6310,#6311),(#6312,#6313),(#6314,#6315),(#6316,#6317),
(#6318,#6319),(#6320,#6321)),.SURF_OF_LINEAR_EXTRUSION.,.F.,.F.,.F.,(4,
1,1,1,1,1,1,4),(2,2),(0.524838084349638,0.661966230178225,0.799094376006811,
0.867658448921104,0.936222521835397,0.970504558292544,1.00478659474969,
1.07335066766398),(0.,1.),.UNSPECIFIED.);
#102=B_SPLINE_SURFACE_WITH_KNOTS('',3,1,((#6378,#6379),(#6380,#6381),(#6382,
#6383),(#6384,#6385),(#6386,#6387),(#6388,#6389),(#6390,#6391)),
 .SURF_OF_LINEAR_EXTRUSION.,.F.,.F.,.F.,(4,1,1,1,4),(2,2),(0.524675190456686,
0.660912273309253,0.79714935616182,0.933386439014387,1.06962352186695),
(0.,1.),.UNSPECIFIED.);
#103=B_SPLINE_SURFACE_WITH_KNOTS('',3,1,((#6431,#6432),(#6433,#6434),(#6435,
#6436),(#6437,#6438),(#6439,#6440),(#6441,#6442),(#6443,#6444)),
 .SURF_OF_LINEAR_EXTRUSION.,.F.,.F.,.F.,(4,1,1,1,4),(2,2),(-0.0175253449845385,
0.0960854826687814,0.209696310322101,0.436917965628741,0.891361276242021),
(0.,1.),.UNSPECIFIED.);
#104=B_SPLINE_SURFACE_WITH_KNOTS('',3,1,((#6540,#6541),(#6542,#6543),(#6544,
#6545),(#6546,#6547),(#6548,#6549),(#6550,#6551)),
 .SURF_OF_LINEAR_EXTRUSION.,.F.,.F.,.F.,(4,1,1,4),(2,2),(3.53772806667885E-5,
0.524896067693111,0.787326412899333,1.04975675810556),(0.,1.),
 .UNSPECIFIED.);
#105=B_SPLINE_SURFACE_WITH_KNOTS('',3,1,((#7641,#7642),(#7643,#7644),(#7645,
#7646),(#7647,#7648),(#7649,#7650),(#7651,#7652),(#7653,#7654),(#7655,#7656)),
 .SURF_OF_LINEAR_EXTRUSION.,.F.,.F.,.F.,(4,1,1,1,1,4),(2,2),(0.000257274124814927,
0.254125007015484,0.507992739906154,0.761860472796823,0.888794339242157,
1.01572820568749),(0.,1.),.UNSPECIFIED.);
#106=B_SPLINE_SURFACE_WITH_KNOTS('',3,1,((#7683,#7684),(#7685,#7686),(#7687,
#7688),(#7689,#7690),(#7691,#7692),(#7693,#7694),(#7695,#7696),(#7697,#7698),
(#7699,#7700),(#7701,#7702)),.SURF_OF_LINEAR_EXTRUSION.,.F.,.F.,.F.,(4,
1,1,1,1,1,1,4),(2,2),(0.524838084349638,0.661966230178225,0.799094376006811,
0.867658448921104,0.936222521835397,0.970504558292544,1.00478659474969,
1.07335066766398),(0.,1.),.UNSPECIFIED.);
#107=B_SPLINE_SURFACE_WITH_KNOTS('',3,1,((#7770,#7771),(#7772,#7773),(#7774,
#7775),(#7776,#7777),(#7778,#7779),(#7780,#7781),(#7782,#7783),(#7784,#7785),
(#7786,#7787),(#7788,#7789),(#7790,#7791),(#7792,#7793)),
 .SURF_OF_LINEAR_EXTRUSION.,.F.,.F.,.F.,(4,1,1,1,1,1,1,1,1,4),(2,2),(-0.0101262636926677,
0.103019441739253,0.216165147171174,0.442456558035016,0.555602263466937,
0.668747968898857,0.781893674330778,0.838466527046739,0.866752953404719,
0.895039379762699),(0.,1.),.UNSPECIFIED.);
#108=B_SPLINE_SURFACE_WITH_KNOTS('',3,3,((#8454,#8455,#8456,#8457),(#8458,
#8459,#8460,#8461),(#8462,#8463,#8464,#8465),(#8466,#8467,#8468,#8469)),
 .UNSPECIFIED.,.F.,.F.,.F.,(4,4),(4,4),(-0.207980812913783,0.914529408859134),
(0.0152957567223197,0.0157691768696787),.UNSPECIFIED.);
#109=B_SPLINE_SURFACE_WITH_KNOTS('',3,3,((#8495,#8496,#8497,#8498,#8499),
(#8500,#8501,#8502,#8503,#8504),(#8505,#8506,#8507,#8508,#8509),(#8510,
#8511,#8512,#8513,#8514)),.UNSPECIFIED.,.F.,.F.,.F.,(4,4),(4,1,4),(-0.212834831101807,
0.918852050040595),(0.00582275116970477,0.00791927331093477,0.0100157954521648),
 .UNSPECIFIED.);
#110=B_SPLINE_SURFACE_WITH_KNOTS('',3,3,((#8530,#8531,#8532,#8533,#8534,
#8535,#8536,#8537,#8538,#8539,#8540),(#8541,#8542,#8543,#8544,#8545,#8546,
#8547,#8548,#8549,#8550,#8551),(#8552,#8553,#8554,#8555,#8556,#8557,#8558,
#8559,#8560,#8561,#8562),(#8563,#8564,#8565,#8566,#8567,#8568,#8569,#8570,
#8571,#8572,#8573)),.UNSPECIFIED.,.F.,.F.,.F.,(4,4),(4,1,1,1,1,1,1,1,4),
(-0.21070098710003,0.914402433204613),(0.00237238655733484,0.00511754966384581,
0.00599101065228112,0.0064901312171013,0.00686447164071643,0.00717642199372904,
0.00742598227613913,0.00767554255854922,0.00836183333517696),
 .UNSPECIFIED.);
#111=B_SPLINE_SURFACE_WITH_KNOTS('',3,3,((#8594,#8595,#8596,#8597,#8598,
#8599,#8600,#8601,#8602,#8603),(#8604,#8605,#8606,#8607,#8608,#8609,#8610,
#8611,#8612,#8613),(#8614,#8615,#8616,#8617,#8618,#8619,#8620,#8621,#8622,
#8623),(#8624,#8625,#8626,#8627,#8628,#8629,#8630,#8631,#8632,#8633)),
 .UNSPECIFIED.,.F.,.F.,.F.,(4,4),(4,1,1,1,1,1,1,4),(0.406587947222739,0.866229824702185),
(0.132680658510247,0.559095850629198,0.694773411757955,0.772303446688674,
0.830450972886713,0.888598499084751,0.94674602528279,1.06304107767887),
 .UNSPECIFIED.);
#112=B_SPLINE_SURFACE_WITH_KNOTS('',3,3,((#8682,#8683,#8684,#8685,#8686,
#8687),(#8688,#8689,#8690,#8691,#8692,#8693),(#8694,#8695,#8696,#8697,#8698,
#8699),(#8700,#8701,#8702,#8703,#8704,#8705)),.UNSPECIFIED.,.F.,.F.,.F.,
(4,4),(4,1,1,4),(0.407643049550605,0.852580933848305),(0.0401370037147184,
0.300794356235281,0.486978179464255,0.933819355213792),.UNSPECIFIED.);
#113=B_SPLINE_SURFACE_WITH_KNOTS('',1,3,((#8720,#8721,#8722,#8723),(#8724,
#8725,#8726,#8727),(#8728,#8729,#8730,#8731),(#8732,#8733,#8734,#8735),
(#8736,#8737,#8738,#8739)),.RULED_SURF.,.F.,.F.,.F.,(2,1,1,1,2),(4,4),(-0.580966186912093,
-0.56457274169449,0.,1.,1.07477178006576),(0.00141520431600305,0.00264044844123119),
 .PIECEWISE_BEZIER_KNOTS.);
#114=B_SPLINE_SURFACE_WITH_KNOTS('',1,3,((#8759,#8760,#8761,#8762,#8763,
#8764,#8765),(#8766,#8767,#8768,#8769,#8770,#8771,#8772),(#8773,#8774,#8775,
#8776,#8777,#8778,#8779),(#8780,#8781,#8782,#8783,#8784,#8785,#8786),(#8787,
#8788,#8789,#8790,#8791,#8792,#8793)),.RULED_SURF.,.F.,.F.,.F.,(2,1,1,1,
2),(4,3,4),(-0.0445273848540406,0.,1.,1.60032453846718,1.62596528570872),
(0.00189179644139849,0.00317236259503447,0.00327107293988126),
 .PIECEWISE_BEZIER_KNOTS.);
#115=B_SPLINE_SURFACE_WITH_KNOTS('',3,3,((#8819,#8820,#8821,#8822,#8823,
#8824,#8825,#8826,#8827,#8828,#8829),(#8830,#8831,#8832,#8833,#8834,#8835,
#8836,#8837,#8838,#8839,#8840),(#8841,#8842,#8843,#8844,#8845,#8846,#8847,
#8848,#8849,#8850,#8851),(#8852,#8853,#8854,#8855,#8856,#8857,#8858,#8859,
#8860,#8861,#8862)),.UNSPECIFIED.,.F.,.F.,.F.,(4,4),(4,1,1,1,1,1,1,1,4),
(-0.216426498126704,1.0648102683882),(0.00134613197323813,0.00394677999311153,
0.00524710400304823,0.00654742801298494,0.00784775202292164,0.00893135536453555,
0.00979823803782669,0.010448400042795,0.0117487240527317),.UNSPECIFIED.);
#116=B_SPLINE_SURFACE_WITH_KNOTS('',3,3,((#8879,#8880,#8881,#8882,#8883),
(#8884,#8885,#8886,#8887,#8888),(#8889,#8890,#8891,#8892,#8893),(#8894,
#8895,#8896,#8897,#8898)),.UNSPECIFIED.,.F.,.F.,.F.,(4,4),(4,1,4),(0.397668203326075,
0.803128913770705),(0.0499752547388586,0.488095507902685,0.926215761066511),
 .UNSPECIFIED.);
#117=B_SPLINE_SURFACE_WITH_KNOTS('',3,1,((#8923,#8924),(#8925,#8926),(#8927,
#8928),(#8929,#8930)),.SURF_OF_LINEAR_EXTRUSION.,.F.,.F.,.F.,(4,4),(2,2),
(3.53772806669191E-5,1.00205150508968),(0.,1.),.PIECEWISE_BEZIER_KNOTS.);
#118=B_SPLINE_SURFACE_WITH_KNOTS('',3,1,((#8932,#8933),(#8934,#8935),(#8936,
#8937),(#8938,#8939),(#8940,#8941),(#8942,#8943),(#8944,#8945)),
 .SURF_OF_LINEAR_EXTRUSION.,.F.,.F.,.F.,(4,1,1,1,4),(2,2),(0.524675190456686,
0.660912273309253,0.79714935616182,0.933386439014387,1.06962352186695),
(0.,1.),.UNSPECIFIED.);
#119=B_SPLINE_SURFACE_WITH_KNOTS('',3,1,((#8971,#8972),(#8973,#8974),(#8975,
#8976),(#8977,#8978)),.SURF_OF_LINEAR_EXTRUSION.,.F.,.F.,.F.,(4,4),(2,2),
(-0.00132081700341711,0.891361276242021),(0.,1.),
 .PIECEWISE_BEZIER_KNOTS.);
#120=CYLINDRICAL_SURFACE('',#4503,0.001);
#121=CYLINDRICAL_SURFACE('',#4505,0.001);
#122=CYLINDRICAL_SURFACE('',#4514,0.0104116);
#123=CYLINDRICAL_SURFACE('',#4520,0.0114116);
#124=CYLINDRICAL_SURFACE('',#4543,0.0013);
#125=CYLINDRICAL_SURFACE('',#4545,0.0013);
#126=CYLINDRICAL_SURFACE('',#4547,0.0013);
#127=CYLINDRICAL_SURFACE('',#4549,0.0013);
#128=CYLINDRICAL_SURFACE('',#4584,0.001);
#129=CYLINDRICAL_SURFACE('',#4588,0.001);
#130=CYLINDRICAL_SURFACE('',#4597,0.0005);
#131=CYLINDRICAL_SURFACE('',#4599,0.0005);
#132=CYLINDRICAL_SURFACE('',#4601,0.0005);
#133=CYLINDRICAL_SURFACE('',#4603,0.0005);
#134=CYLINDRICAL_SURFACE('',#4605,0.0002);
#135=CYLINDRICAL_SURFACE('',#4606,0.0002);
#136=CYLINDRICAL_SURFACE('',#4608,0.0002);
#137=CYLINDRICAL_SURFACE('',#4609,0.0002);
#138=CYLINDRICAL_SURFACE('',#4610,0.0002);
#139=CYLINDRICAL_SURFACE('',#4611,0.0002);
#140=CYLINDRICAL_SURFACE('',#4612,0.0002);
#141=CYLINDRICAL_SURFACE('',#4614,0.0002);
#142=CYLINDRICAL_SURFACE('',#4615,0.0002);
#143=CYLINDRICAL_SURFACE('',#4616,0.0002);
#144=CYLINDRICAL_SURFACE('',#4617,0.0002);
#145=CYLINDRICAL_SURFACE('',#4618,0.0002);
#146=CYLINDRICAL_SURFACE('',#4619,0.0005);
#147=CYLINDRICAL_SURFACE('',#4624,0.0005);
#148=CYLINDRICAL_SURFACE('',#4628,0.0005);
#149=CYLINDRICAL_SURFACE('',#4630,0.0005);
#150=CYLINDRICAL_SURFACE('',#4635,0.0005);
#151=CYLINDRICAL_SURFACE('',#4639,0.0005);
#152=CYLINDRICAL_SURFACE('',#4641,0.00025);
#153=CYLINDRICAL_SURFACE('',#4644,0.00025);
#154=CYLINDRICAL_SURFACE('',#4647,0.0001);
#155=CYLINDRICAL_SURFACE('',#4656,0.0001);
#156=CYLINDRICAL_SURFACE('',#4667,0.0001);
#157=CYLINDRICAL_SURFACE('',#4676,0.0001);
#158=CYLINDRICAL_SURFACE('',#4677,0.0004);
#159=CYLINDRICAL_SURFACE('',#4684,0.0004);
#160=CYLINDRICAL_SURFACE('',#4686,0.0004);
#161=CYLINDRICAL_SURFACE('',#4692,0.0004);
#162=CYLINDRICAL_SURFACE('',#4710,0.001);
#163=CYLINDRICAL_SURFACE('',#4712,0.001);
#164=CYLINDRICAL_SURFACE('',#4714,0.001);
#165=CYLINDRICAL_SURFACE('',#4719,0.001);
#166=CYLINDRICAL_SURFACE('',#4721,0.0104116);
#167=CYLINDRICAL_SURFACE('',#4737,0.0114116);
#168=CYLINDRICAL_SURFACE('',#4758,0.0103116);
#169=CYLINDRICAL_SURFACE('',#4762,0.001);
#170=CYLINDRICAL_SURFACE('',#4764,0.001);
#171=CYLINDRICAL_SURFACE('',#4778,0.00135);
#172=CYLINDRICAL_SURFACE('',#4779,0.00135);
#173=CYLINDRICAL_SURFACE('',#4780,0.00035);
#174=CYLINDRICAL_SURFACE('',#4781,0.00035);
#175=CYLINDRICAL_SURFACE('',#4782,0.0002);
#176=CYLINDRICAL_SURFACE('',#4783,0.0002);
#177=CYLINDRICAL_SURFACE('',#4784,0.0002);
#178=CYLINDRICAL_SURFACE('',#4785,0.0002);
#179=CYLINDRICAL_SURFACE('',#4787,0.0002);
#180=CYLINDRICAL_SURFACE('',#4789,0.0002);
#181=CYLINDRICAL_SURFACE('',#4790,0.0002);
#182=CYLINDRICAL_SURFACE('',#4791,0.0002);
#183=CYLINDRICAL_SURFACE('',#4792,0.0002);
#184=CYLINDRICAL_SURFACE('',#4793,0.0002);
#185=CYLINDRICAL_SURFACE('',#4794,0.0002);
#186=CYLINDRICAL_SURFACE('',#4795,0.0002);
#187=CYLINDRICAL_SURFACE('',#4803,0.0003);
#188=CYLINDRICAL_SURFACE('',#4808,0.0003);
#189=CYLINDRICAL_SURFACE('',#4810,0.0003);
#190=CYLINDRICAL_SURFACE('',#4816,0.0003);
#191=CYLINDRICAL_SURFACE('',#4818,0.0003);
#192=CYLINDRICAL_SURFACE('',#4824,0.0003);
#193=CYLINDRICAL_SURFACE('',#4827,0.0003);
#194=CYLINDRICAL_SURFACE('',#4829,0.0003);
#195=B_SPLINE_CURVE_WITH_KNOTS('',3,(#5875,#5876,#5877,#5878,#5879),
 .UNSPECIFIED.,.F.,.F.,(4,1,4),(0.,0.00462641178810681,0.00925282357621363),
 .UNSPECIFIED.);
#196=B_SPLINE_CURVE_WITH_KNOTS('',3,(#5881,#5882,#5883,#5884,#5885,#5886,
#5887),.UNSPECIFIED.,.F.,.F.,(4,1,1,1,4),(0.,0.00150535561583916,0.00301071123167833,
0.00451606684751749,0.00602142246335665),.UNSPECIFIED.);
#197=B_SPLINE_CURVE_WITH_KNOTS('',3,(#5889,#5890,#5891,#5892,#5893,#5894,
#5895),.UNSPECIFIED.,.F.,.F.,(4,1,1,1,4),(0.,0.00336871818398278,0.00673743636796557,
0.0101061545519483,0.0134748727359311),.UNSPECIFIED.);
#198=B_SPLINE_CURVE_WITH_KNOTS('',3,(#5982,#5983,#5984,#5985,#5986,#5987,
#5988),.UNSPECIFIED.,.F.,.F.,(4,1,1,1,4),(0.,0.00363787370616982,0.00727574741233964,
0.0109136211185095,0.0145514948246793),.UNSPECIFIED.);
#199=B_SPLINE_CURVE_WITH_KNOTS('',3,(#5990,#5991,#5992,#5993,#5994,#5995,
#5996),.UNSPECIFIED.,.F.,.F.,(4,1,1,1,4),(0.,0.00171667432555315,0.0034333486511063,
0.00515002297665945,0.0068666973022126),.UNSPECIFIED.);
#200=B_SPLINE_CURVE_WITH_KNOTS('',3,(#5998,#5999,#6000,#6001,#6002),
 .UNSPECIFIED.,.F.,.F.,(4,1,4),(0.,0.00497477126116157,0.00994954252232315),
 .UNSPECIFIED.);
#201=B_SPLINE_CURVE_WITH_KNOTS('',3,(#6008,#6009,#6010,#6011,#6012),
 .UNSPECIFIED.,.F.,.F.,(4,1,4),(0.,0.000789330266762362,0.00157866053352472),
 .UNSPECIFIED.);
#202=B_SPLINE_CURVE_WITH_KNOTS('',3,(#6020,#6021,#6022,#6023,#6024),
 .UNSPECIFIED.,.F.,.F.,(4,1,4),(0.,0.000784355776667864,0.00156871155333573),
 .UNSPECIFIED.);
#203=B_SPLINE_CURVE_WITH_KNOTS('',3,(#6037,#6038,#6039,#6040,#6041,#6042,
#6043,#6044,#6045,#6046),.UNSPECIFIED.,.F.,.F.,(4,3,3,4),(3.53772806669191E-5,
1.,1.00205150508968,5.01011601632574),.PIECEWISE_BEZIER_KNOTS.);
#204=B_SPLINE_CURVE_WITH_KNOTS('',3,(#6055,#6056,#6057,#6058,#6059,#6060,
#6061,#6062,#6063,#6064,#6065,#6066,#6067,#6068,#6069,#6070,#6071,#6072),
 .UNSPECIFIED.,.F.,.F.,(4,1,1,1,1,1,1,1,1,1,1,1,3,4),(0.000257274124814927,
0.250539409232921,0.375791425209047,0.501043441185174,0.626295457161301,
0.751547473137427,0.814173481125491,0.876799489113554,0.908112493107586,
0.939425497101617,0.970738501095649,0.986395003092665,1.00205150508968,
1.01572820568749),.UNSPECIFIED.);
#205=B_SPLINE_CURVE_WITH_KNOTS('',3,(#6074,#6075,#6076,#6077,#6078,#6079,
#6080,#6081,#6082,#6083,#6084,#6085,#6086,#6087,#6088,#6089,#6090,#6091,
#6092,#6093,#6094,#6095),.UNSPECIFIED.,.F.,.F.,(4,1,1,1,1,1,1,1,1,1,1,1,
1,1,1,1,3,4),(0.524838084349638,0.660912273309253,0.729030814735536,0.79714935616182,
0.865267897588103,0.899327168301245,0.916356803657816,0.933386439014387,
0.950416074370958,0.958930892049243,0.967445709727528,0.975960527405814,
0.984475345084099,1.00150498044067,1.01853461579724,1.03556425115381,1.06962352186695,
1.07335066766398),.UNSPECIFIED.);
#206=B_SPLINE_CURVE_WITH_KNOTS('',3,(#6131,#6132,#6133,#6134,#6135,#6136,
#6137,#6138,#6139,#6140,#6141,#6142,#6143,#6144,#6145,#6146,#6147,#6148,
#6149,#6150,#6151,#6152,#6153,#6154,#6155,#6156,#6157,#6158,#6159,#6160,
#6161,#6162,#6163),.UNSPECIFIED.,.F.,.F.,(4,3,1,1,1,1,1,1,1,1,1,1,1,1,1,
1,1,1,1,1,1,1,1,1,1,3,4),(-0.0101262636926677,-0.00132081700341705,0.0126273407035429,
0.0265754984105029,0.0544718138244229,0.0823681292383428,0.110264444652263,
0.166057075480103,0.221849706307943,0.333434967963623,0.445020229619302,
0.556605491274982,0.612398122102822,0.668190752930662,0.723983383758502,
0.751879699172422,0.779776014586342,0.807672330000262,0.835568645414181,
0.849516803121141,0.863464960828101,0.870439039681581,0.877413118535061,
0.884387197388541,0.887874236815281,0.891361276242021,0.895039379762699),
 .UNSPECIFIED.);
#207=B_SPLINE_CURVE_WITH_KNOTS('',3,(#6166,#6167,#6168,#6169),
 .UNSPECIFIED.,.F.,.F.,(4,4),(1.42549868001913E-14,0.00035457793806117),
 .UNSPECIFIED.);
#208=B_SPLINE_CURVE_WITH_KNOTS('',3,(#6173,#6174,#6175,#6176),
 .UNSPECIFIED.,.F.,.F.,(4,4),(2.35063769781976E-14,0.000350916550705591),
 .UNSPECIFIED.);
#209=B_SPLINE_CURVE_WITH_KNOTS('',3,(#6178,#6179,#6180,#6181,#6182,#6183,
#6184,#6185,#6186,#6187,#6188,#6189,#6190,#6191,#6192,#6193,#6194,#6195,
#6196,#6197,#6198,#6199,#6200,#6201,#6202,#6203,#6204,#6205,#6206,#6207,
#6208,#6209,#6210),.UNSPECIFIED.,.F.,.F.,(4,3,1,1,1,1,1,1,1,1,1,1,1,1,1,
1,1,1,1,1,1,1,1,1,1,3,4),(-0.0101262636926677,-0.00132081700341705,0.0126273407035429,
0.0265754984105029,0.0544718138244229,0.0823681292383428,0.110264444652263,
0.166057075480103,0.221849706307943,0.333434967963623,0.445020229619302,
0.556605491274982,0.612398122102822,0.668190752930662,0.723983383758502,
0.751879699172422,0.779776014586342,0.807672330000262,0.835568645414181,
0.849516803121141,0.863464960828101,0.870439039681581,0.877413118535061,
0.884387197388541,0.887874236815281,0.891361276242021,0.895039379762699),
 .UNSPECIFIED.);
#210=B_SPLINE_CURVE_WITH_KNOTS('',3,(#6214,#6215,#6216,#6217,#6218,#6219,
#6220,#6221),.UNSPECIFIED.,.F.,.F.,(4,1,1,1,1,4),(0.,0.00197797330907492,
0.00395594661814984,0.00791189323629968,0.0118678398544495,0.0158237864725994),
 .UNSPECIFIED.);
#211=B_SPLINE_CURVE_WITH_KNOTS('',3,(#6227,#6228,#6229,#6230),
 .UNSPECIFIED.,.F.,.F.,(4,4),(0.,0.000117453616533904),.UNSPECIFIED.);
#212=B_SPLINE_CURVE_WITH_KNOTS('',3,(#6232,#6233,#6234,#6235),
 .UNSPECIFIED.,.F.,.F.,(4,4),(0.000206531135025643,0.000312443485144663),
 .UNSPECIFIED.);
#213=B_SPLINE_CURVE_WITH_KNOTS('',3,(#6236,#6237,#6238,#6239),
 .UNSPECIFIED.,.F.,.F.,(4,4),(0.,0.000334773183601978),.UNSPECIFIED.);
#214=B_SPLINE_CURVE_WITH_KNOTS('',3,(#6243,#6244,#6245,#6246),
 .UNSPECIFIED.,.F.,.F.,(4,4),(0.,0.000333544551791898),.UNSPECIFIED.);
#215=B_SPLINE_CURVE_WITH_KNOTS('',3,(#6250,#6251,#6252,#6253),
 .UNSPECIFIED.,.F.,.F.,(4,4),(0.,0.000333570141900979),.UNSPECIFIED.);
#216=B_SPLINE_CURVE_WITH_KNOTS('',3,(#6257,#6258,#6259,#6260),
 .UNSPECIFIED.,.F.,.F.,(4,4),(0.,0.000336084129346557),.UNSPECIFIED.);
#217=B_SPLINE_CURVE_WITH_KNOTS('',3,(#6264,#6265,#6266,#6267),
 .UNSPECIFIED.,.F.,.F.,(4,4),(0.,0.000106139017272255),.UNSPECIFIED.);
#218=B_SPLINE_CURVE_WITH_KNOTS('',3,(#6269,#6270,#6271,#6272),
 .UNSPECIFIED.,.F.,.F.,(4,4),(8.21153424757173E-18,0.000117453616534244),
 .UNSPECIFIED.);
#219=B_SPLINE_CURVE_WITH_KNOTS('',3,(#6296,#6297,#6298,#6299,#6300,#6301),
 .UNSPECIFIED.,.F.,.F.,(4,1,1,4),(4.67088590647017E-18,0.00266541391534616,
0.00533082783069231,0.0106616556613846),.UNSPECIFIED.);
#220=B_SPLINE_CURVE_WITH_KNOTS('',3,(#6325,#6326,#6327,#6328),
 .UNSPECIFIED.,.F.,.F.,(4,4),(3.86652432143924E-16,0.000355069033080463),
 .UNSPECIFIED.);
#221=B_SPLINE_CURVE_WITH_KNOTS('',3,(#6329,#6330,#6331,#6332,#6333,#6334,
#6335),.UNSPECIFIED.,.F.,.F.,(4,1,1,1,4),(-5.99999999948816E-8,0.00191482884235391,
0.00382971768470781,0.00574460652706171,0.00765949536941562),
 .UNSPECIFIED.);
#222=B_SPLINE_CURVE_WITH_KNOTS('',3,(#6336,#6337,#6338,#6339,#6340,#6341,
#6342,#6343,#6344,#6345,#6346,#6347,#6348,#6349,#6350,#6351,#6352,#6353,
#6354,#6355,#6356,#6357),.UNSPECIFIED.,.F.,.F.,(4,1,1,1,1,1,1,1,1,1,1,1,
1,1,1,1,3,4),(0.524838084349638,0.660912273309253,0.729030814735536,0.79714935616182,
0.865267897588103,0.899327168301245,0.916356803657816,0.933386439014387,
0.950416074370958,0.958930892049243,0.967445709727528,0.975960527405814,
0.984475345084099,1.00150498044067,1.01853461579724,1.03556425115381,1.06962352186695,
1.07335066766398),.UNSPECIFIED.);
#223=B_SPLINE_CURVE_WITH_KNOTS('',3,(#6359,#6360,#6361,#6362),
 .UNSPECIFIED.,.F.,.F.,(4,4),(2.11018290299872E-14,0.000350524083152906),
 .UNSPECIFIED.);
#224=B_SPLINE_CURVE_WITH_KNOTS('',3,(#6367,#6368,#6369,#6370),
 .UNSPECIFIED.,.F.,.F.,(4,4),(0.,0.000138380146511676),.UNSPECIFIED.);
#225=B_SPLINE_CURVE_WITH_KNOTS('',3,(#6395,#6396,#6397,#6398),
 .UNSPECIFIED.,.F.,.F.,(4,4),(0.,0.000327242408239592),.UNSPECIFIED.);
#226=B_SPLINE_CURVE_WITH_KNOTS('',3,(#6402,#6403,#6404,#6405),
 .UNSPECIFIED.,.F.,.F.,(4,4),(2.32099335802848E-13,0.000364313932279042),
 .UNSPECIFIED.);
#227=B_SPLINE_CURVE_WITH_KNOTS('',3,(#6407,#6408,#6409,#6410,#6411,#6412,
#6413,#6414,#6415,#6416,#6417,#6418,#6419,#6420),.UNSPECIFIED.,.F.,.F.,
(4,1,1,1,1,1,1,1,3,4),(0.524675190456686,0.660742389277133,0.796849742850555,
0.864903419637266,0.932957096423978,0.966983934817333,0.983997354014011,
1.00101077321069,1.0690644499974,1.06962352186695),.UNSPECIFIED.);
#228=B_SPLINE_CURVE_WITH_KNOTS('',3,(#6424,#6425,#6426,#6427,#6428,#6429,
#6430),.UNSPECIFIED.,.F.,.F.,(4,1,1,1,4),(4.98732999343332E-18,0.00168015789461474,
0.00336031578922948,0.00504047368384422,0.00672063157845896),
 .UNSPECIFIED.);
#229=B_SPLINE_CURVE_WITH_KNOTS('',3,(#6448,#6449,#6450,#6451),
 .UNSPECIFIED.,.F.,.F.,(4,4),(4.38056449097774E-13,0.000369726362223704),
 .UNSPECIFIED.);
#230=B_SPLINE_CURVE_WITH_KNOTS('',3,(#6453,#6454,#6455,#6456,#6457,#6458,
#6459,#6460,#6461,#6462,#6463,#6464,#6465,#6466,#6467),.UNSPECIFIED.,.F.,
 .F.,(4,3,3,1,1,3,4),(-3.57204918998517,-0.00132081700341705,0.,0.445404780357092,
0.668107170535638,0.890809560714184,0.891361276242021),.UNSPECIFIED.);
#231=B_SPLINE_CURVE_WITH_KNOTS('',3,(#6469,#6470,#6471,#6472,#6473),
 .UNSPECIFIED.,.F.,.F.,(4,1,4),(0.,0.000144079180643714,0.000288158361287427),
 .UNSPECIFIED.);
#232=B_SPLINE_CURVE_WITH_KNOTS('',3,(#6474,#6475,#6476,#6477,#6478,#6479,
#6480),.UNSPECIFIED.,.F.,.F.,(4,1,1,1,4),(0.,0.00363560916706212,0.00727121833412425,
0.0109068275011864,0.0145424366682485),.UNSPECIFIED.);
#233=B_SPLINE_CURVE_WITH_KNOTS('',3,(#6481,#6482,#6483,#6484,#6485,#6486,
#6487,#6488,#6489,#6490,#6491,#6492),.UNSPECIFIED.,.F.,.F.,(4,3,1,1,3,4),
(-0.00132081700341705,0.,0.445404780357092,0.668107170535638,0.890809560714184,
0.891361276242021),.UNSPECIFIED.);
#234=B_SPLINE_CURVE_WITH_KNOTS('',3,(#6494,#6495,#6496,#6497),
 .UNSPECIFIED.,.F.,.F.,(4,4),(4.8049614095857E-16,0.000363654626585932),
 .UNSPECIFIED.);
#235=B_SPLINE_CURVE_WITH_KNOTS('',3,(#6502,#6503,#6504,#6505),
 .UNSPECIFIED.,.F.,.F.,(4,4),(0.,0.000331306836076423),.UNSPECIFIED.);
#236=B_SPLINE_CURVE_WITH_KNOTS('',3,(#6506,#6507,#6508,#6509),
 .UNSPECIFIED.,.F.,.F.,(4,4),(0.,0.000312441654935211),.UNSPECIFIED.);
#237=B_SPLINE_CURVE_WITH_KNOTS('',3,(#6515,#6516,#6517,#6518),
 .UNSPECIFIED.,.F.,.F.,(4,4),(0.,0.000312441536876651),.UNSPECIFIED.);
#238=B_SPLINE_CURVE_WITH_KNOTS('',3,(#6522,#6523,#6524,#6525),
 .UNSPECIFIED.,.F.,.F.,(4,4),(0.,0.000331304595932238),.UNSPECIFIED.);
#239=B_SPLINE_CURVE_WITH_KNOTS('',3,(#6529,#6530,#6531,#6532),
 .UNSPECIFIED.,.F.,.F.,(4,4),(0.,0.000329352646609098),.UNSPECIFIED.);
#240=B_SPLINE_CURVE_WITH_KNOTS('',3,(#6536,#6537,#6538,#6539),
 .UNSPECIFIED.,.F.,.F.,(4,4),(9.46428388905671E-18,0.00032936943337271),
 .UNSPECIFIED.);
#241=B_SPLINE_CURVE_WITH_KNOTS('',3,(#6552,#6553,#6554,#6555),
 .UNSPECIFIED.,.F.,.F.,(4,4),(5.92151937172171E-15,4.15371636074536E-5),
 .UNSPECIFIED.);
#242=B_SPLINE_CURVE_WITH_KNOTS('',3,(#6556,#6557,#6558,#6559,#6560),
 .UNSPECIFIED.,.F.,.F.,(4,1,4),(-5.99999999996968E-8,0.00497461858021683,
0.00994929716043366),.UNSPECIFIED.);
#243=B_SPLINE_CURVE_WITH_KNOTS('',3,(#6564,#6565,#6566,#6567,#6568,#6569),
 .UNSPECIFIED.,.F.,.F.,(4,1,1,4),(0.,0.000106604568391164,0.000213209136782327,
0.000426418273564654),.UNSPECIFIED.);
#244=B_SPLINE_CURVE_WITH_KNOTS('',3,(#6590,#6591,#6592,#6593),
 .UNSPECIFIED.,.F.,.F.,(4,4),(0.,0.000138380146511677),.UNSPECIFIED.);
#245=B_SPLINE_CURVE_WITH_KNOTS('',3,(#6756,#6757,#6758,#6759,#6760),
 .UNSPECIFIED.,.F.,.F.,(4,1,4),(0.,0.000781357117007701,0.0015627142340154),
 .UNSPECIFIED.);
#246=B_SPLINE_CURVE_WITH_KNOTS('',3,(#6794,#6795,#6796,#6797,#6798),
 .UNSPECIFIED.,.F.,.F.,(4,1,4),(0.,0.000781483338941077,0.00156296667788215),
 .UNSPECIFIED.);
#247=B_SPLINE_CURVE_WITH_KNOTS('',3,(#6877,#6878,#6879,#6880,#6881),
 .UNSPECIFIED.,.F.,.F.,(4,1,4),(0.,0.000789405937704401,0.0015788118754088),
 .UNSPECIFIED.);
#248=B_SPLINE_CURVE_WITH_KNOTS('',3,(#6921,#6922,#6923,#6924,#6925),
 .UNSPECIFIED.,.F.,.F.,(4,1,4),(0.,0.00078151178302708,0.00156302356605416),
 .UNSPECIFIED.);
#249=B_SPLINE_CURVE_WITH_KNOTS('',3,(#6927,#6928,#6929,#6930,#6931),
 .UNSPECIFIED.,.F.,.F.,(4,1,4),(0.,0.000784454223023975,0.00156890844604795),
 .UNSPECIFIED.);
#250=B_SPLINE_CURVE_WITH_KNOTS('',3,(#6965,#6966,#6967,#6968,#6969),
 .UNSPECIFIED.,.F.,.F.,(4,1,4),(0.,0.000781344551000946,0.00156268910200189),
 .UNSPECIFIED.);
#251=B_SPLINE_CURVE_WITH_KNOTS('',3,(#7035,#7036,#7037,#7038),
 .UNSPECIFIED.,.F.,.F.,(4,4),(0.,0.000234629418080471),.UNSPECIFIED.);
#252=B_SPLINE_CURVE_WITH_KNOTS('',3,(#7042,#7043,#7044,#7045),
 .UNSPECIFIED.,.F.,.F.,(4,4),(0.,8.64350768300564E-6),.UNSPECIFIED.);
#253=B_SPLINE_CURVE_WITH_KNOTS('',3,(#7051,#7052,#7053,#7054),
 .UNSPECIFIED.,.F.,.F.,(4,4),(0.,8.64350768300746E-6),.UNSPECIFIED.);
#254=B_SPLINE_CURVE_WITH_KNOTS('',3,(#7058,#7059,#7060,#7061),
 .UNSPECIFIED.,.F.,.F.,(4,4),(0.,0.000236143049813901),.UNSPECIFIED.);
#255=B_SPLINE_CURVE_WITH_KNOTS('',3,(#7067,#7068,#7069,#7070),
 .UNSPECIFIED.,.F.,.F.,(4,4),(0.,6.09200591086307E-5),.UNSPECIFIED.);
#256=B_SPLINE_CURVE_WITH_KNOTS('',3,(#7083,#7084,#7085,#7086),
 .UNSPECIFIED.,.F.,.F.,(4,4),(0.,6.09200591086316E-5),.UNSPECIFIED.);
#257=B_SPLINE_CURVE_WITH_KNOTS('',3,(#7088,#7089,#7090,#7091),
 .UNSPECIFIED.,.F.,.F.,(4,4),(0.,6.09200591086293E-5),.UNSPECIFIED.);
#258=B_SPLINE_CURVE_WITH_KNOTS('',3,(#7104,#7105,#7106,#7107),
 .UNSPECIFIED.,.F.,.F.,(4,4),(0.,6.092005910863E-5),.UNSPECIFIED.);
#259=B_SPLINE_CURVE_WITH_KNOTS('',3,(#7112,#7113,#7114,#7115),
 .UNSPECIFIED.,.F.,.F.,(4,4),(0.,9.26099145649254E-6),.UNSPECIFIED.);
#260=B_SPLINE_CURVE_WITH_KNOTS('',3,(#7116,#7117,#7118,#7119),
 .UNSPECIFIED.,.F.,.F.,(4,4),(0.,9.26099145649247E-6),.UNSPECIFIED.);
#261=B_SPLINE_CURVE_WITH_KNOTS('',3,(#7123,#7124,#7125,#7126),
 .UNSPECIFIED.,.F.,.F.,(4,4),(0.,3.48820327050109E-5),.UNSPECIFIED.);
#262=B_SPLINE_CURVE_WITH_KNOTS('',3,(#7127,#7128,#7129,#7130),
 .UNSPECIFIED.,.F.,.F.,(4,4),(0.,3.48820327050105E-5),.UNSPECIFIED.);
#263=B_SPLINE_CURVE_WITH_KNOTS('',3,(#7135,#7136,#7137,#7138),
 .UNSPECIFIED.,.F.,.F.,(4,4),(0.,9.26099145649461E-6),.UNSPECIFIED.);
#264=B_SPLINE_CURVE_WITH_KNOTS('',3,(#7139,#7140,#7141,#7142),
 .UNSPECIFIED.,.F.,.F.,(4,4),(2.05998412772246E-18,9.26099145649675E-6),
 .UNSPECIFIED.);
#265=B_SPLINE_CURVE_WITH_KNOTS('',3,(#7146,#7147,#7148,#7149),
 .UNSPECIFIED.,.F.,.F.,(4,4),(0.,3.48820327050006E-5),.UNSPECIFIED.);
#266=B_SPLINE_CURVE_WITH_KNOTS('',3,(#7150,#7151,#7152,#7153),
 .UNSPECIFIED.,.F.,.F.,(4,4),(0.,3.48820327050013E-5),.UNSPECIFIED.);
#267=B_SPLINE_CURVE_WITH_KNOTS('',3,(#7366,#7367,#7368,#7369),
 .UNSPECIFIED.,.F.,.F.,(4,4),(8.36278428753386E-12,1.44793024559869E-6),
 .UNSPECIFIED.);
#268=B_SPLINE_CURVE_WITH_KNOTS('',3,(#7373,#7374,#7375,#7376),
 .UNSPECIFIED.,.F.,.F.,(4,4),(3.98987872572724E-17,1.44792188285429E-6),
 .UNSPECIFIED.);
#269=B_SPLINE_CURVE_WITH_KNOTS('',3,(#7384,#7385,#7386,#7387),
 .UNSPECIFIED.,.F.,.F.,(4,4),(0.,0.000114650029591316),.UNSPECIFIED.);
#270=B_SPLINE_CURVE_WITH_KNOTS('',3,(#7393,#7394,#7395,#7396),
 .UNSPECIFIED.,.F.,.F.,(4,4),(0.,0.000114650029594512),.UNSPECIFIED.);
#271=B_SPLINE_CURVE_WITH_KNOTS('',3,(#7418,#7419,#7420,#7421),
 .UNSPECIFIED.,.F.,.F.,(4,4),(0.,0.00233534067342855),.UNSPECIFIED.);
#272=B_SPLINE_CURVE_WITH_KNOTS('',3,(#7424,#7425,#7426,#7427),
 .UNSPECIFIED.,.F.,.F.,(4,4),(4.72049623325756E-16,0.000226257059071278),
 .UNSPECIFIED.);
#273=B_SPLINE_CURVE_WITH_KNOTS('',3,(#7429,#7430,#7431,#7432),
 .UNSPECIFIED.,.F.,.F.,(4,4),(0.,0.0024654248546055),.UNSPECIFIED.);
#274=B_SPLINE_CURVE_WITH_KNOTS('',3,(#7441,#7442,#7443,#7444),
 .UNSPECIFIED.,.F.,.F.,(4,4),(0.,0.00248246682106984),.UNSPECIFIED.);
#275=B_SPLINE_CURVE_WITH_KNOTS('',3,(#7453,#7454,#7455,#7456,#7457),
 .UNSPECIFIED.,.F.,.F.,(4,1,4),(-1.25302148012962E-5,0.000771841162461737,
0.00155621253972477),.UNSPECIFIED.);
#276=B_SPLINE_CURVE_WITH_KNOTS('',3,(#7463,#7464,#7465,#7466,#7467,#7468,
#7469,#7470,#7471,#7472,#7473,#7474,#7475,#7476,#7477,#7478),
 .UNSPECIFIED.,.T.,.F.,(1,1,1,1,1,1,1,1,1,1,1,1,1,1,1,1,1,1,1,1),(-0.00307639312305562,
-0.00153819656152781,-0.000769098280763906,4.87890977618477E-19,0.000769098280763906,
0.00153819656152781,0.00230729484229172,0.00307639312305562,0.00461458968458343,
0.00538368796534734,0.00615278624611125,0.00692188452687515,0.00769098280763906,
0.00922917936916687,0.0107673759306947,0.0115364742114586,0.0123055724922225,
0.0130746707729864,0.0138437690537503,0.0146128673345142),.UNSPECIFIED.);
#277=B_SPLINE_CURVE_WITH_KNOTS('',3,(#7487,#7488,#7489,#7490,#7491),
 .UNSPECIFIED.,.F.,.F.,(4,1,4),(0.,0.00498018868657474,0.00996037737314949),
 .UNSPECIFIED.);
#278=B_SPLINE_CURVE_WITH_KNOTS('',3,(#7493,#7494,#7495,#7496,#7497,#7498,
#7499),.UNSPECIFIED.,.F.,.F.,(4,1,1,1,4),(0.,0.0017061227739633,0.0034122455479266,
0.00511836832188991,0.00682449109585321),.UNSPECIFIED.);
#279=B_SPLINE_CURVE_WITH_KNOTS('',3,(#7501,#7502,#7503,#7504,#7505,#7506,
#7507),.UNSPECIFIED.,.F.,.F.,(4,1,1,1,4),(0.,0.0036396557497948,0.0072793114995896,
0.0109189672493844,0.0145586229991792),.UNSPECIFIED.);
#280=B_SPLINE_CURVE_WITH_KNOTS('',3,(#7513,#7514,#7515,#7516,#7517),
 .UNSPECIFIED.,.F.,.F.,(4,1,4),(0.00156866987127542,0.00235771156829756,
0.0031467532653197),.UNSPECIFIED.);
#281=B_SPLINE_CURVE_WITH_KNOTS('',3,(#7522,#7523,#7524,#7525),
 .UNSPECIFIED.,.F.,.F.,(4,4),(0.,0.000312467328969556),.UNSPECIFIED.);
#282=B_SPLINE_CURVE_WITH_KNOTS('',3,(#7529,#7530,#7531,#7532),
 .UNSPECIFIED.,.F.,.F.,(4,4),(0.,0.000334938813695304),.UNSPECIFIED.);
#283=B_SPLINE_CURVE_WITH_KNOTS('',3,(#7536,#7537,#7538,#7539,#7540),
 .UNSPECIFIED.,.F.,.F.,(4,1,4),(0.00723996190303148,0.0123778931256857,
0.0175158243483399),.UNSPECIFIED.);
#284=B_SPLINE_CURVE_WITH_KNOTS('',3,(#7544,#7545,#7546,#7547),
 .UNSPECIFIED.,.F.,.F.,(4,4),(0.,0.000334943871025407),.UNSPECIFIED.);
#285=B_SPLINE_CURVE_WITH_KNOTS('',3,(#7551,#7552,#7553,#7554),
 .UNSPECIFIED.,.F.,.F.,(4,4),(0.,0.000312467572304195),.UNSPECIFIED.);
#286=B_SPLINE_CURVE_WITH_KNOTS('',3,(#7558,#7559,#7560,#7561),
 .UNSPECIFIED.,.F.,.F.,(4,4),(0.,0.000269729835436191),.UNSPECIFIED.);
#287=B_SPLINE_CURVE_WITH_KNOTS('',3,(#7567,#7568,#7569,#7570,#7571,#7572,
#7573,#7574,#7575,#7576,#7577),.UNSPECIFIED.,.F.,.F.,(4,1,1,1,1,1,1,1,4),
(0.000195981564880139,0.00129934710607528,0.00240271264727042,0.00350607818846556,
0.0046094437296607,0.00571280927085585,0.00681617481205099,0.00791954035324613,
0.00902290589444127),.UNSPECIFIED.);
#288=B_SPLINE_CURVE_WITH_KNOTS('',3,(#7583,#7584,#7585,#7586),
 .UNSPECIFIED.,.F.,.F.,(4,4),(0.,0.000519615464199187),.UNSPECIFIED.);
#289=B_SPLINE_CURVE_WITH_KNOTS('',3,(#7588,#7589,#7590,#7591,#7592,#7593,
#7594,#7595,#7596),.UNSPECIFIED.,.F.,.F.,(4,1,1,1,1,1,4),(0.,0.000478761654933422,
0.000718142482400133,0.000957523309866844,0.00119690413733355,0.00143628496480027,
0.00191504661973369),.UNSPECIFIED.);
#290=B_SPLINE_CURVE_WITH_KNOTS('',3,(#7657,#7658,#7659,#7660,#7661,#7662,
#7663,#7664,#7665,#7666,#7667,#7668,#7669,#7670,#7671,#7672,#7673,#7674),
 .UNSPECIFIED.,.F.,.F.,(4,1,1,1,1,1,1,1,1,1,1,1,3,4),(0.000257274124814927,
0.250539409232921,0.375791425209047,0.501043441185174,0.626295457161301,
0.751547473137427,0.814173481125491,0.876799489113554,0.908112493107586,
0.939425497101617,0.970738501095649,0.986395003092665,1.00205150508968,
1.01572820568749),.UNSPECIFIED.);
#291=B_SPLINE_CURVE_WITH_KNOTS('',3,(#7678,#7679,#7680,#7681,#7682),
 .UNSPECIFIED.,.F.,.F.,(4,1,4),(-5.99999999993181E-8,0.00532672286980103,
0.0106535057396021),.UNSPECIFIED.);
#292=B_SPLINE_CURVE_WITH_KNOTS('',3,(#7706,#7707,#7708,#7709),
 .UNSPECIFIED.,.F.,.F.,(4,4),(0.,0.000349160420363929),.UNSPECIFIED.);
#293=B_SPLINE_CURVE_WITH_KNOTS('',3,(#7711,#7712,#7713,#7714,#7715,#7716,
#7717,#7718,#7719,#7720,#7721,#7722,#7723,#7724,#7725,#7726,#7727,#7728,
#7729,#7730,#7731,#7732),.UNSPECIFIED.,.F.,.F.,(4,1,1,1,1,1,1,1,1,1,1,1,
1,1,1,1,3,4),(0.524838084349638,0.660912273309253,0.729030814735536,0.79714935616182,
0.865267897588103,0.899327168301245,0.916356803657816,0.933386439014387,
0.950416074370958,0.958930892049243,0.967445709727528,0.975960527405814,
0.984475345084099,1.00150498044067,1.01853461579724,1.03556425115381,1.06962352186695,
1.07335066766398),.UNSPECIFIED.);
#294=B_SPLINE_CURVE_WITH_KNOTS('',3,(#7736,#7737,#7738,#7739,#7740,#7741,
#7742),.UNSPECIFIED.,.F.,.F.,(4,1,1,1,4),(0.,0.00192545164979536,0.00385090329959072,
0.00577635494938608,0.00770180659918144),.UNSPECIFIED.);
#295=B_SPLINE_CURVE_WITH_KNOTS('',3,(#7743,#7744,#7745,#7746,#7747,#7748,
#7749,#7750,#7751,#7752,#7753,#7754,#7755,#7756,#7757,#7758,#7759,#7760,
#7761,#7762,#7763,#7764),.UNSPECIFIED.,.F.,.F.,(4,1,1,1,1,1,1,1,1,1,1,1,
1,1,1,1,3,4),(0.524838084349638,0.660912273309253,0.729030814735536,0.79714935616182,
0.865267897588103,0.899327168301245,0.916356803657816,0.933386439014387,
0.950416074370958,0.958930892049243,0.967445709727528,0.975960527405814,
0.984475345084099,1.00150498044067,1.01853461579724,1.03556425115381,1.06962352186695,
1.07335066766398),.UNSPECIFIED.);
#296=B_SPLINE_CURVE_WITH_KNOTS('',3,(#7766,#7767,#7768,#7769),
 .UNSPECIFIED.,.F.,.F.,(4,4),(6.13599974769129E-15,0.000352784674443008),
 .UNSPECIFIED.);
#297=B_SPLINE_CURVE_WITH_KNOTS('',3,(#7794,#7795,#7796,#7797,#7798,#7799,
#7800,#7801,#7802,#7803,#7804,#7805,#7806,#7807,#7808,#7809,#7810,#7811,
#7812,#7813,#7814,#7815,#7816,#7817,#7818,#7819,#7820,#7821,#7822,#7823,
#7824,#7825,#7826),.UNSPECIFIED.,.F.,.F.,(4,3,1,1,1,1,1,1,1,1,1,1,1,1,1,
1,1,1,1,1,1,1,1,1,1,3,4),(-0.0101262636926677,-0.00132081700341705,0.0126273407035429,
0.0265754984105029,0.0544718138244229,0.0823681292383428,0.110264444652263,
0.166057075480103,0.221849706307943,0.333434967963623,0.445020229619302,
0.556605491274982,0.612398122102822,0.668190752930662,0.723983383758502,
0.751879699172422,0.779776014586342,0.807672330000262,0.835568645414181,
0.849516803121141,0.863464960828101,0.870439039681581,0.877413118535061,
0.884387197388541,0.887874236815281,0.891361276242021,0.895039379762699),
 .UNSPECIFIED.);
#298=B_SPLINE_CURVE_WITH_KNOTS('',3,(#7828,#7829,#7830,#7831),
 .UNSPECIFIED.,.F.,.F.,(4,4),(3.15724438315646E-18,0.000348609841096339),
 .UNSPECIFIED.);
#299=B_SPLINE_CURVE_WITH_KNOTS('',3,(#7835,#7836,#7837,#7838),
 .UNSPECIFIED.,.F.,.F.,(4,4),(0.,0.000353202471613851),.UNSPECIFIED.);
#300=B_SPLINE_CURVE_WITH_KNOTS('',3,(#7840,#7841,#7842,#7843,#7844,#7845,
#7846,#7847,#7848,#7849,#7850,#7851,#7852,#7853,#7854,#7855,#7856,#7857,
#7858,#7859,#7860,#7861,#7862,#7863,#7864,#7865,#7866,#7867,#7868,#7869,
#7870,#7871,#7872),.UNSPECIFIED.,.F.,.F.,(4,3,1,1,1,1,1,1,1,1,1,1,1,1,1,
1,1,1,1,1,1,1,1,1,1,3,4),(-0.0101262636926677,-0.00132081700341705,0.0126273407035429,
0.0265754984105029,0.0544718138244229,0.0823681292383428,0.110264444652263,
0.166057075480103,0.221849706307943,0.333434967963623,0.445020229619302,
0.556605491274982,0.612398122102822,0.668190752930662,0.723983383758502,
0.751879699172422,0.779776014586342,0.807672330000262,0.835568645414181,
0.849516803121141,0.863464960828101,0.870439039681581,0.877413118535061,
0.884387197388541,0.887874236815281,0.891361276242021,0.895039379762699),
 .UNSPECIFIED.);
#301=B_SPLINE_CURVE_WITH_KNOTS('',3,(#7873,#7874,#7875,#7876,#7877,#7878,
#7879,#7880),.UNSPECIFIED.,.F.,.F.,(4,1,1,1,1,4),(0.,0.00395996520487574,
0.00791993040975148,0.0118798956146272,0.0138598782170651,0.015839860819503),
 .UNSPECIFIED.);
#302=B_SPLINE_CURVE_WITH_KNOTS('',3,(#7882,#7883,#7884,#7885,#7886,#7887,
#7888,#7889,#7890,#7891,#7892,#7893,#7894,#7895,#7896),.UNSPECIFIED.,.T.,
 .F.,(1,1,1,1,1,1,1,1,1,1,1,1,1,1,1,1,1,1,1),(-0.00380283118773011,-0.00304226495018409,
-0.00152113247509204,1.74822347316868E-18,0.000760566237546024,0.00152113247509205,
0.00304226495018409,0.00456339742527613,0.00532396366282216,0.00608452990036818,
0.0068450961379142,0.00760566237546022,0.00836622861300624,0.00912679485055226,
0.0106479273256443,0.0121690598007364,0.0129296260382824,0.0136901922758284,
0.0152113247509204),.UNSPECIFIED.);
#303=B_SPLINE_CURVE_WITH_KNOTS('',3,(#7903,#7904,#7905,#7906),
 .UNSPECIFIED.,.F.,.F.,(4,4),(0.,0.00235127221294261),.UNSPECIFIED.);
#304=B_SPLINE_CURVE_WITH_KNOTS('',3,(#7911,#7912,#7913,#7914),
 .UNSPECIFIED.,.F.,.F.,(4,4),(0.,0.000269729808977203),.UNSPECIFIED.);
#305=B_SPLINE_CURVE_WITH_KNOTS('',3,(#7918,#7919,#7920,#7921),
 .UNSPECIFIED.,.F.,.F.,(4,4),(0.,0.000312461383053219),.UNSPECIFIED.);
#306=B_SPLINE_CURVE_WITH_KNOTS('',3,(#7925,#7926,#7927,#7928),
 .UNSPECIFIED.,.F.,.F.,(4,4),(0.,0.000330431505481271),.UNSPECIFIED.);
#307=B_SPLINE_CURVE_WITH_KNOTS('',3,(#7932,#7933,#7934,#7935),
 .UNSPECIFIED.,.F.,.F.,(4,4),(0.,0.00032854678609668),.UNSPECIFIED.);
#308=B_SPLINE_CURVE_WITH_KNOTS('',3,(#7939,#7940,#7941,#7942),
 .UNSPECIFIED.,.F.,.F.,(4,4),(0.,0.00032856238747399),.UNSPECIFIED.);
#309=B_SPLINE_CURVE_WITH_KNOTS('',3,(#7946,#7947,#7948,#7949),
 .UNSPECIFIED.,.F.,.F.,(4,4),(0.,0.000330433333225264),.UNSPECIFIED.);
#310=B_SPLINE_CURVE_WITH_KNOTS('',3,(#7953,#7954,#7955,#7956),
 .UNSPECIFIED.,.F.,.F.,(4,4),(0.,0.000312461585759199),.UNSPECIFIED.);
#311=B_SPLINE_CURVE_WITH_KNOTS('',3,(#7960,#7961,#7962,#7963),
 .UNSPECIFIED.,.F.,.F.,(4,4),(0.,0.000519615427006712),.UNSPECIFIED.);
#312=B_SPLINE_CURVE_WITH_KNOTS('',3,(#7991,#7992,#7993,#7994,#7995),
 .UNSPECIFIED.,.F.,.F.,(4,1,4),(0.00153437902406724,0.0023150758899961,
0.00309577275592496),.UNSPECIFIED.);
#313=B_SPLINE_CURVE_WITH_KNOTS('',3,(#8029,#8030,#8031,#8032,#8033),
 .UNSPECIFIED.,.F.,.F.,(4,1,4),(-2.14371560162617E-5,0.000760048917953867,
0.001541534991924),.UNSPECIFIED.);
#314=B_SPLINE_CURVE_WITH_KNOTS('',3,(#8084,#8085,#8086,#8087,#8088,#8089,
#8090),.UNSPECIFIED.,.F.,.F.,(4,3,4),(3.53772806669191E-5,1.,1.00205150508968),
 .PIECEWISE_BEZIER_KNOTS.);
#315=B_SPLINE_CURVE_WITH_KNOTS('',3,(#8092,#8093,#8094,#8095,#8096,#8097,
#8098,#8099,#8100,#8101,#8102,#8103,#8104,#8105),.UNSPECIFIED.,.F.,.F.,
(4,1,1,1,1,1,1,1,3,4),(0.524675190456686,0.660742389277133,0.796849742850555,
0.864903419637266,0.932957096423978,0.966983934817333,0.983997354014011,
1.00101077321069,1.0690644499974,1.06962352186695),.UNSPECIFIED.);
#316=B_SPLINE_CURVE_WITH_KNOTS('',3,(#8111,#8112,#8113,#8114,#8115,#8116,
#8117,#8118,#8119,#8120,#8121,#8122),.UNSPECIFIED.,.F.,.F.,(4,3,1,1,3,4),
(-0.00132081700341705,0.,0.445404780357092,0.668107170535638,0.890809560714184,
0.891361276242021),.UNSPECIFIED.);
#317=B_SPLINE_CURVE_WITH_KNOTS('',3,(#8146,#8147,#8148,#8149),
 .UNSPECIFIED.,.F.,.F.,(4,4),(2.67750667802035E-6,0.000833393239855132),
 .UNSPECIFIED.);
#318=B_SPLINE_CURVE_WITH_KNOTS('',3,(#8152,#8153,#8154,#8155),
 .UNSPECIFIED.,.F.,.F.,(4,4),(1.49025560426284E-6,0.000147825911955739),
 .UNSPECIFIED.);
#319=B_SPLINE_CURVE_WITH_KNOTS('',3,(#8157,#8158,#8159,#8160),
 .UNSPECIFIED.,.F.,.F.,(4,4),(0.000999288821297262,0.00105011898825616),
 .UNSPECIFIED.);
#320=B_SPLINE_CURVE_WITH_KNOTS('',3,(#8165,#8166,#8167,#8168),
 .UNSPECIFIED.,.F.,.F.,(4,4),(1.35525271560688E-19,0.000120232004350841),
 .UNSPECIFIED.);
#321=B_SPLINE_CURVE_WITH_KNOTS('',3,(#8170,#8171,#8172,#8173),
 .UNSPECIFIED.,.F.,.F.,(4,4),(0.000120232004350841,0.000120557977843507),
 .UNSPECIFIED.);
#322=B_SPLINE_CURVE_WITH_KNOTS('',3,(#8177,#8178,#8179,#8180),
 .UNSPECIFIED.,.F.,.F.,(4,4),(3.25260651745651E-19,0.000649009287790408),
 .UNSPECIFIED.);
#323=B_SPLINE_CURVE_WITH_KNOTS('',3,(#8186,#8187,#8188,#8189,#8190),
 .UNSPECIFIED.,.F.,.F.,(4,1,4),(0.,0.00487637403099872,0.00975274806199743),
 .UNSPECIFIED.);
#324=B_SPLINE_CURVE_WITH_KNOTS('',3,(#8196,#8197,#8198,#8199),
 .UNSPECIFIED.,.F.,.F.,(4,4),(0.,0.000305043659792041),.UNSPECIFIED.);
#325=B_SPLINE_CURVE_WITH_KNOTS('',3,(#8201,#8202,#8203,#8204),
 .UNSPECIFIED.,.F.,.F.,(4,4),(0.00605159426796862,0.00733677860119392),
 .UNSPECIFIED.);
#326=B_SPLINE_CURVE_WITH_KNOTS('',3,(#8208,#8209,#8210,#8211),
 .UNSPECIFIED.,.F.,.F.,(4,4),(0.,0.00389106731350937),.UNSPECIFIED.);
#327=B_SPLINE_CURVE_WITH_KNOTS('',3,(#8214,#8215,#8216,#8217),
 .UNSPECIFIED.,.F.,.F.,(4,4),(0.,0.000310054430960608),.UNSPECIFIED.);
#328=B_SPLINE_CURVE_WITH_KNOTS('',3,(#8222,#8223,#8224,#8225),
 .UNSPECIFIED.,.F.,.F.,(4,4),(1.91606470571538E-17,0.000308292012977283),
 .UNSPECIFIED.);
#329=B_SPLINE_CURVE_WITH_KNOTS('',3,(#8227,#8228,#8229,#8230,#8231,#8232),
 .UNSPECIFIED.,.F.,.F.,(4,1,1,4),(0.0330589600321038,0.0359838667772105,
0.0374463201497639,0.0389087735223173),.UNSPECIFIED.);
#330=B_SPLINE_CURVE_WITH_KNOTS('',3,(#8234,#8235,#8236,#8237),
 .UNSPECIFIED.,.F.,.F.,(4,4),(6.49000439020093E-11,0.000185905304892935),
 .UNSPECIFIED.);
#331=B_SPLINE_CURVE_WITH_KNOTS('',3,(#8239,#8240,#8241,#8242),
 .UNSPECIFIED.,.F.,.F.,(4,4),(7.9959910220806E-19,0.000209719328519355),
 .UNSPECIFIED.);
#332=B_SPLINE_CURVE_WITH_KNOTS('',3,(#8246,#8247,#8248,#8249),
 .UNSPECIFIED.,.F.,.F.,(4,4),(0.00606311004860588,0.00734913789205278),
 .UNSPECIFIED.);
#333=B_SPLINE_CURVE_WITH_KNOTS('',3,(#8251,#8252,#8253,#8254),
 .UNSPECIFIED.,.F.,.F.,(4,4),(0.,0.00030532925326441),.UNSPECIFIED.);
#334=B_SPLINE_CURVE_WITH_KNOTS('',3,(#8258,#8259,#8260,#8261,#8262,#8263,
#8264,#8265,#8266,#8267,#8268),.UNSPECIFIED.,.F.,.F.,(4,1,1,1,1,1,1,1,4),
(0.,0.00115329030941157,0.00230658061882313,0.0034598709282347,0.00461316123764626,
0.00576645154705783,0.00691974185646939,0.00807303216588096,0.00922632247529252),
 .UNSPECIFIED.);
#335=B_SPLINE_CURVE_WITH_KNOTS('',3,(#8274,#8275,#8276,#8277,#8278,#8279,
#8280),.UNSPECIFIED.,.F.,.F.,(4,1,1,1,4),(0.,0.00331486423132851,0.00662972846265701,
0.00994459269398552,0.013259456925314),.UNSPECIFIED.);
#336=B_SPLINE_CURVE_WITH_KNOTS('',3,(#8282,#8283,#8284,#8285,#8286,#8287,
#8288),.UNSPECIFIED.,.F.,.F.,(4,1,1,1,4),(0.,0.00148454788165613,0.00296909576331226,
0.00445364364496838,0.00593819152662451),.UNSPECIFIED.);
#337=B_SPLINE_CURVE_WITH_KNOTS('',3,(#8290,#8291,#8292,#8293,#8294),
 .UNSPECIFIED.,.F.,.F.,(4,1,4),(0.,0.00462354366080085,0.0092470873216017),
 .UNSPECIFIED.);
#338=B_SPLINE_CURVE_WITH_KNOTS('',3,(#8333,#8334,#8335,#8336,#8337),
 .UNSPECIFIED.,.F.,.F.,(4,1,4),(-1.00109218024769E-5,0.000779426954922673,
0.00156886483164782),.UNSPECIFIED.);
#339=B_SPLINE_CURVE_WITH_KNOTS('',3,(#8339,#8340,#8341,#8342,#8343,#8344,
#8345),.UNSPECIFIED.,.F.,.F.,(4,1,1,1,4),(0.,0.0036900276152879,0.0073800552305758,
0.0110700828458637,0.0147601104611516),.UNSPECIFIED.);
#340=B_SPLINE_CURVE_WITH_KNOTS('',3,(#8347,#8348,#8349,#8350,#8351),
 .UNSPECIFIED.,.F.,.F.,(4,1,4),(0.0015424136753392,0.00232391312352477,
0.00310541257171033),.UNSPECIFIED.);
#341=B_SPLINE_CURVE_WITH_KNOTS('',3,(#8388,#8389,#8390,#8391,#8392),
 .UNSPECIFIED.,.F.,.F.,(4,1,4),(0.00156214276565081,0.0023428858809963,
0.0031236289963418),.UNSPECIFIED.);
#342=B_SPLINE_CURVE_WITH_KNOTS('',3,(#8394,#8395,#8396,#8397,#8398,#8399,
#8400),.UNSPECIFIED.,.F.,.F.,(4,1,1,1,4),(-5.99999999987797E-8,0.00170986346197846,
0.00341978692395692,0.00512971038593538,0.00683963384791384),
 .UNSPECIFIED.);
#343=B_SPLINE_CURVE_WITH_KNOTS('',3,(#8431,#8432,#8433,#8434,#8435),
 .UNSPECIFIED.,.F.,.F.,(4,1,4),(0.00155659080105132,0.00234093396749615,
0.00312527713394097),.UNSPECIFIED.);
#344=B_SPLINE_CURVE_WITH_KNOTS('',3,(#8437,#8438,#8439,#8440,#8441),
 .UNSPECIFIED.,.F.,.F.,(4,1,4),(0.,0.00498039033493308,0.00996078066986616),
 .UNSPECIFIED.);
#345=B_SPLINE_CURVE_WITH_KNOTS('',3,(#8445,#8446,#8447,#8448,#8449,#8450,
#8451,#8452,#8453),.UNSPECIFIED.,.F.,.F.,(4,1,1,1,1,1,4),(0.,0.000477886429122882,
0.000716829643684323,0.000955772858245764,0.0011947160728072,0.00143365928736865,
0.00191154571649153),.UNSPECIFIED.);
#346=B_SPLINE_CURVE_WITH_KNOTS('',3,(#8470,#8471,#8472,#8473),
 .UNSPECIFIED.,.F.,.F.,(4,4),(-0.099811605585184,1.25065832611424),
 .UNSPECIFIED.);
#347=B_SPLINE_CURVE_WITH_KNOTS('',3,(#8476,#8477,#8478,#8479),
 .UNSPECIFIED.,.F.,.F.,(4,4),(0.,0.000419021306580233),.UNSPECIFIED.);
#348=B_SPLINE_CURVE_WITH_KNOTS('',3,(#8481,#8482,#8483,#8484),
 .UNSPECIFIED.,.F.,.F.,(4,4),(-0.243776910674981,1.09920818759233),
 .UNSPECIFIED.);
#349=B_SPLINE_CURVE_WITH_KNOTS('',3,(#8486,#8487,#8488,#8489),
 .UNSPECIFIED.,.F.,.F.,(4,4),(0.,0.000397141556511697),.UNSPECIFIED.);
#350=B_SPLINE_CURVE_WITH_KNOTS('',3,(#8491,#8492,#8493,#8494),
 .UNSPECIFIED.,.F.,.F.,(4,4),(0.00117585858398976,0.00124561369298218),
 .UNSPECIFIED.);
#351=B_SPLINE_CURVE_WITH_KNOTS('',3,(#8515,#8516,#8517,#8518),
 .UNSPECIFIED.,.F.,.F.,(4,4),(5.91956171712241E-6,0.00409732523429108),
 .UNSPECIFIED.);
#352=B_SPLINE_CURVE_WITH_KNOTS('',3,(#8520,#8521,#8522,#8523,#8524),
 .UNSPECIFIED.,.F.,.F.,(4,1,4),(5.366879412642E-16,0.00039173206342094,
0.000783464126841344),.UNSPECIFIED.);
#353=B_SPLINE_CURVE_WITH_KNOTS('',3,(#8526,#8527,#8528,#8529),
 .UNSPECIFIED.,.F.,.F.,(4,4),(0.,0.00342842594555648),.UNSPECIFIED.);
#354=B_SPLINE_CURVE_WITH_KNOTS('',3,(#8574,#8575,#8576,#8577,#8578,#8579,
#8580),.UNSPECIFIED.,.F.,.F.,(4,1,1,1,4),(0.,0.00128627308658846,0.00257254617317692,
0.00385881925976539,0.00514509234635385),.UNSPECIFIED.);
#355=B_SPLINE_CURVE_WITH_KNOTS('',3,(#8582,#8583,#8584,#8585,#8586),
 .UNSPECIFIED.,.F.,.F.,(4,1,4),(1.35525271560688E-20,0.000387362810276976,
0.000774725620553951),.UNSPECIFIED.);
#356=B_SPLINE_CURVE_WITH_KNOTS('',3,(#8588,#8589,#8590,#8591,#8592,#8593),
 .UNSPECIFIED.,.F.,.F.,(4,1,1,4),(0.0173972549262818,0.0203305607197136,
0.0217972136164295,0.0232638665131455),.UNSPECIFIED.);
#357=B_SPLINE_CURVE_WITH_KNOTS('',3,(#8634,#8635,#8636,#8637),
 .UNSPECIFIED.,.F.,.F.,(4,4),(-5.99999999715619E-8,0.00112335296586709),
 .UNSPECIFIED.);
#358=B_SPLINE_CURVE_WITH_KNOTS('',3,(#8640,#8641,#8642,#8643),
 .UNSPECIFIED.,.F.,.F.,(4,4),(0.,0.000418549075976765),.UNSPECIFIED.);
#359=B_SPLINE_CURVE_WITH_KNOTS('',3,(#8645,#8646,#8647,#8648),
 .UNSPECIFIED.,.F.,.F.,(4,4),(0.00405197534143022,0.00460960512571431),
 .UNSPECIFIED.);
#360=B_SPLINE_CURVE_WITH_KNOTS('',3,(#8650,#8651,#8652,#8653),
 .UNSPECIFIED.,.F.,.F.,(4,4),(0.,1.42265814929026E-6),.UNSPECIFIED.);
#361=B_SPLINE_CURVE_WITH_KNOTS('',3,(#8655,#8656,#8657,#8658),
 .UNSPECIFIED.,.F.,.F.,(4,4),(-5.99999991483949E-8,0.000157645292196621),
 .UNSPECIFIED.);
#362=B_SPLINE_CURVE_WITH_KNOTS('',3,(#8660,#8661,#8662,#8663),
 .UNSPECIFIED.,.F.,.F.,(4,4),(-5.99939416399092E-8,0.00118439266600167),
 .UNSPECIFIED.);
#363=B_SPLINE_CURVE_WITH_KNOTS('',3,(#8665,#8666,#8667,#8668,#8669),
 .UNSPECIFIED.,.F.,.F.,(4,1,4),(0.000977648253033208,0.00303849643240438,
0.00509934461177556),.UNSPECIFIED.);
#364=B_SPLINE_CURVE_WITH_KNOTS('',3,(#8671,#8672,#8673,#8674),
 .UNSPECIFIED.,.F.,.F.,(4,4),(0.,0.000578494070138435),.UNSPECIFIED.);
#365=B_SPLINE_CURVE_WITH_KNOTS('',3,(#8676,#8677,#8678,#8679,#8680,#8681),
 .UNSPECIFIED.,.F.,.F.,(4,1,1,4),(0.,0.00197419105892138,0.00296128658838208,
0.00394838211784277),.UNSPECIFIED.);
#366=B_SPLINE_CURVE_WITH_KNOTS('',3,(#8706,#8707,#8708,#8709),
 .UNSPECIFIED.,.F.,.F.,(4,4),(0.,0.00338997536449423),.UNSPECIFIED.);
#367=B_SPLINE_CURVE_WITH_KNOTS('',3,(#8711,#8712,#8713,#8714),
 .UNSPECIFIED.,.F.,.F.,(4,4),(9.97492104846143E-5,0.000678194606791122),
 .UNSPECIFIED.);
#368=B_SPLINE_CURVE_WITH_KNOTS('',3,(#8716,#8717,#8718,#8719),
 .UNSPECIFIED.,.F.,.F.,(4,4),(0.,0.00340464079873742),.UNSPECIFIED.);
#369=B_SPLINE_CURVE_WITH_KNOTS('',3,(#8740,#8741,#8742,#8743),
 .UNSPECIFIED.,.F.,.F.,(4,4),(0.,0.00063854319605355),.UNSPECIFIED.);
#370=B_SPLINE_CURVE_WITH_KNOTS('',3,(#8745,#8746,#8747,#8748),
 .UNSPECIFIED.,.F.,.F.,(4,4),(1.0842021724855E-18,0.000525002672343901),
 .UNSPECIFIED.);
#371=B_SPLINE_CURVE_WITH_KNOTS('',3,(#8750,#8751,#8752,#8753),
 .UNSPECIFIED.,.F.,.F.,(4,4),(5.42101086242752E-19,0.000569692917631769),
 .UNSPECIFIED.);
#372=B_SPLINE_CURVE_WITH_KNOTS('',3,(#8755,#8756,#8757,#8758),
 .UNSPECIFIED.,.F.,.F.,(4,4),(1.13803223062414E-16,0.000312307420228074),
 .UNSPECIFIED.);
#373=B_SPLINE_CURVE_WITH_KNOTS('',3,(#8794,#8795,#8796,#8797),
 .UNSPECIFIED.,.F.,.F.,(4,4),(1.89347769197526E-18,1.19413621981772E-5),
 .UNSPECIFIED.);
#374=B_SPLINE_CURVE_WITH_KNOTS('',3,(#8800,#8801,#8802,#8803),
 .UNSPECIFIED.,.F.,.F.,(4,4),(1.53394897303407E-6,0.00110921685973994),
 .UNSPECIFIED.);
#375=B_SPLINE_CURVE_WITH_KNOTS('',3,(#8804,#8805,#8806,#8807),
 .UNSPECIFIED.,.F.,.F.,(4,4),(0.,0.000289892477669609),.UNSPECIFIED.);
#376=B_SPLINE_CURVE_WITH_KNOTS('',3,(#8809,#8810,#8811,#8812,#8813),
 .UNSPECIFIED.,.F.,.F.,(4,1,4),(8.94056015336375E-19,0.000402037039076017,
0.000804074078152033),.UNSPECIFIED.);
#377=B_SPLINE_CURVE_WITH_KNOTS('',3,(#8815,#8816,#8817,#8818),
 .UNSPECIFIED.,.F.,.F.,(4,4),(1.62630325872826E-19,0.000547707782230769),
 .UNSPECIFIED.);
#378=B_SPLINE_CURVE_WITH_KNOTS('',3,(#8863,#8864,#8865,#8866),
 .UNSPECIFIED.,.F.,.F.,(4,4),(6.7762635780344E-20,0.00110689386289277),
 .UNSPECIFIED.);
#379=B_SPLINE_CURVE_WITH_KNOTS('',3,(#8868,#8869,#8870,#8871,#8872,#8873),
 .UNSPECIFIED.,.F.,.F.,(4,1,1,4),(0.,0.00426745425605007,0.00640118138407511,
0.00853490851210015),.UNSPECIFIED.);
#380=B_SPLINE_CURVE_WITH_KNOTS('',3,(#8875,#8876,#8877,#8878),
 .UNSPECIFIED.,.F.,.F.,(4,4),(1.60228320655611E-16,0.000579431800733425),
 .UNSPECIFIED.);
#381=B_SPLINE_CURVE_WITH_KNOTS('',3,(#8899,#8900,#8901,#8902),
 .UNSPECIFIED.,.F.,.F.,(4,4),(5.67579578413062E-17,1.52184485161485E-5),
 .UNSPECIFIED.);
#382=B_SPLINE_CURVE_WITH_KNOTS('',3,(#8904,#8905,#8906,#8907,#8908,#8909),
 .UNSPECIFIED.,.F.,.F.,(4,1,1,4),(1.3968213323408E-6,0.00211844356140497,
0.00423549030147759,0.00846958378162284),.UNSPECIFIED.);
#383=B_SPLINE_CURVE_WITH_KNOTS('',3,(#8910,#8911,#8912,#8913,#8914),
 .UNSPECIFIED.,.F.,.F.,(4,1,4),(1.57359237286515E-16,0.00438111498804561,
0.00876222997609106),.UNSPECIFIED.);
#384=B_SPLINE_CURVE_WITH_KNOTS('',3,(#8946,#8947,#8948,#8949),
 .UNSPECIFIED.,.F.,.F.,(4,4),(-0.000138419742720539,0.000199070970566374),
 .UNSPECIFIED.);
#385=B_SPLINE_CURVE_WITH_KNOTS('',3,(#8952,#8953,#8954,#8955),
 .UNSPECIFIED.,.F.,.F.,(4,4),(0.000279336119556426,0.000435951230254732),
 .UNSPECIFIED.);
#386=B_SPLINE_CURVE_WITH_KNOTS('',3,(#8957,#8958,#8959,#8960),
 .UNSPECIFIED.,.F.,.F.,(4,4),(0.000211922425237672,0.000367284903049088),
 .UNSPECIFIED.);
#387=B_SPLINE_CURVE_WITH_KNOTS('',3,(#8962,#8963,#8964,#8965),
 .UNSPECIFIED.,.F.,.F.,(4,4),(2.35461783822198E-10,0.000202082027943542),
 .UNSPECIFIED.);
#388=B_SPLINE_CURVE_WITH_KNOTS('',3,(#8979,#8980,#8981,#8982),
 .UNSPECIFIED.,.F.,.F.,(4,4),(2.7869658420905E-15,0.000152000698596009),
 .UNSPECIFIED.);
#389=B_SPLINE_CURVE_WITH_KNOTS('',3,(#8984,#8985,#8986,#8987),
 .UNSPECIFIED.,.F.,.F.,(4,4),(0.000279481258591517,0.00043893793068602),
 .UNSPECIFIED.);
#390=B_SPLINE_CURVE_WITH_KNOTS('',3,(#8989,#8990,#8991,#8992),
 .UNSPECIFIED.,.F.,.F.,(4,4),(0.,0.000337802763138465),.UNSPECIFIED.);
#391=B_SPLINE_CURVE_WITH_KNOTS('',3,(#8994,#8995,#8996,#8997),
 .UNSPECIFIED.,.F.,.F.,(4,4),(0.,0.000201608596122803),.UNSPECIFIED.);
#392=B_SPLINE_CURVE_WITH_KNOTS('',3,(#8999,#9000,#9001,#9002,#9003,#9004,
#9005,#9006,#9007,#9008,#9009,#9010,#9011,#9012,#9013,#9014),
 .UNSPECIFIED.,.T.,.F.,(1,1,1,1,1,1,1,1,1,1,1,1,1,1,1,1,1,1,1,1),(-0.00213020781705833,
-0.00142013854470555,-0.000710069272352776,1.38845624178386E-18,0.00142013854470555,
0.00284027708941111,0.00355034636176389,0.00426041563411666,0.00497048490646944,
0.00568055417882221,0.00639062345117499,0.00710069272352777,0.00852083126823332,
0.0092309005405861,0.00994096981293887,0.0106510390852916,0.0113611083576444,
0.01278124690235,0.0142013854470555,0.0149114547194083),.UNSPECIFIED.);
#393=B_SPLINE_CURVE_WITH_KNOTS('',3,(#9016,#9017,#9018,#9019,#9020,#9021,
#9022,#9023,#9024,#9025,#9026,#9027,#9028,#9029,#9030,#9031),
 .UNSPECIFIED.,.T.,.F.,(1,1,1,1,1,1,1,1,1,1,1,1,1,1,1,1,1,1,1,1),(-0.00219742541650856,
-0.00146495027767238,-0.000732475138836187,0.,0.000732475138836187,0.00146495027767237,
0.00292990055534475,0.00439485083301712,0.00512732597185331,0.0058598011106895,
0.00659227624952569,0.00732475138836187,0.00878970166603425,0.00952217680487044,
0.0102546519437066,0.0109871270825428,0.011719602221379,0.0124520773602152,
0.0131845524990514,0.0146495027767237),.UNSPECIFIED.);
#394=B_SPLINE_CURVE_WITH_KNOTS('',3,(#9045,#9046,#9047,#9048),
 .UNSPECIFIED.,.F.,.F.,(4,4),(7.08956149873346E-15,0.000226257059063811),
 .UNSPECIFIED.);
#395=B_SPLINE_CURVE_WITH_KNOTS('',3,(#9061,#9062,#9063,#9064),
 .UNSPECIFIED.,.F.,.F.,(4,4),(0.00135374558908613,0.00220577653913472),
 .UNSPECIFIED.);
#396=B_SPLINE_CURVE_WITH_KNOTS('',3,(#9070,#9071,#9072,#9073),
 .UNSPECIFIED.,.F.,.F.,(4,4),(0.00108193586716863,0.00194088332809059),
 .UNSPECIFIED.);
#397=B_SPLINE_CURVE_WITH_KNOTS('',3,(#9079,#9080,#9081,#9082),
 .UNSPECIFIED.,.F.,.F.,(4,4),(0.,4.48881918638056E-5),.UNSPECIFIED.);
#398=B_SPLINE_CURVE_WITH_KNOTS('',3,(#9084,#9085,#9086,#9087),
 .UNSPECIFIED.,.F.,.F.,(4,4),(0.,6.47348386536784E-5),.UNSPECIFIED.);
#399=B_SPLINE_CURVE_WITH_KNOTS('',3,(#9103,#9104,#9105,#9106),
 .UNSPECIFIED.,.F.,.F.,(4,4),(1.49121919216309E-16,0.000124091236279213),
 .UNSPECIFIED.);
#400=B_SPLINE_CURVE_WITH_KNOTS('',3,(#9119,#9120,#9121,#9122),
 .UNSPECIFIED.,.F.,.F.,(4,4),(0.,0.000494422559199454),.UNSPECIFIED.);
#401=B_SPLINE_CURVE_WITH_KNOTS('',3,(#9137,#9138,#9139,#9140),
 .UNSPECIFIED.,.F.,.F.,(4,4),(0.,0.00087472958594752),.UNSPECIFIED.);
#402=B_SPLINE_CURVE_WITH_KNOTS('',3,(#9141,#9142,#9143,#9144),
 .UNSPECIFIED.,.F.,.F.,(4,4),(0.,0.000650651444121513),.UNSPECIFIED.);
#403=B_SPLINE_CURVE_WITH_KNOTS('',3,(#9160,#9161,#9162,#9163),
 .UNSPECIFIED.,.F.,.F.,(4,4),(0.,0.000652075261911526),.UNSPECIFIED.);
#404=B_SPLINE_CURVE_WITH_KNOTS('',3,(#9176,#9177,#9178,#9179),
 .UNSPECIFIED.,.F.,.F.,(4,4),(0.,0.000604345985660782),.UNSPECIFIED.);
#405=B_SPLINE_CURVE_WITH_KNOTS('',3,(#9207,#9208,#9209,#9210),
 .UNSPECIFIED.,.F.,.F.,(4,4),(0.,0.000652256869307977),.UNSPECIFIED.);
#406=B_SPLINE_CURVE_WITH_KNOTS('',3,(#9225,#9226,#9227,#9228),
 .UNSPECIFIED.,.F.,.F.,(4,4),(0.,0.000493011963820374),.UNSPECIFIED.);
#407=B_SPLINE_CURVE_WITH_KNOTS('',3,(#9244,#9245,#9246,#9247),
 .UNSPECIFIED.,.F.,.F.,(4,4),(0.,0.000650824301276683),.UNSPECIFIED.);
#408=B_SPLINE_CURVE_WITH_KNOTS('',3,(#9260,#9261,#9262,#9263),
 .UNSPECIFIED.,.F.,.F.,(4,4),(0.,0.000887648888581706),.UNSPECIFIED.);
#409=B_SPLINE_CURVE_WITH_KNOTS('',3,(#9264,#9265,#9266,#9267),
 .UNSPECIFIED.,.F.,.F.,(4,4),(0.,0.000125431749445408),.UNSPECIFIED.);
#410=B_SPLINE_CURVE_WITH_KNOTS('',3,(#9397,#9398,#9399,#9400),
 .UNSPECIFIED.,.F.,.F.,(4,4),(9.75781955236954E-19,0.000168629449667642),
 .UNSPECIFIED.);
#411=B_SPLINE_CURVE_WITH_KNOTS('',3,(#9419,#9420,#9421,#9422),
 .UNSPECIFIED.,.F.,.F.,(4,4),(1.73472347597681E-18,0.00014837295300341),
 .UNSPECIFIED.);
#412=B_SPLINE_CURVE_WITH_KNOTS('',3,(#9472,#9473,#9474,#9475),
 .UNSPECIFIED.,.F.,.F.,(4,4),(0.,1.),.UNSPECIFIED.);
#413=B_SPLINE_CURVE_WITH_KNOTS('',3,(#9488,#9489,#9490,#9491),
 .UNSPECIFIED.,.F.,.F.,(4,4),(0.,1.),.UNSPECIFIED.);
#414=B_SPLINE_CURVE_WITH_KNOTS('',3,(#9527,#9528,#9529,#9530,#9531),
 .UNSPECIFIED.,.F.,.F.,(4,1,4),(0.,0.000286999948303541,0.000573999896607082),
 .UNSPECIFIED.);
#415=B_SPLINE_CURVE_WITH_KNOTS('',3,(#9551,#9552,#9553,#9554),
 .UNSPECIFIED.,.F.,.F.,(4,4),(0.,0.000172926575868424),.UNSPECIFIED.);
#416=B_SPLINE_CURVE_WITH_KNOTS('',3,(#9570,#9571,#9572,#9573),
 .UNSPECIFIED.,.F.,.F.,(4,4),(0.00347635510407506,0.00364847582671926),
 .UNSPECIFIED.);
#417=B_SPLINE_CURVE_WITH_KNOTS('',3,(#9592,#9593,#9594,#9595,#9596),
 .UNSPECIFIED.,.F.,.F.,(4,1,4),(0.,0.000286999948303528,0.000573999896607056),
 .UNSPECIFIED.);
#418=CIRCLE('',#4491,0.0013);
#419=CIRCLE('',#4492,0.0013);
#420=CIRCLE('',#4493,0.0013);
#421=CIRCLE('',#4494,0.0013);
#422=CIRCLE('',#4495,0.0094116);
#423=CIRCLE('',#4498,0.0017);
#424=CIRCLE('',#4499,0.0017);
#425=CIRCLE('',#4500,0.0017);
#426=CIRCLE('',#4501,0.0017);
#427=CIRCLE('',#4502,0.0104116);
#428=CIRCLE('',#4504,0.001);
#429=CIRCLE('',#4506,0.001);
#430=CIRCLE('',#4512,0.0104116);
#431=CIRCLE('',#4513,0.0114116);
#432=CIRCLE('',#4515,0.0104116);
#433=CIRCLE('',#4516,0.0104116);
#434=CIRCLE('',#4517,0.0104116);
#435=CIRCLE('',#4519,0.0003);
#436=CIRCLE('',#4521,0.0114116);
#437=CIRCLE('',#4522,0.0114116);
#438=CIRCLE('',#4523,0.0114116);
#439=CIRCLE('',#4525,0.0005);
#440=CIRCLE('',#4526,0.0002);
#441=CIRCLE('',#4527,0.0005);
#442=CIRCLE('',#4529,0.0003);
#443=CIRCLE('',#4531,0.0005);
#444=CIRCLE('',#4532,0.0002);
#445=CIRCLE('',#4533,0.0005);
#446=CIRCLE('',#4544,0.0013);
#447=CIRCLE('',#4546,0.0013);
#448=CIRCLE('',#4548,0.0013);
#449=CIRCLE('',#4550,0.0013);
#450=CIRCLE('',#4567,0.00035);
#451=CIRCLE('',#4570,0.00035);
#452=CIRCLE('',#4575,0.00035);
#453=CIRCLE('',#4577,0.00035);
#454=CIRCLE('',#4585,0.001);
#455=CIRCLE('',#4587,0.001);
#456=CIRCLE('',#4598,0.0005);
#457=CIRCLE('',#4600,0.0005);
#458=CIRCLE('',#4602,0.0005);
#459=CIRCLE('',#4604,0.0005);
#460=CIRCLE('',#4607,0.0002);
#461=CIRCLE('',#4613,0.0002);
#462=CIRCLE('',#4621,0.0005);
#463=CIRCLE('',#4623,0.0005);
#464=CIRCLE('',#4625,0.0005);
#465=CIRCLE('',#4627,0.0005);
#466=CIRCLE('',#4632,0.0005);
#467=CIRCLE('',#4634,0.0005);
#468=CIRCLE('',#4636,0.0005);
#469=CIRCLE('',#4638,0.0005);
#470=CIRCLE('',#4642,0.00025);
#471=CIRCLE('',#4643,0.00025);
#472=CIRCLE('',#4645,0.00025);
#473=CIRCLE('',#4646,0.00025);
#474=CIRCLE('',#4648,0.0001);
#475=CIRCLE('',#4650,0.0001);
#476=CIRCLE('',#4651,0.0001);
#477=CIRCLE('',#4653,0.0001);
#478=CIRCLE('',#4654,0.0001);
#479=CIRCLE('',#4655,0.0001);
#480=CIRCLE('',#4657,0.0001);
#481=CIRCLE('',#4658,0.0001);
#482=CIRCLE('',#4659,0.0001);
#483=CIRCLE('',#4661,0.0001);
#484=CIRCLE('',#4662,0.0001);
#485=CIRCLE('',#4664,0.0001);
#486=CIRCLE('',#4665,0.0001);
#487=CIRCLE('',#4666,0.0001);
#488=CIRCLE('',#4668,0.0001);
#489=CIRCLE('',#4669,0.0001);
#490=CIRCLE('',#4670,0.0001);
#491=CIRCLE('',#4672,0.0001);
#492=CIRCLE('',#4673,0.0001);
#493=CIRCLE('',#4675,0.0001);
#494=CIRCLE('',#4678,0.0004);
#495=CIRCLE('',#4679,0.0004);
#496=CIRCLE('',#4681,0.0004);
#497=CIRCLE('',#4683,0.0004);
#498=CIRCLE('',#4685,0.0004);
#499=CIRCLE('',#4687,0.0004);
#500=CIRCLE('',#4689,0.0004);
#501=CIRCLE('',#4691,0.0004);
#502=CIRCLE('',#4702,0.0003);
#503=CIRCLE('',#4703,0.0111116);
#504=CIRCLE('',#4704,0.0111116);
#505=CIRCLE('',#4705,0.0003);
#506=CIRCLE('',#4707,0.0007);
#507=CIRCLE('',#4708,0.0007);
#508=CIRCLE('',#4709,0.0006);
#509=CIRCLE('',#4711,0.001);
#510=CIRCLE('',#4713,0.001);
#511=CIRCLE('',#4715,0.001);
#512=CIRCLE('',#4717,0.0108116);
#513=CIRCLE('',#4720,0.001);
#514=CIRCLE('',#4722,0.0104116);
#515=CIRCLE('',#4723,0.0104116);
#516=CIRCLE('',#4724,0.0104116);
#517=CIRCLE('',#4725,0.0104116);
#518=CIRCLE('',#4727,0.0094116);
#519=CIRCLE('',#4728,0.001);
#520=CIRCLE('',#4730,0.0002);
#521=CIRCLE('',#4731,0.00035);
#522=CIRCLE('',#4732,0.00035);
#523=CIRCLE('',#4734,0.00135);
#524=CIRCLE('',#4735,0.00135);
#525=CIRCLE('',#4736,0.0002);
#526=CIRCLE('',#4738,0.0114116);
#527=CIRCLE('',#4739,0.0114116);
#528=CIRCLE('',#4740,0.0114116);
#529=CIRCLE('',#4741,0.0114116);
#530=CIRCLE('',#4742,0.0114116);
#531=CIRCLE('',#4743,0.0114116);
#532=CIRCLE('',#4761,0.0094116);
#533=CIRCLE('',#4763,0.001);
#534=CIRCLE('',#4767,0.0002);
#535=CIRCLE('',#4768,0.00135);
#536=CIRCLE('',#4769,0.00135);
#537=CIRCLE('',#4771,0.0002);
#538=CIRCLE('',#4772,0.00035);
#539=CIRCLE('',#4773,0.00035);
#540=CIRCLE('',#4775,0.0006);
#541=CIRCLE('',#4786,0.0002);
#542=CIRCLE('',#4788,0.0002);
#543=CIRCLE('',#4796,0.0002);
#544=CIRCLE('',#4797,0.0002);
#545=CIRCLE('',#4798,0.0001);
#546=CIRCLE('',#4799,0.0001);
#547=CIRCLE('',#4801,0.0007);
#548=CIRCLE('',#4802,0.0007);
#549=CIRCLE('',#4804,0.0003);
#550=CIRCLE('',#4806,0.0003);
#551=CIRCLE('',#4807,0.0003);
#552=CIRCLE('',#4811,0.0003);
#553=CIRCLE('',#4813,0.0003);
#554=CIRCLE('',#4815,0.0003);
#555=CIRCLE('',#4817,0.0003);
#556=CIRCLE('',#4819,0.0003);
#557=CIRCLE('',#4821,0.0003);
#558=CIRCLE('',#4823,0.0003);
#559=CIRCLE('',#4826,0.0003);
#560=CIRCLE('',#4828,0.0003);
#561=ORIENTED_EDGE('',*,*,#1899,.T.);
#562=ORIENTED_EDGE('',*,*,#1900,.T.);
#563=ORIENTED_EDGE('',*,*,#1901,.F.);
#564=ORIENTED_EDGE('',*,*,#1902,.T.);
#565=ORIENTED_EDGE('',*,*,#1903,.F.);
#566=ORIENTED_EDGE('',*,*,#1904,.T.);
#567=ORIENTED_EDGE('',*,*,#1905,.F.);
#568=ORIENTED_EDGE('',*,*,#1906,.F.);
#569=ORIENTED_EDGE('',*,*,#1907,.T.);
#570=ORIENTED_EDGE('',*,*,#1908,.T.);
#571=ORIENTED_EDGE('',*,*,#1909,.T.);
#572=ORIENTED_EDGE('',*,*,#1910,.T.);
#573=ORIENTED_EDGE('',*,*,#1911,.F.);
#574=ORIENTED_EDGE('',*,*,#1912,.T.);
#575=ORIENTED_EDGE('',*,*,#1913,.F.);
#576=ORIENTED_EDGE('',*,*,#1914,.T.);
#577=ORIENTED_EDGE('',*,*,#1915,.T.);
#578=ORIENTED_EDGE('',*,*,#1916,.T.);
#579=ORIENTED_EDGE('',*,*,#1917,.T.);
#580=ORIENTED_EDGE('',*,*,#1918,.T.);
#581=ORIENTED_EDGE('',*,*,#1919,.F.);
#582=ORIENTED_EDGE('',*,*,#1920,.T.);
#583=ORIENTED_EDGE('',*,*,#1921,.T.);
#584=ORIENTED_EDGE('',*,*,#1922,.T.);
#585=ORIENTED_EDGE('',*,*,#1923,.T.);
#586=ORIENTED_EDGE('',*,*,#1924,.F.);
#587=ORIENTED_EDGE('',*,*,#1925,.T.);
#588=ORIENTED_EDGE('',*,*,#1926,.T.);
#589=ORIENTED_EDGE('',*,*,#1927,.T.);
#590=ORIENTED_EDGE('',*,*,#1928,.T.);
#591=ORIENTED_EDGE('',*,*,#1929,.T.);
#592=ORIENTED_EDGE('',*,*,#1930,.T.);
#593=ORIENTED_EDGE('',*,*,#1931,.T.);
#594=ORIENTED_EDGE('',*,*,#1932,.T.);
#595=ORIENTED_EDGE('',*,*,#1933,.T.);
#596=ORIENTED_EDGE('',*,*,#1934,.T.);
#597=ORIENTED_EDGE('',*,*,#1935,.F.);
#598=ORIENTED_EDGE('',*,*,#1936,.F.);
#599=ORIENTED_EDGE('',*,*,#1937,.T.);
#600=ORIENTED_EDGE('',*,*,#1938,.T.);
#601=ORIENTED_EDGE('',*,*,#1939,.T.);
#602=ORIENTED_EDGE('',*,*,#1940,.T.);
#603=ORIENTED_EDGE('',*,*,#1941,.T.);
#604=ORIENTED_EDGE('',*,*,#1942,.F.);
#605=ORIENTED_EDGE('',*,*,#1943,.T.);
#606=ORIENTED_EDGE('',*,*,#1944,.T.);
#607=ORIENTED_EDGE('',*,*,#1945,.F.);
#608=ORIENTED_EDGE('',*,*,#1946,.T.);
#609=ORIENTED_EDGE('',*,*,#1947,.F.);
#610=ORIENTED_EDGE('',*,*,#1905,.T.);
#611=ORIENTED_EDGE('',*,*,#1948,.T.);
#612=ORIENTED_EDGE('',*,*,#1949,.T.);
#613=ORIENTED_EDGE('',*,*,#1950,.T.);
#614=ORIENTED_EDGE('',*,*,#1951,.T.);
#615=ORIENTED_EDGE('',*,*,#1952,.T.);
#616=ORIENTED_EDGE('',*,*,#1953,.T.);
#617=ORIENTED_EDGE('',*,*,#1954,.T.);
#618=ORIENTED_EDGE('',*,*,#1955,.T.);
#619=ORIENTED_EDGE('',*,*,#1956,.T.);
#620=ORIENTED_EDGE('',*,*,#1957,.T.);
#621=ORIENTED_EDGE('',*,*,#1958,.T.);
#622=ORIENTED_EDGE('',*,*,#1959,.T.);
#623=ORIENTED_EDGE('',*,*,#1960,.F.);
#624=ORIENTED_EDGE('',*,*,#1961,.F.);
#625=ORIENTED_EDGE('',*,*,#1962,.T.);
#626=ORIENTED_EDGE('',*,*,#1963,.T.);
#627=ORIENTED_EDGE('',*,*,#1964,.F.);
#628=ORIENTED_EDGE('',*,*,#1965,.T.);
#629=ORIENTED_EDGE('',*,*,#1966,.T.);
#630=ORIENTED_EDGE('',*,*,#1967,.T.);
#631=ORIENTED_EDGE('',*,*,#1968,.T.);
#632=ORIENTED_EDGE('',*,*,#1969,.F.);
#633=ORIENTED_EDGE('',*,*,#1970,.T.);
#634=ORIENTED_EDGE('',*,*,#1971,.T.);
#635=ORIENTED_EDGE('',*,*,#1972,.T.);
#636=ORIENTED_EDGE('',*,*,#1973,.T.);
#637=ORIENTED_EDGE('',*,*,#1974,.T.);
#638=ORIENTED_EDGE('',*,*,#1975,.T.);
#639=ORIENTED_EDGE('',*,*,#1976,.T.);
#640=ORIENTED_EDGE('',*,*,#1977,.T.);
#641=ORIENTED_EDGE('',*,*,#1978,.T.);
#642=ORIENTED_EDGE('',*,*,#1972,.F.);
#643=ORIENTED_EDGE('',*,*,#1979,.T.);
#644=ORIENTED_EDGE('',*,*,#1980,.F.);
#645=ORIENTED_EDGE('',*,*,#1981,.F.);
#646=ORIENTED_EDGE('',*,*,#1976,.F.);
#647=ORIENTED_EDGE('',*,*,#1982,.T.);
#648=ORIENTED_EDGE('',*,*,#1983,.F.);
#649=ORIENTED_EDGE('',*,*,#1984,.T.);
#650=ORIENTED_EDGE('',*,*,#1985,.F.);
#651=ORIENTED_EDGE('',*,*,#1942,.T.);
#652=ORIENTED_EDGE('',*,*,#1986,.T.);
#653=ORIENTED_EDGE('',*,*,#1948,.F.);
#654=ORIENTED_EDGE('',*,*,#1987,.F.);
#655=ORIENTED_EDGE('',*,*,#1935,.T.);
#656=ORIENTED_EDGE('',*,*,#1984,.F.);
#657=ORIENTED_EDGE('',*,*,#1951,.F.);
#658=ORIENTED_EDGE('',*,*,#1987,.T.);
#659=ORIENTED_EDGE('',*,*,#1950,.F.);
#660=ORIENTED_EDGE('',*,*,#1988,.T.);
#661=ORIENTED_EDGE('',*,*,#1940,.F.);
#662=ORIENTED_EDGE('',*,*,#1989,.F.);
#663=ORIENTED_EDGE('',*,*,#1990,.T.);
#664=ORIENTED_EDGE('',*,*,#1991,.T.);
#665=ORIENTED_EDGE('',*,*,#1992,.T.);
#666=ORIENTED_EDGE('',*,*,#1993,.T.);
#667=ORIENTED_EDGE('',*,*,#1994,.F.);
#668=ORIENTED_EDGE('',*,*,#1995,.T.);
#669=ORIENTED_EDGE('',*,*,#1996,.T.);
#670=ORIENTED_EDGE('',*,*,#1997,.F.);
#671=ORIENTED_EDGE('',*,*,#1998,.T.);
#672=ORIENTED_EDGE('',*,*,#1999,.T.);
#673=ORIENTED_EDGE('',*,*,#2000,.T.);
#674=ORIENTED_EDGE('',*,*,#2001,.T.);
#675=ORIENTED_EDGE('',*,*,#2002,.T.);
#676=ORIENTED_EDGE('',*,*,#2003,.F.);
#677=ORIENTED_EDGE('',*,*,#2004,.T.);
#678=ORIENTED_EDGE('',*,*,#2005,.T.);
#679=ORIENTED_EDGE('',*,*,#2006,.T.);
#680=ORIENTED_EDGE('',*,*,#2007,.T.);
#681=ORIENTED_EDGE('',*,*,#2008,.F.);
#682=ORIENTED_EDGE('',*,*,#2009,.F.);
#683=ORIENTED_EDGE('',*,*,#2010,.T.);
#684=ORIENTED_EDGE('',*,*,#2011,.T.);
#685=ORIENTED_EDGE('',*,*,#1997,.T.);
#686=ORIENTED_EDGE('',*,*,#2012,.T.);
#687=ORIENTED_EDGE('',*,*,#2013,.F.);
#688=ORIENTED_EDGE('',*,*,#2014,.T.);
#689=ORIENTED_EDGE('',*,*,#2015,.T.);
#690=ORIENTED_EDGE('',*,*,#2016,.T.);
#691=ORIENTED_EDGE('',*,*,#2017,.T.);
#692=ORIENTED_EDGE('',*,*,#2018,.T.);
#693=ORIENTED_EDGE('',*,*,#2019,.T.);
#694=ORIENTED_EDGE('',*,*,#2020,.T.);
#695=ORIENTED_EDGE('',*,*,#2021,.T.);
#696=ORIENTED_EDGE('',*,*,#2022,.T.);
#697=ORIENTED_EDGE('',*,*,#2023,.T.);
#698=ORIENTED_EDGE('',*,*,#2024,.F.);
#699=ORIENTED_EDGE('',*,*,#1994,.T.);
#700=ORIENTED_EDGE('',*,*,#2025,.T.);
#701=ORIENTED_EDGE('',*,*,#2026,.T.);
#702=ORIENTED_EDGE('',*,*,#2027,.T.);
#703=ORIENTED_EDGE('',*,*,#2028,.T.);
#704=ORIENTED_EDGE('',*,*,#1995,.F.);
#705=ORIENTED_EDGE('',*,*,#2024,.T.);
#706=ORIENTED_EDGE('',*,*,#2029,.T.);
#707=ORIENTED_EDGE('',*,*,#2006,.F.);
#708=ORIENTED_EDGE('',*,*,#2030,.F.);
#709=ORIENTED_EDGE('',*,*,#2031,.T.);
#710=ORIENTED_EDGE('',*,*,#2032,.T.);
#711=ORIENTED_EDGE('',*,*,#2033,.T.);
#712=ORIENTED_EDGE('',*,*,#2009,.T.);
#713=ORIENTED_EDGE('',*,*,#2034,.T.);
#714=ORIENTED_EDGE('',*,*,#2035,.F.);
#715=ORIENTED_EDGE('',*,*,#2036,.T.);
#716=ORIENTED_EDGE('',*,*,#2037,.T.);
#717=ORIENTED_EDGE('',*,*,#2038,.F.);
#718=ORIENTED_EDGE('',*,*,#2039,.T.);
#719=ORIENTED_EDGE('',*,*,#2040,.F.);
#720=ORIENTED_EDGE('',*,*,#2041,.T.);
#721=ORIENTED_EDGE('',*,*,#2042,.T.);
#722=ORIENTED_EDGE('',*,*,#2043,.T.);
#723=ORIENTED_EDGE('',*,*,#2044,.T.);
#724=ORIENTED_EDGE('',*,*,#2045,.T.);
#725=ORIENTED_EDGE('',*,*,#2046,.T.);
#726=ORIENTED_EDGE('',*,*,#2047,.F.);
#727=ORIENTED_EDGE('',*,*,#2048,.T.);
#728=ORIENTED_EDGE('',*,*,#2035,.T.);
#729=ORIENTED_EDGE('',*,*,#2049,.T.);
#730=ORIENTED_EDGE('',*,*,#2043,.F.);
#731=ORIENTED_EDGE('',*,*,#2050,.F.);
#732=ORIENTED_EDGE('',*,*,#2051,.T.);
#733=ORIENTED_EDGE('',*,*,#2052,.T.);
#734=ORIENTED_EDGE('',*,*,#2053,.T.);
#735=ORIENTED_EDGE('',*,*,#1999,.F.);
#736=ORIENTED_EDGE('',*,*,#2054,.T.);
#737=ORIENTED_EDGE('',*,*,#2055,.T.);
#738=ORIENTED_EDGE('',*,*,#2056,.T.);
#739=ORIENTED_EDGE('',*,*,#2057,.F.);
#740=ORIENTED_EDGE('',*,*,#2058,.T.);
#741=ORIENTED_EDGE('',*,*,#2059,.F.);
#742=ORIENTED_EDGE('',*,*,#2060,.T.);
#743=ORIENTED_EDGE('',*,*,#2061,.F.);
#744=ORIENTED_EDGE('',*,*,#2062,.T.);
#745=ORIENTED_EDGE('',*,*,#2063,.F.);
#746=ORIENTED_EDGE('',*,*,#2064,.T.);
#747=ORIENTED_EDGE('',*,*,#1990,.F.);
#748=ORIENTED_EDGE('',*,*,#2065,.T.);
#749=ORIENTED_EDGE('',*,*,#2038,.T.);
#750=ORIENTED_EDGE('',*,*,#2066,.T.);
#751=ORIENTED_EDGE('',*,*,#2067,.F.);
#752=ORIENTED_EDGE('',*,*,#2068,.T.);
#753=ORIENTED_EDGE('',*,*,#2069,.F.);
#754=ORIENTED_EDGE('',*,*,#2070,.T.);
#755=ORIENTED_EDGE('',*,*,#2071,.T.);
#756=ORIENTED_EDGE('',*,*,#2072,.T.);
#757=ORIENTED_EDGE('',*,*,#2073,.F.);
#758=ORIENTED_EDGE('',*,*,#2008,.T.);
#759=ORIENTED_EDGE('',*,*,#1980,.T.);
#760=ORIENTED_EDGE('',*,*,#2055,.F.);
#761=ORIENTED_EDGE('',*,*,#2074,.F.);
#762=ORIENTED_EDGE('',*,*,#2075,.T.);
#763=ORIENTED_EDGE('',*,*,#2076,.T.);
#764=ORIENTED_EDGE('',*,*,#2077,.T.);
#765=ORIENTED_EDGE('',*,*,#2067,.T.);
#766=ORIENTED_EDGE('',*,*,#2078,.T.);
#767=ORIENTED_EDGE('',*,*,#2022,.F.);
#768=ORIENTED_EDGE('',*,*,#2079,.T.);
#769=ORIENTED_EDGE('',*,*,#2080,.T.);
#770=ORIENTED_EDGE('',*,*,#2081,.F.);
#771=ORIENTED_EDGE('',*,*,#2082,.T.);
#772=ORIENTED_EDGE('',*,*,#2083,.T.);
#773=ORIENTED_EDGE('',*,*,#2057,.T.);
#774=ORIENTED_EDGE('',*,*,#1983,.T.);
#775=ORIENTED_EDGE('',*,*,#2025,.F.);
#776=ORIENTED_EDGE('',*,*,#1993,.F.);
#777=ORIENTED_EDGE('',*,*,#2084,.T.);
#778=ORIENTED_EDGE('',*,*,#2085,.F.);
#779=ORIENTED_EDGE('',*,*,#2086,.T.);
#780=ORIENTED_EDGE('',*,*,#2087,.T.);
#781=ORIENTED_EDGE('',*,*,#2088,.T.);
#782=ORIENTED_EDGE('',*,*,#2089,.T.);
#783=ORIENTED_EDGE('',*,*,#2090,.T.);
#784=ORIENTED_EDGE('',*,*,#1925,.F.);
#785=ORIENTED_EDGE('',*,*,#2091,.T.);
#786=ORIENTED_EDGE('',*,*,#1960,.T.);
#787=ORIENTED_EDGE('',*,*,#2092,.T.);
#788=ORIENTED_EDGE('',*,*,#2093,.T.);
#789=ORIENTED_EDGE('',*,*,#2094,.T.);
#790=ORIENTED_EDGE('',*,*,#2095,.T.);
#791=ORIENTED_EDGE('',*,*,#1909,.F.);
#792=ORIENTED_EDGE('',*,*,#2096,.T.);
#793=ORIENTED_EDGE('',*,*,#2097,.T.);
#794=ORIENTED_EDGE('',*,*,#2098,.T.);
#795=ORIENTED_EDGE('',*,*,#1907,.F.);
#796=ORIENTED_EDGE('',*,*,#2099,.T.);
#797=ORIENTED_EDGE('',*,*,#2100,.T.);
#798=ORIENTED_EDGE('',*,*,#2101,.T.);
#799=ORIENTED_EDGE('',*,*,#1913,.T.);
#800=ORIENTED_EDGE('',*,*,#2102,.F.);
#801=ORIENTED_EDGE('',*,*,#1921,.F.);
#802=ORIENTED_EDGE('',*,*,#2103,.T.);
#803=ORIENTED_EDGE('',*,*,#1964,.T.);
#804=ORIENTED_EDGE('',*,*,#2104,.F.);
#805=ORIENTED_EDGE('',*,*,#1915,.F.);
#806=ORIENTED_EDGE('',*,*,#2105,.T.);
#807=ORIENTED_EDGE('',*,*,#1969,.T.);
#808=ORIENTED_EDGE('',*,*,#1919,.T.);
#809=ORIENTED_EDGE('',*,*,#2106,.T.);
#810=ORIENTED_EDGE('',*,*,#1971,.F.);
#811=ORIENTED_EDGE('',*,*,#2107,.T.);
#812=ORIENTED_EDGE('',*,*,#2108,.T.);
#813=ORIENTED_EDGE('',*,*,#2109,.T.);
#814=ORIENTED_EDGE('',*,*,#2110,.T.);
#815=ORIENTED_EDGE('',*,*,#1911,.T.);
#816=ORIENTED_EDGE('',*,*,#2101,.F.);
#817=ORIENTED_EDGE('',*,*,#2111,.T.);
#818=ORIENTED_EDGE('',*,*,#2096,.F.);
#819=ORIENTED_EDGE('',*,*,#1914,.F.);
#820=ORIENTED_EDGE('',*,*,#2110,.F.);
#821=ORIENTED_EDGE('',*,*,#2112,.T.);
#822=ORIENTED_EDGE('',*,*,#2099,.F.);
#823=ORIENTED_EDGE('',*,*,#1912,.F.);
#824=ORIENTED_EDGE('',*,*,#2098,.F.);
#825=ORIENTED_EDGE('',*,*,#2113,.T.);
#826=ORIENTED_EDGE('',*,*,#2093,.F.);
#827=ORIENTED_EDGE('',*,*,#1908,.F.);
#828=ORIENTED_EDGE('',*,*,#2095,.F.);
#829=ORIENTED_EDGE('',*,*,#2114,.T.);
#830=ORIENTED_EDGE('',*,*,#2108,.F.);
#831=ORIENTED_EDGE('',*,*,#1910,.F.);
#832=ORIENTED_EDGE('',*,*,#1970,.F.);
#833=ORIENTED_EDGE('',*,*,#2105,.F.);
#834=ORIENTED_EDGE('',*,*,#1920,.F.);
#835=ORIENTED_EDGE('',*,*,#2107,.F.);
#836=ORIENTED_EDGE('',*,*,#1965,.F.);
#837=ORIENTED_EDGE('',*,*,#2103,.F.);
#838=ORIENTED_EDGE('',*,*,#1926,.F.);
#839=ORIENTED_EDGE('',*,*,#2092,.F.);
#840=ORIENTED_EDGE('',*,*,#1963,.F.);
#841=ORIENTED_EDGE('',*,*,#2115,.T.);
#842=ORIENTED_EDGE('',*,*,#1922,.F.);
#843=ORIENTED_EDGE('',*,*,#2102,.T.);
#844=ORIENTED_EDGE('',*,*,#1924,.T.);
#845=ORIENTED_EDGE('',*,*,#2116,.T.);
#846=ORIENTED_EDGE('',*,*,#1961,.T.);
#847=ORIENTED_EDGE('',*,*,#2091,.F.);
#848=ORIENTED_EDGE('',*,*,#1968,.F.);
#849=ORIENTED_EDGE('',*,*,#2117,.T.);
#850=ORIENTED_EDGE('',*,*,#1916,.F.);
#851=ORIENTED_EDGE('',*,*,#2104,.T.);
#852=ORIENTED_EDGE('',*,*,#1918,.F.);
#853=ORIENTED_EDGE('',*,*,#2118,.T.);
#854=ORIENTED_EDGE('',*,*,#1966,.F.);
#855=ORIENTED_EDGE('',*,*,#2106,.F.);
#856=ORIENTED_EDGE('',*,*,#1923,.F.);
#857=ORIENTED_EDGE('',*,*,#2115,.F.);
#858=ORIENTED_EDGE('',*,*,#1962,.F.);
#859=ORIENTED_EDGE('',*,*,#2116,.F.);
#860=ORIENTED_EDGE('',*,*,#1917,.F.);
#861=ORIENTED_EDGE('',*,*,#2117,.F.);
#862=ORIENTED_EDGE('',*,*,#1967,.F.);
#863=ORIENTED_EDGE('',*,*,#2118,.F.);
#864=ORIENTED_EDGE('',*,*,#2119,.F.);
#865=ORIENTED_EDGE('',*,*,#2120,.T.);
#866=ORIENTED_EDGE('',*,*,#1936,.T.);
#867=ORIENTED_EDGE('',*,*,#1989,.T.);
#868=ORIENTED_EDGE('',*,*,#2121,.T.);
#869=ORIENTED_EDGE('',*,*,#1899,.F.);
#870=ORIENTED_EDGE('',*,*,#2122,.F.);
#871=ORIENTED_EDGE('',*,*,#1901,.T.);
#872=ORIENTED_EDGE('',*,*,#2123,.T.);
#873=ORIENTED_EDGE('',*,*,#2124,.F.);
#874=ORIENTED_EDGE('',*,*,#2125,.T.);
#875=ORIENTED_EDGE('',*,*,#2124,.T.);
#876=ORIENTED_EDGE('',*,*,#2126,.T.);
#877=ORIENTED_EDGE('',*,*,#2119,.T.);
#878=ORIENTED_EDGE('',*,*,#2127,.T.);
#879=ORIENTED_EDGE('',*,*,#1947,.T.);
#880=ORIENTED_EDGE('',*,*,#2128,.T.);
#881=ORIENTED_EDGE('',*,*,#2129,.F.);
#882=ORIENTED_EDGE('',*,*,#1906,.T.);
#883=ORIENTED_EDGE('',*,*,#2129,.T.);
#884=ORIENTED_EDGE('',*,*,#2130,.T.);
#885=ORIENTED_EDGE('',*,*,#2131,.F.);
#886=ORIENTED_EDGE('',*,*,#1903,.T.);
#887=ORIENTED_EDGE('',*,*,#1934,.F.);
#888=ORIENTED_EDGE('',*,*,#2132,.T.);
#889=ORIENTED_EDGE('',*,*,#1945,.T.);
#890=ORIENTED_EDGE('',*,*,#1904,.F.);
#891=ORIENTED_EDGE('',*,*,#2131,.T.);
#892=ORIENTED_EDGE('',*,*,#2133,.T.);
#893=ORIENTED_EDGE('',*,*,#1985,.T.);
#894=ORIENTED_EDGE('',*,*,#2122,.T.);
#895=ORIENTED_EDGE('',*,*,#1902,.F.);
#896=ORIENTED_EDGE('',*,*,#2125,.F.);
#897=ORIENTED_EDGE('',*,*,#2127,.F.);
#898=ORIENTED_EDGE('',*,*,#2134,.T.);
#899=ORIENTED_EDGE('',*,*,#2135,.T.);
#900=ORIENTED_EDGE('',*,*,#2136,.T.);
#901=ORIENTED_EDGE('',*,*,#2137,.T.);
#902=ORIENTED_EDGE('',*,*,#2074,.T.);
#903=ORIENTED_EDGE('',*,*,#2138,.T.);
#904=ORIENTED_EDGE('',*,*,#2139,.T.);
#905=ORIENTED_EDGE('',*,*,#2140,.T.);
#906=ORIENTED_EDGE('',*,*,#2069,.T.);
#907=ORIENTED_EDGE('',*,*,#2141,.T.);
#908=ORIENTED_EDGE('',*,*,#2142,.T.);
#909=ORIENTED_EDGE('',*,*,#2143,.T.);
#910=ORIENTED_EDGE('',*,*,#2083,.F.);
#911=ORIENTED_EDGE('',*,*,#2144,.T.);
#912=ORIENTED_EDGE('',*,*,#2145,.T.);
#913=ORIENTED_EDGE('',*,*,#2146,.T.);
#914=ORIENTED_EDGE('',*,*,#2147,.T.);
#915=ORIENTED_EDGE('',*,*,#2081,.T.);
#916=ORIENTED_EDGE('',*,*,#1982,.F.);
#917=ORIENTED_EDGE('',*,*,#1975,.F.);
#918=ORIENTED_EDGE('',*,*,#2148,.F.);
#919=ORIENTED_EDGE('',*,*,#2026,.F.);
#920=ORIENTED_EDGE('',*,*,#2148,.T.);
#921=ORIENTED_EDGE('',*,*,#1974,.F.);
#922=ORIENTED_EDGE('',*,*,#2149,.F.);
#923=ORIENTED_EDGE('',*,*,#2029,.F.);
#924=ORIENTED_EDGE('',*,*,#2149,.T.);
#925=ORIENTED_EDGE('',*,*,#1973,.F.);
#926=ORIENTED_EDGE('',*,*,#1978,.F.);
#927=ORIENTED_EDGE('',*,*,#2007,.F.);
#928=ORIENTED_EDGE('',*,*,#1981,.T.);
#929=ORIENTED_EDGE('',*,*,#2056,.F.);
#930=ORIENTED_EDGE('',*,*,#1979,.F.);
#931=ORIENTED_EDGE('',*,*,#1977,.F.);
#932=ORIENTED_EDGE('',*,*,#2150,.T.);
#933=ORIENTED_EDGE('',*,*,#2151,.T.);
#934=ORIENTED_EDGE('',*,*,#2152,.T.);
#935=ORIENTED_EDGE('',*,*,#2153,.T.);
#936=ORIENTED_EDGE('',*,*,#2154,.T.);
#937=ORIENTED_EDGE('',*,*,#2155,.T.);
#938=ORIENTED_EDGE('',*,*,#2156,.T.);
#939=ORIENTED_EDGE('',*,*,#2071,.F.);
#940=ORIENTED_EDGE('',*,*,#2157,.T.);
#941=ORIENTED_EDGE('',*,*,#2158,.T.);
#942=ORIENTED_EDGE('',*,*,#2159,.T.);
#943=ORIENTED_EDGE('',*,*,#2160,.T.);
#944=ORIENTED_EDGE('',*,*,#2161,.T.);
#945=ORIENTED_EDGE('',*,*,#2085,.T.);
#946=ORIENTED_EDGE('',*,*,#2162,.T.);
#947=ORIENTED_EDGE('',*,*,#2163,.T.);
#948=ORIENTED_EDGE('',*,*,#2164,.T.);
#949=ORIENTED_EDGE('',*,*,#2165,.T.);
#950=ORIENTED_EDGE('',*,*,#2166,.T.);
#951=ORIENTED_EDGE('',*,*,#2167,.T.);
#952=ORIENTED_EDGE('',*,*,#2168,.T.);
#953=ORIENTED_EDGE('',*,*,#2169,.T.);
#954=ORIENTED_EDGE('',*,*,#2170,.F.);
#955=ORIENTED_EDGE('',*,*,#2034,.F.);
#956=ORIENTED_EDGE('',*,*,#2171,.F.);
#957=ORIENTED_EDGE('',*,*,#1931,.F.);
#958=ORIENTED_EDGE('',*,*,#2171,.T.);
#959=ORIENTED_EDGE('',*,*,#2023,.F.);
#960=ORIENTED_EDGE('',*,*,#2172,.F.);
#961=ORIENTED_EDGE('',*,*,#1932,.F.);
#962=ORIENTED_EDGE('',*,*,#2170,.T.);
#963=ORIENTED_EDGE('',*,*,#1930,.F.);
#964=ORIENTED_EDGE('',*,*,#2173,.F.);
#965=ORIENTED_EDGE('',*,*,#2049,.F.);
#966=ORIENTED_EDGE('',*,*,#2172,.T.);
#967=ORIENTED_EDGE('',*,*,#2078,.F.);
#968=ORIENTED_EDGE('',*,*,#2174,.F.);
#969=ORIENTED_EDGE('',*,*,#1927,.F.);
#970=ORIENTED_EDGE('',*,*,#2173,.T.);
#971=ORIENTED_EDGE('',*,*,#1929,.F.);
#972=ORIENTED_EDGE('',*,*,#2175,.F.);
#973=ORIENTED_EDGE('',*,*,#2044,.F.);
#974=ORIENTED_EDGE('',*,*,#2174,.T.);
#975=ORIENTED_EDGE('',*,*,#2066,.F.);
#976=ORIENTED_EDGE('',*,*,#2175,.T.);
#977=ORIENTED_EDGE('',*,*,#1928,.F.);
#978=ORIENTED_EDGE('',*,*,#2176,.T.);
#979=ORIENTED_EDGE('',*,*,#2177,.T.);
#980=ORIENTED_EDGE('',*,*,#2047,.T.);
#981=ORIENTED_EDGE('',*,*,#2178,.T.);
#982=ORIENTED_EDGE('',*,*,#2001,.F.);
#983=ORIENTED_EDGE('',*,*,#2073,.T.);
#984=ORIENTED_EDGE('',*,*,#2059,.T.);
#985=ORIENTED_EDGE('',*,*,#2179,.T.);
#986=ORIENTED_EDGE('',*,*,#2019,.F.);
#987=ORIENTED_EDGE('',*,*,#2180,.T.);
#988=ORIENTED_EDGE('',*,*,#2013,.T.);
#989=ORIENTED_EDGE('',*,*,#2181,.T.);
#990=ORIENTED_EDGE('',*,*,#2052,.F.);
#991=ORIENTED_EDGE('',*,*,#2182,.T.);
#992=ORIENTED_EDGE('',*,*,#2017,.F.);
#993=ORIENTED_EDGE('',*,*,#2183,.T.);
#994=ORIENTED_EDGE('',*,*,#2061,.T.);
#995=ORIENTED_EDGE('',*,*,#2184,.T.);
#996=ORIENTED_EDGE('',*,*,#2015,.F.);
#997=ORIENTED_EDGE('',*,*,#2185,.T.);
#998=ORIENTED_EDGE('',*,*,#2063,.T.);
#999=ORIENTED_EDGE('',*,*,#2186,.T.);
#1000=ORIENTED_EDGE('',*,*,#2045,.F.);
#1001=ORIENTED_EDGE('',*,*,#2187,.T.);
#1002=ORIENTED_EDGE('',*,*,#2003,.T.);
#1003=ORIENTED_EDGE('',*,*,#2188,.T.);
#1004=ORIENTED_EDGE('',*,*,#2040,.T.);
#1005=ORIENTED_EDGE('',*,*,#2189,.T.);
#1006=ORIENTED_EDGE('',*,*,#2027,.F.);
#1007=ORIENTED_EDGE('',*,*,#2190,.T.);
#1008=ORIENTED_EDGE('',*,*,#2042,.F.);
#1009=ORIENTED_EDGE('',*,*,#2191,.T.);
#1010=ORIENTED_EDGE('',*,*,#2030,.T.);
#1011=ORIENTED_EDGE('',*,*,#2005,.F.);
#1012=ORIENTED_EDGE('',*,*,#2192,.T.);
#1013=ORIENTED_EDGE('',*,*,#2050,.T.);
#1014=ORIENTED_EDGE('',*,*,#2140,.F.);
#1015=ORIENTED_EDGE('',*,*,#2193,.T.);
#1016=ORIENTED_EDGE('',*,*,#2157,.F.);
#1017=ORIENTED_EDGE('',*,*,#2070,.F.);
#1018=ORIENTED_EDGE('',*,*,#2137,.F.);
#1019=ORIENTED_EDGE('',*,*,#2194,.T.);
#1020=ORIENTED_EDGE('',*,*,#2138,.F.);
#1021=ORIENTED_EDGE('',*,*,#2075,.F.);
#1022=ORIENTED_EDGE('',*,*,#2147,.F.);
#1023=ORIENTED_EDGE('',*,*,#2195,.T.);
#1024=ORIENTED_EDGE('',*,*,#2144,.F.);
#1025=ORIENTED_EDGE('',*,*,#2082,.F.);
#1026=ORIENTED_EDGE('',*,*,#2161,.F.);
#1027=ORIENTED_EDGE('',*,*,#2196,.T.);
#1028=ORIENTED_EDGE('',*,*,#2145,.F.);
#1029=ORIENTED_EDGE('',*,*,#2086,.F.);
#1030=ORIENTED_EDGE('',*,*,#2143,.F.);
#1031=ORIENTED_EDGE('',*,*,#2197,.T.);
#1032=ORIENTED_EDGE('',*,*,#2020,.F.);
#1033=ORIENTED_EDGE('',*,*,#2179,.F.);
#1034=ORIENTED_EDGE('',*,*,#2058,.F.);
#1035=ORIENTED_EDGE('',*,*,#1992,.F.);
#1036=ORIENTED_EDGE('',*,*,#2198,.T.);
#1037=ORIENTED_EDGE('',*,*,#2199,.T.);
#1038=ORIENTED_EDGE('',*,*,#2158,.F.);
#1039=ORIENTED_EDGE('',*,*,#2084,.F.);
#1040=ORIENTED_EDGE('',*,*,#2028,.F.);
#1041=ORIENTED_EDGE('',*,*,#2189,.F.);
#1042=ORIENTED_EDGE('',*,*,#2039,.F.);
#1043=ORIENTED_EDGE('',*,*,#2065,.F.);
#1044=ORIENTED_EDGE('',*,*,#1996,.F.);
#1045=ORIENTED_EDGE('',*,*,#2031,.F.);
#1046=ORIENTED_EDGE('',*,*,#2191,.F.);
#1047=ORIENTED_EDGE('',*,*,#2041,.F.);
#1048=ORIENTED_EDGE('',*,*,#2190,.F.);
#1049=ORIENTED_EDGE('',*,*,#2004,.F.);
#1050=ORIENTED_EDGE('',*,*,#2187,.F.);
#1051=ORIENTED_EDGE('',*,*,#2051,.F.);
#1052=ORIENTED_EDGE('',*,*,#2192,.F.);
#1053=ORIENTED_EDGE('',*,*,#2002,.F.);
#1054=ORIENTED_EDGE('',*,*,#2178,.F.);
#1055=ORIENTED_EDGE('',*,*,#2046,.F.);
#1056=ORIENTED_EDGE('',*,*,#2188,.F.);
#1057=ORIENTED_EDGE('',*,*,#2200,.T.);
#1058=ORIENTED_EDGE('',*,*,#2201,.T.);
#1059=ORIENTED_EDGE('',*,*,#2176,.F.);
#1060=ORIENTED_EDGE('',*,*,#2072,.F.);
#1061=ORIENTED_EDGE('',*,*,#2156,.F.);
#1062=ORIENTED_EDGE('',*,*,#2011,.F.);
#1063=ORIENTED_EDGE('',*,*,#2202,.T.);
#1064=ORIENTED_EDGE('',*,*,#2134,.F.);
#1065=ORIENTED_EDGE('',*,*,#2054,.F.);
#1066=ORIENTED_EDGE('',*,*,#1998,.F.);
#1067=ORIENTED_EDGE('',*,*,#2053,.F.);
#1068=ORIENTED_EDGE('',*,*,#2181,.F.);
#1069=ORIENTED_EDGE('',*,*,#2012,.F.);
#1070=ORIENTED_EDGE('',*,*,#2000,.F.);
#1071=ORIENTED_EDGE('',*,*,#2064,.F.);
#1072=ORIENTED_EDGE('',*,*,#2185,.F.);
#1073=ORIENTED_EDGE('',*,*,#2014,.F.);
#1074=ORIENTED_EDGE('',*,*,#2182,.F.);
#1075=ORIENTED_EDGE('',*,*,#2062,.F.);
#1076=ORIENTED_EDGE('',*,*,#2183,.F.);
#1077=ORIENTED_EDGE('',*,*,#2016,.F.);
#1078=ORIENTED_EDGE('',*,*,#2186,.F.);
#1079=ORIENTED_EDGE('',*,*,#2060,.F.);
#1080=ORIENTED_EDGE('',*,*,#2180,.F.);
#1081=ORIENTED_EDGE('',*,*,#2018,.F.);
#1082=ORIENTED_EDGE('',*,*,#2184,.F.);
#1083=ORIENTED_EDGE('',*,*,#2136,.F.);
#1084=ORIENTED_EDGE('',*,*,#2203,.T.);
#1085=ORIENTED_EDGE('',*,*,#2204,.T.);
#1086=ORIENTED_EDGE('',*,*,#2150,.F.);
#1087=ORIENTED_EDGE('',*,*,#2205,.F.);
#1088=ORIENTED_EDGE('',*,*,#2194,.F.);
#1089=ORIENTED_EDGE('',*,*,#2205,.T.);
#1090=ORIENTED_EDGE('',*,*,#2206,.F.);
#1091=ORIENTED_EDGE('',*,*,#2207,.F.);
#1092=ORIENTED_EDGE('',*,*,#2139,.F.);
#1093=ORIENTED_EDGE('',*,*,#2206,.T.);
#1094=ORIENTED_EDGE('',*,*,#2153,.F.);
#1095=ORIENTED_EDGE('',*,*,#2193,.F.);
#1096=ORIENTED_EDGE('',*,*,#2207,.T.);
#1097=ORIENTED_EDGE('',*,*,#2208,.F.);
#1098=ORIENTED_EDGE('',*,*,#2209,.T.);
#1099=ORIENTED_EDGE('',*,*,#2210,.T.);
#1100=ORIENTED_EDGE('',*,*,#2154,.F.);
#1101=ORIENTED_EDGE('',*,*,#2208,.T.);
#1102=ORIENTED_EDGE('',*,*,#2152,.F.);
#1103=ORIENTED_EDGE('',*,*,#2160,.F.);
#1104=ORIENTED_EDGE('',*,*,#2211,.T.);
#1105=ORIENTED_EDGE('',*,*,#2212,.T.);
#1106=ORIENTED_EDGE('',*,*,#2087,.F.);
#1107=ORIENTED_EDGE('',*,*,#2213,.F.);
#1108=ORIENTED_EDGE('',*,*,#2196,.F.);
#1109=ORIENTED_EDGE('',*,*,#2213,.T.);
#1110=ORIENTED_EDGE('',*,*,#2214,.F.);
#1111=ORIENTED_EDGE('',*,*,#2215,.F.);
#1112=ORIENTED_EDGE('',*,*,#2146,.F.);
#1113=ORIENTED_EDGE('',*,*,#2214,.T.);
#1114=ORIENTED_EDGE('',*,*,#2090,.F.);
#1115=ORIENTED_EDGE('',*,*,#2195,.F.);
#1116=ORIENTED_EDGE('',*,*,#2215,.T.);
#1117=ORIENTED_EDGE('',*,*,#2216,.F.);
#1118=ORIENTED_EDGE('',*,*,#2217,.T.);
#1119=ORIENTED_EDGE('',*,*,#2218,.T.);
#1120=ORIENTED_EDGE('',*,*,#2141,.F.);
#1121=ORIENTED_EDGE('',*,*,#2216,.T.);
#1122=ORIENTED_EDGE('',*,*,#2089,.F.);
#1123=ORIENTED_EDGE('',*,*,#2219,.T.);
#1124=ORIENTED_EDGE('',*,*,#2220,.T.);
#1125=ORIENTED_EDGE('',*,*,#2080,.F.);
#1126=ORIENTED_EDGE('',*,*,#2221,.T.);
#1127=ORIENTED_EDGE('',*,*,#2222,.T.);
#1128=ORIENTED_EDGE('',*,*,#2223,.T.);
#1129=ORIENTED_EDGE('',*,*,#2164,.F.);
#1130=ORIENTED_EDGE('',*,*,#2224,.T.);
#1131=ORIENTED_EDGE('',*,*,#2225,.T.);
#1132=ORIENTED_EDGE('',*,*,#2226,.T.);
#1133=ORIENTED_EDGE('',*,*,#2032,.F.);
#1134=ORIENTED_EDGE('',*,*,#2227,.T.);
#1135=ORIENTED_EDGE('',*,*,#2228,.T.);
#1136=ORIENTED_EDGE('',*,*,#2229,.T.);
#1137=ORIENTED_EDGE('',*,*,#2168,.F.);
#1138=ORIENTED_EDGE('',*,*,#2230,.T.);
#1139=ORIENTED_EDGE('',*,*,#2048,.F.);
#1140=ORIENTED_EDGE('',*,*,#2177,.F.);
#1141=ORIENTED_EDGE('',*,*,#2231,.F.);
#1142=ORIENTED_EDGE('',*,*,#2036,.F.);
#1143=ORIENTED_EDGE('',*,*,#2231,.T.);
#1144=ORIENTED_EDGE('',*,*,#2201,.F.);
#1145=ORIENTED_EDGE('',*,*,#2232,.F.);
#1146=ORIENTED_EDGE('',*,*,#2037,.F.);
#1147=ORIENTED_EDGE('',*,*,#2232,.T.);
#1148=ORIENTED_EDGE('',*,*,#2200,.F.);
#1149=ORIENTED_EDGE('',*,*,#2233,.F.);
#1150=ORIENTED_EDGE('',*,*,#2227,.F.);
#1151=ORIENTED_EDGE('',*,*,#2233,.T.);
#1152=ORIENTED_EDGE('',*,*,#2155,.F.);
#1153=ORIENTED_EDGE('',*,*,#2234,.F.);
#1154=ORIENTED_EDGE('',*,*,#2228,.F.);
#1155=ORIENTED_EDGE('',*,*,#2234,.T.);
#1156=ORIENTED_EDGE('',*,*,#2210,.F.);
#1157=ORIENTED_EDGE('',*,*,#2235,.F.);
#1158=ORIENTED_EDGE('',*,*,#2229,.F.);
#1159=ORIENTED_EDGE('',*,*,#2235,.T.);
#1160=ORIENTED_EDGE('',*,*,#2209,.F.);
#1161=ORIENTED_EDGE('',*,*,#2236,.F.);
#1162=ORIENTED_EDGE('',*,*,#2169,.F.);
#1163=ORIENTED_EDGE('',*,*,#2236,.T.);
#1164=ORIENTED_EDGE('',*,*,#2151,.F.);
#1165=ORIENTED_EDGE('',*,*,#2237,.F.);
#1166=ORIENTED_EDGE('',*,*,#2166,.F.);
#1167=ORIENTED_EDGE('',*,*,#2237,.T.);
#1168=ORIENTED_EDGE('',*,*,#2204,.F.);
#1169=ORIENTED_EDGE('',*,*,#2238,.F.);
#1170=ORIENTED_EDGE('',*,*,#2167,.F.);
#1171=ORIENTED_EDGE('',*,*,#2238,.T.);
#1172=ORIENTED_EDGE('',*,*,#2203,.F.);
#1173=ORIENTED_EDGE('',*,*,#2239,.F.);
#1174=ORIENTED_EDGE('',*,*,#2230,.F.);
#1175=ORIENTED_EDGE('',*,*,#2239,.T.);
#1176=ORIENTED_EDGE('',*,*,#2135,.F.);
#1177=ORIENTED_EDGE('',*,*,#2240,.F.);
#1178=ORIENTED_EDGE('',*,*,#2225,.F.);
#1179=ORIENTED_EDGE('',*,*,#2033,.F.);
#1180=ORIENTED_EDGE('',*,*,#2226,.F.);
#1181=ORIENTED_EDGE('',*,*,#2240,.T.);
#1182=ORIENTED_EDGE('',*,*,#2202,.F.);
#1183=ORIENTED_EDGE('',*,*,#2010,.F.);
#1184=ORIENTED_EDGE('',*,*,#2021,.F.);
#1185=ORIENTED_EDGE('',*,*,#2197,.F.);
#1186=ORIENTED_EDGE('',*,*,#2241,.F.);
#1187=ORIENTED_EDGE('',*,*,#2221,.F.);
#1188=ORIENTED_EDGE('',*,*,#2079,.F.);
#1189=ORIENTED_EDGE('',*,*,#2241,.T.);
#1190=ORIENTED_EDGE('',*,*,#2142,.F.);
#1191=ORIENTED_EDGE('',*,*,#2242,.F.);
#1192=ORIENTED_EDGE('',*,*,#2222,.F.);
#1193=ORIENTED_EDGE('',*,*,#2242,.T.);
#1194=ORIENTED_EDGE('',*,*,#2218,.F.);
#1195=ORIENTED_EDGE('',*,*,#2243,.F.);
#1196=ORIENTED_EDGE('',*,*,#2223,.F.);
#1197=ORIENTED_EDGE('',*,*,#2243,.T.);
#1198=ORIENTED_EDGE('',*,*,#2217,.F.);
#1199=ORIENTED_EDGE('',*,*,#2244,.F.);
#1200=ORIENTED_EDGE('',*,*,#2165,.F.);
#1201=ORIENTED_EDGE('',*,*,#2244,.T.);
#1202=ORIENTED_EDGE('',*,*,#2088,.F.);
#1203=ORIENTED_EDGE('',*,*,#2245,.F.);
#1204=ORIENTED_EDGE('',*,*,#2162,.F.);
#1205=ORIENTED_EDGE('',*,*,#2245,.T.);
#1206=ORIENTED_EDGE('',*,*,#2212,.F.);
#1207=ORIENTED_EDGE('',*,*,#2246,.F.);
#1208=ORIENTED_EDGE('',*,*,#2163,.F.);
#1209=ORIENTED_EDGE('',*,*,#2246,.T.);
#1210=ORIENTED_EDGE('',*,*,#2211,.F.);
#1211=ORIENTED_EDGE('',*,*,#2247,.F.);
#1212=ORIENTED_EDGE('',*,*,#2224,.F.);
#1213=ORIENTED_EDGE('',*,*,#2247,.T.);
#1214=ORIENTED_EDGE('',*,*,#2159,.F.);
#1215=ORIENTED_EDGE('',*,*,#2248,.F.);
#1216=ORIENTED_EDGE('',*,*,#2219,.F.);
#1217=ORIENTED_EDGE('',*,*,#2248,.T.);
#1218=ORIENTED_EDGE('',*,*,#2199,.F.);
#1219=ORIENTED_EDGE('',*,*,#2249,.F.);
#1220=ORIENTED_EDGE('',*,*,#2220,.F.);
#1221=ORIENTED_EDGE('',*,*,#2249,.T.);
#1222=ORIENTED_EDGE('',*,*,#2198,.F.);
#1223=ORIENTED_EDGE('',*,*,#2250,.F.);
#1224=ORIENTED_EDGE('',*,*,#2076,.F.);
#1225=ORIENTED_EDGE('',*,*,#2250,.T.);
#1226=ORIENTED_EDGE('',*,*,#1991,.F.);
#1227=ORIENTED_EDGE('',*,*,#2068,.F.);
#1228=ORIENTED_EDGE('',*,*,#2077,.F.);
#1229=ORIENTED_EDGE('',*,*,#2251,.F.);
#1230=ORIENTED_EDGE('',*,*,#1957,.F.);
#1231=ORIENTED_EDGE('',*,*,#2252,.F.);
#1232=ORIENTED_EDGE('',*,*,#2100,.F.);
#1233=ORIENTED_EDGE('',*,*,#2252,.T.);
#1234=ORIENTED_EDGE('',*,*,#1956,.F.);
#1235=ORIENTED_EDGE('',*,*,#2253,.F.);
#1236=ORIENTED_EDGE('',*,*,#2111,.F.);
#1237=ORIENTED_EDGE('',*,*,#2251,.T.);
#1238=ORIENTED_EDGE('',*,*,#2112,.F.);
#1239=ORIENTED_EDGE('',*,*,#2254,.F.);
#1240=ORIENTED_EDGE('',*,*,#1958,.F.);
#1241=ORIENTED_EDGE('',*,*,#2253,.T.);
#1242=ORIENTED_EDGE('',*,*,#1955,.F.);
#1243=ORIENTED_EDGE('',*,*,#2255,.F.);
#1244=ORIENTED_EDGE('',*,*,#2097,.F.);
#1245=ORIENTED_EDGE('',*,*,#2254,.T.);
#1246=ORIENTED_EDGE('',*,*,#2109,.F.);
#1247=ORIENTED_EDGE('',*,*,#2256,.F.);
#1248=ORIENTED_EDGE('',*,*,#1959,.F.);
#1249=ORIENTED_EDGE('',*,*,#2255,.T.);
#1250=ORIENTED_EDGE('',*,*,#1954,.F.);
#1251=ORIENTED_EDGE('',*,*,#2257,.F.);
#1252=ORIENTED_EDGE('',*,*,#2113,.F.);
#1253=ORIENTED_EDGE('',*,*,#2256,.T.);
#1254=ORIENTED_EDGE('',*,*,#2114,.F.);
#1255=ORIENTED_EDGE('',*,*,#2258,.F.);
#1256=ORIENTED_EDGE('',*,*,#1952,.F.);
#1257=ORIENTED_EDGE('',*,*,#2257,.T.);
#1258=ORIENTED_EDGE('',*,*,#1953,.F.);
#1259=ORIENTED_EDGE('',*,*,#2258,.T.);
#1260=ORIENTED_EDGE('',*,*,#2094,.F.);
#1261=ORIENTED_EDGE('',*,*,#1988,.F.);
#1262=ORIENTED_EDGE('',*,*,#1949,.F.);
#1263=ORIENTED_EDGE('',*,*,#1986,.F.);
#1264=ORIENTED_EDGE('',*,*,#1941,.F.);
#1265=ORIENTED_EDGE('',*,*,#2133,.F.);
#1266=ORIENTED_EDGE('',*,*,#2130,.F.);
#1267=ORIENTED_EDGE('',*,*,#2259,.F.);
#1268=ORIENTED_EDGE('',*,*,#1943,.F.);
#1269=ORIENTED_EDGE('',*,*,#2259,.T.);
#1270=ORIENTED_EDGE('',*,*,#2128,.F.);
#1271=ORIENTED_EDGE('',*,*,#2260,.F.);
#1272=ORIENTED_EDGE('',*,*,#1944,.F.);
#1273=ORIENTED_EDGE('',*,*,#2260,.T.);
#1274=ORIENTED_EDGE('',*,*,#1946,.F.);
#1275=ORIENTED_EDGE('',*,*,#2132,.F.);
#1276=ORIENTED_EDGE('',*,*,#1933,.F.);
#1277=ORIENTED_EDGE('',*,*,#2120,.F.);
#1278=ORIENTED_EDGE('',*,*,#2126,.F.);
#1279=ORIENTED_EDGE('',*,*,#2261,.F.);
#1280=ORIENTED_EDGE('',*,*,#1937,.F.);
#1281=ORIENTED_EDGE('',*,*,#2261,.T.);
#1282=ORIENTED_EDGE('',*,*,#2123,.F.);
#1283=ORIENTED_EDGE('',*,*,#2262,.F.);
#1284=ORIENTED_EDGE('',*,*,#1938,.F.);
#1285=ORIENTED_EDGE('',*,*,#2262,.T.);
#1286=ORIENTED_EDGE('',*,*,#1900,.F.);
#1287=ORIENTED_EDGE('',*,*,#2121,.F.);
#1288=ORIENTED_EDGE('',*,*,#1939,.F.);
#1289=ORIENTED_EDGE('',*,*,#2263,.F.);
#1290=ORIENTED_EDGE('',*,*,#2264,.T.);
#1291=ORIENTED_EDGE('',*,*,#2265,.T.);
#1292=ORIENTED_EDGE('',*,*,#2266,.T.);
#1293=ORIENTED_EDGE('',*,*,#2267,.T.);
#1294=ORIENTED_EDGE('',*,*,#2268,.T.);
#1295=ORIENTED_EDGE('',*,*,#2269,.T.);
#1296=ORIENTED_EDGE('',*,*,#2270,.T.);
#1297=ORIENTED_EDGE('',*,*,#2271,.T.);
#1298=ORIENTED_EDGE('',*,*,#2272,.T.);
#1299=ORIENTED_EDGE('',*,*,#2273,.T.);
#1300=ORIENTED_EDGE('',*,*,#2274,.T.);
#1301=ORIENTED_EDGE('',*,*,#2263,.T.);
#1302=ORIENTED_EDGE('',*,*,#2275,.T.);
#1303=ORIENTED_EDGE('',*,*,#2276,.T.);
#1304=ORIENTED_EDGE('',*,*,#2277,.T.);
#1305=ORIENTED_EDGE('',*,*,#2278,.T.);
#1306=ORIENTED_EDGE('',*,*,#2279,.T.);
#1307=ORIENTED_EDGE('',*,*,#2280,.F.);
#1308=ORIENTED_EDGE('',*,*,#2281,.T.);
#1309=ORIENTED_EDGE('',*,*,#2282,.F.);
#1310=ORIENTED_EDGE('',*,*,#2283,.T.);
#1311=ORIENTED_EDGE('',*,*,#2284,.F.);
#1312=ORIENTED_EDGE('',*,*,#2285,.T.);
#1313=ORIENTED_EDGE('',*,*,#2286,.T.);
#1314=ORIENTED_EDGE('',*,*,#2287,.F.);
#1315=ORIENTED_EDGE('',*,*,#2288,.T.);
#1316=ORIENTED_EDGE('',*,*,#2289,.F.);
#1317=ORIENTED_EDGE('',*,*,#2290,.F.);
#1318=ORIENTED_EDGE('',*,*,#2282,.T.);
#1319=ORIENTED_EDGE('',*,*,#2291,.T.);
#1320=ORIENTED_EDGE('',*,*,#2292,.F.);
#1321=ORIENTED_EDGE('',*,*,#2293,.T.);
#1322=ORIENTED_EDGE('',*,*,#2292,.T.);
#1323=ORIENTED_EDGE('',*,*,#2294,.T.);
#1324=ORIENTED_EDGE('',*,*,#2284,.T.);
#1325=ORIENTED_EDGE('',*,*,#2295,.T.);
#1326=ORIENTED_EDGE('',*,*,#2296,.T.);
#1327=ORIENTED_EDGE('',*,*,#2297,.T.);
#1328=ORIENTED_EDGE('',*,*,#2287,.T.);
#1329=ORIENTED_EDGE('',*,*,#2298,.T.);
#1330=ORIENTED_EDGE('',*,*,#2299,.T.);
#1331=ORIENTED_EDGE('',*,*,#2300,.T.);
#1332=ORIENTED_EDGE('',*,*,#2301,.F.);
#1333=ORIENTED_EDGE('',*,*,#2302,.T.);
#1334=ORIENTED_EDGE('',*,*,#2296,.F.);
#1335=ORIENTED_EDGE('',*,*,#2303,.F.);
#1336=ORIENTED_EDGE('',*,*,#2304,.F.);
#1337=ORIENTED_EDGE('',*,*,#2305,.T.);
#1338=ORIENTED_EDGE('',*,*,#2306,.F.);
#1339=ORIENTED_EDGE('',*,*,#2307,.T.);
#1340=ORIENTED_EDGE('',*,*,#2308,.T.);
#1341=ORIENTED_EDGE('',*,*,#2309,.T.);
#1342=ORIENTED_EDGE('',*,*,#2310,.F.);
#1343=ORIENTED_EDGE('',*,*,#2311,.T.);
#1344=ORIENTED_EDGE('',*,*,#2312,.F.);
#1345=ORIENTED_EDGE('',*,*,#2313,.T.);
#1346=ORIENTED_EDGE('',*,*,#2314,.T.);
#1347=ORIENTED_EDGE('',*,*,#2315,.T.);
#1348=ORIENTED_EDGE('',*,*,#2316,.F.);
#1349=ORIENTED_EDGE('',*,*,#2317,.T.);
#1350=ORIENTED_EDGE('',*,*,#2318,.F.);
#1351=ORIENTED_EDGE('',*,*,#2319,.T.);
#1352=ORIENTED_EDGE('',*,*,#2320,.T.);
#1353=ORIENTED_EDGE('',*,*,#2321,.T.);
#1354=ORIENTED_EDGE('',*,*,#2319,.F.);
#1355=ORIENTED_EDGE('',*,*,#2322,.T.);
#1356=ORIENTED_EDGE('',*,*,#2323,.F.);
#1357=ORIENTED_EDGE('',*,*,#2324,.T.);
#1358=ORIENTED_EDGE('',*,*,#2325,.F.);
#1359=ORIENTED_EDGE('',*,*,#2326,.T.);
#1360=ORIENTED_EDGE('',*,*,#2327,.T.);
#1361=ORIENTED_EDGE('',*,*,#2301,.T.);
#1362=ORIENTED_EDGE('',*,*,#2328,.T.);
#1363=ORIENTED_EDGE('',*,*,#2329,.T.);
#1364=ORIENTED_EDGE('',*,*,#2330,.T.);
#1365=ORIENTED_EDGE('',*,*,#2331,.F.);
#1366=ORIENTED_EDGE('',*,*,#2332,.T.);
#1367=ORIENTED_EDGE('',*,*,#2333,.T.);
#1368=ORIENTED_EDGE('',*,*,#2334,.T.);
#1369=ORIENTED_EDGE('',*,*,#2335,.T.);
#1370=ORIENTED_EDGE('',*,*,#2336,.T.);
#1371=ORIENTED_EDGE('',*,*,#2337,.T.);
#1372=ORIENTED_EDGE('',*,*,#2338,.T.);
#1373=ORIENTED_EDGE('',*,*,#2339,.T.);
#1374=ORIENTED_EDGE('',*,*,#2340,.T.);
#1375=ORIENTED_EDGE('',*,*,#2341,.F.);
#1376=ORIENTED_EDGE('',*,*,#2342,.T.);
#1377=ORIENTED_EDGE('',*,*,#2343,.T.);
#1378=ORIENTED_EDGE('',*,*,#2344,.F.);
#1379=ORIENTED_EDGE('',*,*,#2289,.T.);
#1380=ORIENTED_EDGE('',*,*,#2345,.F.);
#1381=ORIENTED_EDGE('',*,*,#2346,.F.);
#1382=ORIENTED_EDGE('',*,*,#2347,.T.);
#1383=ORIENTED_EDGE('',*,*,#2344,.T.);
#1384=ORIENTED_EDGE('',*,*,#2348,.T.);
#1385=ORIENTED_EDGE('',*,*,#2349,.T.);
#1386=ORIENTED_EDGE('',*,*,#2350,.T.);
#1387=ORIENTED_EDGE('',*,*,#2351,.F.);
#1388=ORIENTED_EDGE('',*,*,#2352,.T.);
#1389=ORIENTED_EDGE('',*,*,#2346,.T.);
#1390=ORIENTED_EDGE('',*,*,#2353,.T.);
#1391=ORIENTED_EDGE('',*,*,#2354,.T.);
#1392=ORIENTED_EDGE('',*,*,#2355,.F.);
#1393=ORIENTED_EDGE('',*,*,#2356,.T.);
#1394=ORIENTED_EDGE('',*,*,#2357,.T.);
#1395=ORIENTED_EDGE('',*,*,#2358,.T.);
#1396=ORIENTED_EDGE('',*,*,#2359,.F.);
#1397=ORIENTED_EDGE('',*,*,#2328,.F.);
#1398=ORIENTED_EDGE('',*,*,#2360,.T.);
#1399=ORIENTED_EDGE('',*,*,#2351,.T.);
#1400=ORIENTED_EDGE('',*,*,#2361,.T.);
#1401=ORIENTED_EDGE('',*,*,#2337,.F.);
#1402=ORIENTED_EDGE('',*,*,#2362,.T.);
#1403=ORIENTED_EDGE('',*,*,#2363,.T.);
#1404=ORIENTED_EDGE('',*,*,#2280,.T.);
#1405=ORIENTED_EDGE('',*,*,#2364,.T.);
#1406=ORIENTED_EDGE('',*,*,#2365,.T.);
#1407=ORIENTED_EDGE('',*,*,#2366,.T.);
#1408=ORIENTED_EDGE('',*,*,#2367,.T.);
#1409=ORIENTED_EDGE('',*,*,#2325,.T.);
#1410=ORIENTED_EDGE('',*,*,#2368,.T.);
#1411=ORIENTED_EDGE('',*,*,#2369,.F.);
#1412=ORIENTED_EDGE('',*,*,#2370,.T.);
#1413=ORIENTED_EDGE('',*,*,#2371,.T.);
#1414=ORIENTED_EDGE('',*,*,#2372,.T.);
#1415=ORIENTED_EDGE('',*,*,#2373,.T.);
#1416=ORIENTED_EDGE('',*,*,#2374,.T.);
#1417=ORIENTED_EDGE('',*,*,#2375,.T.);
#1418=ORIENTED_EDGE('',*,*,#2376,.T.);
#1419=ORIENTED_EDGE('',*,*,#2377,.F.);
#1420=ORIENTED_EDGE('',*,*,#2378,.T.);
#1421=ORIENTED_EDGE('',*,*,#2379,.T.);
#1422=ORIENTED_EDGE('',*,*,#2380,.T.);
#1423=ORIENTED_EDGE('',*,*,#2381,.T.);
#1424=ORIENTED_EDGE('',*,*,#2382,.T.);
#1425=ORIENTED_EDGE('',*,*,#2290,.T.);
#1426=ORIENTED_EDGE('',*,*,#2347,.F.);
#1427=ORIENTED_EDGE('',*,*,#2383,.F.);
#1428=ORIENTED_EDGE('',*,*,#2298,.F.);
#1429=ORIENTED_EDGE('',*,*,#2383,.T.);
#1430=ORIENTED_EDGE('',*,*,#2352,.F.);
#1431=ORIENTED_EDGE('',*,*,#2384,.F.);
#1432=ORIENTED_EDGE('',*,*,#2299,.F.);
#1433=ORIENTED_EDGE('',*,*,#2303,.T.);
#1434=ORIENTED_EDGE('',*,*,#2300,.F.);
#1435=ORIENTED_EDGE('',*,*,#2384,.T.);
#1436=ORIENTED_EDGE('',*,*,#2360,.F.);
#1437=ORIENTED_EDGE('',*,*,#2331,.T.);
#1438=ORIENTED_EDGE('',*,*,#2385,.T.);
#1439=ORIENTED_EDGE('',*,*,#2386,.T.);
#1440=ORIENTED_EDGE('',*,*,#2387,.T.);
#1441=ORIENTED_EDGE('',*,*,#2388,.F.);
#1442=ORIENTED_EDGE('',*,*,#2389,.T.);
#1443=ORIENTED_EDGE('',*,*,#2341,.T.);
#1444=ORIENTED_EDGE('',*,*,#2390,.T.);
#1445=ORIENTED_EDGE('',*,*,#2343,.F.);
#1446=ORIENTED_EDGE('',*,*,#2391,.T.);
#1447=ORIENTED_EDGE('',*,*,#2392,.T.);
#1448=ORIENTED_EDGE('',*,*,#2393,.F.);
#1449=ORIENTED_EDGE('',*,*,#2394,.T.);
#1450=ORIENTED_EDGE('',*,*,#2395,.T.);
#1451=ORIENTED_EDGE('',*,*,#2353,.F.);
#1452=ORIENTED_EDGE('',*,*,#2345,.T.);
#1453=ORIENTED_EDGE('',*,*,#2359,.T.);
#1454=ORIENTED_EDGE('',*,*,#2396,.T.);
#1455=ORIENTED_EDGE('',*,*,#2397,.F.);
#1456=ORIENTED_EDGE('',*,*,#2398,.F.);
#1457=ORIENTED_EDGE('',*,*,#2399,.T.);
#1458=ORIENTED_EDGE('',*,*,#2329,.F.);
#1459=ORIENTED_EDGE('',*,*,#2371,.F.);
#1460=ORIENTED_EDGE('',*,*,#2400,.T.);
#1461=ORIENTED_EDGE('',*,*,#2312,.T.);
#1462=ORIENTED_EDGE('',*,*,#2401,.T.);
#1463=ORIENTED_EDGE('',*,*,#2314,.F.);
#1464=ORIENTED_EDGE('',*,*,#2402,.T.);
#1465=ORIENTED_EDGE('',*,*,#2369,.T.);
#1466=ORIENTED_EDGE('',*,*,#2403,.T.);
#1467=ORIENTED_EDGE('',*,*,#2333,.F.);
#1468=ORIENTED_EDGE('',*,*,#2404,.T.);
#1469=ORIENTED_EDGE('',*,*,#2405,.F.);
#1470=ORIENTED_EDGE('',*,*,#2406,.T.);
#1471=ORIENTED_EDGE('',*,*,#2381,.F.);
#1472=ORIENTED_EDGE('',*,*,#2407,.T.);
#1473=ORIENTED_EDGE('',*,*,#2304,.T.);
#1474=ORIENTED_EDGE('',*,*,#2408,.T.);
#1475=ORIENTED_EDGE('',*,*,#2306,.T.);
#1476=ORIENTED_EDGE('',*,*,#2409,.T.);
#1477=ORIENTED_EDGE('',*,*,#2379,.F.);
#1478=ORIENTED_EDGE('',*,*,#2410,.T.);
#1479=ORIENTED_EDGE('',*,*,#2411,.F.);
#1480=ORIENTED_EDGE('',*,*,#2412,.T.);
#1481=ORIENTED_EDGE('',*,*,#2413,.F.);
#1482=ORIENTED_EDGE('',*,*,#2308,.F.);
#1483=ORIENTED_EDGE('',*,*,#2414,.T.);
#1484=ORIENTED_EDGE('',*,*,#2377,.T.);
#1485=ORIENTED_EDGE('',*,*,#2415,.T.);
#1486=ORIENTED_EDGE('',*,*,#2373,.F.);
#1487=ORIENTED_EDGE('',*,*,#2416,.T.);
#1488=ORIENTED_EDGE('',*,*,#2310,.T.);
#1489=ORIENTED_EDGE('',*,*,#2417,.T.);
#1490=ORIENTED_EDGE('',*,*,#2418,.T.);
#1491=ORIENTED_EDGE('',*,*,#2419,.F.);
#1492=ORIENTED_EDGE('',*,*,#2420,.T.);
#1493=ORIENTED_EDGE('',*,*,#2421,.T.);
#1494=ORIENTED_EDGE('',*,*,#2422,.T.);
#1495=ORIENTED_EDGE('',*,*,#2423,.T.);
#1496=ORIENTED_EDGE('',*,*,#2424,.T.);
#1497=ORIENTED_EDGE('',*,*,#2375,.F.);
#1498=ORIENTED_EDGE('',*,*,#2425,.T.);
#1499=ORIENTED_EDGE('',*,*,#2426,.T.);
#1500=ORIENTED_EDGE('',*,*,#2427,.T.);
#1501=ORIENTED_EDGE('',*,*,#2428,.T.);
#1502=ORIENTED_EDGE('',*,*,#2348,.F.);
#1503=ORIENTED_EDGE('',*,*,#2429,.T.);
#1504=ORIENTED_EDGE('',*,*,#2430,.T.);
#1505=ORIENTED_EDGE('',*,*,#2431,.T.);
#1506=ORIENTED_EDGE('',*,*,#2355,.T.);
#1507=ORIENTED_EDGE('',*,*,#2350,.F.);
#1508=ORIENTED_EDGE('',*,*,#2432,.T.);
#1509=ORIENTED_EDGE('',*,*,#2433,.T.);
#1510=ORIENTED_EDGE('',*,*,#2434,.T.);
#1511=ORIENTED_EDGE('',*,*,#2419,.T.);
#1512=ORIENTED_EDGE('',*,*,#2435,.T.);
#1513=ORIENTED_EDGE('',*,*,#2436,.T.);
#1514=ORIENTED_EDGE('',*,*,#2437,.T.);
#1515=ORIENTED_EDGE('',*,*,#2438,.T.);
#1516=ORIENTED_EDGE('',*,*,#2439,.F.);
#1517=ORIENTED_EDGE('',*,*,#2440,.T.);
#1518=ORIENTED_EDGE('',*,*,#2357,.F.);
#1519=ORIENTED_EDGE('',*,*,#2323,.T.);
#1520=ORIENTED_EDGE('',*,*,#2441,.T.);
#1521=ORIENTED_EDGE('',*,*,#2442,.T.);
#1522=ORIENTED_EDGE('',*,*,#2443,.T.);
#1523=ORIENTED_EDGE('',*,*,#2444,.T.);
#1524=ORIENTED_EDGE('',*,*,#2445,.T.);
#1525=ORIENTED_EDGE('',*,*,#2446,.T.);
#1526=ORIENTED_EDGE('',*,*,#2447,.T.);
#1527=ORIENTED_EDGE('',*,*,#2448,.T.);
#1528=ORIENTED_EDGE('',*,*,#2449,.F.);
#1529=ORIENTED_EDGE('',*,*,#2450,.T.);
#1530=ORIENTED_EDGE('',*,*,#2444,.F.);
#1531=ORIENTED_EDGE('',*,*,#2451,.T.);
#1532=ORIENTED_EDGE('',*,*,#2452,.F.);
#1533=ORIENTED_EDGE('',*,*,#2448,.F.);
#1534=ORIENTED_EDGE('',*,*,#2443,.F.);
#1535=ORIENTED_EDGE('',*,*,#2453,.T.);
#1536=ORIENTED_EDGE('',*,*,#2445,.F.);
#1537=ORIENTED_EDGE('',*,*,#2450,.F.);
#1538=ORIENTED_EDGE('',*,*,#2454,.F.);
#1539=ORIENTED_EDGE('',*,*,#2455,.T.);
#1540=ORIENTED_EDGE('',*,*,#2446,.F.);
#1541=ORIENTED_EDGE('',*,*,#2453,.F.);
#1542=ORIENTED_EDGE('',*,*,#2456,.F.);
#1543=ORIENTED_EDGE('',*,*,#2455,.F.);
#1544=ORIENTED_EDGE('',*,*,#2457,.F.);
#1545=ORIENTED_EDGE('',*,*,#2324,.F.);
#1546=ORIENTED_EDGE('',*,*,#2447,.F.);
#1547=ORIENTED_EDGE('',*,*,#2442,.F.);
#1548=ORIENTED_EDGE('',*,*,#2458,.T.);
#1549=ORIENTED_EDGE('',*,*,#2317,.F.);
#1550=ORIENTED_EDGE('',*,*,#2451,.F.);
#1551=ORIENTED_EDGE('',*,*,#2459,.F.);
#1552=ORIENTED_EDGE('',*,*,#2460,.T.);
#1553=ORIENTED_EDGE('',*,*,#2461,.T.);
#1554=ORIENTED_EDGE('',*,*,#2462,.F.);
#1555=ORIENTED_EDGE('',*,*,#2463,.F.);
#1556=ORIENTED_EDGE('',*,*,#2464,.F.);
#1557=ORIENTED_EDGE('',*,*,#2465,.T.);
#1558=ORIENTED_EDGE('',*,*,#2466,.T.);
#1559=ORIENTED_EDGE('',*,*,#2459,.T.);
#1560=ORIENTED_EDGE('',*,*,#2467,.T.);
#1561=ORIENTED_EDGE('',*,*,#2468,.T.);
#1562=ORIENTED_EDGE('',*,*,#2469,.F.);
#1563=ORIENTED_EDGE('',*,*,#2461,.F.);
#1564=ORIENTED_EDGE('',*,*,#2470,.T.);
#1565=ORIENTED_EDGE('',*,*,#2471,.T.);
#1566=ORIENTED_EDGE('',*,*,#2472,.F.);
#1567=ORIENTED_EDGE('',*,*,#2473,.T.);
#1568=ORIENTED_EDGE('',*,*,#2474,.T.);
#1569=ORIENTED_EDGE('',*,*,#2475,.T.);
#1570=ORIENTED_EDGE('',*,*,#2476,.T.);
#1571=ORIENTED_EDGE('',*,*,#2477,.T.);
#1572=ORIENTED_EDGE('',*,*,#2478,.T.);
#1573=ORIENTED_EDGE('',*,*,#2472,.T.);
#1574=ORIENTED_EDGE('',*,*,#2479,.T.);
#1575=ORIENTED_EDGE('',*,*,#2480,.T.);
#1576=ORIENTED_EDGE('',*,*,#2481,.T.);
#1577=ORIENTED_EDGE('',*,*,#2436,.F.);
#1578=ORIENTED_EDGE('',*,*,#2482,.T.);
#1579=ORIENTED_EDGE('',*,*,#2483,.F.);
#1580=ORIENTED_EDGE('',*,*,#2484,.T.);
#1581=ORIENTED_EDGE('',*,*,#2485,.T.);
#1582=ORIENTED_EDGE('',*,*,#2420,.F.);
#1583=ORIENTED_EDGE('',*,*,#2486,.T.);
#1584=ORIENTED_EDGE('',*,*,#2487,.T.);
#1585=ORIENTED_EDGE('',*,*,#2411,.T.);
#1586=ORIENTED_EDGE('',*,*,#2488,.T.);
#1587=ORIENTED_EDGE('',*,*,#2489,.T.);
#1588=ORIENTED_EDGE('',*,*,#2490,.F.);
#1589=ORIENTED_EDGE('',*,*,#2413,.T.);
#1590=ORIENTED_EDGE('',*,*,#2491,.T.);
#1591=ORIENTED_EDGE('',*,*,#2492,.T.);
#1592=ORIENTED_EDGE('',*,*,#2493,.T.);
#1593=ORIENTED_EDGE('',*,*,#2417,.F.);
#1594=ORIENTED_EDGE('',*,*,#2309,.F.);
#1595=ORIENTED_EDGE('',*,*,#2483,.T.);
#1596=ORIENTED_EDGE('',*,*,#2494,.T.);
#1597=ORIENTED_EDGE('',*,*,#2495,.T.);
#1598=ORIENTED_EDGE('',*,*,#2490,.T.);
#1599=ORIENTED_EDGE('',*,*,#2496,.T.);
#1600=ORIENTED_EDGE('',*,*,#2392,.F.);
#1601=ORIENTED_EDGE('',*,*,#2497,.T.);
#1602=ORIENTED_EDGE('',*,*,#2388,.T.);
#1603=ORIENTED_EDGE('',*,*,#2498,.T.);
#1604=ORIENTED_EDGE('',*,*,#2499,.F.);
#1605=ORIENTED_EDGE('',*,*,#2500,.T.);
#1606=ORIENTED_EDGE('',*,*,#2320,.F.);
#1607=ORIENTED_EDGE('',*,*,#2457,.T.);
#1608=ORIENTED_EDGE('',*,*,#2501,.T.);
#1609=ORIENTED_EDGE('',*,*,#2502,.T.);
#1610=ORIENTED_EDGE('',*,*,#2393,.T.);
#1611=ORIENTED_EDGE('',*,*,#2501,.F.);
#1612=ORIENTED_EDGE('',*,*,#2456,.T.);
#1613=ORIENTED_EDGE('',*,*,#2503,.T.);
#1614=ORIENTED_EDGE('',*,*,#2504,.T.);
#1615=ORIENTED_EDGE('',*,*,#2505,.T.);
#1616=ORIENTED_EDGE('',*,*,#2394,.F.);
#1617=ORIENTED_EDGE('',*,*,#2502,.F.);
#1618=ORIENTED_EDGE('',*,*,#2454,.T.);
#1619=ORIENTED_EDGE('',*,*,#2506,.T.);
#1620=ORIENTED_EDGE('',*,*,#2462,.T.);
#1621=ORIENTED_EDGE('',*,*,#2469,.T.);
#1622=ORIENTED_EDGE('',*,*,#2507,.T.);
#1623=ORIENTED_EDGE('',*,*,#2386,.F.);
#1624=ORIENTED_EDGE('',*,*,#2508,.T.);
#1625=ORIENTED_EDGE('',*,*,#2398,.T.);
#1626=ORIENTED_EDGE('',*,*,#2509,.F.);
#1627=ORIENTED_EDGE('',*,*,#2452,.T.);
#1628=ORIENTED_EDGE('',*,*,#2316,.T.);
#1629=ORIENTED_EDGE('',*,*,#2510,.T.);
#1630=ORIENTED_EDGE('',*,*,#2405,.T.);
#1631=ORIENTED_EDGE('',*,*,#2511,.T.);
#1632=ORIENTED_EDGE('',*,*,#2512,.T.);
#1633=ORIENTED_EDGE('',*,*,#2513,.T.);
#1634=ORIENTED_EDGE('',*,*,#2514,.T.);
#1635=ORIENTED_EDGE('',*,*,#2515,.T.);
#1636=ORIENTED_EDGE('',*,*,#2464,.T.);
#1637=ORIENTED_EDGE('',*,*,#2463,.T.);
#1638=ORIENTED_EDGE('',*,*,#2506,.F.);
#1639=ORIENTED_EDGE('',*,*,#2449,.T.);
#1640=ORIENTED_EDGE('',*,*,#2509,.T.);
#1641=ORIENTED_EDGE('',*,*,#2397,.T.);
#1642=ORIENTED_EDGE('',*,*,#2516,.T.);
#1643=ORIENTED_EDGE('',*,*,#2517,.T.);
#1644=ORIENTED_EDGE('',*,*,#2322,.F.);
#1645=ORIENTED_EDGE('',*,*,#2318,.T.);
#1646=ORIENTED_EDGE('',*,*,#2458,.F.);
#1647=ORIENTED_EDGE('',*,*,#2441,.F.);
#1648=ORIENTED_EDGE('',*,*,#2286,.F.);
#1649=ORIENTED_EDGE('',*,*,#2518,.T.);
#1650=ORIENTED_EDGE('',*,*,#2365,.F.);
#1651=ORIENTED_EDGE('',*,*,#2519,.F.);
#1652=ORIENTED_EDGE('',*,*,#2519,.T.);
#1653=ORIENTED_EDGE('',*,*,#2364,.F.);
#1654=ORIENTED_EDGE('',*,*,#2283,.F.);
#1655=ORIENTED_EDGE('',*,*,#2295,.F.);
#1656=ORIENTED_EDGE('',*,*,#2339,.F.);
#1657=ORIENTED_EDGE('',*,*,#2520,.T.);
#1658=ORIENTED_EDGE('',*,*,#2499,.T.);
#1659=ORIENTED_EDGE('',*,*,#2521,.T.);
#1660=ORIENTED_EDGE('',*,*,#2382,.F.);
#1661=ORIENTED_EDGE('',*,*,#2408,.F.);
#1662=ORIENTED_EDGE('',*,*,#2321,.F.);
#1663=ORIENTED_EDGE('',*,*,#2500,.F.);
#1664=ORIENTED_EDGE('',*,*,#2520,.F.);
#1665=ORIENTED_EDGE('',*,*,#2338,.F.);
#1666=ORIENTED_EDGE('',*,*,#2340,.F.);
#1667=ORIENTED_EDGE('',*,*,#2521,.F.);
#1668=ORIENTED_EDGE('',*,*,#2498,.F.);
#1669=ORIENTED_EDGE('',*,*,#2390,.F.);
#1670=ORIENTED_EDGE('',*,*,#2511,.F.);
#1671=ORIENTED_EDGE('',*,*,#2404,.F.);
#1672=ORIENTED_EDGE('',*,*,#2332,.F.);
#1673=ORIENTED_EDGE('',*,*,#2387,.F.);
#1674=ORIENTED_EDGE('',*,*,#2334,.F.);
#1675=ORIENTED_EDGE('',*,*,#2406,.F.);
#1676=ORIENTED_EDGE('',*,*,#2510,.F.);
#1677=ORIENTED_EDGE('',*,*,#2315,.F.);
#1678=ORIENTED_EDGE('',*,*,#2403,.F.);
#1679=ORIENTED_EDGE('',*,*,#2368,.F.);
#1680=ORIENTED_EDGE('',*,*,#2380,.F.);
#1681=ORIENTED_EDGE('',*,*,#2409,.F.);
#1682=ORIENTED_EDGE('',*,*,#2305,.F.);
#1683=ORIENTED_EDGE('',*,*,#2407,.F.);
#1684=ORIENTED_EDGE('',*,*,#2497,.F.);
#1685=ORIENTED_EDGE('',*,*,#2391,.F.);
#1686=ORIENTED_EDGE('',*,*,#2342,.F.);
#1687=ORIENTED_EDGE('',*,*,#2389,.F.);
#1688=ORIENTED_EDGE('',*,*,#2505,.F.);
#1689=ORIENTED_EDGE('',*,*,#2522,.T.);
#1690=ORIENTED_EDGE('',*,*,#2425,.F.);
#1691=ORIENTED_EDGE('',*,*,#2354,.F.);
#1692=ORIENTED_EDGE('',*,*,#2395,.F.);
#1693=ORIENTED_EDGE('',*,*,#2428,.F.);
#1694=ORIENTED_EDGE('',*,*,#2523,.T.);
#1695=ORIENTED_EDGE('',*,*,#2432,.F.);
#1696=ORIENTED_EDGE('',*,*,#2349,.F.);
#1697=ORIENTED_EDGE('',*,*,#2431,.F.);
#1698=ORIENTED_EDGE('',*,*,#2524,.T.);
#1699=ORIENTED_EDGE('',*,*,#2437,.F.);
#1700=ORIENTED_EDGE('',*,*,#2356,.F.);
#1701=ORIENTED_EDGE('',*,*,#2440,.F.);
#1702=ORIENTED_EDGE('',*,*,#2525,.T.);
#1703=ORIENTED_EDGE('',*,*,#2512,.F.);
#1704=ORIENTED_EDGE('',*,*,#2396,.F.);
#1705=ORIENTED_EDGE('',*,*,#2358,.F.);
#1706=ORIENTED_EDGE('',*,*,#2330,.F.);
#1707=ORIENTED_EDGE('',*,*,#2399,.F.);
#1708=ORIENTED_EDGE('',*,*,#2508,.F.);
#1709=ORIENTED_EDGE('',*,*,#2385,.F.);
#1710=ORIENTED_EDGE('',*,*,#2370,.F.);
#1711=ORIENTED_EDGE('',*,*,#2402,.F.);
#1712=ORIENTED_EDGE('',*,*,#2313,.F.);
#1713=ORIENTED_EDGE('',*,*,#2400,.F.);
#1714=ORIENTED_EDGE('',*,*,#2378,.F.);
#1715=ORIENTED_EDGE('',*,*,#2414,.F.);
#1716=ORIENTED_EDGE('',*,*,#2307,.F.);
#1717=ORIENTED_EDGE('',*,*,#2410,.F.);
#1718=ORIENTED_EDGE('',*,*,#2372,.F.);
#1719=ORIENTED_EDGE('',*,*,#2401,.F.);
#1720=ORIENTED_EDGE('',*,*,#2311,.F.);
#1721=ORIENTED_EDGE('',*,*,#2416,.F.);
#1722=ORIENTED_EDGE('',*,*,#2485,.F.);
#1723=ORIENTED_EDGE('',*,*,#2526,.T.);
#1724=ORIENTED_EDGE('',*,*,#2422,.F.);
#1725=ORIENTED_EDGE('',*,*,#2374,.F.);
#1726=ORIENTED_EDGE('',*,*,#2421,.F.);
#1727=ORIENTED_EDGE('',*,*,#2424,.F.);
#1728=ORIENTED_EDGE('',*,*,#2527,.T.);
#1729=ORIENTED_EDGE('',*,*,#2488,.F.);
#1730=ORIENTED_EDGE('',*,*,#2415,.F.);
#1731=ORIENTED_EDGE('',*,*,#2376,.F.);
#1732=ORIENTED_EDGE('',*,*,#2513,.F.);
#1733=ORIENTED_EDGE('',*,*,#2525,.F.);
#1734=ORIENTED_EDGE('',*,*,#2439,.T.);
#1735=ORIENTED_EDGE('',*,*,#2528,.F.);
#1736=ORIENTED_EDGE('',*,*,#2529,.F.);
#1737=ORIENTED_EDGE('',*,*,#2524,.F.);
#1738=ORIENTED_EDGE('',*,*,#2430,.F.);
#1739=ORIENTED_EDGE('',*,*,#2530,.F.);
#1740=ORIENTED_EDGE('',*,*,#2480,.F.);
#1741=ORIENTED_EDGE('',*,*,#2531,.T.);
#1742=ORIENTED_EDGE('',*,*,#2514,.F.);
#1743=ORIENTED_EDGE('',*,*,#2528,.T.);
#1744=ORIENTED_EDGE('',*,*,#2438,.F.);
#1745=ORIENTED_EDGE('',*,*,#2529,.T.);
#1746=ORIENTED_EDGE('',*,*,#2532,.F.);
#1747=ORIENTED_EDGE('',*,*,#2532,.T.);
#1748=ORIENTED_EDGE('',*,*,#2530,.T.);
#1749=ORIENTED_EDGE('',*,*,#2533,.F.);
#1750=ORIENTED_EDGE('',*,*,#2533,.T.);
#1751=ORIENTED_EDGE('',*,*,#2429,.F.);
#1752=ORIENTED_EDGE('',*,*,#2534,.F.);
#1753=ORIENTED_EDGE('',*,*,#2473,.F.);
#1754=ORIENTED_EDGE('',*,*,#2481,.F.);
#1755=ORIENTED_EDGE('',*,*,#2534,.T.);
#1756=ORIENTED_EDGE('',*,*,#2434,.F.);
#1757=ORIENTED_EDGE('',*,*,#2535,.F.);
#1758=ORIENTED_EDGE('',*,*,#2476,.F.);
#1759=ORIENTED_EDGE('',*,*,#2475,.F.);
#1760=ORIENTED_EDGE('',*,*,#2474,.F.);
#1761=ORIENTED_EDGE('',*,*,#2536,.F.);
#1762=ORIENTED_EDGE('',*,*,#2433,.F.);
#1763=ORIENTED_EDGE('',*,*,#2523,.F.);
#1764=ORIENTED_EDGE('',*,*,#2537,.F.);
#1765=ORIENTED_EDGE('',*,*,#2535,.T.);
#1766=ORIENTED_EDGE('',*,*,#2536,.T.);
#1767=ORIENTED_EDGE('',*,*,#2538,.F.);
#1768=ORIENTED_EDGE('',*,*,#2503,.F.);
#1769=ORIENTED_EDGE('',*,*,#2539,.T.);
#1770=ORIENTED_EDGE('',*,*,#2477,.F.);
#1771=ORIENTED_EDGE('',*,*,#2538,.T.);
#1772=ORIENTED_EDGE('',*,*,#2537,.T.);
#1773=ORIENTED_EDGE('',*,*,#2427,.F.);
#1774=ORIENTED_EDGE('',*,*,#2540,.F.);
#1775=ORIENTED_EDGE('',*,*,#2522,.F.);
#1776=ORIENTED_EDGE('',*,*,#2504,.F.);
#1777=ORIENTED_EDGE('',*,*,#2540,.T.);
#1778=ORIENTED_EDGE('',*,*,#2426,.F.);
#1779=ORIENTED_EDGE('',*,*,#2484,.F.);
#1780=ORIENTED_EDGE('',*,*,#2496,.F.);
#1781=ORIENTED_EDGE('',*,*,#2489,.F.);
#1782=ORIENTED_EDGE('',*,*,#2527,.F.);
#1783=ORIENTED_EDGE('',*,*,#2423,.F.);
#1784=ORIENTED_EDGE('',*,*,#2526,.F.);
#1785=ORIENTED_EDGE('',*,*,#2516,.F.);
#1786=ORIENTED_EDGE('',*,*,#2361,.F.);
#1787=ORIENTED_EDGE('',*,*,#2293,.F.);
#1788=ORIENTED_EDGE('',*,*,#2517,.F.);
#1789=ORIENTED_EDGE('',*,*,#2418,.F.);
#1790=ORIENTED_EDGE('',*,*,#2493,.F.);
#1791=ORIENTED_EDGE('',*,*,#2541,.F.);
#1792=ORIENTED_EDGE('',*,*,#2494,.F.);
#1793=ORIENTED_EDGE('',*,*,#2482,.F.);
#1794=ORIENTED_EDGE('',*,*,#2435,.F.);
#1795=ORIENTED_EDGE('',*,*,#2541,.T.);
#1796=ORIENTED_EDGE('',*,*,#2492,.F.);
#1797=ORIENTED_EDGE('',*,*,#2542,.F.);
#1798=ORIENTED_EDGE('',*,*,#2486,.F.);
#1799=ORIENTED_EDGE('',*,*,#2495,.F.);
#1800=ORIENTED_EDGE('',*,*,#2412,.F.);
#1801=ORIENTED_EDGE('',*,*,#2487,.F.);
#1802=ORIENTED_EDGE('',*,*,#2542,.T.);
#1803=ORIENTED_EDGE('',*,*,#2491,.F.);
#1804=ORIENTED_EDGE('',*,*,#2507,.F.);
#1805=ORIENTED_EDGE('',*,*,#2468,.F.);
#1806=ORIENTED_EDGE('',*,*,#2543,.F.);
#1807=ORIENTED_EDGE('',*,*,#2539,.F.);
#1808=ORIENTED_EDGE('',*,*,#2543,.T.);
#1809=ORIENTED_EDGE('',*,*,#2467,.F.);
#1810=ORIENTED_EDGE('',*,*,#2544,.F.);
#1811=ORIENTED_EDGE('',*,*,#2470,.F.);
#1812=ORIENTED_EDGE('',*,*,#2478,.F.);
#1813=ORIENTED_EDGE('',*,*,#2544,.T.);
#1814=ORIENTED_EDGE('',*,*,#2460,.F.);
#1815=ORIENTED_EDGE('',*,*,#2545,.F.);
#1816=ORIENTED_EDGE('',*,*,#2471,.F.);
#1817=ORIENTED_EDGE('',*,*,#2545,.T.);
#1818=ORIENTED_EDGE('',*,*,#2466,.F.);
#1819=ORIENTED_EDGE('',*,*,#2546,.F.);
#1820=ORIENTED_EDGE('',*,*,#2479,.F.);
#1821=ORIENTED_EDGE('',*,*,#2515,.F.);
#1822=ORIENTED_EDGE('',*,*,#2531,.F.);
#1823=ORIENTED_EDGE('',*,*,#2546,.T.);
#1824=ORIENTED_EDGE('',*,*,#2465,.F.);
#1825=ORIENTED_EDGE('',*,*,#2268,.F.);
#1826=ORIENTED_EDGE('',*,*,#2547,.T.);
#1827=ORIENTED_EDGE('',*,*,#2548,.T.);
#1828=ORIENTED_EDGE('',*,*,#2549,.T.);
#1829=ORIENTED_EDGE('',*,*,#2275,.F.);
#1830=ORIENTED_EDGE('',*,*,#2272,.F.);
#1831=ORIENTED_EDGE('',*,*,#2550,.F.);
#1832=ORIENTED_EDGE('',*,*,#2366,.F.);
#1833=ORIENTED_EDGE('',*,*,#2551,.F.);
#1834=ORIENTED_EDGE('',*,*,#2550,.T.);
#1835=ORIENTED_EDGE('',*,*,#2271,.F.);
#1836=ORIENTED_EDGE('',*,*,#2552,.F.);
#1837=ORIENTED_EDGE('',*,*,#2367,.F.);
#1838=ORIENTED_EDGE('',*,*,#2551,.T.);
#1839=ORIENTED_EDGE('',*,*,#2518,.F.);
#1840=ORIENTED_EDGE('',*,*,#2553,.F.);
#1841=ORIENTED_EDGE('',*,*,#2276,.F.);
#1842=ORIENTED_EDGE('',*,*,#2554,.F.);
#1843=ORIENTED_EDGE('',*,*,#2326,.F.);
#1844=ORIENTED_EDGE('',*,*,#2552,.T.);
#1845=ORIENTED_EDGE('',*,*,#2270,.F.);
#1846=ORIENTED_EDGE('',*,*,#2555,.F.);
#1847=ORIENTED_EDGE('',*,*,#2327,.F.);
#1848=ORIENTED_EDGE('',*,*,#2554,.T.);
#1849=ORIENTED_EDGE('',*,*,#2556,.F.);
#1850=ORIENTED_EDGE('',*,*,#2553,.T.);
#1851=ORIENTED_EDGE('',*,*,#2285,.F.);
#1852=ORIENTED_EDGE('',*,*,#2557,.F.);
#1853=ORIENTED_EDGE('',*,*,#2277,.F.);
#1854=ORIENTED_EDGE('',*,*,#2269,.F.);
#1855=ORIENTED_EDGE('',*,*,#2549,.F.);
#1856=ORIENTED_EDGE('',*,*,#2558,.F.);
#1857=ORIENTED_EDGE('',*,*,#2302,.F.);
#1858=ORIENTED_EDGE('',*,*,#2556,.T.);
#1859=ORIENTED_EDGE('',*,*,#2555,.T.);
#1860=ORIENTED_EDGE('',*,*,#2557,.T.);
#1861=ORIENTED_EDGE('',*,*,#2294,.F.);
#1862=ORIENTED_EDGE('',*,*,#2559,.F.);
#1863=ORIENTED_EDGE('',*,*,#2278,.F.);
#1864=ORIENTED_EDGE('',*,*,#2558,.T.);
#1865=ORIENTED_EDGE('',*,*,#2548,.F.);
#1866=ORIENTED_EDGE('',*,*,#2560,.F.);
#1867=ORIENTED_EDGE('',*,*,#2297,.F.);
#1868=ORIENTED_EDGE('',*,*,#2559,.T.);
#1869=ORIENTED_EDGE('',*,*,#2291,.F.);
#1870=ORIENTED_EDGE('',*,*,#2561,.F.);
#1871=ORIENTED_EDGE('',*,*,#2279,.F.);
#1872=ORIENTED_EDGE('',*,*,#2562,.F.);
#1873=ORIENTED_EDGE('',*,*,#2288,.F.);
#1874=ORIENTED_EDGE('',*,*,#2560,.T.);
#1875=ORIENTED_EDGE('',*,*,#2547,.F.);
#1876=ORIENTED_EDGE('',*,*,#2267,.F.);
#1877=ORIENTED_EDGE('',*,*,#2563,.F.);
#1878=ORIENTED_EDGE('',*,*,#2335,.F.);
#1879=ORIENTED_EDGE('',*,*,#2562,.T.);
#1880=ORIENTED_EDGE('',*,*,#2564,.F.);
#1881=ORIENTED_EDGE('',*,*,#2561,.T.);
#1882=ORIENTED_EDGE('',*,*,#2281,.F.);
#1883=ORIENTED_EDGE('',*,*,#2565,.F.);
#1884=ORIENTED_EDGE('',*,*,#2273,.F.);
#1885=ORIENTED_EDGE('',*,*,#2563,.T.);
#1886=ORIENTED_EDGE('',*,*,#2266,.F.);
#1887=ORIENTED_EDGE('',*,*,#2566,.F.);
#1888=ORIENTED_EDGE('',*,*,#2336,.F.);
#1889=ORIENTED_EDGE('',*,*,#2564,.T.);
#1890=ORIENTED_EDGE('',*,*,#2565,.T.);
#1891=ORIENTED_EDGE('',*,*,#2363,.F.);
#1892=ORIENTED_EDGE('',*,*,#2567,.F.);
#1893=ORIENTED_EDGE('',*,*,#2264,.F.);
#1894=ORIENTED_EDGE('',*,*,#2274,.F.);
#1895=ORIENTED_EDGE('',*,*,#2566,.T.);
#1896=ORIENTED_EDGE('',*,*,#2265,.F.);
#1897=ORIENTED_EDGE('',*,*,#2567,.T.);
#1898=ORIENTED_EDGE('',*,*,#2362,.F.);
#1899=EDGE_CURVE('',#2568,#2569,#2984,.T.);
#1900=EDGE_CURVE('',#2569,#2570,#2985,.T.);
#1901=EDGE_CURVE('',#2571,#2570,#2986,.T.);
#1902=EDGE_CURVE('',#2571,#2568,#2987,.T.);
#1903=EDGE_CURVE('',#2572,#2573,#2988,.T.);
#1904=EDGE_CURVE('',#2572,#2574,#2989,.T.);
#1905=EDGE_CURVE('',#2575,#2574,#2990,.T.);
#1906=EDGE_CURVE('',#2573,#2575,#2991,.T.);
#1907=EDGE_CURVE('',#2576,#2577,#2992,.T.);
#1908=EDGE_CURVE('',#2577,#2578,#418,.T.);
#1909=EDGE_CURVE('',#2578,#2579,#2993,.T.);
#1910=EDGE_CURVE('',#2579,#2580,#419,.T.);
#1911=EDGE_CURVE('',#2581,#2580,#2994,.T.);
#1912=EDGE_CURVE('',#2581,#2582,#420,.T.);
#1913=EDGE_CURVE('',#2583,#2582,#2995,.T.);
#1914=EDGE_CURVE('',#2583,#2576,#421,.T.);
#1915=EDGE_CURVE('',#2584,#2585,#2996,.T.);
#1916=EDGE_CURVE('',#2585,#2586,#2997,.T.);
#1917=EDGE_CURVE('',#2586,#2587,#2998,.F.);
#1918=EDGE_CURVE('',#2587,#2588,#2999,.T.);
#1919=EDGE_CURVE('',#2589,#2588,#3000,.T.);
#1920=EDGE_CURVE('',#2589,#2584,#3001,.T.);
#1921=EDGE_CURVE('',#2590,#2591,#3002,.T.);
#1922=EDGE_CURVE('',#2591,#2592,#3003,.T.);
#1923=EDGE_CURVE('',#2592,#2593,#3004,.T.);
#1924=EDGE_CURVE('',#2594,#2593,#3005,.T.);
#1925=EDGE_CURVE('',#2594,#2595,#3006,.T.);
#1926=EDGE_CURVE('',#2595,#2590,#3007,.F.);
#1927=EDGE_CURVE('',#2596,#2597,#3008,.F.);
#1928=EDGE_CURVE('',#2597,#2598,#195,.T.);
#1929=EDGE_CURVE('',#2598,#2599,#196,.T.);
#1930=EDGE_CURVE('',#2599,#2600,#197,.T.);
#1931=EDGE_CURVE('',#2600,#2601,#3009,.F.);
#1932=EDGE_CURVE('',#2601,#2596,#422,.F.);
#1933=EDGE_CURVE('',#2602,#2603,#3010,.T.);
#1934=EDGE_CURVE('',#2603,#2604,#3011,.F.);
#1935=EDGE_CURVE('',#2605,#2604,#3012,.F.);
#1936=EDGE_CURVE('',#2606,#2605,#3013,.F.);
#1937=EDGE_CURVE('',#2606,#2607,#3014,.T.);
#1938=EDGE_CURVE('',#2607,#2608,#3015,.T.);
#1939=EDGE_CURVE('',#2608,#2609,#3016,.T.);
#1940=EDGE_CURVE('',#2609,#2610,#3017,.F.);
#1941=EDGE_CURVE('',#2610,#2611,#3018,.T.);
#1942=EDGE_CURVE('',#2612,#2611,#3019,.F.);
#1943=EDGE_CURVE('',#2612,#2613,#3020,.T.);
#1944=EDGE_CURVE('',#2613,#2602,#3021,.T.);
#1945=EDGE_CURVE('',#2614,#2574,#3022,.T.);
#1946=EDGE_CURVE('',#2614,#2615,#3023,.T.);
#1947=EDGE_CURVE('',#2575,#2615,#3024,.T.);
#1948=EDGE_CURVE('',#2616,#2617,#3025,.T.);
#1949=EDGE_CURVE('',#2617,#2618,#3026,.T.);
#1950=EDGE_CURVE('',#2618,#2619,#3027,.F.);
#1951=EDGE_CURVE('',#2619,#2616,#3028,.F.);
#1952=EDGE_CURVE('',#2620,#2621,#423,.F.);
#1953=EDGE_CURVE('',#2621,#2622,#3029,.F.);
#1954=EDGE_CURVE('',#2622,#2623,#424,.F.);
#1955=EDGE_CURVE('',#2623,#2624,#3030,.T.);
#1956=EDGE_CURVE('',#2624,#2625,#425,.F.);
#1957=EDGE_CURVE('',#2625,#2626,#3031,.F.);
#1958=EDGE_CURVE('',#2626,#2627,#426,.F.);
#1959=EDGE_CURVE('',#2627,#2620,#3032,.F.);
#1960=EDGE_CURVE('',#2628,#2629,#3033,.T.);
#1961=EDGE_CURVE('',#2630,#2628,#3034,.T.);
#1962=EDGE_CURVE('',#2630,#2631,#3035,.T.);
#1963=EDGE_CURVE('',#2631,#2632,#3036,.T.);
#1964=EDGE_CURVE('',#2633,#2632,#3037,.T.);
#1965=EDGE_CURVE('',#2633,#2629,#3038,.F.);
#1966=EDGE_CURVE('',#2634,#2635,#3039,.T.);
#1967=EDGE_CURVE('',#2635,#2636,#3040,.F.);
#1968=EDGE_CURVE('',#2636,#2637,#3041,.T.);
#1969=EDGE_CURVE('',#2638,#2637,#3042,.T.);
#1970=EDGE_CURVE('',#2638,#2639,#3043,.T.);
#1971=EDGE_CURVE('',#2639,#2634,#3044,.T.);
#1972=EDGE_CURVE('',#2640,#2641,#3045,.F.);
#1973=EDGE_CURVE('',#2641,#2642,#198,.T.);
#1974=EDGE_CURVE('',#2642,#2643,#199,.T.);
#1975=EDGE_CURVE('',#2643,#2644,#200,.T.);
#1976=EDGE_CURVE('',#2644,#2645,#3046,.F.);
#1977=EDGE_CURVE('',#2645,#2640,#427,.T.);
#1978=EDGE_CURVE('',#2646,#2641,#201,.T.);
#1979=EDGE_CURVE('',#2640,#2647,#428,.T.);
#1980=EDGE_CURVE('',#2646,#2647,#3047,.T.);
#1981=EDGE_CURVE('',#2645,#2648,#429,.T.);
#1982=EDGE_CURVE('',#2644,#2649,#202,.F.);
#1983=EDGE_CURVE('',#2648,#2649,#3048,.T.);
#1984=EDGE_CURVE('',#2616,#2604,#3049,.F.);
#1985=EDGE_CURVE('',#2612,#2604,#3050,.T.);
#1986=EDGE_CURVE('',#2611,#2617,#3051,.T.);
#1987=EDGE_CURVE('',#2605,#2619,#3052,.T.);
#1988=EDGE_CURVE('',#2618,#2610,#3053,.F.);
#1989=EDGE_CURVE('',#2605,#2609,#3054,.F.);
#1990=EDGE_CURVE('',#2650,#2651,#203,.T.);
#1991=EDGE_CURVE('',#2651,#2652,#3055,.F.);
#1992=EDGE_CURVE('',#2652,#2653,#3056,.T.);
#1993=EDGE_CURVE('',#2653,#2654,#3057,.T.);
#1994=EDGE_CURVE('',#2655,#2654,#204,.T.);
#1995=EDGE_CURVE('',#2655,#2656,#205,.T.);
#1996=EDGE_CURVE('',#2656,#2650,#3058,.T.);
#1997=EDGE_CURVE('',#2657,#2658,#430,.T.);
#1998=EDGE_CURVE('',#2657,#2659,#3059,.F.);
#1999=EDGE_CURVE('',#2659,#2660,#431,.T.);
#2000=EDGE_CURVE('',#2660,#2658,#3060,.T.);
#2001=EDGE_CURVE('',#2661,#2662,#206,.T.);
#2002=EDGE_CURVE('',#2662,#2663,#207,.T.);
#2003=EDGE_CURVE('',#2664,#2663,#3061,.T.);
#2004=EDGE_CURVE('',#2664,#2665,#208,.T.);
#2005=EDGE_CURVE('',#2665,#2666,#209,.T.);
#2006=EDGE_CURVE('',#2666,#2667,#3062,.T.);
#2007=EDGE_CURVE('',#2667,#2646,#210,.T.);
#2008=EDGE_CURVE('',#2661,#2646,#3063,.T.);
#2009=EDGE_CURVE('',#2668,#2669,#3064,.T.);
#2010=EDGE_CURVE('',#2668,#2670,#211,.T.);
#2011=EDGE_CURVE('',#2670,#2657,#212,.T.);
#2012=EDGE_CURVE('',#2658,#2671,#213,.T.);
#2013=EDGE_CURVE('',#2672,#2671,#3065,.T.);
#2014=EDGE_CURVE('',#2672,#2673,#214,.T.);
#2015=EDGE_CURVE('',#2673,#2674,#432,.T.);
#2016=EDGE_CURVE('',#2674,#2675,#215,.T.);
#2017=EDGE_CURVE('',#2675,#2676,#3066,.T.);
#2018=EDGE_CURVE('',#2676,#2677,#216,.T.);
#2019=EDGE_CURVE('',#2677,#2678,#433,.T.);
#2020=EDGE_CURVE('',#2678,#2679,#217,.T.);
#2021=EDGE_CURVE('',#2679,#2680,#218,.T.);
#2022=EDGE_CURVE('',#2680,#2681,#3067,.T.);
#2023=EDGE_CURVE('',#2681,#2669,#434,.T.);
#2024=EDGE_CURVE('',#2655,#2682,#3068,.T.);
#2025=EDGE_CURVE('',#2654,#2649,#3069,.T.);
#2026=EDGE_CURVE('',#2649,#2682,#219,.T.);
#2027=EDGE_CURVE('',#2683,#2684,#3070,.T.);
#2028=EDGE_CURVE('',#2684,#2656,#220,.T.);
#2029=EDGE_CURVE('',#2682,#2667,#221,.T.);
#2030=EDGE_CURVE('',#2685,#2666,#222,.T.);
#2031=EDGE_CURVE('',#2685,#2683,#223,.T.);
#2032=EDGE_CURVE('',#2686,#2687,#3071,.T.);
#2033=EDGE_CURVE('',#2687,#2668,#224,.F.);
#2034=EDGE_CURVE('',#2669,#2688,#3072,.T.);
#2035=EDGE_CURVE('',#2689,#2688,#3073,.T.);
#2036=EDGE_CURVE('',#2689,#2690,#3074,.F.);
#2037=EDGE_CURVE('',#2690,#2686,#435,.F.);
#2038=EDGE_CURVE('',#2691,#2692,#3075,.T.);
#2039=EDGE_CURVE('',#2691,#2693,#225,.T.);
#2040=EDGE_CURVE('',#2694,#2693,#3076,.T.);
#2041=EDGE_CURVE('',#2694,#2695,#226,.T.);
#2042=EDGE_CURVE('',#2695,#2696,#227,.T.);
#2043=EDGE_CURVE('',#2696,#2697,#3077,.T.);
#2044=EDGE_CURVE('',#2697,#2692,#228,.T.);
#2045=EDGE_CURVE('',#2698,#2699,#3078,.T.);
#2046=EDGE_CURVE('',#2699,#2700,#229,.T.);
#2047=EDGE_CURVE('',#2701,#2700,#230,.T.);
#2048=EDGE_CURVE('',#2701,#2689,#231,.T.);
#2049=EDGE_CURVE('',#2688,#2697,#232,.T.);
#2050=EDGE_CURVE('',#2702,#2696,#233,.T.);
#2051=EDGE_CURVE('',#2702,#2698,#234,.T.);
#2052=EDGE_CURVE('',#2703,#2704,#3079,.T.);
#2053=EDGE_CURVE('',#2704,#2660,#235,.T.);
#2054=EDGE_CURVE('',#2659,#2705,#236,.T.);
#2055=EDGE_CURVE('',#2705,#2647,#3080,.T.);
#2056=EDGE_CURVE('',#2647,#2648,#436,.F.);
#2057=EDGE_CURVE('',#2706,#2648,#3081,.T.);
#2058=EDGE_CURVE('',#2706,#2707,#237,.T.);
#2059=EDGE_CURVE('',#2708,#2707,#437,.T.);
#2060=EDGE_CURVE('',#2708,#2709,#238,.T.);
#2061=EDGE_CURVE('',#2710,#2709,#3082,.T.);
#2062=EDGE_CURVE('',#2710,#2711,#239,.T.);
#2063=EDGE_CURVE('',#2712,#2711,#438,.T.);
#2064=EDGE_CURVE('',#2712,#2703,#240,.T.);
#2065=EDGE_CURVE('',#2650,#2691,#241,.T.);
#2066=EDGE_CURVE('',#2692,#2713,#242,.T.);
#2067=EDGE_CURVE('',#2714,#2713,#3083,.T.);
#2068=EDGE_CURVE('',#2714,#2651,#243,.T.);
#2069=EDGE_CURVE('',#2715,#2716,#3084,.T.);
#2070=EDGE_CURVE('',#2715,#2717,#439,.F.);
#2071=EDGE_CURVE('',#2717,#2718,#3085,.T.);
#2072=EDGE_CURVE('',#2718,#2719,#440,.T.);
#2073=EDGE_CURVE('',#2661,#2719,#3086,.T.);
#2074=EDGE_CURVE('',#2720,#2705,#3087,.T.);
#2075=EDGE_CURVE('',#2720,#2716,#441,.F.);
#2076=EDGE_CURVE('',#2721,#2722,#442,.F.);
#2077=EDGE_CURVE('',#2722,#2714,#3088,.T.);
#2078=EDGE_CURVE('',#2713,#2681,#3089,.T.);
#2079=EDGE_CURVE('',#2680,#2723,#244,.T.);
#2080=EDGE_CURVE('',#2723,#2721,#3090,.T.);
#2081=EDGE_CURVE('',#2724,#2725,#3091,.T.);
#2082=EDGE_CURVE('',#2724,#2726,#443,.F.);
#2083=EDGE_CURVE('',#2726,#2706,#3092,.T.);
#2084=EDGE_CURVE('',#2653,#2727,#444,.T.);
#2085=EDGE_CURVE('',#2728,#2727,#3093,.T.);
#2086=EDGE_CURVE('',#2728,#2725,#445,.F.);
#2087=EDGE_CURVE('',#2729,#2730,#3094,.F.);
#2088=EDGE_CURVE('',#2730,#2731,#3095,.T.);
#2089=EDGE_CURVE('',#2731,#2732,#3096,.F.);
#2090=EDGE_CURVE('',#2732,#2729,#3097,.T.);
#2091=EDGE_CURVE('',#2594,#2628,#3098,.T.);
#2092=EDGE_CURVE('',#2629,#2595,#3099,.T.);
#2093=EDGE_CURVE('',#2578,#2733,#3100,.F.);
#2094=EDGE_CURVE('',#2733,#2734,#3101,.T.);
#2095=EDGE_CURVE('',#2734,#2579,#3102,.T.);
#2096=EDGE_CURVE('',#2576,#2735,#3103,.F.);
#2097=EDGE_CURVE('',#2735,#2736,#3104,.F.);
#2098=EDGE_CURVE('',#2736,#2577,#3105,.T.);
#2099=EDGE_CURVE('',#2582,#2737,#3106,.F.);
#2100=EDGE_CURVE('',#2737,#2738,#3107,.T.);
#2101=EDGE_CURVE('',#2738,#2583,#3108,.T.);
#2102=EDGE_CURVE('',#2591,#2632,#3109,.T.);
#2103=EDGE_CURVE('',#2590,#2633,#3110,.T.);
#2104=EDGE_CURVE('',#2585,#2637,#3111,.T.);
#2105=EDGE_CURVE('',#2584,#2638,#3112,.T.);
#2106=EDGE_CURVE('',#2588,#2634,#3113,.T.);
#2107=EDGE_CURVE('',#2639,#2589,#3114,.T.);
#2108=EDGE_CURVE('',#2580,#2739,#3115,.F.);
#2109=EDGE_CURVE('',#2739,#2740,#3116,.T.);
#2110=EDGE_CURVE('',#2740,#2581,#3117,.T.);
#2111=EDGE_CURVE('',#2738,#2735,#446,.T.);
#2112=EDGE_CURVE('',#2740,#2737,#447,.T.);
#2113=EDGE_CURVE('',#2736,#2733,#448,.T.);
#2114=EDGE_CURVE('',#2734,#2739,#449,.T.);
#2115=EDGE_CURVE('',#2631,#2592,#3118,.T.);
#2116=EDGE_CURVE('',#2593,#2630,#3119,.T.);
#2117=EDGE_CURVE('',#2636,#2586,#3120,.T.);
#2118=EDGE_CURVE('',#2587,#2635,#3121,.T.);
#2119=EDGE_CURVE('',#2741,#2742,#3122,.T.);
#2120=EDGE_CURVE('',#2741,#2606,#3123,.T.);
#2121=EDGE_CURVE('',#2609,#2569,#3124,.T.);
#2122=EDGE_CURVE('',#2742,#2568,#3125,.F.);
#2123=EDGE_CURVE('',#2570,#2743,#3126,.T.);
#2124=EDGE_CURVE('',#2744,#2743,#3127,.T.);
#2125=EDGE_CURVE('',#2744,#2571,#3128,.T.);
#2126=EDGE_CURVE('',#2743,#2741,#3129,.T.);
#2127=EDGE_CURVE('',#2742,#2744,#3130,.T.);
#2128=EDGE_CURVE('',#2615,#2745,#3131,.T.);
#2129=EDGE_CURVE('',#2573,#2745,#3132,.T.);
#2130=EDGE_CURVE('',#2745,#2746,#3133,.T.);
#2131=EDGE_CURVE('',#2572,#2746,#3134,.T.);
#2132=EDGE_CURVE('',#2603,#2614,#3135,.T.);
#2133=EDGE_CURVE('',#2746,#2612,#3136,.T.);
#2134=EDGE_CURVE('',#2705,#2747,#3137,.T.);
#2135=EDGE_CURVE('',#2747,#2748,#450,.T.);
#2136=EDGE_CURVE('',#2748,#2749,#3138,.T.);
#2137=EDGE_CURVE('',#2749,#2720,#3139,.F.);
#2138=EDGE_CURVE('',#2716,#2750,#3140,.T.);
#2139=EDGE_CURVE('',#2750,#2751,#3141,.F.);
#2140=EDGE_CURVE('',#2751,#2715,#3142,.T.);
#2141=EDGE_CURVE('',#2752,#2753,#3143,.T.);
#2142=EDGE_CURVE('',#2753,#2754,#451,.F.);
#2143=EDGE_CURVE('',#2754,#2706,#3144,.F.);
#2144=EDGE_CURVE('',#2726,#2752,#3145,.T.);
#2145=EDGE_CURVE('',#2725,#2755,#3146,.T.);
#2146=EDGE_CURVE('',#2755,#2756,#3147,.F.);
#2147=EDGE_CURVE('',#2756,#2724,#3148,.F.);
#2148=EDGE_CURVE('',#2682,#2643,#245,.T.);
#2149=EDGE_CURVE('',#2667,#2642,#246,.T.);
#2150=EDGE_CURVE('',#2757,#2758,#3149,.F.);
#2151=EDGE_CURVE('',#2758,#2759,#3150,.T.);
#2152=EDGE_CURVE('',#2759,#2760,#3151,.T.);
#2153=EDGE_CURVE('',#2760,#2757,#3152,.T.);
#2154=EDGE_CURVE('',#2761,#2762,#3153,.F.);
#2155=EDGE_CURVE('',#2762,#2763,#452,.T.);
#2156=EDGE_CURVE('',#2763,#2718,#3154,.F.);
#2157=EDGE_CURVE('',#2717,#2761,#3155,.F.);
#2158=EDGE_CURVE('',#2727,#2764,#3156,.F.);
#2159=EDGE_CURVE('',#2764,#2765,#453,.T.);
#2160=EDGE_CURVE('',#2765,#2766,#3157,.T.);
#2161=EDGE_CURVE('',#2766,#2728,#3158,.F.);
#2162=EDGE_CURVE('',#2767,#2768,#3159,.F.);
#2163=EDGE_CURVE('',#2768,#2769,#18,.T.);
#2164=EDGE_CURVE('',#2769,#2770,#3160,.F.);
#2165=EDGE_CURVE('',#2770,#2767,#19,.T.);
#2166=EDGE_CURVE('',#2771,#2772,#3161,.F.);
#2167=EDGE_CURVE('',#2772,#2773,#20,.T.);
#2168=EDGE_CURVE('',#2773,#2774,#3162,.F.);
#2169=EDGE_CURVE('',#2774,#2771,#21,.T.);
#2170=EDGE_CURVE('',#2688,#2600,#247,.T.);
#2171=EDGE_CURVE('',#2601,#2669,#454,.T.);
#2172=EDGE_CURVE('',#2596,#2681,#455,.T.);
#2173=EDGE_CURVE('',#2697,#2599,#248,.T.);
#2174=EDGE_CURVE('',#2597,#2713,#249,.F.);
#2175=EDGE_CURVE('',#2692,#2598,#250,.T.);
#2176=EDGE_CURVE('',#2719,#2775,#3163,.T.);
#2177=EDGE_CURVE('',#2775,#2701,#3164,.T.);
#2178=EDGE_CURVE('',#2700,#2662,#3165,.F.);
#2179=EDGE_CURVE('',#2707,#2678,#3166,.T.);
#2180=EDGE_CURVE('',#2677,#2708,#3167,.F.);
#2181=EDGE_CURVE('',#2671,#2704,#3168,.F.);
#2182=EDGE_CURVE('',#2703,#2672,#3169,.T.);
#2183=EDGE_CURVE('',#2675,#2710,#3170,.F.);
#2184=EDGE_CURVE('',#2709,#2676,#3171,.T.);
#2185=EDGE_CURVE('',#2673,#2712,#3172,.F.);
#2186=EDGE_CURVE('',#2711,#2674,#3173,.T.);
#2187=EDGE_CURVE('',#2698,#2664,#3174,.F.);
#2188=EDGE_CURVE('',#2663,#2699,#3175,.T.);
#2189=EDGE_CURVE('',#2693,#2684,#3176,.F.);
#2190=EDGE_CURVE('',#2683,#2694,#3177,.T.);
#2191=EDGE_CURVE('',#2695,#2685,#3178,.F.);
#2192=EDGE_CURVE('',#2665,#2702,#3179,.T.);
#2193=EDGE_CURVE('',#2751,#2761,#456,.F.);
#2194=EDGE_CURVE('',#2749,#2750,#457,.T.);
#2195=EDGE_CURVE('',#2756,#2752,#458,.F.);
#2196=EDGE_CURVE('',#2766,#2755,#459,.T.);
#2197=EDGE_CURVE('',#2754,#2679,#251,.T.);
#2198=EDGE_CURVE('',#2652,#2776,#460,.T.);
#2199=EDGE_CURVE('',#2776,#2764,#252,.T.);
#2200=EDGE_CURVE('',#2763,#2777,#253,.T.);
#2201=EDGE_CURVE('',#2777,#2775,#461,.T.);
#2202=EDGE_CURVE('',#2670,#2747,#254,.T.);
#2203=EDGE_CURVE('',#2748,#2778,#255,.T.);
#2204=EDGE_CURVE('',#2778,#2758,#22,.T.);
#2205=EDGE_CURVE('',#2749,#2757,#462,.T.);
#2206=EDGE_CURVE('',#2750,#2757,#463,.T.);
#2207=EDGE_CURVE('',#2751,#2760,#464,.T.);
#2208=EDGE_CURVE('',#2761,#2760,#465,.T.);
#2209=EDGE_CURVE('',#2759,#2779,#23,.T.);
#2210=EDGE_CURVE('',#2779,#2762,#256,.T.);
#2211=EDGE_CURVE('',#2765,#2780,#257,.T.);
#2212=EDGE_CURVE('',#2780,#2730,#24,.T.);
#2213=EDGE_CURVE('',#2766,#2729,#466,.T.);
#2214=EDGE_CURVE('',#2755,#2729,#467,.T.);
#2215=EDGE_CURVE('',#2756,#2732,#468,.T.);
#2216=EDGE_CURVE('',#2752,#2732,#469,.T.);
#2217=EDGE_CURVE('',#2731,#2781,#25,.T.);
#2218=EDGE_CURVE('',#2781,#2753,#258,.T.);
#2219=EDGE_CURVE('',#2782,#2783,#470,.F.);
#2220=EDGE_CURVE('',#2783,#2721,#259,.T.);
#2221=EDGE_CURVE('',#2723,#2784,#260,.T.);
#2222=EDGE_CURVE('',#2784,#2785,#471,.T.);
#2223=EDGE_CURVE('',#2785,#2770,#261,.T.);
#2224=EDGE_CURVE('',#2769,#2782,#262,.T.);
#2225=EDGE_CURVE('',#2786,#2787,#472,.F.);
#2226=EDGE_CURVE('',#2787,#2687,#263,.T.);
#2227=EDGE_CURVE('',#2686,#2788,#264,.T.);
#2228=EDGE_CURVE('',#2788,#2789,#473,.F.);
#2229=EDGE_CURVE('',#2789,#2774,#265,.T.);
#2230=EDGE_CURVE('',#2773,#2786,#266,.T.);
#2231=EDGE_CURVE('',#2690,#2775,#474,.T.);
#2232=EDGE_CURVE('',#2686,#2777,#475,.T.);
#2233=EDGE_CURVE('',#2788,#2763,#476,.T.);
#2234=EDGE_CURVE('',#2789,#2762,#477,.T.);
#2235=EDGE_CURVE('',#2774,#2779,#478,.T.);
#2236=EDGE_CURVE('',#2771,#2759,#479,.T.);
#2237=EDGE_CURVE('',#2772,#2758,#480,.T.);
#2238=EDGE_CURVE('',#2773,#2778,#481,.T.);
#2239=EDGE_CURVE('',#2786,#2748,#482,.T.);
#2240=EDGE_CURVE('',#2787,#2747,#483,.T.);
#2241=EDGE_CURVE('',#2784,#2754,#484,.T.);
#2242=EDGE_CURVE('',#2785,#2753,#485,.T.);
#2243=EDGE_CURVE('',#2770,#2781,#486,.T.);
#2244=EDGE_CURVE('',#2767,#2731,#487,.T.);
#2245=EDGE_CURVE('',#2768,#2730,#488,.T.);
#2246=EDGE_CURVE('',#2769,#2780,#489,.T.);
#2247=EDGE_CURVE('',#2782,#2765,#490,.T.);
#2248=EDGE_CURVE('',#2783,#2764,#491,.T.);
#2249=EDGE_CURVE('',#2721,#2776,#492,.T.);
#2250=EDGE_CURVE('',#2722,#2652,#493,.T.);
#2251=EDGE_CURVE('',#2626,#2737,#494,.T.);
#2252=EDGE_CURVE('',#2738,#2625,#495,.T.);
#2253=EDGE_CURVE('',#2735,#2624,#496,.T.);
#2254=EDGE_CURVE('',#2627,#2740,#497,.T.);
#2255=EDGE_CURVE('',#2736,#2623,#498,.T.);
#2256=EDGE_CURVE('',#2620,#2739,#499,.T.);
#2257=EDGE_CURVE('',#2733,#2622,#500,.T.);
#2258=EDGE_CURVE('',#2621,#2734,#501,.T.);
#2259=EDGE_CURVE('',#2613,#2745,#3180,.F.);
#2260=EDGE_CURVE('',#2602,#2615,#3181,.F.);
#2261=EDGE_CURVE('',#2607,#2743,#3182,.F.);
#2262=EDGE_CURVE('',#2608,#2570,#3183,.F.);
#2263=EDGE_CURVE('',#2790,#2791,#3184,.T.);
#2264=EDGE_CURVE('',#2790,#2792,#502,.T.);
#2265=EDGE_CURVE('',#2792,#2793,#503,.F.);
#2266=EDGE_CURVE('',#2793,#2794,#3185,.T.);
#2267=EDGE_CURVE('',#2794,#2795,#267,.T.);
#2268=EDGE_CURVE('',#2795,#2796,#3186,.T.);
#2269=EDGE_CURVE('',#2796,#2797,#268,.T.);
#2270=EDGE_CURVE('',#2797,#2798,#3187,.T.);
#2271=EDGE_CURVE('',#2798,#2799,#504,.F.);
#2272=EDGE_CURVE('',#2799,#2791,#505,.T.);
#2273=EDGE_CURVE('',#2800,#2801,#269,.T.);
#2274=EDGE_CURVE('',#2801,#2790,#3188,.F.);
#2275=EDGE_CURVE('',#2791,#2802,#3189,.T.);
#2276=EDGE_CURVE('',#2802,#2803,#270,.T.);
#2277=EDGE_CURVE('',#2803,#2804,#506,.T.);
#2278=EDGE_CURVE('',#2804,#2805,#3190,.F.);
#2279=EDGE_CURVE('',#2805,#2800,#507,.T.);
#2280=EDGE_CURVE('',#2806,#2807,#271,.F.);
#2281=EDGE_CURVE('',#2806,#2808,#272,.T.);
#2282=EDGE_CURVE('',#2809,#2808,#273,.T.);
#2283=EDGE_CURVE('',#2809,#2807,#508,.F.);
#2284=EDGE_CURVE('',#2810,#2811,#3191,.T.);
#2285=EDGE_CURVE('',#2810,#2812,#509,.F.);
#2286=EDGE_CURVE('',#2812,#2811,#274,.F.);
#2287=EDGE_CURVE('',#2813,#2814,#3192,.T.);
#2288=EDGE_CURVE('',#2813,#2815,#510,.T.);
#2289=EDGE_CURVE('',#2816,#2815,#3193,.F.);
#2290=EDGE_CURVE('',#2814,#2816,#275,.T.);
#2291=EDGE_CURVE('',#2808,#2817,#511,.F.);
#2292=EDGE_CURVE('',#2809,#2817,#3194,.T.);
#2293=EDGE_CURVE('',#2818,#2818,#276,.T.);
#2294=EDGE_CURVE('',#2817,#2810,#3195,.T.);
#2295=EDGE_CURVE('',#2811,#2809,#512,.T.);
#2296=EDGE_CURVE('',#2819,#2820,#3196,.T.);
#2297=EDGE_CURVE('',#2820,#2813,#3197,.F.);
#2298=EDGE_CURVE('',#2814,#2821,#277,.T.);
#2299=EDGE_CURVE('',#2821,#2822,#278,.T.);
#2300=EDGE_CURVE('',#2822,#2819,#279,.T.);
#2301=EDGE_CURVE('',#2823,#2824,#3198,.F.);
#2302=EDGE_CURVE('',#2823,#2820,#513,.T.);
#2303=EDGE_CURVE('',#2824,#2819,#280,.T.);
#2304=EDGE_CURVE('',#2825,#2826,#3199,.F.);
#2305=EDGE_CURVE('',#2825,#2827,#281,.T.);
#2306=EDGE_CURVE('',#2828,#2827,#514,.T.);
#2307=EDGE_CURVE('',#2828,#2829,#282,.T.);
#2308=EDGE_CURVE('',#2829,#2830,#3200,.T.);
#2309=EDGE_CURVE('',#2830,#2831,#283,.T.);
#2310=EDGE_CURVE('',#2832,#2831,#3201,.T.);
#2311=EDGE_CURVE('',#2832,#2833,#284,.T.);
#2312=EDGE_CURVE('',#2834,#2833,#515,.T.);
#2313=EDGE_CURVE('',#2834,#2835,#285,.T.);
#2314=EDGE_CURVE('',#2835,#2836,#3202,.F.);
#2315=EDGE_CURVE('',#2836,#2837,#286,.T.);
#2316=EDGE_CURVE('',#2838,#2837,#3203,.T.);
#2317=EDGE_CURVE('',#2838,#2839,#516,.T.);
#2318=EDGE_CURVE('',#2840,#2839,#287,.T.);
#2319=EDGE_CURVE('',#2840,#2841,#517,.T.);
#2320=EDGE_CURVE('',#2841,#2842,#3204,.T.);
#2321=EDGE_CURVE('',#2842,#2826,#288,.T.);
#2322=EDGE_CURVE('',#2840,#2843,#289,.T.);
#2323=EDGE_CURVE('',#2844,#2843,#518,.F.);
#2324=EDGE_CURVE('',#2844,#2841,#519,.T.);
#2325=EDGE_CURVE('',#2845,#2846,#3205,.T.);
#2326=EDGE_CURVE('',#2845,#2847,#3206,.F.);
#2327=EDGE_CURVE('',#2847,#2823,#3207,.F.);
#2328=EDGE_CURVE('',#2824,#2848,#3208,.T.);
#2329=EDGE_CURVE('',#2848,#2849,#3209,.T.);
#2330=EDGE_CURVE('',#2849,#2850,#520,.F.);
#2331=EDGE_CURVE('',#2851,#2850,#3210,.T.);
#2332=EDGE_CURVE('',#2851,#2852,#521,.T.);
#2333=EDGE_CURVE('',#2852,#2853,#3211,.T.);
#2334=EDGE_CURVE('',#2853,#2846,#522,.T.);
#2335=EDGE_CURVE('',#2815,#2854,#3212,.F.);
#2336=EDGE_CURVE('',#2854,#2855,#3213,.F.);
#2337=EDGE_CURVE('',#2855,#2856,#3214,.T.);
#2338=EDGE_CURVE('',#2856,#2857,#523,.T.);
#2339=EDGE_CURVE('',#2857,#2858,#3215,.T.);
#2340=EDGE_CURVE('',#2858,#2859,#524,.T.);
#2341=EDGE_CURVE('',#2860,#2859,#3216,.T.);
#2342=EDGE_CURVE('',#2860,#2861,#525,.F.);
#2343=EDGE_CURVE('',#2861,#2862,#3217,.T.);
#2344=EDGE_CURVE('',#2816,#2862,#3218,.T.);
#2345=EDGE_CURVE('',#2863,#2862,#290,.T.);
#2346=EDGE_CURVE('',#2864,#2863,#3219,.T.);
#2347=EDGE_CURVE('',#2864,#2816,#291,.T.);
#2348=EDGE_CURVE('',#2865,#2866,#3220,.T.);
#2349=EDGE_CURVE('',#2866,#2867,#292,.T.);
#2350=EDGE_CURVE('',#2867,#2868,#293,.T.);
#2351=EDGE_CURVE('',#2869,#2868,#3221,.T.);
#2352=EDGE_CURVE('',#2869,#2864,#294,.T.);
#2353=EDGE_CURVE('',#2863,#2870,#295,.T.);
#2354=EDGE_CURVE('',#2870,#2865,#296,.T.);
#2355=EDGE_CURVE('',#2871,#2868,#297,.T.);
#2356=EDGE_CURVE('',#2871,#2872,#298,.T.);
#2357=EDGE_CURVE('',#2872,#2873,#3222,.F.);
#2358=EDGE_CURVE('',#2873,#2874,#299,.T.);
#2359=EDGE_CURVE('',#2848,#2874,#300,.T.);
#2360=EDGE_CURVE('',#2824,#2869,#301,.T.);
#2361=EDGE_CURVE('',#2875,#2875,#302,.T.);
#2362=EDGE_CURVE('',#2855,#2876,#526,.T.);
#2363=EDGE_CURVE('',#2876,#2806,#3223,.F.);
#2364=EDGE_CURVE('',#2807,#2877,#527,.F.);
#2365=EDGE_CURVE('',#2877,#2878,#303,.T.);
#2366=EDGE_CURVE('',#2878,#2879,#3224,.T.);
#2367=EDGE_CURVE('',#2879,#2845,#528,.T.);
#2368=EDGE_CURVE('',#2846,#2880,#304,.T.);
#2369=EDGE_CURVE('',#2881,#2880,#3225,.F.);
#2370=EDGE_CURVE('',#2881,#2882,#305,.T.);
#2371=EDGE_CURVE('',#2882,#2883,#529,.T.);
#2372=EDGE_CURVE('',#2883,#2884,#306,.T.);
#2373=EDGE_CURVE('',#2884,#2885,#3226,.T.);
#2374=EDGE_CURVE('',#2885,#2886,#307,.T.);
#2375=EDGE_CURVE('',#2886,#2887,#530,.T.);
#2376=EDGE_CURVE('',#2887,#2888,#308,.T.);
#2377=EDGE_CURVE('',#2889,#2888,#3227,.T.);
#2378=EDGE_CURVE('',#2889,#2890,#309,.T.);
#2379=EDGE_CURVE('',#2890,#2891,#531,.T.);
#2380=EDGE_CURVE('',#2891,#2892,#310,.T.);
#2381=EDGE_CURVE('',#2892,#2893,#3228,.F.);
#2382=EDGE_CURVE('',#2893,#2856,#311,.T.);
#2383=EDGE_CURVE('',#2821,#2864,#312,.F.);
#2384=EDGE_CURVE('',#2822,#2869,#313,.T.);
#2385=EDGE_CURVE('',#2850,#2894,#3229,.T.);
#2386=EDGE_CURVE('',#2894,#2895,#3230,.T.);
#2387=EDGE_CURVE('',#2895,#2851,#3231,.T.);
#2388=EDGE_CURVE('',#2896,#2897,#3232,.T.);
#2389=EDGE_CURVE('',#2896,#2860,#3233,.T.);
#2390=EDGE_CURVE('',#2859,#2897,#3234,.T.);
#2391=EDGE_CURVE('',#2861,#2898,#3235,.F.);
#2392=EDGE_CURVE('',#2898,#2899,#3236,.T.);
#2393=EDGE_CURVE('',#2900,#2899,#314,.T.);
#2394=EDGE_CURVE('',#2900,#2901,#315,.T.);
#2395=EDGE_CURVE('',#2901,#2870,#3237,.F.);
#2396=EDGE_CURVE('',#2874,#2902,#3238,.T.);
#2397=EDGE_CURVE('',#2903,#2902,#316,.T.);
#2398=EDGE_CURVE('',#2904,#2903,#3239,.T.);
#2399=EDGE_CURVE('',#2904,#2849,#3240,.F.);
#2400=EDGE_CURVE('',#2882,#2834,#3241,.T.);
#2401=EDGE_CURVE('',#2833,#2883,#3242,.F.);
#2402=EDGE_CURVE('',#2835,#2881,#3243,.F.);
#2403=EDGE_CURVE('',#2880,#2836,#3244,.T.);
#2404=EDGE_CURVE('',#2852,#2905,#3245,.F.);
#2405=EDGE_CURVE('',#2906,#2905,#3246,.T.);
#2406=EDGE_CURVE('',#2906,#2853,#3247,.F.);
#2407=EDGE_CURVE('',#2892,#2825,#3248,.T.);
#2408=EDGE_CURVE('',#2826,#2893,#3249,.F.);
#2409=EDGE_CURVE('',#2827,#2891,#3250,.F.);
#2410=EDGE_CURVE('',#2890,#2828,#3251,.T.);
#2411=EDGE_CURVE('',#2907,#2908,#317,.T.);
#2412=EDGE_CURVE('',#2907,#2909,#318,.T.);
#2413=EDGE_CURVE('',#2830,#2909,#319,.T.);
#2414=EDGE_CURVE('',#2829,#2889,#3252,.F.);
#2415=EDGE_CURVE('',#2888,#2908,#3253,.T.);
#2416=EDGE_CURVE('',#2884,#2832,#3254,.T.);
#2417=EDGE_CURVE('',#2831,#2910,#320,.T.);
#2418=EDGE_CURVE('',#2910,#2911,#321,.T.);
#2419=EDGE_CURVE('',#2912,#2911,#3255,.F.);
#2420=EDGE_CURVE('',#2912,#2913,#322,.T.);
#2421=EDGE_CURVE('',#2913,#2885,#3256,.F.);
#2422=EDGE_CURVE('',#2886,#2914,#3257,.T.);
#2423=EDGE_CURVE('',#2914,#2915,#323,.T.);
#2424=EDGE_CURVE('',#2915,#2887,#3258,.F.);
#2425=EDGE_CURVE('',#2865,#2916,#3259,.T.);
#2426=EDGE_CURVE('',#2916,#2917,#324,.F.);
#2427=EDGE_CURVE('',#2917,#2918,#325,.F.);
#2428=EDGE_CURVE('',#2918,#2866,#3260,.F.);
#2429=EDGE_CURVE('',#2919,#2920,#326,.T.);
#2430=EDGE_CURVE('',#2920,#2921,#327,.T.);
#2431=EDGE_CURVE('',#2921,#2871,#3261,.F.);
#2432=EDGE_CURVE('',#2867,#2922,#3262,.T.);
#2433=EDGE_CURVE('',#2922,#2923,#328,.T.);
#2434=EDGE_CURVE('',#2923,#2919,#329,.T.);
#2435=EDGE_CURVE('',#2911,#2924,#330,.T.);
#2436=EDGE_CURVE('',#2924,#2912,#331,.T.);
#2437=EDGE_CURVE('',#2872,#2925,#3263,.T.);
#2438=EDGE_CURVE('',#2925,#2926,#332,.T.);
#2439=EDGE_CURVE('',#2927,#2926,#333,.F.);
#2440=EDGE_CURVE('',#2927,#2873,#3264,.F.);
#2441=EDGE_CURVE('',#2843,#2928,#334,.T.);
#2442=EDGE_CURVE('',#2928,#2929,#532,.F.);
#2443=EDGE_CURVE('',#2929,#2930,#3265,.T.);
#2444=EDGE_CURVE('',#2930,#2931,#335,.T.);
#2445=EDGE_CURVE('',#2931,#2932,#336,.T.);
#2446=EDGE_CURVE('',#2932,#2933,#337,.T.);
#2447=EDGE_CURVE('',#2933,#2844,#3266,.F.);
#2448=EDGE_CURVE('',#2930,#2934,#338,.T.);
#2449=EDGE_CURVE('',#2935,#2934,#339,.T.);
#2450=EDGE_CURVE('',#2935,#2931,#340,.T.);
#2451=EDGE_CURVE('',#2929,#2838,#533,.T.);
#2452=EDGE_CURVE('',#2934,#2838,#3267,.F.);
#2453=EDGE_CURVE('',#2936,#2932,#341,.T.);
#2454=EDGE_CURVE('',#2936,#2935,#342,.T.);
#2455=EDGE_CURVE('',#2937,#2933,#343,.T.);
#2456=EDGE_CURVE('',#2937,#2936,#344,.T.);
#2457=EDGE_CURVE('',#2841,#2937,#3268,.T.);
#2458=EDGE_CURVE('',#2928,#2839,#345,.T.);
#2459=EDGE_CURVE('',#2938,#2939,#346,.F.);
#2460=EDGE_CURVE('',#2938,#2940,#347,.T.);
#2461=EDGE_CURVE('',#2940,#2941,#348,.T.);
#2462=EDGE_CURVE('',#2942,#2941,#349,.T.);
#2463=EDGE_CURVE('',#2939,#2942,#350,.T.);
#2464=EDGE_CURVE('',#2943,#2939,#351,.T.);
#2465=EDGE_CURVE('',#2943,#2944,#352,.T.);
#2466=EDGE_CURVE('',#2944,#2938,#353,.T.);
#2467=EDGE_CURVE('',#2940,#2945,#354,.T.);
#2468=EDGE_CURVE('',#2945,#2946,#355,.T.);
#2469=EDGE_CURVE('',#2941,#2946,#356,.F.);
#2470=EDGE_CURVE('',#2947,#2948,#357,.T.);
#2471=EDGE_CURVE('',#2948,#2949,#358,.T.);
#2472=EDGE_CURVE('',#2950,#2949,#359,.F.);
#2473=EDGE_CURVE('',#2950,#2951,#360,.T.);
#2474=EDGE_CURVE('',#2951,#2952,#361,.F.);
#2475=EDGE_CURVE('',#2952,#2953,#362,.T.);
#2476=EDGE_CURVE('',#2953,#2954,#363,.F.);
#2477=EDGE_CURVE('',#2954,#2955,#364,.T.);
#2478=EDGE_CURVE('',#2955,#2947,#365,.T.);
#2479=EDGE_CURVE('',#2949,#2956,#366,.T.);
#2480=EDGE_CURVE('',#2956,#2957,#367,.T.);
#2481=EDGE_CURVE('',#2957,#2950,#368,.T.);
#2482=EDGE_CURVE('',#2924,#2958,#369,.T.);
#2483=EDGE_CURVE('',#2959,#2958,#370,.T.);
#2484=EDGE_CURVE('',#2959,#2960,#371,.T.);
#2485=EDGE_CURVE('',#2960,#2913,#372,.T.);
#2486=EDGE_CURVE('',#2961,#2962,#373,.T.);
#2487=EDGE_CURVE('',#2962,#2907,#374,.T.);
#2488=EDGE_CURVE('',#2908,#2963,#375,.T.);
#2489=EDGE_CURVE('',#2963,#2964,#376,.T.);
#2490=EDGE_CURVE('',#2961,#2964,#377,.T.);
#2491=EDGE_CURVE('',#2909,#2965,#378,.T.);
#2492=EDGE_CURVE('',#2965,#2966,#379,.T.);
#2493=EDGE_CURVE('',#2966,#2910,#380,.T.);
#2494=EDGE_CURVE('',#2958,#2967,#381,.T.);
#2495=EDGE_CURVE('',#2967,#2961,#382,.T.);
#2496=EDGE_CURVE('',#2964,#2959,#383,.T.);
#2497=EDGE_CURVE('',#2898,#2896,#534,.T.);
#2498=EDGE_CURVE('',#2897,#2968,#535,.F.);
#2499=EDGE_CURVE('',#2969,#2968,#3269,.T.);
#2500=EDGE_CURVE('',#2969,#2842,#536,.F.);
#2501=EDGE_CURVE('',#2937,#2899,#3270,.T.);
#2502=EDGE_CURVE('',#2936,#2900,#3271,.T.);
#2503=EDGE_CURVE('',#2970,#2971,#384,.T.);
#2504=EDGE_CURVE('',#2971,#2972,#385,.T.);
#2505=EDGE_CURVE('',#2972,#2901,#386,.T.);
#2506=EDGE_CURVE('',#2935,#2942,#3272,.T.);
#2507=EDGE_CURVE('',#2946,#2970,#387,.T.);
#2508=EDGE_CURVE('',#2894,#2904,#537,.F.);
#2509=EDGE_CURVE('',#2934,#2903,#3273,.T.);
#2510=EDGE_CURVE('',#2837,#2906,#538,.T.);
#2511=EDGE_CURVE('',#2905,#2895,#539,.T.);
#2512=EDGE_CURVE('',#2902,#2973,#388,.T.);
#2513=EDGE_CURVE('',#2973,#2974,#389,.F.);
#2514=EDGE_CURVE('',#2974,#2975,#390,.T.);
#2515=EDGE_CURVE('',#2975,#2943,#391,.T.);
#2516=EDGE_CURVE('',#2976,#2976,#392,.T.);
#2517=EDGE_CURVE('',#2977,#2977,#393,.T.);
#2518=EDGE_CURVE('',#2812,#2878,#394,.T.);
#2519=EDGE_CURVE('',#2811,#2877,#540,.T.);
#2520=EDGE_CURVE('',#2857,#2969,#3274,.T.);
#2521=EDGE_CURVE('',#2968,#2858,#3275,.F.);
#2522=EDGE_CURVE('',#2972,#2916,#395,.T.);
#2523=EDGE_CURVE('',#2918,#2922,#541,.F.);
#2524=EDGE_CURVE('',#2921,#2925,#542,.T.);
#2525=EDGE_CURVE('',#2927,#2973,#396,.F.);
#2526=EDGE_CURVE('',#2960,#2914,#397,.T.);
#2527=EDGE_CURVE('',#2915,#2963,#398,.F.);
#2528=EDGE_CURVE('',#2974,#2926,#399,.F.);
#2529=EDGE_CURVE('',#2925,#2978,#400,.T.);
#2530=EDGE_CURVE('',#2978,#2920,#543,.F.);
#2531=EDGE_CURVE('',#2956,#2975,#401,.T.);
#2532=EDGE_CURVE('',#2957,#2978,#402,.F.);
#2533=EDGE_CURVE('',#2957,#2920,#403,.F.);
#2534=EDGE_CURVE('',#2951,#2919,#404,.T.);
#2535=EDGE_CURVE('',#2954,#2923,#405,.F.);
#2536=EDGE_CURVE('',#2923,#2979,#544,.T.);
#2537=EDGE_CURVE('',#2979,#2918,#406,.T.);
#2538=EDGE_CURVE('',#2954,#2979,#407,.F.);
#2539=EDGE_CURVE('',#2970,#2955,#408,.T.);
#2540=EDGE_CURVE('',#2971,#2917,#409,.F.);
#2541=EDGE_CURVE('',#2967,#2966,#410,.T.);
#2542=EDGE_CURVE('',#2962,#2965,#411,.T.);
#2543=EDGE_CURVE('',#2955,#2945,#545,.T.);
#2544=EDGE_CURVE('',#2948,#2940,#412,.F.);
#2545=EDGE_CURVE('',#2949,#2938,#413,.F.);
#2546=EDGE_CURVE('',#2956,#2944,#546,.T.);
#2547=EDGE_CURVE('',#2795,#2980,#547,.F.);
#2548=EDGE_CURVE('',#2980,#2981,#3276,.T.);
#2549=EDGE_CURVE('',#2981,#2796,#548,.F.);
#2550=EDGE_CURVE('',#2879,#2799,#414,.F.);
#2551=EDGE_CURVE('',#2802,#2878,#549,.T.);
#2552=EDGE_CURVE('',#2845,#2798,#550,.T.);
#2553=EDGE_CURVE('',#2803,#2812,#551,.T.);
#2554=EDGE_CURVE('',#2847,#2982,#26,.F.);
#2555=EDGE_CURVE('',#2982,#2797,#415,.F.);
#2556=EDGE_CURVE('',#2823,#2982,#552,.T.);
#2557=EDGE_CURVE('',#2804,#2810,#553,.T.);
#2558=EDGE_CURVE('',#2820,#2981,#554,.T.);
#2559=EDGE_CURVE('',#2805,#2817,#555,.T.);
#2560=EDGE_CURVE('',#2813,#2980,#556,.T.);
#2561=EDGE_CURVE('',#2800,#2808,#557,.T.);
#2562=EDGE_CURVE('',#2815,#2983,#558,.T.);
#2563=EDGE_CURVE('',#2983,#2794,#416,.T.);
#2564=EDGE_CURVE('',#2854,#2983,#27,.F.);
#2565=EDGE_CURVE('',#2801,#2806,#559,.T.);
#2566=EDGE_CURVE('',#2855,#2793,#560,.T.);
#2567=EDGE_CURVE('',#2792,#2876,#417,.T.);
#2568=VERTEX_POINT('',#5815);
#2569=VERTEX_POINT('',#5816);
#2570=VERTEX_POINT('',#5818);
#2571=VERTEX_POINT('',#5820);
#2572=VERTEX_POINT('',#5824);
#2573=VERTEX_POINT('',#5825);
#2574=VERTEX_POINT('',#5827);
#2575=VERTEX_POINT('',#5829);
#2576=VERTEX_POINT('',#5833);
#2577=VERTEX_POINT('',#5834);
#2578=VERTEX_POINT('',#5836);
#2579=VERTEX_POINT('',#5838);
#2580=VERTEX_POINT('',#5840);
#2581=VERTEX_POINT('',#5842);
#2582=VERTEX_POINT('',#5844);
#2583=VERTEX_POINT('',#5846);
#2584=VERTEX_POINT('',#5849);
#2585=VERTEX_POINT('',#5850);
#2586=VERTEX_POINT('',#5852);
#2587=VERTEX_POINT('',#5854);
#2588=VERTEX_POINT('',#5856);
#2589=VERTEX_POINT('',#5858);
#2590=VERTEX_POINT('',#5861);
#2591=VERTEX_POINT('',#5862);
#2592=VERTEX_POINT('',#5864);
#2593=VERTEX_POINT('',#5866);
#2594=VERTEX_POINT('',#5868);
#2595=VERTEX_POINT('',#5870);
#2596=VERTEX_POINT('',#5873);
#2597=VERTEX_POINT('',#5874);
#2598=VERTEX_POINT('',#5880);
#2599=VERTEX_POINT('',#5888);
#2600=VERTEX_POINT('',#5896);
#2601=VERTEX_POINT('',#5898);
#2602=VERTEX_POINT('',#5901);
#2603=VERTEX_POINT('',#5902);
#2604=VERTEX_POINT('',#5904);
#2605=VERTEX_POINT('',#5906);
#2606=VERTEX_POINT('',#5908);
#2607=VERTEX_POINT('',#5910);
#2608=VERTEX_POINT('',#5912);
#2609=VERTEX_POINT('',#5914);
#2610=VERTEX_POINT('',#5916);
#2611=VERTEX_POINT('',#5918);
#2612=VERTEX_POINT('',#5920);
#2613=VERTEX_POINT('',#5922);
#2614=VERTEX_POINT('',#5926);
#2615=VERTEX_POINT('',#5928);
#2616=VERTEX_POINT('',#5932);
#2617=VERTEX_POINT('',#5933);
#2618=VERTEX_POINT('',#5935);
#2619=VERTEX_POINT('',#5937);
#2620=VERTEX_POINT('',#5940);
#2621=VERTEX_POINT('',#5941);
#2622=VERTEX_POINT('',#5943);
#2623=VERTEX_POINT('',#5945);
#2624=VERTEX_POINT('',#5947);
#2625=VERTEX_POINT('',#5949);
#2626=VERTEX_POINT('',#5951);
#2627=VERTEX_POINT('',#5953);
#2628=VERTEX_POINT('',#5956);
#2629=VERTEX_POINT('',#5957);
#2630=VERTEX_POINT('',#5959);
#2631=VERTEX_POINT('',#5961);
#2632=VERTEX_POINT('',#5963);
#2633=VERTEX_POINT('',#5965);
#2634=VERTEX_POINT('',#5968);
#2635=VERTEX_POINT('',#5969);
#2636=VERTEX_POINT('',#5971);
#2637=VERTEX_POINT('',#5973);
#2638=VERTEX_POINT('',#5975);
#2639=VERTEX_POINT('',#5977);
#2640=VERTEX_POINT('',#5980);
#2641=VERTEX_POINT('',#5981);
#2642=VERTEX_POINT('',#5989);
#2643=VERTEX_POINT('',#5997);
#2644=VERTEX_POINT('',#6003);
#2645=VERTEX_POINT('',#6005);
#2646=VERTEX_POINT('',#6013);
#2647=VERTEX_POINT('',#6015);
#2648=VERTEX_POINT('',#6019);
#2649=VERTEX_POINT('',#6025);
#2650=VERTEX_POINT('',#6047);
#2651=VERTEX_POINT('',#6048);
#2652=VERTEX_POINT('',#6050);
#2653=VERTEX_POINT('',#6052);
#2654=VERTEX_POINT('',#6054);
#2655=VERTEX_POINT('',#6073);
#2656=VERTEX_POINT('',#6096);
#2657=VERTEX_POINT('',#6100);
#2658=VERTEX_POINT('',#6101);
#2659=VERTEX_POINT('',#6103);
#2660=VERTEX_POINT('',#6105);
#2661=VERTEX_POINT('',#6164);
#2662=VERTEX_POINT('',#6165);
#2663=VERTEX_POINT('',#6170);
#2664=VERTEX_POINT('',#6172);
#2665=VERTEX_POINT('',#6177);
#2666=VERTEX_POINT('',#6211);
#2667=VERTEX_POINT('',#6213);
#2668=VERTEX_POINT('',#6225);
#2669=VERTEX_POINT('',#6226);
#2670=VERTEX_POINT('',#6231);
#2671=VERTEX_POINT('',#6240);
#2672=VERTEX_POINT('',#6242);
#2673=VERTEX_POINT('',#6247);
#2674=VERTEX_POINT('',#6249);
#2675=VERTEX_POINT('',#6254);
#2676=VERTEX_POINT('',#6256);
#2677=VERTEX_POINT('',#6261);
#2678=VERTEX_POINT('',#6263);
#2679=VERTEX_POINT('',#6268);
#2680=VERTEX_POINT('',#6273);
#2681=VERTEX_POINT('',#6275);
#2682=VERTEX_POINT('',#6294);
#2683=VERTEX_POINT('',#6323);
#2684=VERTEX_POINT('',#6324);
#2685=VERTEX_POINT('',#6358);
#2686=VERTEX_POINT('',#6365);
#2687=VERTEX_POINT('',#6366);
#2688=VERTEX_POINT('',#6372);
#2689=VERTEX_POINT('',#6374);
#2690=VERTEX_POINT('',#6376);
#2691=VERTEX_POINT('',#6393);
#2692=VERTEX_POINT('',#6394);
#2693=VERTEX_POINT('',#6399);
#2694=VERTEX_POINT('',#6401);
#2695=VERTEX_POINT('',#6406);
#2696=VERTEX_POINT('',#6421);
#2697=VERTEX_POINT('',#6423);
#2698=VERTEX_POINT('',#6446);
#2699=VERTEX_POINT('',#6447);
#2700=VERTEX_POINT('',#6452);
#2701=VERTEX_POINT('',#6468);
#2702=VERTEX_POINT('',#6493);
#2703=VERTEX_POINT('',#6500);
#2704=VERTEX_POINT('',#6501);
#2705=VERTEX_POINT('',#6510);
#2706=VERTEX_POINT('',#6514);
#2707=VERTEX_POINT('',#6519);
#2708=VERTEX_POINT('',#6521);
#2709=VERTEX_POINT('',#6526);
#2710=VERTEX_POINT('',#6528);
#2711=VERTEX_POINT('',#6533);
#2712=VERTEX_POINT('',#6535);
#2713=VERTEX_POINT('',#6561);
#2714=VERTEX_POINT('',#6563);
#2715=VERTEX_POINT('',#6572);
#2716=VERTEX_POINT('',#6573);
#2717=VERTEX_POINT('',#6575);
#2718=VERTEX_POINT('',#6577);
#2719=VERTEX_POINT('',#6579);
#2720=VERTEX_POINT('',#6582);
#2721=VERTEX_POINT('',#6586);
#2722=VERTEX_POINT('',#6587);
#2723=VERTEX_POINT('',#6594);
#2724=VERTEX_POINT('',#6598);
#2725=VERTEX_POINT('',#6599);
#2726=VERTEX_POINT('',#6601);
#2727=VERTEX_POINT('',#6604);
#2728=VERTEX_POINT('',#6606);
#2729=VERTEX_POINT('',#6610);
#2730=VERTEX_POINT('',#6611);
#2731=VERTEX_POINT('',#6613);
#2732=VERTEX_POINT('',#6615);
#2733=VERTEX_POINT('',#6622);
#2734=VERTEX_POINT('',#6624);
#2735=VERTEX_POINT('',#6628);
#2736=VERTEX_POINT('',#6630);
#2737=VERTEX_POINT('',#6634);
#2738=VERTEX_POINT('',#6636);
#2739=VERTEX_POINT('',#6649);
#2740=VERTEX_POINT('',#6651);
#2741=VERTEX_POINT('',#6675);
#2742=VERTEX_POINT('',#6676);
#2743=VERTEX_POINT('',#6682);
#2744=VERTEX_POINT('',#6684);
#2745=VERTEX_POINT('',#6691);
#2746=VERTEX_POINT('',#6695);
#2747=VERTEX_POINT('',#6703);
#2748=VERTEX_POINT('',#6705);
#2749=VERTEX_POINT('',#6707);
#2750=VERTEX_POINT('',#6711);
#2751=VERTEX_POINT('',#6713);
#2752=VERTEX_POINT('',#6717);
#2753=VERTEX_POINT('',#6718);
#2754=VERTEX_POINT('',#6720);
#2755=VERTEX_POINT('',#6725);
#2756=VERTEX_POINT('',#6727);
#2757=VERTEX_POINT('',#6835);
#2758=VERTEX_POINT('',#6836);
#2759=VERTEX_POINT('',#6838);
#2760=VERTEX_POINT('',#6840);
#2761=VERTEX_POINT('',#6844);
#2762=VERTEX_POINT('',#6845);
#2763=VERTEX_POINT('',#6847);
#2764=VERTEX_POINT('',#6852);
#2765=VERTEX_POINT('',#6854);
#2766=VERTEX_POINT('',#6856);
#2767=VERTEX_POINT('',#6860);
#2768=VERTEX_POINT('',#6861);
#2769=VERTEX_POINT('',#6863);
#2770=VERTEX_POINT('',#6865);
#2771=VERTEX_POINT('',#6869);
#2772=VERTEX_POINT('',#6870);
#2773=VERTEX_POINT('',#6872);
#2774=VERTEX_POINT('',#6874);
#2775=VERTEX_POINT('',#7002);
#2776=VERTEX_POINT('',#7041);
#2777=VERTEX_POINT('',#7055);
#2778=VERTEX_POINT('',#7071);
#2779=VERTEX_POINT('',#7082);
#2780=VERTEX_POINT('',#7092);
#2781=VERTEX_POINT('',#7103);
#2782=VERTEX_POINT('',#7110);
#2783=VERTEX_POINT('',#7111);
#2784=VERTEX_POINT('',#7120);
#2785=VERTEX_POINT('',#7122);
#2786=VERTEX_POINT('',#7133);
#2787=VERTEX_POINT('',#7134);
#2788=VERTEX_POINT('',#7143);
#2789=VERTEX_POINT('',#7145);
#2790=VERTEX_POINT('',#7358);
#2791=VERTEX_POINT('',#7359);
#2792=VERTEX_POINT('',#7361);
#2793=VERTEX_POINT('',#7363);
#2794=VERTEX_POINT('',#7365);
#2795=VERTEX_POINT('',#7370);
#2796=VERTEX_POINT('',#7372);
#2797=VERTEX_POINT('',#7377);
#2798=VERTEX_POINT('',#7379);
#2799=VERTEX_POINT('',#7381);
#2800=VERTEX_POINT('',#7388);
#2801=VERTEX_POINT('',#7389);
#2802=VERTEX_POINT('',#7392);
#2803=VERTEX_POINT('',#7397);
#2804=VERTEX_POINT('',#7399);
#2805=VERTEX_POINT('',#7401);
#2806=VERTEX_POINT('',#7422);
#2807=VERTEX_POINT('',#7423);
#2808=VERTEX_POINT('',#7428);
#2809=VERTEX_POINT('',#7433);
#2810=VERTEX_POINT('',#7437);
#2811=VERTEX_POINT('',#7438);
#2812=VERTEX_POINT('',#7440);
#2813=VERTEX_POINT('',#7447);
#2814=VERTEX_POINT('',#7448);
#2815=VERTEX_POINT('',#7450);
#2816=VERTEX_POINT('',#7452);
#2817=VERTEX_POINT('',#7460);
#2818=VERTEX_POINT('',#7479);
#2819=VERTEX_POINT('',#7484);
#2820=VERTEX_POINT('',#7485);
#2821=VERTEX_POINT('',#7492);
#2822=VERTEX_POINT('',#7500);
#2823=VERTEX_POINT('',#7510);
#2824=VERTEX_POINT('',#7511);
#2825=VERTEX_POINT('',#7520);
#2826=VERTEX_POINT('',#7521);
#2827=VERTEX_POINT('',#7526);
#2828=VERTEX_POINT('',#7528);
#2829=VERTEX_POINT('',#7533);
#2830=VERTEX_POINT('',#7535);
#2831=VERTEX_POINT('',#7541);
#2832=VERTEX_POINT('',#7543);
#2833=VERTEX_POINT('',#7548);
#2834=VERTEX_POINT('',#7550);
#2835=VERTEX_POINT('',#7555);
#2836=VERTEX_POINT('',#7557);
#2837=VERTEX_POINT('',#7562);
#2838=VERTEX_POINT('',#7564);
#2839=VERTEX_POINT('',#7566);
#2840=VERTEX_POINT('',#7578);
#2841=VERTEX_POINT('',#7580);
#2842=VERTEX_POINT('',#7582);
#2843=VERTEX_POINT('',#7597);
#2844=VERTEX_POINT('',#7599);
#2845=VERTEX_POINT('',#7603);
#2846=VERTEX_POINT('',#7604);
#2847=VERTEX_POINT('',#7606);
#2848=VERTEX_POINT('',#7609);
#2849=VERTEX_POINT('',#7611);
#2850=VERTEX_POINT('',#7613);
#2851=VERTEX_POINT('',#7615);
#2852=VERTEX_POINT('',#7617);
#2853=VERTEX_POINT('',#7619);
#2854=VERTEX_POINT('',#7623);
#2855=VERTEX_POINT('',#7625);
#2856=VERTEX_POINT('',#7627);
#2857=VERTEX_POINT('',#7629);
#2858=VERTEX_POINT('',#7631);
#2859=VERTEX_POINT('',#7633);
#2860=VERTEX_POINT('',#7635);
#2861=VERTEX_POINT('',#7637);
#2862=VERTEX_POINT('',#7639);
#2863=VERTEX_POINT('',#7675);
#2864=VERTEX_POINT('',#7677);
#2865=VERTEX_POINT('',#7704);
#2866=VERTEX_POINT('',#7705);
#2867=VERTEX_POINT('',#7710);
#2868=VERTEX_POINT('',#7733);
#2869=VERTEX_POINT('',#7735);
#2870=VERTEX_POINT('',#7765);
#2871=VERTEX_POINT('',#7827);
#2872=VERTEX_POINT('',#7832);
#2873=VERTEX_POINT('',#7834);
#2874=VERTEX_POINT('',#7839);
#2875=VERTEX_POINT('',#7897);
#2876=VERTEX_POINT('',#7899);
#2877=VERTEX_POINT('',#7902);
#2878=VERTEX_POINT('',#7907);
#2879=VERTEX_POINT('',#7909);
#2880=VERTEX_POINT('',#7915);
#2881=VERTEX_POINT('',#7917);
#2882=VERTEX_POINT('',#7922);
#2883=VERTEX_POINT('',#7924);
#2884=VERTEX_POINT('',#7929);
#2885=VERTEX_POINT('',#7931);
#2886=VERTEX_POINT('',#7936);
#2887=VERTEX_POINT('',#7938);
#2888=VERTEX_POINT('',#7943);
#2889=VERTEX_POINT('',#7945);
#2890=VERTEX_POINT('',#7950);
#2891=VERTEX_POINT('',#7952);
#2892=VERTEX_POINT('',#7957);
#2893=VERTEX_POINT('',#7959);
#2894=VERTEX_POINT('',#8069);
#2895=VERTEX_POINT('',#8071);
#2896=VERTEX_POINT('',#8075);
#2897=VERTEX_POINT('',#8076);
#2898=VERTEX_POINT('',#8081);
#2899=VERTEX_POINT('',#8083);
#2900=VERTEX_POINT('',#8091);
#2901=VERTEX_POINT('',#8106);
#2902=VERTEX_POINT('',#8110);
#2903=VERTEX_POINT('',#8123);
#2904=VERTEX_POINT('',#8125);
#2905=VERTEX_POINT('',#8135);
#2906=VERTEX_POINT('',#8137);
#2907=VERTEX_POINT('',#8150);
#2908=VERTEX_POINT('',#8151);
#2909=VERTEX_POINT('',#8156);
#2910=VERTEX_POINT('',#8169);
#2911=VERTEX_POINT('',#8174);
#2912=VERTEX_POINT('',#8176);
#2913=VERTEX_POINT('',#8181);
#2914=VERTEX_POINT('',#8185);
#2915=VERTEX_POINT('',#8191);
#2916=VERTEX_POINT('',#8195);
#2917=VERTEX_POINT('',#8200);
#2918=VERTEX_POINT('',#8205);
#2919=VERTEX_POINT('',#8212);
#2920=VERTEX_POINT('',#8213);
#2921=VERTEX_POINT('',#8218);
#2922=VERTEX_POINT('',#8221);
#2923=VERTEX_POINT('',#8226);
#2924=VERTEX_POINT('',#8238);
#2925=VERTEX_POINT('',#8245);
#2926=VERTEX_POINT('',#8250);
#2927=VERTEX_POINT('',#8255);
#2928=VERTEX_POINT('',#8269);
#2929=VERTEX_POINT('',#8271);
#2930=VERTEX_POINT('',#8273);
#2931=VERTEX_POINT('',#8281);
#2932=VERTEX_POINT('',#8289);
#2933=VERTEX_POINT('',#8295);
#2934=VERTEX_POINT('',#8338);
#2935=VERTEX_POINT('',#8346);
#2936=VERTEX_POINT('',#8393);
#2937=VERTEX_POINT('',#8436);
#2938=VERTEX_POINT('',#8474);
#2939=VERTEX_POINT('',#8475);
#2940=VERTEX_POINT('',#8480);
#2941=VERTEX_POINT('',#8485);
#2942=VERTEX_POINT('',#8490);
#2943=VERTEX_POINT('',#8519);
#2944=VERTEX_POINT('',#8525);
#2945=VERTEX_POINT('',#8581);
#2946=VERTEX_POINT('',#8587);
#2947=VERTEX_POINT('',#8638);
#2948=VERTEX_POINT('',#8639);
#2949=VERTEX_POINT('',#8644);
#2950=VERTEX_POINT('',#8649);
#2951=VERTEX_POINT('',#8654);
#2952=VERTEX_POINT('',#8659);
#2953=VERTEX_POINT('',#8664);
#2954=VERTEX_POINT('',#8670);
#2955=VERTEX_POINT('',#8675);
#2956=VERTEX_POINT('',#8710);
#2957=VERTEX_POINT('',#8715);
#2958=VERTEX_POINT('',#8744);
#2959=VERTEX_POINT('',#8749);
#2960=VERTEX_POINT('',#8754);
#2961=VERTEX_POINT('',#8798);
#2962=VERTEX_POINT('',#8799);
#2963=VERTEX_POINT('',#8808);
#2964=VERTEX_POINT('',#8814);
#2965=VERTEX_POINT('',#8867);
#2966=VERTEX_POINT('',#8874);
#2967=VERTEX_POINT('',#8903);
#2968=VERTEX_POINT('',#8918);
#2969=VERTEX_POINT('',#8920);
#2970=VERTEX_POINT('',#8950);
#2971=VERTEX_POINT('',#8951);
#2972=VERTEX_POINT('',#8956);
#2973=VERTEX_POINT('',#8983);
#2974=VERTEX_POINT('',#8988);
#2975=VERTEX_POINT('',#8993);
#2976=VERTEX_POINT('',#9015);
#2977=VERTEX_POINT('',#9032);
#2978=VERTEX_POINT('',#9123);
#2979=VERTEX_POINT('',#9224);
#2980=VERTEX_POINT('',#9522);
#2981=VERTEX_POINT('',#9524);
#2982=VERTEX_POINT('',#9550);
#2983=VERTEX_POINT('',#9569);
#2984=LINE('',#5814,#3277);
#2985=LINE('',#5817,#3278);
#2986=LINE('',#5819,#3279);
#2987=LINE('',#5821,#3280);
#2988=LINE('',#5823,#3281);
#2989=LINE('',#5826,#3282);
#2990=LINE('',#5828,#3283);
#2991=LINE('',#5830,#3284);
#2992=LINE('',#5832,#3285);
#2993=LINE('',#5837,#3286);
#2994=LINE('',#5841,#3287);
#2995=LINE('',#5845,#3288);
#2996=LINE('',#5848,#3289);
#2997=LINE('',#5851,#3290);
#2998=LINE('',#5853,#3291);
#2999=LINE('',#5855,#3292);
#3000=LINE('',#5857,#3293);
#3001=LINE('',#5859,#3294);
#3002=LINE('',#5860,#3295);
#3003=LINE('',#5863,#3296);
#3004=LINE('',#5865,#3297);
#3005=LINE('',#5867,#3298);
#3006=LINE('',#5869,#3299);
#3007=LINE('',#5871,#3300);
#3008=LINE('',#5872,#3301);
#3009=LINE('',#5897,#3302);
#3010=LINE('',#5900,#3303);
#3011=LINE('',#5903,#3304);
#3012=LINE('',#5905,#3305);
#3013=LINE('',#5907,#3306);
#3014=LINE('',#5909,#3307);
#3015=LINE('',#5911,#3308);
#3016=LINE('',#5913,#3309);
#3017=LINE('',#5915,#3310);
#3018=LINE('',#5917,#3311);
#3019=LINE('',#5919,#3312);
#3020=LINE('',#5921,#3313);
#3021=LINE('',#5923,#3314);
#3022=LINE('',#5925,#3315);
#3023=LINE('',#5927,#3316);
#3024=LINE('',#5929,#3317);
#3025=LINE('',#5931,#3318);
#3026=LINE('',#5934,#3319);
#3027=LINE('',#5936,#3320);
#3028=LINE('',#5938,#3321);
#3029=LINE('',#5942,#3322);
#3030=LINE('',#5946,#3323);
#3031=LINE('',#5950,#3324);
#3032=LINE('',#5954,#3325);
#3033=LINE('',#5955,#3326);
#3034=LINE('',#5958,#3327);
#3035=LINE('',#5960,#3328);
#3036=LINE('',#5962,#3329);
#3037=LINE('',#5964,#3330);
#3038=LINE('',#5966,#3331);
#3039=LINE('',#5967,#3332);
#3040=LINE('',#5970,#3333);
#3041=LINE('',#5972,#3334);
#3042=LINE('',#5974,#3335);
#3043=LINE('',#5976,#3336);
#3044=LINE('',#5978,#3337);
#3045=LINE('',#5979,#3338);
#3046=LINE('',#6004,#3339);
#3047=LINE('',#6016,#3340);
#3048=LINE('',#6026,#3341);
#3049=LINE('',#6028,#3342);
#3050=LINE('',#6029,#3343);
#3051=LINE('',#6030,#3344);
#3052=LINE('',#6032,#3345);
#3053=LINE('',#6034,#3346);
#3054=LINE('',#6035,#3347);
#3055=LINE('',#6049,#3348);
#3056=LINE('',#6051,#3349);
#3057=LINE('',#6053,#3350);
#3058=LINE('',#6097,#3351);
#3059=LINE('',#6102,#3352);
#3060=LINE('',#6106,#3353);
#3061=LINE('',#6171,#3354);
#3062=LINE('',#6212,#3355);
#3063=LINE('',#6222,#3356);
#3064=LINE('',#6224,#3357);
#3065=LINE('',#6241,#3358);
#3066=LINE('',#6255,#3359);
#3067=LINE('',#6274,#3360);
#3068=LINE('',#6293,#3361);
#3069=LINE('',#6295,#3362);
#3070=LINE('',#6322,#3363);
#3071=LINE('',#6364,#3364);
#3072=LINE('',#6371,#3365);
#3073=LINE('',#6373,#3366);
#3074=LINE('',#6375,#3367);
#3075=LINE('',#6392,#3368);
#3076=LINE('',#6400,#3369);
#3077=LINE('',#6422,#3370);
#3078=LINE('',#6445,#3371);
#3079=LINE('',#6499,#3372);
#3080=LINE('',#6511,#3373);
#3081=LINE('',#6513,#3374);
#3082=LINE('',#6527,#3375);
#3083=LINE('',#6562,#3376);
#3084=LINE('',#6571,#3377);
#3085=LINE('',#6576,#3378);
#3086=LINE('',#6580,#3379);
#3087=LINE('',#6581,#3380);
#3088=LINE('',#6588,#3381);
#3089=LINE('',#6589,#3382);
#3090=LINE('',#6595,#3383);
#3091=LINE('',#6597,#3384);
#3092=LINE('',#6602,#3385);
#3093=LINE('',#6605,#3386);
#3094=LINE('',#6609,#3387);
#3095=LINE('',#6612,#3388);
#3096=LINE('',#6614,#3389);
#3097=LINE('',#6616,#3390);
#3098=LINE('',#6618,#3391);
#3099=LINE('',#6619,#3392);
#3100=LINE('',#6621,#3393);
#3101=LINE('',#6623,#3394);
#3102=LINE('',#6625,#3395);
#3103=LINE('',#6627,#3396);
#3104=LINE('',#6629,#3397);
#3105=LINE('',#6631,#3398);
#3106=LINE('',#6633,#3399);
#3107=LINE('',#6635,#3400);
#3108=LINE('',#6637,#3401);
#3109=LINE('',#6639,#3402);
#3110=LINE('',#6640,#3403);
#3111=LINE('',#6642,#3404);
#3112=LINE('',#6643,#3405);
#3113=LINE('',#6645,#3406);
#3114=LINE('',#6646,#3407);
#3115=LINE('',#6648,#3408);
#3116=LINE('',#6650,#3409);
#3117=LINE('',#6652,#3410);
#3118=LINE('',#6664,#3411);
#3119=LINE('',#6666,#3412);
#3120=LINE('',#6668,#3413);
#3121=LINE('',#6670,#3414);
#3122=LINE('',#6674,#3415);
#3123=LINE('',#6677,#3416);
#3124=LINE('',#6678,#3417);
#3125=LINE('',#6679,#3418);
#3126=LINE('',#6681,#3419);
#3127=LINE('',#6683,#3420);
#3128=LINE('',#6685,#3421);
#3129=LINE('',#6687,#3422);
#3130=LINE('',#6688,#3423);
#3131=LINE('',#6690,#3424);
#3132=LINE('',#6692,#3425);
#3133=LINE('',#6694,#3426);
#3134=LINE('',#6696,#3427);
#3135=LINE('',#6698,#3428);
#3136=LINE('',#6699,#3429);
#3137=LINE('',#6702,#3430);
#3138=LINE('',#6706,#3431);
#3139=LINE('',#6708,#3432);
#3140=LINE('',#6710,#3433);
#3141=LINE('',#6712,#3434);
#3142=LINE('',#6714,#3435);
#3143=LINE('',#6716,#3436);
#3144=LINE('',#6721,#3437);
#3145=LINE('',#6722,#3438);
#3146=LINE('',#6724,#3439);
#3147=LINE('',#6726,#3440);
#3148=LINE('',#6728,#3441);
#3149=LINE('',#6834,#3442);
#3150=LINE('',#6837,#3443);
#3151=LINE('',#6839,#3444);
#3152=LINE('',#6841,#3445);
#3153=LINE('',#6843,#3446);
#3154=LINE('',#6848,#3447);
#3155=LINE('',#6849,#3448);
#3156=LINE('',#6851,#3449);
#3157=LINE('',#6855,#3450);
#3158=LINE('',#6857,#3451);
#3159=LINE('',#6859,#3452);
#3160=LINE('',#6864,#3453);
#3161=LINE('',#6868,#3454);
#3162=LINE('',#6873,#3455);
#3163=LINE('',#7001,#3456);
#3164=LINE('',#7003,#3457);
#3165=LINE('',#7004,#3458);
#3166=LINE('',#7006,#3459);
#3167=LINE('',#7007,#3460);
#3168=LINE('',#7009,#3461);
#3169=LINE('',#7010,#3462);
#3170=LINE('',#7012,#3463);
#3171=LINE('',#7013,#3464);
#3172=LINE('',#7015,#3465);
#3173=LINE('',#7016,#3466);
#3174=LINE('',#7018,#3467);
#3175=LINE('',#7019,#3468);
#3176=LINE('',#7021,#3469);
#3177=LINE('',#7022,#3470);
#3178=LINE('',#7024,#3471);
#3179=LINE('',#7025,#3472);
#3180=LINE('',#7346,#3473);
#3181=LINE('',#7348,#3474);
#3182=LINE('',#7351,#3475);
#3183=LINE('',#7353,#3476);
#3184=LINE('',#7357,#3477);
#3185=LINE('',#7364,#3478);
#3186=LINE('',#7371,#3479);
#3187=LINE('',#7378,#3480);
#3188=LINE('',#7390,#3481);
#3189=LINE('',#7391,#3482);
#3190=LINE('',#7400,#3483);
#3191=LINE('',#7436,#3484);
#3192=LINE('',#7446,#3485);
#3193=LINE('',#7451,#3486);
#3194=LINE('',#7461,#3487);
#3195=LINE('',#7480,#3488);
#3196=LINE('',#7483,#3489);
#3197=LINE('',#7486,#3490);
#3198=LINE('',#7509,#3491);
#3199=LINE('',#7519,#3492);
#3200=LINE('',#7534,#3493);
#3201=LINE('',#7542,#3494);
#3202=LINE('',#7556,#3495);
#3203=LINE('',#7563,#3496);
#3204=LINE('',#7581,#3497);
#3205=LINE('',#7602,#3498);
#3206=LINE('',#7605,#3499);
#3207=LINE('',#7607,#3500);
#3208=LINE('',#7608,#3501);
#3209=LINE('',#7610,#3502);
#3210=LINE('',#7614,#3503);
#3211=LINE('',#7618,#3504);
#3212=LINE('',#7622,#3505);
#3213=LINE('',#7624,#3506);
#3214=LINE('',#7626,#3507);
#3215=LINE('',#7630,#3508);
#3216=LINE('',#7634,#3509);
#3217=LINE('',#7638,#3510);
#3218=LINE('',#7640,#3511);
#3219=LINE('',#7676,#3512);
#3220=LINE('',#7703,#3513);
#3221=LINE('',#7734,#3514);
#3222=LINE('',#7833,#3515);
#3223=LINE('',#7900,#3516);
#3224=LINE('',#7908,#3517);
#3225=LINE('',#7916,#3518);
#3226=LINE('',#7930,#3519);
#3227=LINE('',#7944,#3520);
#3228=LINE('',#7958,#3521);
#3229=LINE('',#8068,#3522);
#3230=LINE('',#8070,#3523);
#3231=LINE('',#8072,#3524);
#3232=LINE('',#8074,#3525);
#3233=LINE('',#8077,#3526);
#3234=LINE('',#8078,#3527);
#3235=LINE('',#8080,#3528);
#3236=LINE('',#8082,#3529);
#3237=LINE('',#8107,#3530);
#3238=LINE('',#8109,#3531);
#3239=LINE('',#8124,#3532);
#3240=LINE('',#8126,#3533);
#3241=LINE('',#8128,#3534);
#3242=LINE('',#8129,#3535);
#3243=LINE('',#8131,#3536);
#3244=LINE('',#8132,#3537);
#3245=LINE('',#8134,#3538);
#3246=LINE('',#8136,#3539);
#3247=LINE('',#8138,#3540);
#3248=LINE('',#8140,#3541);
#3249=LINE('',#8141,#3542);
#3250=LINE('',#8143,#3543);
#3251=LINE('',#8144,#3544);
#3252=LINE('',#8161,#3545);
#3253=LINE('',#8162,#3546);
#3254=LINE('',#8164,#3547);
#3255=LINE('',#8175,#3548);
#3256=LINE('',#8182,#3549);
#3257=LINE('',#8184,#3550);
#3258=LINE('',#8192,#3551);
#3259=LINE('',#8194,#3552);
#3260=LINE('',#8206,#3553);
#3261=LINE('',#8219,#3554);
#3262=LINE('',#8220,#3555);
#3263=LINE('',#8244,#3556);
#3264=LINE('',#8256,#3557);
#3265=LINE('',#8272,#3558);
#3266=LINE('',#8296,#3559);
#3267=LINE('',#8354,#3560);
#3268=LINE('',#8443,#3561);
#3269=LINE('',#8919,#3562);
#3270=LINE('',#8922,#3563);
#3271=LINE('',#8931,#3564);
#3272=LINE('',#8961,#3565);
#3273=LINE('',#8968,#3566);
#3274=LINE('',#9052,#3567);
#3275=LINE('',#9053,#3568);
#3276=LINE('',#9523,#3569);
#3277=VECTOR('',#4835,1.);
#3278=VECTOR('',#4836,1.);
#3279=VECTOR('',#4837,1.);
#3280=VECTOR('',#4838,1.);
#3281=VECTOR('',#4841,1.);
#3282=VECTOR('',#4842,1.);
#3283=VECTOR('',#4843,1.);
#3284=VECTOR('',#4844,1.);
#3285=VECTOR('',#4847,1.);
#3286=VECTOR('',#4850,1.);
#3287=VECTOR('',#4853,1.);
#3288=VECTOR('',#4856,1.);
#3289=VECTOR('',#4859,1.);
#3290=VECTOR('',#4860,1.);
#3291=VECTOR('',#4861,1.);
#3292=VECTOR('',#4862,1.);
#3293=VECTOR('',#4863,1.);
#3294=VECTOR('',#4864,1.);
#3295=VECTOR('',#4865,1.);
#3296=VECTOR('',#4866,1.);
#3297=VECTOR('',#4867,1.);
#3298=VECTOR('',#4868,1.);
#3299=VECTOR('',#4869,1.);
#3300=VECTOR('',#4870,1.);
#3301=VECTOR('',#4871,1.);
#3302=VECTOR('',#4872,1.);
#3303=VECTOR('',#4875,1.);
#3304=VECTOR('',#4876,1.);
#3305=VECTOR('',#4877,1.);
#3306=VECTOR('',#4878,1.);
#3307=VECTOR('',#4879,1.);
#3308=VECTOR('',#4880,1.);
#3309=VECTOR('',#4881,1.);
#3310=VECTOR('',#4882,1.);
#3311=VECTOR('',#4883,1.);
#3312=VECTOR('',#4884,1.);
#3313=VECTOR('',#4885,1.);
#3314=VECTOR('',#4886,1.);
#3315=VECTOR('',#4889,1.);
#3316=VECTOR('',#4890,1.);
#3317=VECTOR('',#4891,1.);
#3318=VECTOR('',#4894,1.);
#3319=VECTOR('',#4895,1.);
#3320=VECTOR('',#4896,1.);
#3321=VECTOR('',#4897,1.);
#3322=VECTOR('',#4900,1.);
#3323=VECTOR('',#4903,1.);
#3324=VECTOR('',#4906,1.);
#3325=VECTOR('',#4909,1.);
#3326=VECTOR('',#4910,1.);
#3327=VECTOR('',#4911,1.);
#3328=VECTOR('',#4912,1.);
#3329=VECTOR('',#4913,1.);
#3330=VECTOR('',#4914,1.);
#3331=VECTOR('',#4915,1.);
#3332=VECTOR('',#4916,1.);
#3333=VECTOR('',#4917,1.);
#3334=VECTOR('',#4918,1.);
#3335=VECTOR('',#4919,1.);
#3336=VECTOR('',#4920,1.);
#3337=VECTOR('',#4921,1.);
#3338=VECTOR('',#4922,1.);
#3339=VECTOR('',#4923,1.);
#3340=VECTOR('',#4930,1.);
#3341=VECTOR('',#4935,1.);
#3342=VECTOR('',#4938,1.);
#3343=VECTOR('',#4939,1.);
#3344=VECTOR('',#4940,1.);
#3345=VECTOR('',#4943,1.);
#3346=VECTOR('',#4946,1.);
#3347=VECTOR('',#4947,1.);
#3348=VECTOR('',#4950,1.);
#3349=VECTOR('',#4951,1.);
#3350=VECTOR('',#4952,1.);
#3351=VECTOR('',#4953,1.);
#3352=VECTOR('',#4958,1.);
#3353=VECTOR('',#4961,1.);
#3354=VECTOR('',#4962,1.);
#3355=VECTOR('',#4963,1.);
#3356=VECTOR('',#4964,1.);
#3357=VECTOR('',#4967,1.);
#3358=VECTOR('',#4968,1.);
#3359=VECTOR('',#4971,1.);
#3360=VECTOR('',#4974,1.);
#3361=VECTOR('',#4977,1.);
#3362=VECTOR('',#4978,1.);
#3363=VECTOR('',#4979,1.);
#3364=VECTOR('',#4982,1.);
#3365=VECTOR('',#4983,1.);
#3366=VECTOR('',#4984,1.);
#3367=VECTOR('',#4985,1.);
#3368=VECTOR('',#4988,1.);
#3369=VECTOR('',#4989,1.);
#3370=VECTOR('',#4990,1.);
#3371=VECTOR('',#4991,1.);
#3372=VECTOR('',#4994,1.);
#3373=VECTOR('',#4995,1.);
#3374=VECTOR('',#4998,1.);
#3375=VECTOR('',#5001,1.);
#3376=VECTOR('',#5004,1.);
#3377=VECTOR('',#5007,1.);
#3378=VECTOR('',#5010,1.);
#3379=VECTOR('',#5013,1.);
#3380=VECTOR('',#5014,1.);
#3381=VECTOR('',#5021,1.);
#3382=VECTOR('',#5022,1.);
#3383=VECTOR('',#5023,1.);
#3384=VECTOR('',#5026,1.);
#3385=VECTOR('',#5029,1.);
#3386=VECTOR('',#5032,1.);
#3387=VECTOR('',#5037,1.);
#3388=VECTOR('',#5038,1.);
#3389=VECTOR('',#5039,1.);
#3390=VECTOR('',#5040,1.);
#3391=VECTOR('',#5043,1.);
#3392=VECTOR('',#5044,1.);
#3393=VECTOR('',#5047,1.);
#3394=VECTOR('',#5048,1.);
#3395=VECTOR('',#5049,1.);
#3396=VECTOR('',#5052,1.);
#3397=VECTOR('',#5053,1.);
#3398=VECTOR('',#5054,1.);
#3399=VECTOR('',#5057,1.);
#3400=VECTOR('',#5058,1.);
#3401=VECTOR('',#5059,1.);
#3402=VECTOR('',#5062,1.);
#3403=VECTOR('',#5063,1.);
#3404=VECTOR('',#5066,1.);
#3405=VECTOR('',#5067,1.);
#3406=VECTOR('',#5070,1.);
#3407=VECTOR('',#5071,1.);
#3408=VECTOR('',#5074,1.);
#3409=VECTOR('',#5075,1.);
#3410=VECTOR('',#5076,1.);
#3411=VECTOR('',#5099,1.);
#3412=VECTOR('',#5102,1.);
#3413=VECTOR('',#5105,1.);
#3414=VECTOR('',#5108,1.);
#3415=VECTOR('',#5115,1.);
#3416=VECTOR('',#5116,1.);
#3417=VECTOR('',#5117,1.);
#3418=VECTOR('',#5118,1.);
#3419=VECTOR('',#5121,1.);
#3420=VECTOR('',#5122,1.);
#3421=VECTOR('',#5123,1.);
#3422=VECTOR('',#5126,1.);
#3423=VECTOR('',#5127,1.);
#3424=VECTOR('',#5130,1.);
#3425=VECTOR('',#5131,1.);
#3426=VECTOR('',#5134,1.);
#3427=VECTOR('',#5135,1.);
#3428=VECTOR('',#5138,1.);
#3429=VECTOR('',#5139,1.);
#3430=VECTOR('',#5144,1.);
#3431=VECTOR('',#5147,1.);
#3432=VECTOR('',#5148,1.);
#3433=VECTOR('',#5151,1.);
#3434=VECTOR('',#5152,1.);
#3435=VECTOR('',#5153,1.);
#3436=VECTOR('',#5156,1.);
#3437=VECTOR('',#5159,1.);
#3438=VECTOR('',#5160,1.);
#3439=VECTOR('',#5163,1.);
#3440=VECTOR('',#5164,1.);
#3441=VECTOR('',#5165,1.);
#3442=VECTOR('',#5170,1.);
#3443=VECTOR('',#5171,1.);
#3444=VECTOR('',#5172,1.);
#3445=VECTOR('',#5173,1.);
#3446=VECTOR('',#5176,1.);
#3447=VECTOR('',#5179,1.);
#3448=VECTOR('',#5180,1.);
#3449=VECTOR('',#5183,1.);
#3450=VECTOR('',#5186,1.);
#3451=VECTOR('',#5187,1.);
#3452=VECTOR('',#5190,1.);
#3453=VECTOR('',#5193,1.);
#3454=VECTOR('',#5198,1.);
#3455=VECTOR('',#5201,1.);
#3456=VECTOR('',#5216,1.);
#3457=VECTOR('',#5217,1.);
#3458=VECTOR('',#5218,1.);
#3459=VECTOR('',#5221,1.);
#3460=VECTOR('',#5222,1.);
#3461=VECTOR('',#5225,1.);
#3462=VECTOR('',#5226,1.);
#3463=VECTOR('',#5229,1.);
#3464=VECTOR('',#5230,1.);
#3465=VECTOR('',#5233,1.);
#3466=VECTOR('',#5234,1.);
#3467=VECTOR('',#5237,1.);
#3468=VECTOR('',#5238,1.);
#3469=VECTOR('',#5241,1.);
#3470=VECTOR('',#5242,1.);
#3471=VECTOR('',#5245,1.);
#3472=VECTOR('',#5246,1.);
#3473=VECTOR('',#5443,1.);
#3474=VECTOR('',#5446,1.);
#3475=VECTOR('',#5451,1.);
#3476=VECTOR('',#5454,1.);
#3477=VECTOR('',#5461,1.);
#3478=VECTOR('',#5466,1.);
#3479=VECTOR('',#5467,1.);
#3480=VECTOR('',#5468,1.);
#3481=VECTOR('',#5475,1.);
#3482=VECTOR('',#5476,1.);
#3483=VECTOR('',#5479,1.);
#3484=VECTOR('',#5486,1.);
#3485=VECTOR('',#5491,1.);
#3486=VECTOR('',#5494,1.);
#3487=VECTOR('',#5499,1.);
#3488=VECTOR('',#5502,1.);
#3489=VECTOR('',#5507,1.);
#3490=VECTOR('',#5508,1.);
#3491=VECTOR('',#5511,1.);
#3492=VECTOR('',#5516,1.);
#3493=VECTOR('',#5519,1.);
#3494=VECTOR('',#5520,1.);
#3495=VECTOR('',#5523,1.);
#3496=VECTOR('',#5524,1.);
#3497=VECTOR('',#5529,1.);
#3498=VECTOR('',#5538,1.);
#3499=VECTOR('',#5539,1.);
#3500=VECTOR('',#5540,1.);
#3501=VECTOR('',#5541,1.);
#3502=VECTOR('',#5542,1.);
#3503=VECTOR('',#5545,1.);
#3504=VECTOR('',#5548,1.);
#3505=VECTOR('',#5553,1.);
#3506=VECTOR('',#5554,1.);
#3507=VECTOR('',#5555,1.);
#3508=VECTOR('',#5558,1.);
#3509=VECTOR('',#5561,1.);
#3510=VECTOR('',#5564,1.);
#3511=VECTOR('',#5565,1.);
#3512=VECTOR('',#5566,1.);
#3513=VECTOR('',#5567,1.);
#3514=VECTOR('',#5568,1.);
#3515=VECTOR('',#5569,1.);
#3516=VECTOR('',#5574,1.);
#3517=VECTOR('',#5577,1.);
#3518=VECTOR('',#5580,1.);
#3519=VECTOR('',#5583,1.);
#3520=VECTOR('',#5586,1.);
#3521=VECTOR('',#5589,1.);
#3522=VECTOR('',#5592,1.);
#3523=VECTOR('',#5593,1.);
#3524=VECTOR('',#5594,1.);
#3525=VECTOR('',#5597,1.);
#3526=VECTOR('',#5598,1.);
#3527=VECTOR('',#5599,1.);
#3528=VECTOR('',#5602,1.);
#3529=VECTOR('',#5603,1.);
#3530=VECTOR('',#5604,1.);
#3531=VECTOR('',#5607,1.);
#3532=VECTOR('',#5608,1.);
#3533=VECTOR('',#5609,1.);
#3534=VECTOR('',#5612,1.);
#3535=VECTOR('',#5613,1.);
#3536=VECTOR('',#5616,1.);
#3537=VECTOR('',#5617,1.);
#3538=VECTOR('',#5620,1.);
#3539=VECTOR('',#5621,1.);
#3540=VECTOR('',#5622,1.);
#3541=VECTOR('',#5625,1.);
#3542=VECTOR('',#5626,1.);
#3543=VECTOR('',#5629,1.);
#3544=VECTOR('',#5630,1.);
#3545=VECTOR('',#5633,1.);
#3546=VECTOR('',#5634,1.);
#3547=VECTOR('',#5637,1.);
#3548=VECTOR('',#5638,1.);
#3549=VECTOR('',#5639,1.);
#3550=VECTOR('',#5642,1.);
#3551=VECTOR('',#5643,1.);
#3552=VECTOR('',#5646,1.);
#3553=VECTOR('',#5647,1.);
#3554=VECTOR('',#5650,1.);
#3555=VECTOR('',#5651,1.);
#3556=VECTOR('',#5656,1.);
#3557=VECTOR('',#5657,1.);
#3558=VECTOR('',#5662,1.);
#3559=VECTOR('',#5663,1.);
#3560=VECTOR('',#5668,1.);
#3561=VECTOR('',#5671,1.);
#3562=VECTOR('',#5680,1.);
#3563=VECTOR('',#5683,1.);
#3564=VECTOR('',#5684,1.);
#3565=VECTOR('',#5685,1.);
#3566=VECTOR('',#5690,1.);
#3567=VECTOR('',#5703,1.);
#3568=VECTOR('',#5704,1.);
#3569=VECTOR('',#5753,1.);
#3570=EDGE_LOOP('',(#561,#562,#563,#564));
#3571=EDGE_LOOP('',(#565,#566,#567,#568));
#3572=EDGE_LOOP('',(#569,#570,#571,#572,#573,#574,#575,#576));
#3573=EDGE_LOOP('',(#577,#578,#579,#580,#581,#582));
#3574=EDGE_LOOP('',(#583,#584,#585,#586,#587,#588));
#3575=EDGE_LOOP('',(#589,#590,#591,#592,#593,#594));
#3576=EDGE_LOOP('',(#595,#596,#597,#598,#599,#600,#601,#602,#603,#604,#605,
#606));
#3577=EDGE_LOOP('',(#607,#608,#609,#610));
#3578=EDGE_LOOP('',(#611,#612,#613,#614));
#3579=EDGE_LOOP('',(#615,#616,#617,#618,#619,#620,#621,#622));
#3580=EDGE_LOOP('',(#623,#624,#625,#626,#627,#628));
#3581=EDGE_LOOP('',(#629,#630,#631,#632,#633,#634));
#3582=EDGE_LOOP('',(#635,#636,#637,#638,#639,#640));
#3583=EDGE_LOOP('',(#641,#642,#643,#644));
#3584=EDGE_LOOP('',(#645,#646,#647,#648));
#3585=EDGE_LOOP('',(#649,#650,#651,#652,#653));
#3586=EDGE_LOOP('',(#654,#655,#656,#657));
#3587=EDGE_LOOP('',(#658,#659,#660,#661,#662));
#3588=EDGE_LOOP('',(#663,#664,#665,#666,#667,#668,#669));
#3589=EDGE_LOOP('',(#670,#671,#672,#673));
#3590=EDGE_LOOP('',(#674,#675,#676,#677,#678,#679,#680,#681));
#3591=EDGE_LOOP('',(#682,#683,#684,#685,#686,#687,#688,#689,#690,#691,#692,
#693,#694,#695,#696,#697));
#3592=EDGE_LOOP('',(#698,#699,#700,#701));
#3593=EDGE_LOOP('',(#702,#703,#704,#705,#706,#707,#708,#709));
#3594=EDGE_LOOP('',(#710,#711,#712,#713,#714,#715,#716));
#3595=EDGE_LOOP('',(#717,#718,#719,#720,#721,#722,#723));
#3596=EDGE_LOOP('',(#724,#725,#726,#727,#728,#729,#730,#731,#732));
#3597=EDGE_LOOP('',(#733,#734,#735,#736,#737,#738,#739,#740,#741,#742,#743,
#744,#745,#746));
#3598=EDGE_LOOP('',(#747,#748,#749,#750,#751,#752));
#3599=EDGE_LOOP('',(#753,#754,#755,#756,#757,#758,#759,#760,#761,#762));
#3600=EDGE_LOOP('',(#763,#764,#765,#766,#767,#768,#769));
#3601=EDGE_LOOP('',(#770,#771,#772,#773,#774,#775,#776,#777,#778,#779));
#3602=EDGE_LOOP('',(#780,#781,#782,#783));
#3603=EDGE_LOOP('',(#784,#785,#786,#787));
#3604=EDGE_LOOP('',(#788,#789,#790,#791));
#3605=EDGE_LOOP('',(#792,#793,#794,#795));
#3606=EDGE_LOOP('',(#796,#797,#798,#799));
#3607=EDGE_LOOP('',(#800,#801,#802,#803));
#3608=EDGE_LOOP('',(#804,#805,#806,#807));
#3609=EDGE_LOOP('',(#808,#809,#810,#811));
#3610=EDGE_LOOP('',(#812,#813,#814,#815));
#3611=EDGE_LOOP('',(#816,#817,#818,#819));
#3612=EDGE_LOOP('',(#820,#821,#822,#823));
#3613=EDGE_LOOP('',(#824,#825,#826,#827));
#3614=EDGE_LOOP('',(#828,#829,#830,#831));
#3615=EDGE_LOOP('',(#832,#833,#834,#835));
#3616=EDGE_LOOP('',(#836,#837,#838,#839));
#3617=EDGE_LOOP('',(#840,#841,#842,#843));
#3618=EDGE_LOOP('',(#844,#845,#846,#847));
#3619=EDGE_LOOP('',(#848,#849,#850,#851));
#3620=EDGE_LOOP('',(#852,#853,#854,#855));
#3621=EDGE_LOOP('',(#856,#857,#858,#859));
#3622=EDGE_LOOP('',(#860,#861,#862,#863));
#3623=EDGE_LOOP('',(#864,#865,#866,#867,#868,#869,#870));
#3624=EDGE_LOOP('',(#871,#872,#873,#874));
#3625=EDGE_LOOP('',(#875,#876,#877,#878));
#3626=EDGE_LOOP('',(#879,#880,#881,#882));
#3627=EDGE_LOOP('',(#883,#884,#885,#886));
#3628=EDGE_LOOP('',(#887,#888,#889,#890,#891,#892,#893));
#3629=EDGE_LOOP('',(#894,#895,#896,#897));
#3630=EDGE_LOOP('',(#898,#899,#900,#901,#902));
#3631=EDGE_LOOP('',(#903,#904,#905,#906));
#3632=EDGE_LOOP('',(#907,#908,#909,#910,#911));
#3633=EDGE_LOOP('',(#912,#913,#914,#915));
#3634=EDGE_LOOP('',(#916,#917,#918,#919));
#3635=EDGE_LOOP('',(#920,#921,#922,#923));
#3636=EDGE_LOOP('',(#924,#925,#926,#927));
#3637=EDGE_LOOP('',(#928,#929,#930,#931));
#3638=EDGE_LOOP('',(#932,#933,#934,#935));
#3639=EDGE_LOOP('',(#936,#937,#938,#939,#940));
#3640=EDGE_LOOP('',(#941,#942,#943,#944,#945));
#3641=EDGE_LOOP('',(#946,#947,#948,#949));
#3642=EDGE_LOOP('',(#950,#951,#952,#953));
#3643=EDGE_LOOP('',(#954,#955,#956,#957));
#3644=EDGE_LOOP('',(#958,#959,#960,#961));
#3645=EDGE_LOOP('',(#962,#963,#964,#965));
#3646=EDGE_LOOP('',(#966,#967,#968,#969));
#3647=EDGE_LOOP('',(#970,#971,#972,#973));
#3648=EDGE_LOOP('',(#974,#975,#976,#977));
#3649=EDGE_LOOP('',(#978,#979,#980,#981,#982,#983));
#3650=EDGE_LOOP('',(#984,#985,#986,#987));
#3651=EDGE_LOOP('',(#988,#989,#990,#991));
#3652=EDGE_LOOP('',(#992,#993,#994,#995));
#3653=EDGE_LOOP('',(#996,#997,#998,#999));
#3654=EDGE_LOOP('',(#1000,#1001,#1002,#1003));
#3655=EDGE_LOOP('',(#1004,#1005,#1006,#1007));
#3656=EDGE_LOOP('',(#1008,#1009,#1010,#1011,#1012,#1013));
#3657=EDGE_LOOP('',(#1014,#1015,#1016,#1017));
#3658=EDGE_LOOP('',(#1018,#1019,#1020,#1021));
#3659=EDGE_LOOP('',(#1022,#1023,#1024,#1025));
#3660=EDGE_LOOP('',(#1026,#1027,#1028,#1029));
#3661=EDGE_LOOP('',(#1030,#1031,#1032,#1033,#1034));
#3662=EDGE_LOOP('',(#1035,#1036,#1037,#1038,#1039));
#3663=EDGE_LOOP('',(#1040,#1041,#1042,#1043,#1044));
#3664=EDGE_LOOP('',(#1045,#1046,#1047,#1048));
#3665=EDGE_LOOP('',(#1049,#1050,#1051,#1052));
#3666=EDGE_LOOP('',(#1053,#1054,#1055,#1056));
#3667=EDGE_LOOP('',(#1057,#1058,#1059,#1060,#1061));
#3668=EDGE_LOOP('',(#1062,#1063,#1064,#1065,#1066));
#3669=EDGE_LOOP('',(#1067,#1068,#1069,#1070));
#3670=EDGE_LOOP('',(#1071,#1072,#1073,#1074));
#3671=EDGE_LOOP('',(#1075,#1076,#1077,#1078));
#3672=EDGE_LOOP('',(#1079,#1080,#1081,#1082));
#3673=EDGE_LOOP('',(#1083,#1084,#1085,#1086,#1087));
#3674=EDGE_LOOP('',(#1088,#1089,#1090));
#3675=EDGE_LOOP('',(#1091,#1092,#1093,#1094));
#3676=EDGE_LOOP('',(#1095,#1096,#1097));
#3677=EDGE_LOOP('',(#1098,#1099,#1100,#1101,#1102));
#3678=EDGE_LOOP('',(#1103,#1104,#1105,#1106,#1107));
#3679=EDGE_LOOP('',(#1108,#1109,#1110));
#3680=EDGE_LOOP('',(#1111,#1112,#1113,#1114));
#3681=EDGE_LOOP('',(#1115,#1116,#1117));
#3682=EDGE_LOOP('',(#1118,#1119,#1120,#1121,#1122));
#3683=EDGE_LOOP('',(#1123,#1124,#1125,#1126,#1127,#1128,#1129,#1130));
#3684=EDGE_LOOP('',(#1131,#1132,#1133,#1134,#1135,#1136,#1137,#1138));
#3685=EDGE_LOOP('',(#1139,#1140,#1141,#1142));
#3686=EDGE_LOOP('',(#1143,#1144,#1145,#1146));
#3687=EDGE_LOOP('',(#1147,#1148,#1149,#1150));
#3688=EDGE_LOOP('',(#1151,#1152,#1153,#1154));
#3689=EDGE_LOOP('',(#1155,#1156,#1157,#1158));
#3690=EDGE_LOOP('',(#1159,#1160,#1161,#1162));
#3691=EDGE_LOOP('',(#1163,#1164,#1165,#1166));
#3692=EDGE_LOOP('',(#1167,#1168,#1169,#1170));
#3693=EDGE_LOOP('',(#1171,#1172,#1173,#1174));
#3694=EDGE_LOOP('',(#1175,#1176,#1177,#1178));
#3695=EDGE_LOOP('',(#1179,#1180,#1181,#1182,#1183));
#3696=EDGE_LOOP('',(#1184,#1185,#1186,#1187,#1188));
#3697=EDGE_LOOP('',(#1189,#1190,#1191,#1192));
#3698=EDGE_LOOP('',(#1193,#1194,#1195,#1196));
#3699=EDGE_LOOP('',(#1197,#1198,#1199,#1200));
#3700=EDGE_LOOP('',(#1201,#1202,#1203,#1204));
#3701=EDGE_LOOP('',(#1205,#1206,#1207,#1208));
#3702=EDGE_LOOP('',(#1209,#1210,#1211,#1212));
#3703=EDGE_LOOP('',(#1213,#1214,#1215,#1216));
#3704=EDGE_LOOP('',(#1217,#1218,#1219,#1220));
#3705=EDGE_LOOP('',(#1221,#1222,#1223,#1224));
#3706=EDGE_LOOP('',(#1225,#1226,#1227,#1228));
#3707=EDGE_LOOP('',(#1229,#1230,#1231,#1232));
#3708=EDGE_LOOP('',(#1233,#1234,#1235,#1236));
#3709=EDGE_LOOP('',(#1237,#1238,#1239,#1240));
#3710=EDGE_LOOP('',(#1241,#1242,#1243,#1244));
#3711=EDGE_LOOP('',(#1245,#1246,#1247,#1248));
#3712=EDGE_LOOP('',(#1249,#1250,#1251,#1252));
#3713=EDGE_LOOP('',(#1253,#1254,#1255,#1256));
#3714=EDGE_LOOP('',(#1257,#1258,#1259,#1260));
#3715=EDGE_LOOP('',(#1261,#1262,#1263,#1264));
#3716=EDGE_LOOP('',(#1265,#1266,#1267,#1268));
#3717=EDGE_LOOP('',(#1269,#1270,#1271,#1272));
#3718=EDGE_LOOP('',(#1273,#1274,#1275,#1276));
#3719=EDGE_LOOP('',(#1277,#1278,#1279,#1280));
#3720=EDGE_LOOP('',(#1281,#1282,#1283,#1284));
#3721=EDGE_LOOP('',(#1285,#1286,#1287,#1288));
#3722=EDGE_LOOP('',(#1289,#1290,#1291,#1292,#1293,#1294,#1295,#1296,#1297,
#1298));
#3723=EDGE_LOOP('',(#1299,#1300,#1301,#1302,#1303,#1304,#1305,#1306));
#3724=EDGE_LOOP('',(#1307,#1308,#1309,#1310));
#3725=EDGE_LOOP('',(#1311,#1312,#1313));
#3726=EDGE_LOOP('',(#1314,#1315,#1316,#1317));
#3727=EDGE_LOOP('',(#1318,#1319,#1320));
#3728=EDGE_LOOP('',(#1321));
#3729=EDGE_LOOP('',(#1322,#1323,#1324,#1325));
#3730=EDGE_LOOP('',(#1326,#1327,#1328,#1329,#1330,#1331));
#3731=EDGE_LOOP('',(#1332,#1333,#1334,#1335));
#3732=EDGE_LOOP('',(#1336,#1337,#1338,#1339,#1340,#1341,#1342,#1343,#1344,
#1345,#1346,#1347,#1348,#1349,#1350,#1351,#1352,#1353));
#3733=EDGE_LOOP('',(#1354,#1355,#1356,#1357));
#3734=EDGE_LOOP('',(#1358,#1359,#1360,#1361,#1362,#1363,#1364,#1365,#1366,
#1367,#1368));
#3735=EDGE_LOOP('',(#1369,#1370,#1371,#1372,#1373,#1374,#1375,#1376,#1377,
#1378,#1379));
#3736=EDGE_LOOP('',(#1380,#1381,#1382,#1383));
#3737=EDGE_LOOP('',(#1384,#1385,#1386,#1387,#1388,#1389,#1390,#1391));
#3738=EDGE_LOOP('',(#1392,#1393,#1394,#1395,#1396,#1397,#1398,#1399));
#3739=EDGE_LOOP('',(#1400));
#3740=EDGE_LOOP('',(#1401,#1402,#1403,#1404,#1405,#1406,#1407,#1408,#1409,
#1410,#1411,#1412,#1413,#1414,#1415,#1416,#1417,#1418,#1419,#1420,#1421,
#1422,#1423,#1424));
#3741=EDGE_LOOP('',(#1425,#1426,#1427,#1428));
#3742=EDGE_LOOP('',(#1429,#1430,#1431,#1432));
#3743=EDGE_LOOP('',(#1433,#1434,#1435,#1436));
#3744=EDGE_LOOP('',(#1437,#1438,#1439,#1440));
#3745=EDGE_LOOP('',(#1441,#1442,#1443,#1444));
#3746=EDGE_LOOP('',(#1445,#1446,#1447,#1448,#1449,#1450,#1451,#1452));
#3747=EDGE_LOOP('',(#1453,#1454,#1455,#1456,#1457,#1458));
#3748=EDGE_LOOP('',(#1459,#1460,#1461,#1462));
#3749=EDGE_LOOP('',(#1463,#1464,#1465,#1466));
#3750=EDGE_LOOP('',(#1467,#1468,#1469,#1470));
#3751=EDGE_LOOP('',(#1471,#1472,#1473,#1474));
#3752=EDGE_LOOP('',(#1475,#1476,#1477,#1478));
#3753=EDGE_LOOP('',(#1479,#1480,#1481,#1482,#1483,#1484,#1485));
#3754=EDGE_LOOP('',(#1486,#1487,#1488,#1489,#1490,#1491,#1492,#1493));
#3755=EDGE_LOOP('',(#1494,#1495,#1496,#1497));
#3756=EDGE_LOOP('',(#1498,#1499,#1500,#1501,#1502));
#3757=EDGE_LOOP('',(#1503,#1504,#1505,#1506,#1507,#1508,#1509,#1510));
#3758=EDGE_LOOP('',(#1511,#1512,#1513));
#3759=EDGE_LOOP('',(#1514,#1515,#1516,#1517,#1518));
#3760=EDGE_LOOP('',(#1519,#1520,#1521,#1522,#1523,#1524,#1525,#1526));
#3761=EDGE_LOOP('',(#1527,#1528,#1529,#1530));
#3762=EDGE_LOOP('',(#1531,#1532,#1533,#1534));
#3763=EDGE_LOOP('',(#1535,#1536,#1537,#1538));
#3764=EDGE_LOOP('',(#1539,#1540,#1541,#1542));
#3765=EDGE_LOOP('',(#1543,#1544,#1545,#1546));
#3766=EDGE_LOOP('',(#1547,#1548,#1549,#1550));
#3767=EDGE_LOOP('',(#1551,#1552,#1553,#1554,#1555));
#3768=EDGE_LOOP('',(#1556,#1557,#1558,#1559));
#3769=EDGE_LOOP('',(#1560,#1561,#1562,#1563));
#3770=EDGE_LOOP('',(#1564,#1565,#1566,#1567,#1568,#1569,#1570,#1571,#1572));
#3771=EDGE_LOOP('',(#1573,#1574,#1575,#1576));
#3772=EDGE_LOOP('',(#1577,#1578,#1579,#1580,#1581,#1582));
#3773=EDGE_LOOP('',(#1583,#1584,#1585,#1586,#1587,#1588));
#3774=EDGE_LOOP('',(#1589,#1590,#1591,#1592,#1593,#1594));
#3775=EDGE_LOOP('',(#1595,#1596,#1597,#1598,#1599));
#3776=EDGE_LOOP('',(#1600,#1601,#1602,#1603,#1604,#1605,#1606,#1607,#1608));
#3777=EDGE_LOOP('',(#1609,#1610,#1611,#1612));
#3778=EDGE_LOOP('',(#1613,#1614,#1615,#1616,#1617,#1618,#1619,#1620,#1621,
#1622));
#3779=EDGE_LOOP('',(#1623,#1624,#1625,#1626,#1627,#1628,#1629,#1630,#1631));
#3780=EDGE_LOOP('',(#1632,#1633,#1634,#1635,#1636,#1637,#1638,#1639,#1640,
#1641));
#3781=EDGE_LOOP('',(#1642));
#3782=EDGE_LOOP('',(#1643));
#3783=EDGE_LOOP('',(#1644,#1645,#1646,#1647));
#3784=EDGE_LOOP('',(#1648,#1649,#1650,#1651));
#3785=EDGE_LOOP('',(#1652,#1653,#1654,#1655));
#3786=EDGE_LOOP('',(#1656,#1657,#1658,#1659));
#3787=EDGE_LOOP('',(#1660,#1661,#1662,#1663,#1664,#1665));
#3788=EDGE_LOOP('',(#1666,#1667,#1668,#1669));
#3789=EDGE_LOOP('',(#1670,#1671,#1672,#1673));
#3790=EDGE_LOOP('',(#1674,#1675,#1676,#1677,#1678,#1679));
#3791=EDGE_LOOP('',(#1680,#1681,#1682,#1683));
#3792=EDGE_LOOP('',(#1684,#1685,#1686,#1687));
#3793=EDGE_LOOP('',(#1688,#1689,#1690,#1691,#1692));
#3794=EDGE_LOOP('',(#1693,#1694,#1695,#1696));
#3795=EDGE_LOOP('',(#1697,#1698,#1699,#1700));
#3796=EDGE_LOOP('',(#1701,#1702,#1703,#1704,#1705));
#3797=EDGE_LOOP('',(#1706,#1707,#1708,#1709));
#3798=EDGE_LOOP('',(#1710,#1711,#1712,#1713));
#3799=EDGE_LOOP('',(#1714,#1715,#1716,#1717));
#3800=EDGE_LOOP('',(#1718,#1719,#1720,#1721));
#3801=EDGE_LOOP('',(#1722,#1723,#1724,#1725,#1726));
#3802=EDGE_LOOP('',(#1727,#1728,#1729,#1730,#1731));
#3803=EDGE_LOOP('',(#1732,#1733,#1734,#1735));
#3804=EDGE_LOOP('',(#1736,#1737,#1738,#1739));
#3805=EDGE_LOOP('',(#1740,#1741,#1742,#1743,#1744,#1745,#1746));
#3806=EDGE_LOOP('',(#1747,#1748,#1749));
#3807=EDGE_LOOP('',(#1750,#1751,#1752,#1753,#1754));
#3808=EDGE_LOOP('',(#1755,#1756,#1757,#1758,#1759,#1760));
#3809=EDGE_LOOP('',(#1761,#1762,#1763,#1764));
#3810=EDGE_LOOP('',(#1765,#1766,#1767));
#3811=EDGE_LOOP('',(#1768,#1769,#1770,#1771,#1772,#1773,#1774));
#3812=EDGE_LOOP('',(#1775,#1776,#1777,#1778));
#3813=EDGE_LOOP('',(#1779,#1780,#1781,#1782,#1783,#1784));
#3814=EDGE_LOOP('',(#1785));
#3815=EDGE_LOOP('',(#1786));
#3816=EDGE_LOOP('',(#1787));
#3817=EDGE_LOOP('',(#1788));
#3818=EDGE_LOOP('',(#1789,#1790,#1791,#1792,#1793,#1794));
#3819=EDGE_LOOP('',(#1795,#1796,#1797,#1798,#1799));
#3820=EDGE_LOOP('',(#1800,#1801,#1802,#1803));
#3821=EDGE_LOOP('',(#1804,#1805,#1806,#1807));
#3822=EDGE_LOOP('',(#1808,#1809,#1810,#1811,#1812));
#3823=EDGE_LOOP('',(#1813,#1814,#1815,#1816));
#3824=EDGE_LOOP('',(#1817,#1818,#1819,#1820));
#3825=EDGE_LOOP('',(#1821,#1822,#1823,#1824));
#3826=EDGE_LOOP('',(#1825,#1826,#1827,#1828));
#3827=EDGE_LOOP('',(#1829,#1830,#1831,#1832,#1833));
#3828=EDGE_LOOP('',(#1834,#1835,#1836,#1837));
#3829=EDGE_LOOP('',(#1838,#1839,#1840,#1841));
#3830=EDGE_LOOP('',(#1842,#1843,#1844,#1845,#1846));
#3831=EDGE_LOOP('',(#1847,#1848,#1849));
#3832=EDGE_LOOP('',(#1850,#1851,#1852,#1853));
#3833=EDGE_LOOP('',(#1854,#1855,#1856,#1857,#1858,#1859));
#3834=EDGE_LOOP('',(#1860,#1861,#1862,#1863));
#3835=EDGE_LOOP('',(#1864,#1865,#1866,#1867));
#3836=EDGE_LOOP('',(#1868,#1869,#1870,#1871));
#3837=EDGE_LOOP('',(#1872,#1873,#1874,#1875,#1876,#1877));
#3838=EDGE_LOOP('',(#1878,#1879,#1880));
#3839=EDGE_LOOP('',(#1881,#1882,#1883,#1884));
#3840=EDGE_LOOP('',(#1885,#1886,#1887,#1888,#1889));
#3841=EDGE_LOOP('',(#1890,#1891,#1892,#1893,#1894));
#3842=EDGE_LOOP('',(#1895,#1896,#1897,#1898));
#3843=FACE_BOUND('',#3570,.T.);
#3844=FACE_BOUND('',#3571,.T.);
#3845=FACE_BOUND('',#3572,.T.);
#3846=FACE_BOUND('',#3573,.T.);
#3847=FACE_BOUND('',#3574,.T.);
#3848=FACE_BOUND('',#3575,.T.);
#3849=FACE_BOUND('',#3576,.T.);
#3850=FACE_BOUND('',#3577,.T.);
#3851=FACE_BOUND('',#3578,.T.);
#3852=FACE_BOUND('',#3579,.T.);
#3853=FACE_BOUND('',#3580,.T.);
#3854=FACE_BOUND('',#3581,.T.);
#3855=FACE_BOUND('',#3582,.T.);
#3856=FACE_BOUND('',#3583,.T.);
#3857=FACE_BOUND('',#3584,.T.);
#3858=FACE_BOUND('',#3585,.T.);
#3859=FACE_BOUND('',#3586,.T.);
#3860=FACE_BOUND('',#3587,.T.);
#3861=FACE_BOUND('',#3588,.T.);
#3862=FACE_BOUND('',#3589,.T.);
#3863=FACE_BOUND('',#3590,.T.);
#3864=FACE_BOUND('',#3591,.T.);
#3865=FACE_BOUND('',#3592,.T.);
#3866=FACE_BOUND('',#3593,.T.);
#3867=FACE_BOUND('',#3594,.T.);
#3868=FACE_BOUND('',#3595,.T.);
#3869=FACE_BOUND('',#3596,.T.);
#3870=FACE_BOUND('',#3597,.T.);
#3871=FACE_BOUND('',#3598,.T.);
#3872=FACE_BOUND('',#3599,.T.);
#3873=FACE_BOUND('',#3600,.T.);
#3874=FACE_BOUND('',#3601,.T.);
#3875=FACE_BOUND('',#3602,.T.);
#3876=FACE_BOUND('',#3603,.T.);
#3877=FACE_BOUND('',#3604,.T.);
#3878=FACE_BOUND('',#3605,.T.);
#3879=FACE_BOUND('',#3606,.T.);
#3880=FACE_BOUND('',#3607,.T.);
#3881=FACE_BOUND('',#3608,.T.);
#3882=FACE_BOUND('',#3609,.T.);
#3883=FACE_BOUND('',#3610,.T.);
#3884=FACE_BOUND('',#3611,.T.);
#3885=FACE_BOUND('',#3612,.T.);
#3886=FACE_BOUND('',#3613,.T.);
#3887=FACE_BOUND('',#3614,.T.);
#3888=FACE_BOUND('',#3615,.T.);
#3889=FACE_BOUND('',#3616,.T.);
#3890=FACE_BOUND('',#3617,.T.);
#3891=FACE_BOUND('',#3618,.T.);
#3892=FACE_BOUND('',#3619,.T.);
#3893=FACE_BOUND('',#3620,.T.);
#3894=FACE_BOUND('',#3621,.T.);
#3895=FACE_BOUND('',#3622,.T.);
#3896=FACE_BOUND('',#3623,.T.);
#3897=FACE_BOUND('',#3624,.T.);
#3898=FACE_BOUND('',#3625,.T.);
#3899=FACE_BOUND('',#3626,.T.);
#3900=FACE_BOUND('',#3627,.T.);
#3901=FACE_BOUND('',#3628,.T.);
#3902=FACE_BOUND('',#3629,.T.);
#3903=FACE_BOUND('',#3630,.T.);
#3904=FACE_BOUND('',#3631,.T.);
#3905=FACE_BOUND('',#3632,.T.);
#3906=FACE_BOUND('',#3633,.T.);
#3907=FACE_BOUND('',#3634,.T.);
#3908=FACE_BOUND('',#3635,.T.);
#3909=FACE_BOUND('',#3636,.T.);
#3910=FACE_BOUND('',#3637,.T.);
#3911=FACE_BOUND('',#3638,.T.);
#3912=FACE_BOUND('',#3639,.T.);
#3913=FACE_BOUND('',#3640,.T.);
#3914=FACE_BOUND('',#3641,.T.);
#3915=FACE_BOUND('',#3642,.T.);
#3916=FACE_BOUND('',#3643,.T.);
#3917=FACE_BOUND('',#3644,.T.);
#3918=FACE_BOUND('',#3645,.T.);
#3919=FACE_BOUND('',#3646,.T.);
#3920=FACE_BOUND('',#3647,.T.);
#3921=FACE_BOUND('',#3648,.T.);
#3922=FACE_BOUND('',#3649,.T.);
#3923=FACE_BOUND('',#3650,.T.);
#3924=FACE_BOUND('',#3651,.T.);
#3925=FACE_BOUND('',#3652,.T.);
#3926=FACE_BOUND('',#3653,.T.);
#3927=FACE_BOUND('',#3654,.T.);
#3928=FACE_BOUND('',#3655,.T.);
#3929=FACE_BOUND('',#3656,.T.);
#3930=FACE_BOUND('',#3657,.T.);
#3931=FACE_BOUND('',#3658,.T.);
#3932=FACE_BOUND('',#3659,.T.);
#3933=FACE_BOUND('',#3660,.T.);
#3934=FACE_BOUND('',#3661,.T.);
#3935=FACE_BOUND('',#3662,.T.);
#3936=FACE_BOUND('',#3663,.T.);
#3937=FACE_BOUND('',#3664,.T.);
#3938=FACE_BOUND('',#3665,.T.);
#3939=FACE_BOUND('',#3666,.T.);
#3940=FACE_BOUND('',#3667,.T.);
#3941=FACE_BOUND('',#3668,.T.);
#3942=FACE_BOUND('',#3669,.T.);
#3943=FACE_BOUND('',#3670,.T.);
#3944=FACE_BOUND('',#3671,.T.);
#3945=FACE_BOUND('',#3672,.T.);
#3946=FACE_BOUND('',#3673,.T.);
#3947=FACE_BOUND('',#3674,.T.);
#3948=FACE_BOUND('',#3675,.T.);
#3949=FACE_BOUND('',#3676,.T.);
#3950=FACE_BOUND('',#3677,.T.);
#3951=FACE_BOUND('',#3678,.T.);
#3952=FACE_BOUND('',#3679,.T.);
#3953=FACE_BOUND('',#3680,.T.);
#3954=FACE_BOUND('',#3681,.T.);
#3955=FACE_BOUND('',#3682,.T.);
#3956=FACE_BOUND('',#3683,.T.);
#3957=FACE_BOUND('',#3684,.T.);
#3958=FACE_BOUND('',#3685,.T.);
#3959=FACE_BOUND('',#3686,.T.);
#3960=FACE_BOUND('',#3687,.T.);
#3961=FACE_BOUND('',#3688,.T.);
#3962=FACE_BOUND('',#3689,.T.);
#3963=FACE_BOUND('',#3690,.T.);
#3964=FACE_BOUND('',#3691,.T.);
#3965=FACE_BOUND('',#3692,.T.);
#3966=FACE_BOUND('',#3693,.T.);
#3967=FACE_BOUND('',#3694,.T.);
#3968=FACE_BOUND('',#3695,.T.);
#3969=FACE_BOUND('',#3696,.T.);
#3970=FACE_BOUND('',#3697,.T.);
#3971=FACE_BOUND('',#3698,.T.);
#3972=FACE_BOUND('',#3699,.T.);
#3973=FACE_BOUND('',#3700,.T.);
#3974=FACE_BOUND('',#3701,.T.);
#3975=FACE_BOUND('',#3702,.T.);
#3976=FACE_BOUND('',#3703,.T.);
#3977=FACE_BOUND('',#3704,.T.);
#3978=FACE_BOUND('',#3705,.T.);
#3979=FACE_BOUND('',#3706,.T.);
#3980=FACE_BOUND('',#3707,.T.);
#3981=FACE_BOUND('',#3708,.T.);
#3982=FACE_BOUND('',#3709,.T.);
#3983=FACE_BOUND('',#3710,.T.);
#3984=FACE_BOUND('',#3711,.T.);
#3985=FACE_BOUND('',#3712,.T.);
#3986=FACE_BOUND('',#3713,.T.);
#3987=FACE_BOUND('',#3714,.T.);
#3988=FACE_BOUND('',#3715,.T.);
#3989=FACE_BOUND('',#3716,.T.);
#3990=FACE_BOUND('',#3717,.T.);
#3991=FACE_BOUND('',#3718,.T.);
#3992=FACE_BOUND('',#3719,.T.);
#3993=FACE_BOUND('',#3720,.T.);
#3994=FACE_BOUND('',#3721,.T.);
#3995=FACE_BOUND('',#3722,.T.);
#3996=FACE_BOUND('',#3723,.T.);
#3997=FACE_BOUND('',#3724,.T.);
#3998=FACE_BOUND('',#3725,.T.);
#3999=FACE_BOUND('',#3726,.T.);
#4000=FACE_BOUND('',#3727,.T.);
#4001=FACE_BOUND('',#3728,.T.);
#4002=FACE_BOUND('',#3729,.T.);
#4003=FACE_BOUND('',#3730,.T.);
#4004=FACE_BOUND('',#3731,.T.);
#4005=FACE_BOUND('',#3732,.T.);
#4006=FACE_BOUND('',#3733,.T.);
#4007=FACE_BOUND('',#3734,.T.);
#4008=FACE_BOUND('',#3735,.T.);
#4009=FACE_BOUND('',#3736,.T.);
#4010=FACE_BOUND('',#3737,.T.);
#4011=FACE_BOUND('',#3738,.T.);
#4012=FACE_BOUND('',#3739,.T.);
#4013=FACE_BOUND('',#3740,.T.);
#4014=FACE_BOUND('',#3741,.T.);
#4015=FACE_BOUND('',#3742,.T.);
#4016=FACE_BOUND('',#3743,.T.);
#4017=FACE_BOUND('',#3744,.T.);
#4018=FACE_BOUND('',#3745,.T.);
#4019=FACE_BOUND('',#3746,.T.);
#4020=FACE_BOUND('',#3747,.T.);
#4021=FACE_BOUND('',#3748,.T.);
#4022=FACE_BOUND('',#3749,.T.);
#4023=FACE_BOUND('',#3750,.T.);
#4024=FACE_BOUND('',#3751,.T.);
#4025=FACE_BOUND('',#3752,.T.);
#4026=FACE_BOUND('',#3753,.T.);
#4027=FACE_BOUND('',#3754,.T.);
#4028=FACE_BOUND('',#3755,.T.);
#4029=FACE_BOUND('',#3756,.T.);
#4030=FACE_BOUND('',#3757,.T.);
#4031=FACE_BOUND('',#3758,.T.);
#4032=FACE_BOUND('',#3759,.T.);
#4033=FACE_BOUND('',#3760,.T.);
#4034=FACE_BOUND('',#3761,.T.);
#4035=FACE_BOUND('',#3762,.T.);
#4036=FACE_BOUND('',#3763,.T.);
#4037=FACE_BOUND('',#3764,.T.);
#4038=FACE_BOUND('',#3765,.T.);
#4039=FACE_BOUND('',#3766,.T.);
#4040=FACE_BOUND('',#3767,.T.);
#4041=FACE_BOUND('',#3768,.T.);
#4042=FACE_BOUND('',#3769,.T.);
#4043=FACE_BOUND('',#3770,.T.);
#4044=FACE_BOUND('',#3771,.T.);
#4045=FACE_BOUND('',#3772,.T.);
#4046=FACE_BOUND('',#3773,.T.);
#4047=FACE_BOUND('',#3774,.T.);
#4048=FACE_BOUND('',#3775,.T.);
#4049=FACE_BOUND('',#3776,.T.);
#4050=FACE_BOUND('',#3777,.T.);
#4051=FACE_BOUND('',#3778,.T.);
#4052=FACE_BOUND('',#3779,.T.);
#4053=FACE_BOUND('',#3780,.T.);
#4054=FACE_BOUND('',#3781,.T.);
#4055=FACE_BOUND('',#3782,.T.);
#4056=FACE_BOUND('',#3783,.T.);
#4057=FACE_BOUND('',#3784,.T.);
#4058=FACE_BOUND('',#3785,.T.);
#4059=FACE_BOUND('',#3786,.T.);
#4060=FACE_BOUND('',#3787,.T.);
#4061=FACE_BOUND('',#3788,.T.);
#4062=FACE_BOUND('',#3789,.T.);
#4063=FACE_BOUND('',#3790,.T.);
#4064=FACE_BOUND('',#3791,.T.);
#4065=FACE_BOUND('',#3792,.T.);
#4066=FACE_BOUND('',#3793,.T.);
#4067=FACE_BOUND('',#3794,.T.);
#4068=FACE_BOUND('',#3795,.T.);
#4069=FACE_BOUND('',#3796,.T.);
#4070=FACE_BOUND('',#3797,.T.);
#4071=FACE_BOUND('',#3798,.T.);
#4072=FACE_BOUND('',#3799,.T.);
#4073=FACE_BOUND('',#3800,.T.);
#4074=FACE_BOUND('',#3801,.T.);
#4075=FACE_BOUND('',#3802,.T.);
#4076=FACE_BOUND('',#3803,.T.);
#4077=FACE_BOUND('',#3804,.T.);
#4078=FACE_BOUND('',#3805,.T.);
#4079=FACE_BOUND('',#3806,.T.);
#4080=FACE_BOUND('',#3807,.T.);
#4081=FACE_BOUND('',#3808,.T.);
#4082=FACE_BOUND('',#3809,.T.);
#4083=FACE_BOUND('',#3810,.T.);
#4084=FACE_BOUND('',#3811,.T.);
#4085=FACE_BOUND('',#3812,.T.);
#4086=FACE_BOUND('',#3813,.T.);
#4087=FACE_BOUND('',#3814,.T.);
#4088=FACE_BOUND('',#3815,.T.);
#4089=FACE_BOUND('',#3816,.T.);
#4090=FACE_BOUND('',#3817,.T.);
#4091=FACE_BOUND('',#3818,.T.);
#4092=FACE_BOUND('',#3819,.T.);
#4093=FACE_BOUND('',#3820,.T.);
#4094=FACE_BOUND('',#3821,.T.);
#4095=FACE_BOUND('',#3822,.T.);
#4096=FACE_BOUND('',#3823,.T.);
#4097=FACE_BOUND('',#3824,.T.);
#4098=FACE_BOUND('',#3825,.T.);
#4099=FACE_BOUND('',#3826,.T.);
#4100=FACE_BOUND('',#3827,.T.);
#4101=FACE_BOUND('',#3828,.T.);
#4102=FACE_BOUND('',#3829,.T.);
#4103=FACE_BOUND('',#3830,.T.);
#4104=FACE_BOUND('',#3831,.T.);
#4105=FACE_BOUND('',#3832,.T.);
#4106=FACE_BOUND('',#3833,.T.);
#4107=FACE_BOUND('',#3834,.T.);
#4108=FACE_BOUND('',#3835,.T.);
#4109=FACE_BOUND('',#3836,.T.);
#4110=FACE_BOUND('',#3837,.T.);
#4111=FACE_BOUND('',#3838,.T.);
#4112=FACE_BOUND('',#3839,.T.);
#4113=FACE_BOUND('',#3840,.T.);
#4114=FACE_BOUND('',#3841,.T.);
#4115=FACE_BOUND('',#3842,.T.);
#4116=PLANE('',#4488);
#4117=PLANE('',#4489);
#4118=PLANE('',#4490);
#4119=PLANE('',#4496);
#4120=PLANE('',#4497);
#4121=PLANE('',#4507);
#4122=PLANE('',#4508);
#4123=PLANE('',#4509);
#4124=PLANE('',#4510);
#4125=PLANE('',#4511);
#4126=PLANE('',#4518);
#4127=PLANE('',#4524);
#4128=PLANE('',#4528);
#4129=PLANE('',#4530);
#4130=PLANE('',#4534);
#4131=PLANE('',#4535);
#4132=PLANE('',#4536);
#4133=PLANE('',#4537);
#4134=PLANE('',#4538);
#4135=PLANE('',#4539);
#4136=PLANE('',#4540);
#4137=PLANE('',#4541);
#4138=PLANE('',#4542);
#4139=PLANE('',#4551);
#4140=PLANE('',#4552);
#4141=PLANE('',#4553);
#4142=PLANE('',#4554);
#4143=PLANE('',#4555);
#4144=PLANE('',#4556);
#4145=PLANE('',#4557);
#4146=PLANE('',#4558);
#4147=PLANE('',#4559);
#4148=PLANE('',#4560);
#4149=PLANE('',#4561);
#4150=PLANE('',#4562);
#4151=PLANE('',#4563);
#4152=PLANE('',#4564);
#4153=PLANE('',#4565);
#4154=PLANE('',#4566);
#4155=PLANE('',#4568);
#4156=PLANE('',#4569);
#4157=PLANE('',#4571);
#4158=PLANE('',#4573);
#4159=PLANE('',#4574);
#4160=PLANE('',#4576);
#4161=PLANE('',#4578);
#4162=PLANE('',#4581);
#4163=PLANE('',#4589);
#4164=PLANE('',#4590);
#4165=PLANE('',#4591);
#4166=PLANE('',#4592);
#4167=PLANE('',#4593);
#4168=PLANE('',#4594);
#4169=PLANE('',#4595);
#4170=PLANE('',#4596);
#4171=PLANE('',#4693);
#4172=PLANE('',#4694);
#4173=PLANE('',#4695);
#4174=PLANE('',#4696);
#4175=PLANE('',#4697);
#4176=PLANE('',#4698);
#4177=PLANE('',#4699);
#4178=PLANE('',#4701);
#4179=PLANE('',#4706);
#4180=PLANE('',#4716);
#4181=PLANE('',#4718);
#4182=PLANE('',#4729);
#4183=PLANE('',#4733);
#4184=PLANE('',#4744);
#4185=PLANE('',#4745);
#4186=PLANE('',#4746);
#4187=PLANE('',#4747);
#4188=PLANE('',#4748);
#4189=PLANE('',#4749);
#4190=PLANE('',#4750);
#4191=PLANE('',#4751);
#4192=PLANE('',#4752);
#4193=PLANE('',#4753);
#4194=PLANE('',#4754);
#4195=PLANE('',#4755);
#4196=PLANE('',#4756);
#4197=PLANE('',#4757);
#4198=PLANE('',#4759);
#4199=PLANE('',#4760);
#4200=PLANE('',#4766);
#4201=PLANE('',#4770);
#4202=PLANE('',#4777);
#4203=PLANE('',#4800);
#4204=ADVANCED_FACE('',(#3843),#4116,.T.);
#4205=ADVANCED_FACE('',(#3844),#4117,.T.);
#4206=ADVANCED_FACE('',(#3845,#3846,#3847,#3848,#3849),#4118,.F.);
#4207=ADVANCED_FACE('',(#3850),#4119,.T.);
#4208=ADVANCED_FACE('',(#3851,#3852,#3853,#3854,#3855),#4120,.T.);
#4209=ADVANCED_FACE('',(#3856),#120,.T.);
#4210=ADVANCED_FACE('',(#3857),#121,.T.);
#4211=ADVANCED_FACE('',(#3858),#4121,.T.);
#4212=ADVANCED_FACE('',(#3859),#4122,.F.);
#4213=ADVANCED_FACE('',(#3860),#4123,.F.);
#4214=ADVANCED_FACE('',(#3861),#4124,.T.);
#4215=ADVANCED_FACE('',(#3862),#4125,.T.);
#4216=ADVANCED_FACE('',(#3863),#99,.T.);
#4217=ADVANCED_FACE('',(#3864),#122,.F.);
#4218=ADVANCED_FACE('',(#3865),#100,.T.);
#4219=ADVANCED_FACE('',(#3866),#101,.F.);
#4220=ADVANCED_FACE('',(#3867),#4126,.T.);
#4221=ADVANCED_FACE('',(#3868),#102,.T.);
#4222=ADVANCED_FACE('',(#3869),#103,.F.);
#4223=ADVANCED_FACE('',(#3870),#123,.T.);
#4224=ADVANCED_FACE('',(#3871),#104,.F.);
#4225=ADVANCED_FACE('',(#3872),#4127,.F.);
#4226=ADVANCED_FACE('',(#3873),#4128,.T.);
#4227=ADVANCED_FACE('',(#3874),#4129,.F.);
#4228=ADVANCED_FACE('',(#3875),#4130,.T.);
#4229=ADVANCED_FACE('',(#3876),#4131,.T.);
#4230=ADVANCED_FACE('',(#3877),#4132,.T.);
#4231=ADVANCED_FACE('',(#3878),#4133,.T.);
#4232=ADVANCED_FACE('',(#3879),#4134,.F.);
#4233=ADVANCED_FACE('',(#3880),#4135,.T.);
#4234=ADVANCED_FACE('',(#3881),#4136,.T.);
#4235=ADVANCED_FACE('',(#3882),#4137,.F.);
#4236=ADVANCED_FACE('',(#3883),#4138,.F.);
#4237=ADVANCED_FACE('',(#3884),#124,.F.);
#4238=ADVANCED_FACE('',(#3885),#125,.F.);
#4239=ADVANCED_FACE('',(#3886),#126,.F.);
#4240=ADVANCED_FACE('',(#3887),#127,.F.);
#4241=ADVANCED_FACE('',(#3888),#4139,.F.);
#4242=ADVANCED_FACE('',(#3889),#4140,.T.);
#4243=ADVANCED_FACE('',(#3890),#4141,.T.);
#4244=ADVANCED_FACE('',(#3891),#4142,.F.);
#4245=ADVANCED_FACE('',(#3892),#4143,.T.);
#4246=ADVANCED_FACE('',(#3893),#4144,.T.);
#4247=ADVANCED_FACE('',(#3894),#4145,.F.);
#4248=ADVANCED_FACE('',(#3895),#4146,.T.);
#4249=ADVANCED_FACE('',(#3896),#4147,.F.);
#4250=ADVANCED_FACE('',(#3897),#4148,.T.);
#4251=ADVANCED_FACE('',(#3898),#4149,.T.);
#4252=ADVANCED_FACE('',(#3899),#4150,.T.);
#4253=ADVANCED_FACE('',(#3900),#4151,.T.);
#4254=ADVANCED_FACE('',(#3901),#4152,.F.);
#4255=ADVANCED_FACE('',(#3902),#4153,.T.);
#4256=ADVANCED_FACE('',(#3903),#4154,.F.);
#4257=ADVANCED_FACE('',(#3904),#4155,.T.);
#4258=ADVANCED_FACE('',(#3905),#4156,.T.);
#4259=ADVANCED_FACE('',(#3906),#4157,.T.);
#4260=ADVANCED_FACE('',(#3907),#50,.T.);
#4261=ADVANCED_FACE('',(#3908),#51,.T.);
#4262=ADVANCED_FACE('',(#3909),#52,.T.);
#4263=ADVANCED_FACE('',(#3910),#28,.T.);
#4264=ADVANCED_FACE('',(#3911),#4158,.T.);
#4265=ADVANCED_FACE('',(#3912),#4159,.F.);
#4266=ADVANCED_FACE('',(#3913),#4160,.F.);
#4267=ADVANCED_FACE('',(#3914),#4161,.T.);
#4268=ADVANCED_FACE('',(#3915),#4162,.T.);
#4269=ADVANCED_FACE('',(#3916),#128,.F.);
#4270=ADVANCED_FACE('',(#3917),#29,.F.);
#4271=ADVANCED_FACE('',(#3918),#53,.F.);
#4272=ADVANCED_FACE('',(#3919),#129,.F.);
#4273=ADVANCED_FACE('',(#3920),#54,.F.);
#4274=ADVANCED_FACE('',(#3921),#55,.F.);
#4275=ADVANCED_FACE('',(#3922),#4163,.T.);
#4276=ADVANCED_FACE('',(#3923),#4164,.T.);
#4277=ADVANCED_FACE('',(#3924),#4165,.T.);
#4278=ADVANCED_FACE('',(#3925),#4166,.F.);
#4279=ADVANCED_FACE('',(#3926),#4167,.T.);
#4280=ADVANCED_FACE('',(#3927),#4168,.F.);
#4281=ADVANCED_FACE('',(#3928),#4169,.T.);
#4282=ADVANCED_FACE('',(#3929),#4170,.T.);
#4283=ADVANCED_FACE('',(#3930),#130,.T.);
#4284=ADVANCED_FACE('',(#3931),#131,.T.);
#4285=ADVANCED_FACE('',(#3932),#132,.T.);
#4286=ADVANCED_FACE('',(#3933),#133,.T.);
#4287=ADVANCED_FACE('',(#3934),#134,.F.);
#4288=ADVANCED_FACE('',(#3935),#135,.F.);
#4289=ADVANCED_FACE('',(#3936),#136,.T.);
#4290=ADVANCED_FACE('',(#3937),#137,.F.);
#4291=ADVANCED_FACE('',(#3938),#138,.F.);
#4292=ADVANCED_FACE('',(#3939),#139,.T.);
#4293=ADVANCED_FACE('',(#3940),#140,.F.);
#4294=ADVANCED_FACE('',(#3941),#141,.F.);
#4295=ADVANCED_FACE('',(#3942),#142,.T.);
#4296=ADVANCED_FACE('',(#3943),#143,.F.);
#4297=ADVANCED_FACE('',(#3944),#144,.F.);
#4298=ADVANCED_FACE('',(#3945),#145,.T.);
#4299=ADVANCED_FACE('',(#3946),#146,.T.);
#4300=ADVANCED_FACE('',(#3947),#14,.T.);
#4301=ADVANCED_FACE('',(#3948),#147,.T.);
#4302=ADVANCED_FACE('',(#3949),#15,.T.);
#4303=ADVANCED_FACE('',(#3950),#148,.T.);
#4304=ADVANCED_FACE('',(#3951),#149,.T.);
#4305=ADVANCED_FACE('',(#3952),#16,.T.);
#4306=ADVANCED_FACE('',(#3953),#150,.T.);
#4307=ADVANCED_FACE('',(#3954),#17,.T.);
#4308=ADVANCED_FACE('',(#3955),#151,.T.);
#4309=ADVANCED_FACE('',(#3956),#152,.F.);
#4310=ADVANCED_FACE('',(#3957),#153,.F.);
#4311=ADVANCED_FACE('',(#3958),#154,.T.);
#4312=ADVANCED_FACE('',(#3959),#30,.T.);
#4313=ADVANCED_FACE('',(#3960),#56,.T.);
#4314=ADVANCED_FACE('',(#3961),#31,.T.);
#4315=ADVANCED_FACE('',(#3962),#57,.T.);
#4316=ADVANCED_FACE('',(#3963),#58,.T.);
#4317=ADVANCED_FACE('',(#3964),#155,.T.);
#4318=ADVANCED_FACE('',(#3965),#59,.T.);
#4319=ADVANCED_FACE('',(#3966),#60,.T.);
#4320=ADVANCED_FACE('',(#3967),#32,.T.);
#4321=ADVANCED_FACE('',(#3968),#61,.T.);
#4322=ADVANCED_FACE('',(#3969),#62,.T.);
#4323=ADVANCED_FACE('',(#3970),#33,.T.);
#4324=ADVANCED_FACE('',(#3971),#63,.T.);
#4325=ADVANCED_FACE('',(#3972),#64,.T.);
#4326=ADVANCED_FACE('',(#3973),#156,.T.);
#4327=ADVANCED_FACE('',(#3974),#65,.T.);
#4328=ADVANCED_FACE('',(#3975),#66,.T.);
#4329=ADVANCED_FACE('',(#3976),#34,.T.);
#4330=ADVANCED_FACE('',(#3977),#67,.T.);
#4331=ADVANCED_FACE('',(#3978),#35,.T.);
#4332=ADVANCED_FACE('',(#3979),#157,.T.);
#4333=ADVANCED_FACE('',(#3980),#158,.T.);
#4334=ADVANCED_FACE('',(#3981),#36,.T.);
#4335=ADVANCED_FACE('',(#3982),#37,.T.);
#4336=ADVANCED_FACE('',(#3983),#159,.T.);
#4337=ADVANCED_FACE('',(#3984),#160,.T.);
#4338=ADVANCED_FACE('',(#3985),#38,.T.);
#4339=ADVANCED_FACE('',(#3986),#39,.T.);
#4340=ADVANCED_FACE('',(#3987),#161,.T.);
#4341=ADVANCED_FACE('',(#3988),#4171,.T.);
#4342=ADVANCED_FACE('',(#3989),#4172,.F.);
#4343=ADVANCED_FACE('',(#3990),#4173,.F.);
#4344=ADVANCED_FACE('',(#3991),#4174,.F.);
#4345=ADVANCED_FACE('',(#3992),#4175,.F.);
#4346=ADVANCED_FACE('',(#3993),#4176,.F.);
#4347=ADVANCED_FACE('',(#3994),#4177,.F.);
#4348=ADVANCED_FACE('',(#3995),#4178,.F.);
#4349=ADVANCED_FACE('',(#3996),#4179,.T.);
#4350=ADVANCED_FACE('',(#3997),#68,.T.);
#4351=ADVANCED_FACE('',(#3998),#162,.T.);
#4352=ADVANCED_FACE('',(#3999),#163,.T.);
#4353=ADVANCED_FACE('',(#4000),#164,.T.);
#4354=ADVANCED_FACE('',(#4001,#4002),#4180,.T.);
#4355=ADVANCED_FACE('',(#4003),#4181,.T.);
#4356=ADVANCED_FACE('',(#4004),#165,.T.);
#4357=ADVANCED_FACE('',(#4005),#166,.F.);
#4358=ADVANCED_FACE('',(#4006),#40,.F.);
#4359=ADVANCED_FACE('',(#4007),#4182,.F.);
#4360=ADVANCED_FACE('',(#4008),#4183,.F.);
#4361=ADVANCED_FACE('',(#4009),#105,.T.);
#4362=ADVANCED_FACE('',(#4010),#106,.F.);
#4363=ADVANCED_FACE('',(#4011),#107,.T.);
#4364=ADVANCED_FACE('',(#4012,#4013),#167,.T.);
#4365=ADVANCED_FACE('',(#4014),#69,.T.);
#4366=ADVANCED_FACE('',(#4015),#70,.T.);
#4367=ADVANCED_FACE('',(#4016),#71,.T.);
#4368=ADVANCED_FACE('',(#4017),#4184,.T.);
#4369=ADVANCED_FACE('',(#4018),#4185,.T.);
#4370=ADVANCED_FACE('',(#4019),#4186,.F.);
#4371=ADVANCED_FACE('',(#4020),#4187,.F.);
#4372=ADVANCED_FACE('',(#4021),#4188,.F.);
#4373=ADVANCED_FACE('',(#4022),#4189,.T.);
#4374=ADVANCED_FACE('',(#4023),#4190,.F.);
#4375=ADVANCED_FACE('',(#4024),#4191,.F.);
#4376=ADVANCED_FACE('',(#4025),#4192,.F.);
#4377=ADVANCED_FACE('',(#4026),#4193,.T.);
#4378=ADVANCED_FACE('',(#4027),#4194,.F.);
#4379=ADVANCED_FACE('',(#4028),#4195,.F.);
#4380=ADVANCED_FACE('',(#4029),#4196,.F.);
#4381=ADVANCED_FACE('',(#4030),#4197,.F.);
#4382=ADVANCED_FACE('',(#4031),#168,.T.);
#4383=ADVANCED_FACE('',(#4032),#4198,.T.);
#4384=ADVANCED_FACE('',(#4033),#4199,.F.);
#4385=ADVANCED_FACE('',(#4034),#72,.F.);
#4386=ADVANCED_FACE('',(#4035),#169,.F.);
#4387=ADVANCED_FACE('',(#4036),#73,.F.);
#4388=ADVANCED_FACE('',(#4037),#74,.F.);
#4389=ADVANCED_FACE('',(#4038),#170,.F.);
#4390=ADVANCED_FACE('',(#4039),#41,.F.);
#4391=ADVANCED_FACE('',(#4040),#108,.T.);
#4392=ADVANCED_FACE('',(#4041),#109,.T.);
#4393=ADVANCED_FACE('',(#4042),#110,.T.);
#4394=ADVANCED_FACE('',(#4043),#111,.T.);
#4395=ADVANCED_FACE('',(#4044),#112,.T.);
#4396=ADVANCED_FACE('',(#4045),#113,.T.);
#4397=ADVANCED_FACE('',(#4046),#114,.T.);
#4398=ADVANCED_FACE('',(#4047),#115,.T.);
#4399=ADVANCED_FACE('',(#4048),#116,.T.);
#4400=ADVANCED_FACE('',(#4049),#4200,.T.);
#4401=ADVANCED_FACE('',(#4050),#117,.F.);
#4402=ADVANCED_FACE('',(#4051),#118,.T.);
#4403=ADVANCED_FACE('',(#4052),#4201,.F.);
#4404=ADVANCED_FACE('',(#4053),#119,.F.);
#4405=ADVANCED_FACE('',(#4054,#4055,#4056),#42,.F.);
#4406=ADVANCED_FACE('',(#4057),#75,.T.);
#4407=ADVANCED_FACE('',(#4058),#43,.T.);
#4408=ADVANCED_FACE('',(#4059),#4202,.F.);
#4409=ADVANCED_FACE('',(#4060),#171,.F.);
#4410=ADVANCED_FACE('',(#4061),#172,.F.);
#4411=ADVANCED_FACE('',(#4062),#173,.F.);
#4412=ADVANCED_FACE('',(#4063),#174,.F.);
#4413=ADVANCED_FACE('',(#4064),#175,.T.);
#4414=ADVANCED_FACE('',(#4065),#176,.T.);
#4415=ADVANCED_FACE('',(#4066),#177,.F.);
#4416=ADVANCED_FACE('',(#4067),#178,.T.);
#4417=ADVANCED_FACE('',(#4068),#179,.T.);
#4418=ADVANCED_FACE('',(#4069),#180,.F.);
#4419=ADVANCED_FACE('',(#4070),#181,.T.);
#4420=ADVANCED_FACE('',(#4071),#182,.T.);
#4421=ADVANCED_FACE('',(#4072),#183,.F.);
#4422=ADVANCED_FACE('',(#4073),#184,.F.);
#4423=ADVANCED_FACE('',(#4074),#185,.T.);
#4424=ADVANCED_FACE('',(#4075),#186,.T.);
#4425=ADVANCED_FACE('',(#4076),#76,.T.);
#4426=ADVANCED_FACE('',(#4077),#77,.T.);
#4427=ADVANCED_FACE('',(#4078),#78,.T.);
#4428=ADVANCED_FACE('',(#4079),#79,.T.);
#4429=ADVANCED_FACE('',(#4080),#80,.T.);
#4430=ADVANCED_FACE('',(#4081),#81,.T.);
#4431=ADVANCED_FACE('',(#4082),#82,.T.);
#4432=ADVANCED_FACE('',(#4083),#83,.T.);
#4433=ADVANCED_FACE('',(#4084),#84,.T.);
#4434=ADVANCED_FACE('',(#4085),#85,.T.);
#4435=ADVANCED_FACE('',(#4086),#86,.T.);
#4436=ADVANCED_FACE('',(#4087,#4088),#87,.T.);
#4437=ADVANCED_FACE('',(#4089,#4090),#88,.T.);
#4438=ADVANCED_FACE('',(#4091),#89,.T.);
#4439=ADVANCED_FACE('',(#4092),#90,.T.);
#4440=ADVANCED_FACE('',(#4093),#91,.T.);
#4441=ADVANCED_FACE('',(#4094),#92,.T.);
#4442=ADVANCED_FACE('',(#4095),#93,.T.);
#4443=ADVANCED_FACE('',(#4096),#94,.T.);
#4444=ADVANCED_FACE('',(#4097),#95,.T.);
#4445=ADVANCED_FACE('',(#4098),#96,.T.);
#4446=ADVANCED_FACE('',(#4099),#4203,.F.);
#4447=ADVANCED_FACE('',(#4100),#187,.T.);
#4448=ADVANCED_FACE('',(#4101),#44,.T.);
#4449=ADVANCED_FACE('',(#4102),#97,.T.);
#4450=ADVANCED_FACE('',(#4103),#188,.T.);
#4451=ADVANCED_FACE('',(#4104),#189,.T.);
#4452=ADVANCED_FACE('',(#4105),#45,.T.);
#4453=ADVANCED_FACE('',(#4106),#46,.T.);
#4454=ADVANCED_FACE('',(#4107),#190,.T.);
#4455=ADVANCED_FACE('',(#4108),#191,.T.);
#4456=ADVANCED_FACE('',(#4109),#47,.T.);
#4457=ADVANCED_FACE('',(#4110),#48,.T.);
#4458=ADVANCED_FACE('',(#4111),#192,.T.);
#4459=ADVANCED_FACE('',(#4112),#98,.T.);
#4460=ADVANCED_FACE('',(#4113),#193,.T.);
#4461=ADVANCED_FACE('',(#4114),#194,.T.);
#4462=ADVANCED_FACE('',(#4115),#49,.T.);
#4463=CLOSED_SHELL('',(#4204,#4205,#4206,#4207,#4208,#4209,#4210,#4211,
#4212,#4213,#4214,#4215,#4216,#4217,#4218,#4219,#4220,#4221,#4222,#4223,
#4224,#4225,#4226,#4227,#4228,#4229,#4230,#4231,#4232,#4233,#4234,#4235,
#4236,#4237,#4238,#4239,#4240,#4241,#4242,#4243,#4244,#4245,#4246,#4247,
#4248,#4249,#4250,#4251,#4252,#4253,#4254,#4255,#4256,#4257,#4258,#4259,
#4260,#4261,#4262,#4263,#4264,#4265,#4266,#4267,#4268,#4269,#4270,#4271,
#4272,#4273,#4274,#4275,#4276,#4277,#4278,#4279,#4280,#4281,#4282,#4283,
#4284,#4285,#4286,#4287,#4288,#4289,#4290,#4291,#4292,#4293,#4294,#4295,
#4296,#4297,#4298,#4299,#4300,#4301,#4302,#4303,#4304,#4305,#4306,#4307,
#4308,#4309,#4310,#4311,#4312,#4313,#4314,#4315,#4316,#4317,#4318,#4319,
#4320,#4321,#4322,#4323,#4324,#4325,#4326,#4327,#4328,#4329,#4330,#4331,
#4332,#4333,#4334,#4335,#4336,#4337,#4338,#4339,#4340,#4341,#4342,#4343,
#4344,#4345,#4346,#4347));
#4464=CLOSED_SHELL('',(#4348,#4349,#4350,#4351,#4352,#4353,#4354,#4355,
#4356,#4357,#4358,#4359,#4360,#4361,#4362,#4363,#4364,#4365,#4366,#4367,
#4368,#4369,#4370,#4371,#4372,#4373,#4374,#4375,#4376,#4377,#4378,#4379,
#4380,#4381,#4382,#4383,#4384,#4385,#4386,#4387,#4388,#4389,#4390,#4391,
#4392,#4393,#4394,#4395,#4396,#4397,#4398,#4399,#4400,#4401,#4402,#4403,
#4404,#4405,#4406,#4407,#4408,#4409,#4410,#4411,#4412,#4413,#4414,#4415,
#4416,#4417,#4418,#4419,#4420,#4421,#4422,#4423,#4424,#4425,#4426,#4427,
#4428,#4429,#4430,#4431,#4432,#4433,#4434,#4435,#4436,#4437,#4438,#4439,
#4440,#4441,#4442,#4443,#4444,#4445,#4446,#4447,#4448,#4449,#4450,#4451,
#4452,#4453,#4454,#4455,#4456,#4457,#4458,#4459,#4460,#4461,#4462));
#4465=STYLED_ITEM('',(#4467),#4481);
#4466=STYLED_ITEM('',(#4468),#4482);
#4467=PRESENTATION_STYLE_ASSIGNMENT((#4469));
#4468=PRESENTATION_STYLE_ASSIGNMENT((#4470));
#4469=SURFACE_STYLE_USAGE(.BOTH.,#4471);
#4470=SURFACE_STYLE_USAGE(.BOTH.,#4472);
#4471=SURFACE_SIDE_STYLE('',(#4473));
#4472=SURFACE_SIDE_STYLE('',(#4474));
#4473=SURFACE_STYLE_FILL_AREA(#4475);
#4474=SURFACE_STYLE_FILL_AREA(#4476);
#4475=FILL_AREA_STYLE('',(#4477));
#4476=FILL_AREA_STYLE('',(#4478));
#4477=FILL_AREA_STYLE_COLOUR('',#4479);
#4478=FILL_AREA_STYLE_COLOUR('',#4480);
#4479=COLOUR_RGB('',0.729411764705882,0.250980392156863,0.105882352941176);
#4480=COLOUR_RGB('',0.917647058823529,0.917647058823529,0.917647058823529);
#4481=MANIFOLD_SOLID_BREP('Part 3',#4463);
#4482=MANIFOLD_SOLID_BREP('Part 4',#4464);
#4483=SHAPE_DEFINITION_REPRESENTATION(#9610,#4485);
#4484=SHAPE_DEFINITION_REPRESENTATION(#9611,#4486);
#4485=SHAPE_REPRESENTATION('Part 3',(#4487),#9600);
#4486=SHAPE_REPRESENTATION('Part 4',(#4700),#9601);
#4487=AXIS2_PLACEMENT_3D('',#5812,#4831,#4832);
#4488=AXIS2_PLACEMENT_3D('',#5813,#4833,#4834);
#4489=AXIS2_PLACEMENT_3D('',#5822,#4839,#4840);
#4490=AXIS2_PLACEMENT_3D('',#5831,#4845,#4846);
#4491=AXIS2_PLACEMENT_3D('',#5835,#4848,#4849);
#4492=AXIS2_PLACEMENT_3D('',#5839,#4851,#4852);
#4493=AXIS2_PLACEMENT_3D('',#5843,#4854,#4855);
#4494=AXIS2_PLACEMENT_3D('',#5847,#4857,#4858);
#4495=AXIS2_PLACEMENT_3D('',#5899,#4873,#4874);
#4496=AXIS2_PLACEMENT_3D('',#5924,#4887,#4888);
#4497=AXIS2_PLACEMENT_3D('',#5930,#4892,#4893);
#4498=AXIS2_PLACEMENT_3D('',#5939,#4898,#4899);
#4499=AXIS2_PLACEMENT_3D('',#5944,#4901,#4902);
#4500=AXIS2_PLACEMENT_3D('',#5948,#4904,#4905);
#4501=AXIS2_PLACEMENT_3D('',#5952,#4907,#4908);
#4502=AXIS2_PLACEMENT_3D('',#6006,#4924,#4925);
#4503=AXIS2_PLACEMENT_3D('',#6007,#4926,#4927);
#4504=AXIS2_PLACEMENT_3D('',#6014,#4928,#4929);
#4505=AXIS2_PLACEMENT_3D('',#6017,#4931,#4932);
#4506=AXIS2_PLACEMENT_3D('',#6018,#4933,#4934);
#4507=AXIS2_PLACEMENT_3D('',#6027,#4936,#4937);
#4508=AXIS2_PLACEMENT_3D('',#6031,#4941,#4942);
#4509=AXIS2_PLACEMENT_3D('',#6033,#4944,#4945);
#4510=AXIS2_PLACEMENT_3D('',#6036,#4948,#4949);
#4511=AXIS2_PLACEMENT_3D('',#6098,#4954,#4955);
#4512=AXIS2_PLACEMENT_3D('',#6099,#4956,#4957);
#4513=AXIS2_PLACEMENT_3D('',#6104,#4959,#4960);
#4514=AXIS2_PLACEMENT_3D('',#6223,#4965,#4966);
#4515=AXIS2_PLACEMENT_3D('',#6248,#4969,#4970);
#4516=AXIS2_PLACEMENT_3D('',#6262,#4972,#4973);
#4517=AXIS2_PLACEMENT_3D('',#6276,#4975,#4976);
#4518=AXIS2_PLACEMENT_3D('',#6363,#4980,#4981);
#4519=AXIS2_PLACEMENT_3D('',#6377,#4986,#4987);
#4520=AXIS2_PLACEMENT_3D('',#6498,#4992,#4993);
#4521=AXIS2_PLACEMENT_3D('',#6512,#4996,#4997);
#4522=AXIS2_PLACEMENT_3D('',#6520,#4999,#5000);
#4523=AXIS2_PLACEMENT_3D('',#6534,#5002,#5003);
#4524=AXIS2_PLACEMENT_3D('',#6570,#5005,#5006);
#4525=AXIS2_PLACEMENT_3D('',#6574,#5008,#5009);
#4526=AXIS2_PLACEMENT_3D('',#6578,#5011,#5012);
#4527=AXIS2_PLACEMENT_3D('',#6583,#5015,#5016);
#4528=AXIS2_PLACEMENT_3D('',#6584,#5017,#5018);
#4529=AXIS2_PLACEMENT_3D('',#6585,#5019,#5020);
#4530=AXIS2_PLACEMENT_3D('',#6596,#5024,#5025);
#4531=AXIS2_PLACEMENT_3D('',#6600,#5027,#5028);
#4532=AXIS2_PLACEMENT_3D('',#6603,#5030,#5031);
#4533=AXIS2_PLACEMENT_3D('',#6607,#5033,#5034);
#4534=AXIS2_PLACEMENT_3D('',#6608,#5035,#5036);
#4535=AXIS2_PLACEMENT_3D('',#6617,#5041,#5042);
#4536=AXIS2_PLACEMENT_3D('',#6620,#5045,#5046);
#4537=AXIS2_PLACEMENT_3D('',#6626,#5050,#5051);
#4538=AXIS2_PLACEMENT_3D('',#6632,#5055,#5056);
#4539=AXIS2_PLACEMENT_3D('',#6638,#5060,#5061);
#4540=AXIS2_PLACEMENT_3D('',#6641,#5064,#5065);
#4541=AXIS2_PLACEMENT_3D('',#6644,#5068,#5069);
#4542=AXIS2_PLACEMENT_3D('',#6647,#5072,#5073);
#4543=AXIS2_PLACEMENT_3D('',#6653,#5077,#5078);
#4544=AXIS2_PLACEMENT_3D('',#6654,#5079,#5080);
#4545=AXIS2_PLACEMENT_3D('',#6655,#5081,#5082);
#4546=AXIS2_PLACEMENT_3D('',#6656,#5083,#5084);
#4547=AXIS2_PLACEMENT_3D('',#6657,#5085,#5086);
#4548=AXIS2_PLACEMENT_3D('',#6658,#5087,#5088);
#4549=AXIS2_PLACEMENT_3D('',#6659,#5089,#5090);
#4550=AXIS2_PLACEMENT_3D('',#6660,#5091,#5092);
#4551=AXIS2_PLACEMENT_3D('',#6661,#5093,#5094);
#4552=AXIS2_PLACEMENT_3D('',#6662,#5095,#5096);
#4553=AXIS2_PLACEMENT_3D('',#6663,#5097,#5098);
#4554=AXIS2_PLACEMENT_3D('',#6665,#5100,#5101);
#4555=AXIS2_PLACEMENT_3D('',#6667,#5103,#5104);
#4556=AXIS2_PLACEMENT_3D('',#6669,#5106,#5107);
#4557=AXIS2_PLACEMENT_3D('',#6671,#5109,#5110);
#4558=AXIS2_PLACEMENT_3D('',#6672,#5111,#5112);
#4559=AXIS2_PLACEMENT_3D('',#6673,#5113,#5114);
#4560=AXIS2_PLACEMENT_3D('',#6680,#5119,#5120);
#4561=AXIS2_PLACEMENT_3D('',#6686,#5124,#5125);
#4562=AXIS2_PLACEMENT_3D('',#6689,#5128,#5129);
#4563=AXIS2_PLACEMENT_3D('',#6693,#5132,#5133);
#4564=AXIS2_PLACEMENT_3D('',#6697,#5136,#5137);
#4565=AXIS2_PLACEMENT_3D('',#6700,#5140,#5141);
#4566=AXIS2_PLACEMENT_3D('',#6701,#5142,#5143);
#4567=AXIS2_PLACEMENT_3D('',#6704,#5145,#5146);
#4568=AXIS2_PLACEMENT_3D('',#6709,#5149,#5150);
#4569=AXIS2_PLACEMENT_3D('',#6715,#5154,#5155);
#4570=AXIS2_PLACEMENT_3D('',#6719,#5157,#5158);
#4571=AXIS2_PLACEMENT_3D('',#6723,#5161,#5162);
#4572=AXIS2_PLACEMENT_3D('',#6832,#5166,#5167);
#4573=AXIS2_PLACEMENT_3D('',#6833,#5168,#5169);
#4574=AXIS2_PLACEMENT_3D('',#6842,#5174,#5175);
#4575=AXIS2_PLACEMENT_3D('',#6846,#5177,#5178);
#4576=AXIS2_PLACEMENT_3D('',#6850,#5181,#5182);
#4577=AXIS2_PLACEMENT_3D('',#6853,#5184,#5185);
#4578=AXIS2_PLACEMENT_3D('',#6858,#5188,#5189);
#4579=AXIS2_PLACEMENT_3D('',#6862,#5191,#5192);
#4580=AXIS2_PLACEMENT_3D('',#6866,#5194,#5195);
#4581=AXIS2_PLACEMENT_3D('',#6867,#5196,#5197);
#4582=AXIS2_PLACEMENT_3D('',#6871,#5199,#5200);
#4583=AXIS2_PLACEMENT_3D('',#6875,#5202,#5203);
#4584=AXIS2_PLACEMENT_3D('',#6876,#5204,#5205);
#4585=AXIS2_PLACEMENT_3D('',#6882,#5206,#5207);
#4586=AXIS2_PLACEMENT_3D('',#6883,#5208,#5209);
#4587=AXIS2_PLACEMENT_3D('',#6884,#5210,#5211);
#4588=AXIS2_PLACEMENT_3D('',#6926,#5212,#5213);
#4589=AXIS2_PLACEMENT_3D('',#7000,#5214,#5215);
#4590=AXIS2_PLACEMENT_3D('',#7005,#5219,#5220);
#4591=AXIS2_PLACEMENT_3D('',#7008,#5223,#5224);
#4592=AXIS2_PLACEMENT_3D('',#7011,#5227,#5228);
#4593=AXIS2_PLACEMENT_3D('',#7014,#5231,#5232);
#4594=AXIS2_PLACEMENT_3D('',#7017,#5235,#5236);
#4595=AXIS2_PLACEMENT_3D('',#7020,#5239,#5240);
#4596=AXIS2_PLACEMENT_3D('',#7023,#5243,#5244);
#4597=AXIS2_PLACEMENT_3D('',#7026,#5247,#5248);
#4598=AXIS2_PLACEMENT_3D('',#7027,#5249,#5250);
#4599=AXIS2_PLACEMENT_3D('',#7028,#5251,#5252);
#4600=AXIS2_PLACEMENT_3D('',#7029,#5253,#5254);
#4601=AXIS2_PLACEMENT_3D('',#7030,#5255,#5256);
#4602=AXIS2_PLACEMENT_3D('',#7031,#5257,#5258);
#4603=AXIS2_PLACEMENT_3D('',#7032,#5259,#5260);
#4604=AXIS2_PLACEMENT_3D('',#7033,#5261,#5262);
#4605=AXIS2_PLACEMENT_3D('',#7034,#5263,#5264);
#4606=AXIS2_PLACEMENT_3D('',#7039,#5265,#5266);
#4607=AXIS2_PLACEMENT_3D('',#7040,#5267,#5268);
#4608=AXIS2_PLACEMENT_3D('',#7046,#5269,#5270);
#4609=AXIS2_PLACEMENT_3D('',#7047,#5271,#5272);
#4610=AXIS2_PLACEMENT_3D('',#7048,#5273,#5274);
#4611=AXIS2_PLACEMENT_3D('',#7049,#5275,#5276);
#4612=AXIS2_PLACEMENT_3D('',#7050,#5277,#5278);
#4613=AXIS2_PLACEMENT_3D('',#7056,#5279,#5280);
#4614=AXIS2_PLACEMENT_3D('',#7057,#5281,#5282);
#4615=AXIS2_PLACEMENT_3D('',#7062,#5283,#5284);
#4616=AXIS2_PLACEMENT_3D('',#7063,#5285,#5286);
#4617=AXIS2_PLACEMENT_3D('',#7064,#5287,#5288);
#4618=AXIS2_PLACEMENT_3D('',#7065,#5289,#5290);
#4619=AXIS2_PLACEMENT_3D('',#7066,#5291,#5292);
#4620=AXIS2_PLACEMENT_3D('',#7072,#5293,#5294);
#4621=AXIS2_PLACEMENT_3D('',#7073,#5295,#5296);
#4622=AXIS2_PLACEMENT_3D('',#7074,#5297,#5298);
#4623=AXIS2_PLACEMENT_3D('',#7075,#5299,#5300);
#4624=AXIS2_PLACEMENT_3D('',#7076,#5301,#5302);
#4625=AXIS2_PLACEMENT_3D('',#7077,#5303,#5304);
#4626=AXIS2_PLACEMENT_3D('',#7078,#5305,#5306);
#4627=AXIS2_PLACEMENT_3D('',#7079,#5307,#5308);
#4628=AXIS2_PLACEMENT_3D('',#7080,#5309,#5310);
#4629=AXIS2_PLACEMENT_3D('',#7081,#5311,#5312);
#4630=AXIS2_PLACEMENT_3D('',#7087,#5313,#5314);
#4631=AXIS2_PLACEMENT_3D('',#7093,#5315,#5316);
#4632=AXIS2_PLACEMENT_3D('',#7094,#5317,#5318);
#4633=AXIS2_PLACEMENT_3D('',#7095,#5319,#5320);
#4634=AXIS2_PLACEMENT_3D('',#7096,#5321,#5322);
#4635=AXIS2_PLACEMENT_3D('',#7097,#5323,#5324);
#4636=AXIS2_PLACEMENT_3D('',#7098,#5325,#5326);
#4637=AXIS2_PLACEMENT_3D('',#7099,#5327,#5328);
#4638=AXIS2_PLACEMENT_3D('',#7100,#5329,#5330);
#4639=AXIS2_PLACEMENT_3D('',#7101,#5331,#5332);
#4640=AXIS2_PLACEMENT_3D('',#7102,#5333,#5334);
#4641=AXIS2_PLACEMENT_3D('',#7108,#5335,#5336);
#4642=AXIS2_PLACEMENT_3D('',#7109,#5337,#5338);
#4643=AXIS2_PLACEMENT_3D('',#7121,#5339,#5340);
#4644=AXIS2_PLACEMENT_3D('',#7131,#5341,#5342);
#4645=AXIS2_PLACEMENT_3D('',#7132,#5343,#5344);
#4646=AXIS2_PLACEMENT_3D('',#7144,#5345,#5346);
#4647=AXIS2_PLACEMENT_3D('',#7154,#5347,#5348);
#4648=AXIS2_PLACEMENT_3D('',#7155,#5349,#5350);
#4649=AXIS2_PLACEMENT_3D('',#7156,#5351,#5352);
#4650=AXIS2_PLACEMENT_3D('',#7157,#5353,#5354);
#4651=AXIS2_PLACEMENT_3D('',#7170,#5355,#5356);
#4652=AXIS2_PLACEMENT_3D('',#7171,#5357,#5358);
#4653=AXIS2_PLACEMENT_3D('',#7172,#5359,#5360);
#4654=AXIS2_PLACEMENT_3D('',#7185,#5361,#5362);
#4655=AXIS2_PLACEMENT_3D('',#7198,#5363,#5364);
#4656=AXIS2_PLACEMENT_3D('',#7199,#5365,#5366);
#4657=AXIS2_PLACEMENT_3D('',#7200,#5367,#5368);
#4658=AXIS2_PLACEMENT_3D('',#7213,#5369,#5370);
#4659=AXIS2_PLACEMENT_3D('',#7226,#5371,#5372);
#4660=AXIS2_PLACEMENT_3D('',#7227,#5373,#5374);
#4661=AXIS2_PLACEMENT_3D('',#7228,#5375,#5376);
#4662=AXIS2_PLACEMENT_3D('',#7253,#5377,#5378);
#4663=AXIS2_PLACEMENT_3D('',#7254,#5379,#5380);
#4664=AXIS2_PLACEMENT_3D('',#7255,#5381,#5382);
#4665=AXIS2_PLACEMENT_3D('',#7268,#5383,#5384);
#4666=AXIS2_PLACEMENT_3D('',#7281,#5385,#5386);
#4667=AXIS2_PLACEMENT_3D('',#7282,#5387,#5388);
#4668=AXIS2_PLACEMENT_3D('',#7283,#5389,#5390);
#4669=AXIS2_PLACEMENT_3D('',#7296,#5391,#5392);
#4670=AXIS2_PLACEMENT_3D('',#7309,#5393,#5394);
#4671=AXIS2_PLACEMENT_3D('',#7310,#5395,#5396);
#4672=AXIS2_PLACEMENT_3D('',#7311,#5397,#5398);
#4673=AXIS2_PLACEMENT_3D('',#7324,#5399,#5400);
#4674=AXIS2_PLACEMENT_3D('',#7325,#5401,#5402);
#4675=AXIS2_PLACEMENT_3D('',#7326,#5403,#5404);
#4676=AXIS2_PLACEMENT_3D('',#7327,#5405,#5406);
#4677=AXIS2_PLACEMENT_3D('',#7328,#5407,#5408);
#4678=AXIS2_PLACEMENT_3D('',#7329,#5409,#5410);
#4679=AXIS2_PLACEMENT_3D('',#7330,#5411,#5412);
#4680=AXIS2_PLACEMENT_3D('',#7331,#5413,#5414);
#4681=AXIS2_PLACEMENT_3D('',#7332,#5415,#5416);
#4682=AXIS2_PLACEMENT_3D('',#7333,#5417,#5418);
#4683=AXIS2_PLACEMENT_3D('',#7334,#5419,#5420);
#4684=AXIS2_PLACEMENT_3D('',#7335,#5421,#5422);
#4685=AXIS2_PLACEMENT_3D('',#7336,#5423,#5424);
#4686=AXIS2_PLACEMENT_3D('',#7337,#5425,#5426);
#4687=AXIS2_PLACEMENT_3D('',#7338,#5427,#5428);
#4688=AXIS2_PLACEMENT_3D('',#7339,#5429,#5430);
#4689=AXIS2_PLACEMENT_3D('',#7340,#5431,#5432);
#4690=AXIS2_PLACEMENT_3D('',#7341,#5433,#5434);
#4691=AXIS2_PLACEMENT_3D('',#7342,#5435,#5436);
#4692=AXIS2_PLACEMENT_3D('',#7343,#5437,#5438);
#4693=AXIS2_PLACEMENT_3D('',#7344,#5439,#5440);
#4694=AXIS2_PLACEMENT_3D('',#7345,#5441,#5442);
#4695=AXIS2_PLACEMENT_3D('',#7347,#5444,#5445);
#4696=AXIS2_PLACEMENT_3D('',#7349,#5447,#5448);
#4697=AXIS2_PLACEMENT_3D('',#7350,#5449,#5450);
#4698=AXIS2_PLACEMENT_3D('',#7352,#5452,#5453);
#4699=AXIS2_PLACEMENT_3D('',#7354,#5455,#5456);
#4700=AXIS2_PLACEMENT_3D('',#7355,#5457,#5458);
#4701=AXIS2_PLACEMENT_3D('',#7356,#5459,#5460);
#4702=AXIS2_PLACEMENT_3D('',#7360,#5462,#5463);
#4703=AXIS2_PLACEMENT_3D('',#7362,#5464,#5465);
#4704=AXIS2_PLACEMENT_3D('',#7380,#5469,#5470);
#4705=AXIS2_PLACEMENT_3D('',#7382,#5471,#5472);
#4706=AXIS2_PLACEMENT_3D('',#7383,#5473,#5474);
#4707=AXIS2_PLACEMENT_3D('',#7398,#5477,#5478);
#4708=AXIS2_PLACEMENT_3D('',#7402,#5480,#5481);
#4709=AXIS2_PLACEMENT_3D('',#7434,#5482,#5483);
#4710=AXIS2_PLACEMENT_3D('',#7435,#5484,#5485);
#4711=AXIS2_PLACEMENT_3D('',#7439,#5487,#5488);
#4712=AXIS2_PLACEMENT_3D('',#7445,#5489,#5490);
#4713=AXIS2_PLACEMENT_3D('',#7449,#5492,#5493);
#4714=AXIS2_PLACEMENT_3D('',#7458,#5495,#5496);
#4715=AXIS2_PLACEMENT_3D('',#7459,#5497,#5498);
#4716=AXIS2_PLACEMENT_3D('',#7462,#5500,#5501);
#4717=AXIS2_PLACEMENT_3D('',#7481,#5503,#5504);
#4718=AXIS2_PLACEMENT_3D('',#7482,#5505,#5506);
#4719=AXIS2_PLACEMENT_3D('',#7508,#5509,#5510);
#4720=AXIS2_PLACEMENT_3D('',#7512,#5512,#5513);
#4721=AXIS2_PLACEMENT_3D('',#7518,#5514,#5515);
#4722=AXIS2_PLACEMENT_3D('',#7527,#5517,#5518);
#4723=AXIS2_PLACEMENT_3D('',#7549,#5521,#5522);
#4724=AXIS2_PLACEMENT_3D('',#7565,#5525,#5526);
#4725=AXIS2_PLACEMENT_3D('',#7579,#5527,#5528);
#4726=AXIS2_PLACEMENT_3D('',#7587,#5530,#5531);
#4727=AXIS2_PLACEMENT_3D('',#7598,#5532,#5533);
#4728=AXIS2_PLACEMENT_3D('',#7600,#5534,#5535);
#4729=AXIS2_PLACEMENT_3D('',#7601,#5536,#5537);
#4730=AXIS2_PLACEMENT_3D('',#7612,#5543,#5544);
#4731=AXIS2_PLACEMENT_3D('',#7616,#5546,#5547);
#4732=AXIS2_PLACEMENT_3D('',#7620,#5549,#5550);
#4733=AXIS2_PLACEMENT_3D('',#7621,#5551,#5552);
#4734=AXIS2_PLACEMENT_3D('',#7628,#5556,#5557);
#4735=AXIS2_PLACEMENT_3D('',#7632,#5559,#5560);
#4736=AXIS2_PLACEMENT_3D('',#7636,#5562,#5563);
#4737=AXIS2_PLACEMENT_3D('',#7881,#5570,#5571);
#4738=AXIS2_PLACEMENT_3D('',#7898,#5572,#5573);
#4739=AXIS2_PLACEMENT_3D('',#7901,#5575,#5576);
#4740=AXIS2_PLACEMENT_3D('',#7910,#5578,#5579);
#4741=AXIS2_PLACEMENT_3D('',#7923,#5581,#5582);
#4742=AXIS2_PLACEMENT_3D('',#7937,#5584,#5585);
#4743=AXIS2_PLACEMENT_3D('',#7951,#5587,#5588);
#4744=AXIS2_PLACEMENT_3D('',#8067,#5590,#5591);
#4745=AXIS2_PLACEMENT_3D('',#8073,#5595,#5596);
#4746=AXIS2_PLACEMENT_3D('',#8079,#5600,#5601);
#4747=AXIS2_PLACEMENT_3D('',#8108,#5605,#5606);
#4748=AXIS2_PLACEMENT_3D('',#8127,#5610,#5611);
#4749=AXIS2_PLACEMENT_3D('',#8130,#5614,#5615);
#4750=AXIS2_PLACEMENT_3D('',#8133,#5618,#5619);
#4751=AXIS2_PLACEMENT_3D('',#8139,#5623,#5624);
#4752=AXIS2_PLACEMENT_3D('',#8142,#5627,#5628);
#4753=AXIS2_PLACEMENT_3D('',#8145,#5631,#5632);
#4754=AXIS2_PLACEMENT_3D('',#8163,#5635,#5636);
#4755=AXIS2_PLACEMENT_3D('',#8183,#5640,#5641);
#4756=AXIS2_PLACEMENT_3D('',#8193,#5644,#5645);
#4757=AXIS2_PLACEMENT_3D('',#8207,#5648,#5649);
#4758=AXIS2_PLACEMENT_3D('',#8233,#5652,#5653);
#4759=AXIS2_PLACEMENT_3D('',#8243,#5654,#5655);
#4760=AXIS2_PLACEMENT_3D('',#8257,#5658,#5659);
#4761=AXIS2_PLACEMENT_3D('',#8270,#5660,#5661);
#4762=AXIS2_PLACEMENT_3D('',#8352,#5664,#5665);
#4763=AXIS2_PLACEMENT_3D('',#8353,#5666,#5667);
#4764=AXIS2_PLACEMENT_3D('',#8442,#5669,#5670);
#4765=AXIS2_PLACEMENT_3D('',#8444,#5672,#5673);
#4766=AXIS2_PLACEMENT_3D('',#8915,#5674,#5675);
#4767=AXIS2_PLACEMENT_3D('',#8916,#5676,#5677);
#4768=AXIS2_PLACEMENT_3D('',#8917,#5678,#5679);
#4769=AXIS2_PLACEMENT_3D('',#8921,#5681,#5682);
#4770=AXIS2_PLACEMENT_3D('',#8966,#5686,#5687);
#4771=AXIS2_PLACEMENT_3D('',#8967,#5688,#5689);
#4772=AXIS2_PLACEMENT_3D('',#8969,#5691,#5692);
#4773=AXIS2_PLACEMENT_3D('',#8970,#5693,#5694);
#4774=AXIS2_PLACEMENT_3D('',#8998,#5695,#5696);
#4775=AXIS2_PLACEMENT_3D('',#9049,#5697,#5698);
#4776=AXIS2_PLACEMENT_3D('',#9050,#5699,#5700);
#4777=AXIS2_PLACEMENT_3D('',#9051,#5701,#5702);
#4778=AXIS2_PLACEMENT_3D('',#9054,#5705,#5706);
#4779=AXIS2_PLACEMENT_3D('',#9055,#5707,#5708);
#4780=AXIS2_PLACEMENT_3D('',#9056,#5709,#5710);
#4781=AXIS2_PLACEMENT_3D('',#9057,#5711,#5712);
#4782=AXIS2_PLACEMENT_3D('',#9058,#5713,#5714);
#4783=AXIS2_PLACEMENT_3D('',#9059,#5715,#5716);
#4784=AXIS2_PLACEMENT_3D('',#9060,#5717,#5718);
#4785=AXIS2_PLACEMENT_3D('',#9065,#5719,#5720);
#4786=AXIS2_PLACEMENT_3D('',#9066,#5721,#5722);
#4787=AXIS2_PLACEMENT_3D('',#9067,#5723,#5724);
#4788=AXIS2_PLACEMENT_3D('',#9068,#5725,#5726);
#4789=AXIS2_PLACEMENT_3D('',#9069,#5727,#5728);
#4790=AXIS2_PLACEMENT_3D('',#9074,#5729,#5730);
#4791=AXIS2_PLACEMENT_3D('',#9075,#5731,#5732);
#4792=AXIS2_PLACEMENT_3D('',#9076,#5733,#5734);
#4793=AXIS2_PLACEMENT_3D('',#9077,#5735,#5736);
#4794=AXIS2_PLACEMENT_3D('',#9078,#5737,#5738);
#4795=AXIS2_PLACEMENT_3D('',#9083,#5739,#5740);
#4796=AXIS2_PLACEMENT_3D('',#9124,#5741,#5742);
#4797=AXIS2_PLACEMENT_3D('',#9223,#5743,#5744);
#4798=AXIS2_PLACEMENT_3D('',#9450,#5745,#5746);
#4799=AXIS2_PLACEMENT_3D('',#9504,#5747,#5748);
#4800=AXIS2_PLACEMENT_3D('',#9520,#5749,#5750);
#4801=AXIS2_PLACEMENT_3D('',#9521,#5751,#5752);
#4802=AXIS2_PLACEMENT_3D('',#9525,#5754,#5755);
#4803=AXIS2_PLACEMENT_3D('',#9526,#5756,#5757);
#4804=AXIS2_PLACEMENT_3D('',#9532,#5758,#5759);
#4805=AXIS2_PLACEMENT_3D('',#9533,#5760,#5761);
#4806=AXIS2_PLACEMENT_3D('',#9534,#5762,#5763);
#4807=AXIS2_PLACEMENT_3D('',#9547,#5764,#5765);
#4808=AXIS2_PLACEMENT_3D('',#9548,#5766,#5767);
#4809=AXIS2_PLACEMENT_3D('',#9549,#5768,#5769);
#4810=AXIS2_PLACEMENT_3D('',#9555,#5770,#5771);
#4811=AXIS2_PLACEMENT_3D('',#9556,#5772,#5773);
#4812=AXIS2_PLACEMENT_3D('',#9557,#5774,#5775);
#4813=AXIS2_PLACEMENT_3D('',#9558,#5776,#5777);
#4814=AXIS2_PLACEMENT_3D('',#9559,#5778,#5779);
#4815=AXIS2_PLACEMENT_3D('',#9560,#5780,#5781);
#4816=AXIS2_PLACEMENT_3D('',#9561,#5782,#5783);
#4817=AXIS2_PLACEMENT_3D('',#9562,#5784,#5785);
#4818=AXIS2_PLACEMENT_3D('',#9563,#5786,#5787);
#4819=AXIS2_PLACEMENT_3D('',#9564,#5788,#5789);
#4820=AXIS2_PLACEMENT_3D('',#9565,#5790,#5791);
#4821=AXIS2_PLACEMENT_3D('',#9566,#5792,#5793);
#4822=AXIS2_PLACEMENT_3D('',#9567,#5794,#5795);
#4823=AXIS2_PLACEMENT_3D('',#9568,#5796,#5797);
#4824=AXIS2_PLACEMENT_3D('',#9574,#5798,#5799);
#4825=AXIS2_PLACEMENT_3D('',#9575,#5800,#5801);
#4826=AXIS2_PLACEMENT_3D('',#9588,#5802,#5803);
#4827=AXIS2_PLACEMENT_3D('',#9589,#5804,#5805);
#4828=AXIS2_PLACEMENT_3D('',#9590,#5806,#5807);
#4829=AXIS2_PLACEMENT_3D('',#9591,#5808,#5809);
#4830=AXIS2_PLACEMENT_3D('',#9597,#5810,#5811);
#4831=DIRECTION('',(0.,0.,1.));
#4832=DIRECTION('',(1.,0.,0.));
#4833=DIRECTION('',(0.,1.,0.));
#4834=DIRECTION('',(0.,0.,1.));
#4835=DIRECTION('',(0.,0.,1.));
#4836=DIRECTION('',(1.,0.,0.));
#4837=DIRECTION('',(0.,0.,1.));
#4838=DIRECTION('',(-1.,0.,0.));
#4839=DIRECTION('',(0.,0.,-1.));
#4840=DIRECTION('',(1.,0.,0.));
#4841=DIRECTION('',(-1.,0.,0.));
#4842=DIRECTION('',(0.,-1.,0.));
#4843=DIRECTION('',(1.,0.,0.));
#4844=DIRECTION('',(0.,-1.,0.));
#4845=DIRECTION('',(0.,0.,1.));
#4846=DIRECTION('',(1.,0.,0.));
#4847=DIRECTION('',(-1.,0.,0.));
#4848=DIRECTION('',(0.,0.,1.));
#4849=DIRECTION('',(1.,0.,0.));
#4850=DIRECTION('',(0.,-1.,0.));
#4851=DIRECTION('',(0.,0.,1.));
#4852=DIRECTION('',(1.,0.,0.));
#4853=DIRECTION('',(-1.,0.,0.));
#4854=DIRECTION('',(0.,0.,1.));
#4855=DIRECTION('',(1.,0.,0.));
#4856=DIRECTION('',(0.,-1.,0.));
#4857=DIRECTION('',(0.,0.,1.));
#4858=DIRECTION('',(1.,0.,0.));
#4859=DIRECTION('',(-1.,0.,0.));
#4860=DIRECTION('',(0.,-1.,0.));
#4861=DIRECTION('',(-0.707106781186547,0.707106781186548,0.));
#4862=DIRECTION('',(1.,0.,0.));
#4863=DIRECTION('',(0.,-1.,0.));
#4864=DIRECTION('',(-0.707106781186548,0.707106781186548,0.));
#4865=DIRECTION('',(0.,-1.,0.));
#4866=DIRECTION('',(1.,0.,0.));
#4867=DIRECTION('',(0.707106781186547,0.707106781186548,0.));
#4868=DIRECTION('',(0.,-1.,0.));
#4869=DIRECTION('',(-1.,0.,0.));
#4870=DIRECTION('',(0.707106781186548,0.707106781186548,0.));
#4871=DIRECTION('',(0.,1.,0.));
#4872=DIRECTION('',(0.,-1.,0.));
#4873=DIRECTION('',(0.,0.,1.));
#4874=DIRECTION('',(1.,0.,0.));
#4875=DIRECTION('',(1.,0.,0.));
#4876=DIRECTION('',(0.,-1.,0.));
#4877=DIRECTION('',(1.,0.,0.));
#4878=DIRECTION('',(0.,-1.,0.));
#4879=DIRECTION('',(1.,0.,0.));
#4880=DIRECTION('',(0.,1.,0.));
#4881=DIRECTION('',(-1.,0.,0.));
#4882=DIRECTION('',(0.,-1.,0.));
#4883=DIRECTION('',(-1.,0.,0.));
#4884=DIRECTION('',(0.,-1.,0.));
#4885=DIRECTION('',(-1.,0.,0.));
#4886=DIRECTION('',(0.,-1.,0.));
#4887=DIRECTION('',(0.,-1.,0.));
#4888=DIRECTION('',(0.,0.,-1.));
#4889=DIRECTION('',(0.,0.,-1.));
#4890=DIRECTION('',(-1.,0.,0.));
#4891=DIRECTION('',(0.,0.,1.));
#4892=DIRECTION('',(0.,0.,1.));
#4893=DIRECTION('',(1.,0.,0.));
#4894=DIRECTION('',(0.,1.,0.));
#4895=DIRECTION('',(1.,0.,0.));
#4896=DIRECTION('',(0.,1.,0.));
#4897=DIRECTION('',(1.,0.,0.));
#4898=DIRECTION('',(0.,0.,1.));
#4899=DIRECTION('',(1.,0.,0.));
#4900=DIRECTION('',(0.,-1.,0.));
#4901=DIRECTION('',(0.,0.,1.));
#4902=DIRECTION('',(1.,0.,0.));
#4903=DIRECTION('',(1.,0.,0.));
#4904=DIRECTION('',(0.,0.,1.));
#4905=DIRECTION('',(1.,0.,0.));
#4906=DIRECTION('',(0.,1.,0.));
#4907=DIRECTION('',(0.,0.,1.));
#4908=DIRECTION('',(1.,0.,0.));
#4909=DIRECTION('',(1.,0.,0.));
#4910=DIRECTION('',(-1.,0.,0.));
#4911=DIRECTION('',(0.,1.,0.));
#4912=DIRECTION('',(-0.707106781186547,-0.707106781186548,0.));
#4913=DIRECTION('',(-1.,0.,0.));
#4914=DIRECTION('',(0.,-1.,0.));
#4915=DIRECTION('',(-0.707106781186548,-0.707106781186548,0.));
#4916=DIRECTION('',(-1.,0.,0.));
#4917=DIRECTION('',(0.707106781186547,-0.707106781186548,0.));
#4918=DIRECTION('',(0.,1.,0.));
#4919=DIRECTION('',(-1.,0.,0.));
#4920=DIRECTION('',(0.707106781186548,-0.707106781186548,0.));
#4921=DIRECTION('',(0.,-1.,0.));
#4922=DIRECTION('',(0.,1.,0.));
#4923=DIRECTION('',(0.,-1.,0.));
#4924=DIRECTION('',(0.,0.,1.));
#4925=DIRECTION('',(1.,0.,0.));
#4926=DIRECTION('',(0.,-1.,0.));
#4927=DIRECTION('',(0.,0.,-1.));
#4928=DIRECTION('',(0.,-1.,0.));
#4929=DIRECTION('',(0.,0.,-1.));
#4930=DIRECTION('',(0.,1.,0.));
#4931=DIRECTION('',(0.,1.,0.));
#4932=DIRECTION('',(0.,0.,1.));
#4933=DIRECTION('',(0.,1.,0.));
#4934=DIRECTION('',(0.,0.,1.));
#4935=DIRECTION('',(0.,-1.,0.));
#4936=DIRECTION('',(0.707106781186548,0.,0.707106781186548));
#4937=DIRECTION('',(0.,1.,0.));
#4938=DIRECTION('',(-0.577350269189626,-0.577350269189626,0.577350269189626));
#4939=DIRECTION('',(0.,-1.,0.));
#4940=DIRECTION('',(-0.577350269189626,0.577350269189626,0.577350269189626));
#4941=DIRECTION('',(0.,-0.707106781186548,-0.707106781186548));
#4942=DIRECTION('',(-1.,0.,0.));
#4943=DIRECTION('',(0.577350269189626,-0.577350269189626,0.577350269189626));
#4944=DIRECTION('',(0.707106781186548,0.,-0.707106781186548));
#4945=DIRECTION('',(0.,-1.,0.));
#4946=DIRECTION('',(0.577350269189626,0.577350269189626,0.577350269189626));
#4947=DIRECTION('',(0.,-1.,0.));
#4948=DIRECTION('',(0.,0.,-1.));
#4949=DIRECTION('',(1.,0.,0.));
#4950=DIRECTION('',(0.,-1.,0.));
#4951=DIRECTION('',(1.,0.,0.));
#4952=DIRECTION('',(0.,-1.,0.));
#4953=DIRECTION('',(-1.0842021724855E-16,1.,0.));
#4954=DIRECTION('',(0.,0.,-1.));
#4955=DIRECTION('',(1.,0.,0.));
#4956=DIRECTION('',(0.,0.,-1.));
#4957=DIRECTION('',(-1.,0.,0.));
#4958=DIRECTION('',(1.,0.,0.));
#4959=DIRECTION('',(0.,0.,-1.));
#4960=DIRECTION('',(-1.,0.,0.));
#4961=DIRECTION('',(0.,-1.,0.));
#4962=DIRECTION('',(0.,0.,-1.));
#4963=DIRECTION('',(0.,0.,1.));
#4964=DIRECTION('',(0.,0.,1.));
#4965=DIRECTION('',(0.,0.,1.));
#4966=DIRECTION('',(1.,0.,0.));
#4967=DIRECTION('',(0.,0.,1.));
#4968=DIRECTION('',(0.,0.,-1.));
#4969=DIRECTION('',(0.,0.,-1.));
#4970=DIRECTION('',(-1.,0.,0.));
#4971=DIRECTION('',(0.,0.,-1.));
#4972=DIRECTION('',(0.,0.,-1.));
#4973=DIRECTION('',(-1.,0.,0.));
#4974=DIRECTION('',(0.,0.,1.));
#4975=DIRECTION('',(0.,0.,1.));
#4976=DIRECTION('',(1.,0.,0.));
#4977=DIRECTION('',(0.,0.,1.));
#4978=DIRECTION('',(0.,0.,1.));
#4979=DIRECTION('',(0.,0.,-1.));
#4980=DIRECTION('',(1.,0.,0.));
#4981=DIRECTION('',(0.,0.,-1.));
#4982=DIRECTION('',(0.,1.,0.));
#4983=DIRECTION('',(0.,-1.,0.));
#4984=DIRECTION('',(0.,0.,1.));
#4985=DIRECTION('',(0.,-1.,0.));
#4986=DIRECTION('',(1.,0.,0.));
#4987=DIRECTION('',(0.,0.,-1.));
#4988=DIRECTION('',(0.,0.,1.));
#4989=DIRECTION('',(0.,0.,-1.));
#4990=DIRECTION('',(0.,0.,1.));
#4991=DIRECTION('',(0.,0.,-1.));
#4992=DIRECTION('',(0.,0.,1.));
#4993=DIRECTION('',(1.,0.,0.));
#4994=DIRECTION('',(0.,0.,-1.));
#4995=DIRECTION('',(0.,0.,1.));
#4996=DIRECTION('',(0.,0.,1.));
#4997=DIRECTION('',(1.,0.,0.));
#4998=DIRECTION('',(0.,0.,1.));
#4999=DIRECTION('',(0.,0.,-1.));
#5000=DIRECTION('',(-1.,0.,0.));
#5001=DIRECTION('',(0.,0.,-1.));
#5002=DIRECTION('',(0.,0.,-1.));
#5003=DIRECTION('',(-1.,0.,0.));
#5004=DIRECTION('',(0.,0.,1.));
#5005=DIRECTION('',(1.,0.,0.));
#5006=DIRECTION('',(0.,0.,-1.));
#5007=DIRECTION('',(0.,1.,0.));
#5008=DIRECTION('',(1.,0.,0.));
#5009=DIRECTION('',(0.,0.,-1.));
#5010=DIRECTION('',(0.,0.,1.));
#5011=DIRECTION('',(1.,0.,0.));
#5012=DIRECTION('',(0.,0.,-1.));
#5013=DIRECTION('',(0.,1.,0.));
#5014=DIRECTION('',(0.,0.,1.));
#5015=DIRECTION('',(1.,0.,0.));
#5016=DIRECTION('',(0.,0.,-1.));
#5017=DIRECTION('',(-1.,0.,0.));
#5018=DIRECTION('',(0.,0.,1.));
#5019=DIRECTION('',(-1.,0.,0.));
#5020=DIRECTION('',(0.,0.,1.));
#5021=DIRECTION('',(0.,-1.,0.));
#5022=DIRECTION('',(0.,1.,0.));
#5023=DIRECTION('',(0.,-1.,0.));
#5024=DIRECTION('',(-1.,0.,0.));
#5025=DIRECTION('',(0.,0.,1.));
#5026=DIRECTION('',(0.,-1.,0.));
#5027=DIRECTION('',(-1.,0.,0.));
#5028=DIRECTION('',(0.,0.,1.));
#5029=DIRECTION('',(0.,0.,1.));
#5030=DIRECTION('',(-1.,0.,0.));
#5031=DIRECTION('',(0.,0.,1.));
#5032=DIRECTION('',(0.,0.,1.));
#5033=DIRECTION('',(-1.,0.,0.));
#5034=DIRECTION('',(0.,0.,1.));
#5035=DIRECTION('',(-0.948683298050514,0.,-0.316227766016837));
#5036=DIRECTION('',(-0.316227766016837,0.,0.948683298050514));
#5037=DIRECTION('',(0.316227766016837,0.,-0.948683298050514));
#5038=DIRECTION('',(0.,1.,0.));
#5039=DIRECTION('',(-0.316227766016837,0.,0.948683298050514));
#5040=DIRECTION('',(0.,-1.,0.));
#5041=DIRECTION('',(0.,-1.,0.));
#5042=DIRECTION('',(0.,0.,-1.));
#5043=DIRECTION('',(0.,0.,1.));
#5044=DIRECTION('',(0.,0.,-1.));
#5045=DIRECTION('',(1.,0.,0.));
#5046=DIRECTION('',(0.,0.,-1.));
#5047=DIRECTION('',(0.,0.,-1.));
#5048=DIRECTION('',(0.,-1.,0.));
#5049=DIRECTION('',(0.,0.,-1.));
#5050=DIRECTION('',(0.,-1.,0.));
#5051=DIRECTION('',(0.,0.,-1.));
#5052=DIRECTION('',(0.,0.,-1.));
#5053=DIRECTION('',(1.,0.,0.));
#5054=DIRECTION('',(0.,0.,-1.));
#5055=DIRECTION('',(1.,0.,0.));
#5056=DIRECTION('',(0.,0.,-1.));
#5057=DIRECTION('',(0.,0.,-1.));
#5058=DIRECTION('',(0.,1.,0.));
#5059=DIRECTION('',(0.,0.,-1.));
#5060=DIRECTION('',(1.,0.,0.));
#5061=DIRECTION('',(0.,0.,-1.));
#5062=DIRECTION('',(0.,0.,1.));
#5063=DIRECTION('',(0.,0.,1.));
#5064=DIRECTION('',(0.,-1.,0.));
#5065=DIRECTION('',(0.,0.,-1.));
#5066=DIRECTION('',(0.,0.,1.));
#5067=DIRECTION('',(0.,0.,1.));
#5068=DIRECTION('',(1.,0.,0.));
#5069=DIRECTION('',(0.,0.,-1.));
#5070=DIRECTION('',(0.,0.,1.));
#5071=DIRECTION('',(0.,0.,-1.));
#5072=DIRECTION('',(0.,-1.,0.));
#5073=DIRECTION('',(0.,0.,-1.));
#5074=DIRECTION('',(0.,0.,-1.));
#5075=DIRECTION('',(1.,0.,0.));
#5076=DIRECTION('',(0.,0.,-1.));
#5077=DIRECTION('',(0.,0.,-1.));
#5078=DIRECTION('',(-1.,0.,0.));
#5079=DIRECTION('',(0.,0.,1.));
#5080=DIRECTION('',(1.,0.,0.));
#5081=DIRECTION('',(0.,0.,1.));
#5082=DIRECTION('',(1.,0.,0.));
#5083=DIRECTION('',(0.,0.,1.));
#5084=DIRECTION('',(1.,0.,0.));
#5085=DIRECTION('',(0.,0.,1.));
#5086=DIRECTION('',(1.,0.,0.));
#5087=DIRECTION('',(0.,0.,1.));
#5088=DIRECTION('',(1.,0.,0.));
#5089=DIRECTION('',(0.,0.,-1.));
#5090=DIRECTION('',(-1.,0.,0.));
#5091=DIRECTION('',(0.,0.,1.));
#5092=DIRECTION('',(1.,0.,0.));
#5093=DIRECTION('',(0.707106781186548,0.707106781186548,0.));
#5094=DIRECTION('',(0.,0.,-1.));
#5095=DIRECTION('',(0.707106781186548,-0.707106781186548,0.));
#5096=DIRECTION('',(0.,0.,1.));
#5097=DIRECTION('',(0.,1.,0.));
#5098=DIRECTION('',(0.,0.,1.));
#5099=DIRECTION('',(0.,0.,-1.));
#5100=DIRECTION('',(1.,0.,0.));
#5101=DIRECTION('',(0.,0.,-1.));
#5102=DIRECTION('',(0.,0.,1.));
#5103=DIRECTION('',(1.,0.,0.));
#5104=DIRECTION('',(0.,0.,-1.));
#5105=DIRECTION('',(0.,0.,-1.));
#5106=DIRECTION('',(0.,1.,0.));
#5107=DIRECTION('',(0.,0.,1.));
#5108=DIRECTION('',(0.,0.,1.));
#5109=DIRECTION('',(0.707106781186548,-0.707106781186547,0.));
#5110=DIRECTION('',(0.,0.,1.));
#5111=DIRECTION('',(0.707106781186548,0.707106781186547,0.));
#5112=DIRECTION('',(0.,0.,-1.));
#5113=DIRECTION('',(1.,0.,0.));
#5114=DIRECTION('',(0.,0.,-1.));
#5115=DIRECTION('',(0.,0.,-1.));
#5116=DIRECTION('',(0.,-0.707106781186548,0.707106781186548));
#5117=DIRECTION('',(0.,-0.707106781186548,-0.707106781186548));
#5118=DIRECTION('',(0.,-1.,0.));
#5119=DIRECTION('',(1.,0.,0.));
#5120=DIRECTION('',(0.,0.,-1.));
#5121=DIRECTION('',(0.,-1.,0.));
#5122=DIRECTION('',(0.,0.,1.));
#5123=DIRECTION('',(0.,1.,0.));
#5124=DIRECTION('',(0.,-1.,0.));
#5125=DIRECTION('',(0.,0.,-1.));
#5126=DIRECTION('',(-1.,0.,0.));
#5127=DIRECTION('',(1.,0.,0.));
#5128=DIRECTION('',(-1.,0.,0.));
#5129=DIRECTION('',(0.,0.,1.));
#5130=DIRECTION('',(0.,1.,0.));
#5131=DIRECTION('',(0.,0.,1.));
#5132=DIRECTION('',(0.,1.,0.));
#5133=DIRECTION('',(0.,0.,1.));
#5134=DIRECTION('',(1.,0.,0.));
#5135=DIRECTION('',(0.,0.,1.));
#5136=DIRECTION('',(-1.,0.,0.));
#5137=DIRECTION('',(0.,0.,1.));
#5138=DIRECTION('',(0.,0.707106781186548,-0.707106781186548));
#5139=DIRECTION('',(0.,0.707106781186548,0.707106781186548));
#5140=DIRECTION('',(0.,0.,-1.));
#5141=DIRECTION('',(1.,0.,0.));
#5142=DIRECTION('',(0.,-1.,0.));
#5143=DIRECTION('',(0.,0.,-1.));
#5144=DIRECTION('',(1.,0.,0.));
#5145=DIRECTION('',(0.,-1.,0.));
#5146=DIRECTION('',(0.,0.,-1.));
#5147=DIRECTION('',(-0.316227766016837,0.,-0.948683298050514));
#5148=DIRECTION('',(1.,0.,0.));
#5149=DIRECTION('',(0.,0.,-1.));
#5150=DIRECTION('',(1.,0.,0.));
#5151=DIRECTION('',(1.,0.,0.));
#5152=DIRECTION('',(0.,1.,0.));
#5153=DIRECTION('',(-1.,0.,0.));
#5154=DIRECTION('',(0.,1.,0.));
#5155=DIRECTION('',(0.,0.,1.));
#5156=DIRECTION('',(-0.316227766016837,0.,0.948683298050514));
#5157=DIRECTION('',(0.,1.,0.));
#5158=DIRECTION('',(0.,0.,1.));
#5159=DIRECTION('',(-1.,0.,0.));
#5160=DIRECTION('',(-1.,0.,0.));
#5161=DIRECTION('',(0.,0.,-1.));
#5162=DIRECTION('',(1.,0.,0.));
#5163=DIRECTION('',(-1.,0.,0.));
#5164=DIRECTION('',(0.,-1.,0.));
#5165=DIRECTION('',(-1.,0.,0.));
#5166=DIRECTION('',(0.,0.,1.));
#5167=DIRECTION('',(1.,0.,0.));
#5168=DIRECTION('',(0.948683298050514,0.,-0.316227766016837));
#5169=DIRECTION('',(-0.316227766016837,0.,-0.948683298050514));
#5170=DIRECTION('',(-0.316227766016837,0.,-0.948683298050514));
#5171=DIRECTION('',(0.,-1.,0.));
#5172=DIRECTION('',(-0.316227766016837,0.,-0.948683298050514));
#5173=DIRECTION('',(0.,1.,0.));
#5174=DIRECTION('',(0.,1.,0.));
#5175=DIRECTION('',(0.,0.,1.));
#5176=DIRECTION('',(-0.316227766016837,0.,-0.948683298050514));
#5177=DIRECTION('',(0.,1.,0.));
#5178=DIRECTION('',(0.,0.,1.));
#5179=DIRECTION('',(1.,0.,0.));
#5180=DIRECTION('',(-1.,0.,0.));
#5181=DIRECTION('',(0.,1.,0.));
#5182=DIRECTION('',(0.,0.,1.));
#5183=DIRECTION('',(1.,0.,0.));
#5184=DIRECTION('',(0.,1.,0.));
#5185=DIRECTION('',(0.,0.,1.));
#5186=DIRECTION('',(0.316227766016837,0.,-0.948683298050514));
#5187=DIRECTION('',(-1.,0.,0.));
#5188=DIRECTION('',(-0.285566611001729,0.,0.958358863203647));
#5189=DIRECTION('',(0.,-1.,0.));
#5190=DIRECTION('',(0.,1.,0.));
#5191=DIRECTION('',(-0.285566611001729,0.,0.958358863203647));
#5192=DIRECTION('',(-0.958358863203647,0.,-0.285566611001729));
#5193=DIRECTION('',(0.,-1.,0.));
#5194=DIRECTION('',(-0.285566611001729,0.,0.958358863203647));
#5195=DIRECTION('',(-0.958358863203647,0.,-0.285566611001729));
#5196=DIRECTION('',(0.285566611001731,0.,0.958358863203647));
#5197=DIRECTION('',(0.,1.,0.));
#5198=DIRECTION('',(0.,-1.,0.));
#5199=DIRECTION('',(0.285566611001731,0.,0.958358863203647));
#5200=DIRECTION('',(0.958358863203647,0.,-0.285566611001731));
#5201=DIRECTION('',(0.,1.,0.));
#5202=DIRECTION('',(0.285566611001731,0.,0.958358863203647));
#5203=DIRECTION('',(0.958358863203647,0.,-0.285566611001731));
#5204=DIRECTION('',(0.,-1.,0.));
#5205=DIRECTION('',(0.,0.,-1.));
#5206=DIRECTION('',(0.,-1.,0.));
#5207=DIRECTION('',(0.,0.,-1.));
#5208=DIRECTION('',(0.,0.,1.));
#5209=DIRECTION('',(1.,0.,0.));
#5210=DIRECTION('',(0.,1.,0.));
#5211=DIRECTION('',(0.,0.,1.));
#5212=DIRECTION('',(0.,1.,0.));
#5213=DIRECTION('',(0.,0.,1.));
#5214=DIRECTION('',(0.,0.,-1.));
#5215=DIRECTION('',(1.,0.,0.));
#5216=DIRECTION('',(1.,0.,0.));
#5217=DIRECTION('',(0.,-1.,0.));
#5218=DIRECTION('',(-1.0842021724855E-16,1.,0.));
#5219=DIRECTION('',(0.,0.,-1.));
#5220=DIRECTION('',(1.,0.,0.));
#5221=DIRECTION('',(-1.,0.,0.));
#5222=DIRECTION('',(0.,-1.,0.));
#5223=DIRECTION('',(1.,0.,0.));
#5224=DIRECTION('',(0.,0.,-1.));
#5225=DIRECTION('',(0.,-1.,0.));
#5226=DIRECTION('',(0.,-1.,0.));
#5227=DIRECTION('',(1.,0.,0.));
#5228=DIRECTION('',(0.,0.,-1.));
#5229=DIRECTION('',(0.,-1.,0.));
#5230=DIRECTION('',(0.,-1.,0.));
#5231=DIRECTION('',(0.,0.,-1.));
#5232=DIRECTION('',(1.,0.,0.));
#5233=DIRECTION('',(0.,-1.,0.));
#5234=DIRECTION('',(0.,-1.,0.));
#5235=DIRECTION('',(-1.,-1.0842021724855E-16,0.));
#5236=DIRECTION('',(1.0842021724855E-16,-1.,0.));
#5237=DIRECTION('',(-1.0842021724855E-16,1.,0.));
#5238=DIRECTION('',(-1.0842021724855E-16,1.,0.));
#5239=DIRECTION('',(-1.,-1.0842021724855E-16,0.));
#5240=DIRECTION('',(1.0842021724855E-16,-1.,0.));
#5241=DIRECTION('',(-1.0842021724855E-16,1.,0.));
#5242=DIRECTION('',(-1.0842021724855E-16,1.,0.));
#5243=DIRECTION('',(0.,0.,-1.));
#5244=DIRECTION('',(1.,0.,0.));
#5245=DIRECTION('',(-1.0842021724855E-16,1.,0.));
#5246=DIRECTION('',(-1.0842021724855E-16,1.,0.));
#5247=DIRECTION('',(1.,0.,0.));
#5248=DIRECTION('',(0.,0.,-1.));
#5249=DIRECTION('',(1.,0.,0.));
#5250=DIRECTION('',(0.,0.,-1.));
#5251=DIRECTION('',(-1.,0.,0.));
#5252=DIRECTION('',(0.,0.,1.));
#5253=DIRECTION('',(-1.,0.,0.));
#5254=DIRECTION('',(0.,0.,1.));
#5255=DIRECTION('',(-1.,0.,0.));
#5256=DIRECTION('',(0.,0.,1.));
#5257=DIRECTION('',(-1.,0.,0.));
#5258=DIRECTION('',(0.,0.,1.));
#5259=DIRECTION('',(1.,0.,0.));
#5260=DIRECTION('',(0.,0.,-1.));
#5261=DIRECTION('',(1.,0.,0.));
#5262=DIRECTION('',(0.,0.,-1.));
#5263=DIRECTION('',(1.,0.,0.));
#5264=DIRECTION('',(0.,0.,-1.));
#5265=DIRECTION('',(1.,0.,0.));
#5266=DIRECTION('',(0.,0.,-1.));
#5267=DIRECTION('',(-1.,0.,0.));
#5268=DIRECTION('',(0.,0.,1.));
#5269=DIRECTION('',(-1.0842021724855E-16,1.,0.));
#5270=DIRECTION('',(-1.,-1.0842021724855E-16,0.));
#5271=DIRECTION('',(1.0842021724855E-16,-1.,0.));
#5272=DIRECTION('',(1.,1.0842021724855E-16,0.));
#5273=DIRECTION('',(-1.0842021724855E-16,1.,0.));
#5274=DIRECTION('',(-1.,-1.0842021724855E-16,0.));
#5275=DIRECTION('',(1.0842021724855E-16,-1.,0.));
#5276=DIRECTION('',(1.,1.0842021724855E-16,0.));
#5277=DIRECTION('',(1.,0.,0.));
#5278=DIRECTION('',(0.,0.,-1.));
#5279=DIRECTION('',(1.,0.,0.));
#5280=DIRECTION('',(0.,0.,-1.));
#5281=DIRECTION('',(1.,0.,0.));
#5282=DIRECTION('',(0.,0.,-1.));
#5283=DIRECTION('',(0.,-1.,0.));
#5284=DIRECTION('',(0.,0.,-1.));
#5285=DIRECTION('',(0.,1.,0.));
#5286=DIRECTION('',(0.,0.,1.));
#5287=DIRECTION('',(0.,-1.,0.));
#5288=DIRECTION('',(0.,0.,-1.));
#5289=DIRECTION('',(0.,1.,0.));
#5290=DIRECTION('',(0.,0.,1.));
#5291=DIRECTION('',(0.316227766016837,0.,0.948683298050514));
#5292=DIRECTION('',(0.948683298050514,0.,-0.316227766016837));
#5293=DIRECTION('',(-0.291720424293767,0.,-0.956503629919858));
#5294=DIRECTION('',(0.956503629919858,0.,-0.291720424293767));
#5295=DIRECTION('',(-0.316227766016838,0.,-0.948683298050514));
#5296=DIRECTION('',(-0.948683298050514,0.,0.316227766016838));
#5297=DIRECTION('',(0.948683298050514,0.,-0.316227766016837));
#5298=DIRECTION('',(-0.316227766016837,0.,-0.948683298050514));
#5299=DIRECTION('',(0.,-1.,0.));
#5300=DIRECTION('',(0.,0.,-1.));
#5301=DIRECTION('',(0.,1.,0.));
#5302=DIRECTION('',(0.,0.,1.));
#5303=DIRECTION('',(0.,-1.,0.));
#5304=DIRECTION('',(0.,0.,-1.));
#5305=DIRECTION('',(0.948683298050514,0.,-0.316227766016837));
#5306=DIRECTION('',(-0.316227766016837,0.,-0.948683298050514));
#5307=DIRECTION('',(0.316227766016837,-4.11425797098832E-16,0.948683298050514));
#5308=DIRECTION('',(0.948683298050514,0.,-0.316227766016837));
#5309=DIRECTION('',(0.316227766016837,0.,0.948683298050514));
#5310=DIRECTION('',(0.948683298050514,0.,-0.316227766016837));
#5311=DIRECTION('',(-0.291720424293767,0.,-0.956503629919858));
#5312=DIRECTION('',(0.956503629919858,0.,-0.291720424293767));
#5313=DIRECTION('',(-0.316227766016837,0.,0.948683298050514));
#5314=DIRECTION('',(0.948683298050514,0.,0.316227766016837));
#5315=DIRECTION('',(0.291720424293766,0.,-0.956503629919858));
#5316=DIRECTION('',(-0.956503629919858,0.,-0.291720424293766));
#5317=DIRECTION('',(0.316227766016838,0.,-0.948683298050514));
#5318=DIRECTION('',(-0.948683298050514,0.,-0.316227766016838));
#5319=DIRECTION('',(-0.948683298050514,0.,-0.316227766016837));
#5320=DIRECTION('',(-0.316227766016837,0.,0.948683298050514));
#5321=DIRECTION('',(0.,1.,0.));
#5322=DIRECTION('',(0.,0.,1.));
#5323=DIRECTION('',(0.,-1.,0.));
#5324=DIRECTION('',(0.,0.,-1.));
#5325=DIRECTION('',(0.,1.,0.));
#5326=DIRECTION('',(0.,0.,1.));
#5327=DIRECTION('',(-0.948683298050514,0.,-0.316227766016837));
#5328=DIRECTION('',(-0.316227766016837,0.,0.948683298050514));
#5329=DIRECTION('',(-0.316227766016837,8.22851594197664E-16,0.948683298050514));
#5330=DIRECTION('',(0.948683298050514,0.,0.316227766016837));
#5331=DIRECTION('',(-0.316227766016837,0.,0.948683298050514));
#5332=DIRECTION('',(0.948683298050514,0.,0.316227766016837));
#5333=DIRECTION('',(0.291720424293766,0.,-0.956503629919858));
#5334=DIRECTION('',(-0.956503629919858,0.,-0.291720424293766));
#5335=DIRECTION('',(0.,1.,0.));
#5336=DIRECTION('',(0.,0.,1.));
#5337=DIRECTION('',(0.,1.,0.));
#5338=DIRECTION('',(0.,0.,1.));
#5339=DIRECTION('',(0.,1.,0.));
#5340=DIRECTION('',(0.,0.,1.));
#5341=DIRECTION('',(0.,-1.,0.));
#5342=DIRECTION('',(0.,0.,-1.));
#5343=DIRECTION('',(0.,-1.,0.));
#5344=DIRECTION('',(0.,0.,-1.));
#5345=DIRECTION('',(0.,1.,0.));
#5346=DIRECTION('',(0.,0.,1.));
#5347=DIRECTION('',(0.,-1.,0.));
#5348=DIRECTION('',(0.,0.,-1.));
#5349=DIRECTION('',(0.,1.,0.));
#5350=DIRECTION('',(0.,0.,1.));
#5351=DIRECTION('',(1.,0.,0.));
#5352=DIRECTION('',(0.,0.,-1.));
#5353=DIRECTION('',(0.,0.0431908061869382,-0.999066841738291));
#5354=DIRECTION('',(0.,0.999066841738291,0.0431908061869382));
#5355=DIRECTION('',(0.0370206910173696,0.,-0.999314499262668));
#5356=DIRECTION('',(-0.999314499262668,0.,-0.0370206910173696));
#5357=DIRECTION('',(0.,1.,0.));
#5358=DIRECTION('',(0.,0.,1.));
#5359=DIRECTION('',(0.909493400159682,-4.50722749347372E-16,-0.415718360270486));
#5360=DIRECTION('',(-0.415718360270486,0.,-0.909493400159682));
#5361=DIRECTION('',(0.951259050619972,0.121497829251813,-0.283451047097532));
#5362=DIRECTION('',(-0.285566611001736,0.,-0.958358863203645));
#5363=DIRECTION('',(0.,1.,0.));
#5364=DIRECTION('',(0.,0.,1.));
#5365=DIRECTION('',(0.,-1.,0.));
#5366=DIRECTION('',(0.,0.,-1.));
#5367=DIRECTION('',(0.,1.,0.));
#5368=DIRECTION('',(0.,0.,1.));
#5369=DIRECTION('',(-0.951259050619972,0.121497829251814,0.283451047097532));
#5370=DIRECTION('',(0.285566611001736,0.,0.958358863203645));
#5371=DIRECTION('',(-0.909493400159682,-4.50722749347371E-16,0.415718360270486));
#5372=DIRECTION('',(0.415718360270486,0.,0.909493400159682));
#5373=DIRECTION('',(0.,-1.,0.));
#5374=DIRECTION('',(0.,0.,-1.));
#5375=DIRECTION('',(-0.0370206910173707,0.,0.999314499262668));
#5376=DIRECTION('',(0.999314499262668,0.,0.0370206910173707));
#5377=DIRECTION('',(-0.0370206910173653,0.,-0.999314499262668));
#5378=DIRECTION('',(-0.999314499262668,0.,0.0370206910173653));
#5379=DIRECTION('',(0.,1.,0.));
#5380=DIRECTION('',(0.,0.,1.));
#5381=DIRECTION('',(-0.909493400159681,-4.50722749347372E-16,-0.415718360270487));
#5382=DIRECTION('',(-0.415718360270487,0.,0.909493400159681));
#5383=DIRECTION('',(-0.951259050619972,-0.121497829251813,-0.283451047097532));
#5384=DIRECTION('',(-0.285566611001736,0.,0.958358863203645));
#5385=DIRECTION('',(0.,-1.,0.));
#5386=DIRECTION('',(0.,0.,-1.));
#5387=DIRECTION('',(0.,1.,0.));
#5388=DIRECTION('',(0.,0.,1.));
#5389=DIRECTION('',(0.,-1.,0.));
#5390=DIRECTION('',(0.,0.,-1.));
#5391=DIRECTION('',(0.951259050619972,-0.121497829251814,0.283451047097532));
#5392=DIRECTION('',(0.285566611001736,0.,-0.958358863203645));
#5393=DIRECTION('',(0.909493400159674,-1.71293637730717E-14,0.415718360270503));
#5394=DIRECTION('',(0.415718360270503,0.,-0.909493400159674));
#5395=DIRECTION('',(0.,1.,0.));
#5396=DIRECTION('',(0.,0.,1.));
#5397=DIRECTION('',(0.0370206910173653,0.,0.999314499262668));
#5398=DIRECTION('',(0.999314499262668,0.,-0.0370206910173653));
#5399=DIRECTION('',(0.,-0.0431908061869263,0.999066841738291));
#5400=DIRECTION('',(0.,-0.999066841738291,-0.0431908061869263));
#5401=DIRECTION('',(-1.,0.,0.));
#5402=DIRECTION('',(0.,0.,1.));
#5403=DIRECTION('',(0.,-1.,0.));
#5404=DIRECTION('',(0.,0.,-1.));
#5405=DIRECTION('',(0.,-1.,0.));
#5406=DIRECTION('',(0.,0.,-1.));
#5407=DIRECTION('',(0.,-1.,0.));
#5408=DIRECTION('',(0.,0.,-1.));
#5409=DIRECTION('',(0.,-1.,0.));
#5410=DIRECTION('',(0.,0.,-1.));
#5411=DIRECTION('',(0.,1.,0.));
#5412=DIRECTION('',(0.,0.,1.));
#5413=DIRECTION('',(0.,0.,1.));
#5414=DIRECTION('',(1.,0.,0.));
#5415=DIRECTION('',(-1.,-4.33680868994202E-15,4.33680868994202E-15));
#5416=DIRECTION('',(4.33680868994202E-15,-1.,0.));
#5417=DIRECTION('',(0.,0.,1.));
#5418=DIRECTION('',(1.,0.,0.));
#5419=DIRECTION('',(-1.,0.,0.));
#5420=DIRECTION('',(0.,0.,1.));
#5421=DIRECTION('',(1.,0.,0.));
#5422=DIRECTION('',(0.,0.,-1.));
#5423=DIRECTION('',(-1.,0.,0.));
#5424=DIRECTION('',(0.,0.,1.));
#5425=DIRECTION('',(-1.,0.,0.));
#5426=DIRECTION('',(0.,0.,1.));
#5427=DIRECTION('',(-1.,0.,0.));
#5428=DIRECTION('',(0.,0.,1.));
#5429=DIRECTION('',(0.,0.,1.));
#5430=DIRECTION('',(1.,0.,0.));
#5431=DIRECTION('',(0.,-1.,0.));
#5432=DIRECTION('',(0.,0.,-1.));
#5433=DIRECTION('',(0.,0.,1.));
#5434=DIRECTION('',(1.,0.,0.));
#5435=DIRECTION('',(0.,1.,0.));
#5436=DIRECTION('',(0.,0.,1.));
#5437=DIRECTION('',(0.,-1.,0.));
#5438=DIRECTION('',(0.,0.,-1.));
#5439=DIRECTION('',(0.,-0.707106781186548,0.707106781186548));
#5440=DIRECTION('',(1.,0.,0.));
#5441=DIRECTION('',(0.,-0.707106781186548,0.707106781186548));
#5442=DIRECTION('',(-1.,0.,0.));
#5443=DIRECTION('',(-0.577350269189626,0.577350269189626,0.577350269189626));
#5444=DIRECTION('',(0.707106781186548,0.,0.707106781186548));
#5445=DIRECTION('',(0.,-1.,0.));
#5446=DIRECTION('',(-0.577350269189626,-0.577350269189626,0.577350269189626));
#5447=DIRECTION('',(0.,0.707106781186547,0.707106781186548));
#5448=DIRECTION('',(1.,0.,0.));
#5449=DIRECTION('',(0.,0.707106781186547,0.707106781186548));
#5450=DIRECTION('',(1.,0.,0.));
#5451=DIRECTION('',(0.577350269189626,-0.577350269189626,0.577350269189626));
#5452=DIRECTION('',(-0.707106781186548,0.,0.707106781186548));
#5453=DIRECTION('',(0.,1.,0.));
#5454=DIRECTION('',(0.577350269189626,0.577350269189626,0.577350269189626));
#5455=DIRECTION('',(0.,-0.707106781186548,0.707106781186548));
#5456=DIRECTION('',(-1.,0.,0.));
#5457=DIRECTION('',(0.,0.,1.));
#5458=DIRECTION('',(1.,0.,0.));
#5459=DIRECTION('',(0.,0.,1.));
#5460=DIRECTION('',(1.,0.,0.));
#5461=DIRECTION('',(-1.,1.21141550496176E-16,0.));
#5462=DIRECTION('',(0.,0.,1.));
#5463=DIRECTION('',(1.,0.,0.));
#5464=DIRECTION('',(0.,0.,1.));
#5465=DIRECTION('',(1.,0.,0.));
#5466=DIRECTION('',(0.,-1.,0.));
#5467=DIRECTION('',(-1.,1.21141550496176E-16,0.));
#5468=DIRECTION('',(0.,1.,0.));
#5469=DIRECTION('',(0.,0.,1.));
#5470=DIRECTION('',(1.,0.,0.));
#5471=DIRECTION('',(0.,0.,1.));
#5472=DIRECTION('',(1.,0.,0.));
#5473=DIRECTION('',(-1.21141550496176E-16,-1.,0.));
#5474=DIRECTION('',(1.,-1.21141550496176E-16,0.));
#5475=DIRECTION('',(0.,0.,-1.));
#5476=DIRECTION('',(0.,0.,-1.));
#5477=DIRECTION('',(-1.21141550496176E-16,-1.,0.));
#5478=DIRECTION('',(1.,-1.21141550496176E-16,0.));
#5479=DIRECTION('',(-1.,1.21141550496176E-16,0.));
#5480=DIRECTION('',(-1.21141550496176E-16,-1.,0.));
#5481=DIRECTION('',(1.,-1.21141550496176E-16,0.));
#5482=DIRECTION('',(-0.269491740590383,0.963002700802841,0.));
#5483=DIRECTION('',(-0.963002700802841,-0.269491740590383,0.));
#5484=DIRECTION('',(0.,-1.,0.));
#5485=DIRECTION('',(0.,0.,-1.));
#5486=DIRECTION('',(0.,1.,0.));
#5487=DIRECTION('',(-1.21141550496176E-16,-1.,0.));
#5488=DIRECTION('',(1.,-1.21141550496176E-16,0.));
#5489=DIRECTION('',(0.,1.,0.));
#5490=DIRECTION('',(0.,0.,1.));
#5491=DIRECTION('',(0.,-1.,0.));
#5492=DIRECTION('',(-1.21141550496176E-16,-1.,0.));
#5493=DIRECTION('',(1.,-1.21141550496176E-16,0.));
#5494=DIRECTION('',(0.,-1.,0.));
#5495=DIRECTION('',(0.,1.,0.));
#5496=DIRECTION('',(0.,0.,1.));
#5497=DIRECTION('',(-1.21141550496176E-16,-1.,0.));
#5498=DIRECTION('',(1.,-1.21141550496176E-16,0.));
#5499=DIRECTION('',(0.,-1.,0.));
#5500=DIRECTION('',(0.,0.,-1.));
#5501=DIRECTION('',(1.,0.,0.));
#5502=DIRECTION('',(-1.,1.21141550496176E-16,0.));
#5503=DIRECTION('',(0.,0.,-1.));
#5504=DIRECTION('',(-1.,0.,0.));
#5505=DIRECTION('',(0.,0.,-1.));
#5506=DIRECTION('',(1.,0.,0.));
#5507=DIRECTION('',(0.,1.,0.));
#5508=DIRECTION('',(-1.,1.21141550496176E-16,0.));
#5509=DIRECTION('',(0.,-1.,0.));
#5510=DIRECTION('',(0.,0.,-1.));
#5511=DIRECTION('',(0.,1.,0.));
#5512=DIRECTION('',(-1.21141550496176E-16,-1.,0.));
#5513=DIRECTION('',(1.,-1.21141550496176E-16,0.));
#5514=DIRECTION('',(0.,0.,1.));
#5515=DIRECTION('',(1.,0.,0.));
#5516=DIRECTION('',(0.,0.,1.));
#5517=DIRECTION('',(0.,0.,-1.));
#5518=DIRECTION('',(-1.,0.,0.));
#5519=DIRECTION('',(0.,0.,1.));
#5520=DIRECTION('',(0.,0.,1.));
#5521=DIRECTION('',(0.,0.,-1.));
#5522=DIRECTION('',(-1.,0.,0.));
#5523=DIRECTION('',(0.,0.,1.));
#5524=DIRECTION('',(0.,0.,1.));
#5525=DIRECTION('',(0.,0.,-1.));
#5526=DIRECTION('',(-1.,0.,0.));
#5527=DIRECTION('',(0.,0.,-1.));
#5528=DIRECTION('',(-1.,0.,0.));
#5529=DIRECTION('',(0.,0.,1.));
#5530=DIRECTION('',(0.,0.,-1.));
#5531=DIRECTION('',(-1.,0.,0.));
#5532=DIRECTION('',(0.,0.,-1.));
#5533=DIRECTION('',(-1.,0.,0.));
#5534=DIRECTION('',(0.,-1.,0.));
#5535=DIRECTION('',(0.,0.,-1.));
#5536=DIRECTION('',(1.,0.,0.));
#5537=DIRECTION('',(0.,0.,-1.));
#5538=DIRECTION('',(0.,0.,1.));
#5539=DIRECTION('',(0.,1.,0.));
#5540=DIRECTION('',(0.,0.,1.));
#5541=DIRECTION('',(0.,0.,1.));
#5542=DIRECTION('',(0.,1.,0.));
#5543=DIRECTION('',(1.,0.,0.));
#5544=DIRECTION('',(0.,0.,-1.));
#5545=DIRECTION('',(0.,0.,1.));
#5546=DIRECTION('',(1.,0.,0.));
#5547=DIRECTION('',(0.,0.,-1.));
#5548=DIRECTION('',(0.,1.,0.));
#5549=DIRECTION('',(1.,0.,0.));
#5550=DIRECTION('',(0.,0.,-1.));
#5551=DIRECTION('',(-1.,0.,0.));
#5552=DIRECTION('',(0.,0.,1.));
#5553=DIRECTION('',(0.,0.,-1.));
#5554=DIRECTION('',(0.,-1.,0.));
#5555=DIRECTION('',(0.,0.,1.));
#5556=DIRECTION('',(-1.,0.,0.));
#5557=DIRECTION('',(0.,0.,1.));
#5558=DIRECTION('',(0.,-1.,0.));
#5559=DIRECTION('',(-1.,0.,0.));
#5560=DIRECTION('',(0.,0.,1.));
#5561=DIRECTION('',(0.,0.,-1.));
#5562=DIRECTION('',(-1.,0.,0.));
#5563=DIRECTION('',(0.,0.,1.));
#5564=DIRECTION('',(0.,-1.,0.));
#5565=DIRECTION('',(0.,0.,1.));
#5566=DIRECTION('',(0.,0.,1.));
#5567=DIRECTION('',(0.,0.,1.));
#5568=DIRECTION('',(0.,0.,1.));
#5569=DIRECTION('',(0.,0.,1.));
#5570=DIRECTION('',(0.,0.,1.));
#5571=DIRECTION('',(1.,0.,0.));
#5572=DIRECTION('',(0.,0.,1.));
#5573=DIRECTION('',(1.,0.,0.));
#5574=DIRECTION('',(0.,0.,1.));
#5575=DIRECTION('',(0.,0.,-1.));
#5576=DIRECTION('',(-1.,0.,0.));
#5577=DIRECTION('',(0.,0.,1.));
#5578=DIRECTION('',(0.,0.,1.));
#5579=DIRECTION('',(1.,0.,0.));
#5580=DIRECTION('',(0.,0.,1.));
#5581=DIRECTION('',(0.,0.,-1.));
#5582=DIRECTION('',(-1.,0.,0.));
#5583=DIRECTION('',(0.,0.,1.));
#5584=DIRECTION('',(0.,0.,-1.));
#5585=DIRECTION('',(-1.,0.,0.));
#5586=DIRECTION('',(0.,0.,1.));
#5587=DIRECTION('',(0.,0.,-1.));
#5588=DIRECTION('',(-1.,0.,0.));
#5589=DIRECTION('',(0.,0.,1.));
#5590=DIRECTION('',(0.,1.,0.));
#5591=DIRECTION('',(0.,0.,1.));
#5592=DIRECTION('',(1.,0.,0.));
#5593=DIRECTION('',(0.,0.,-1.));
#5594=DIRECTION('',(-1.,0.,0.));
#5595=DIRECTION('',(0.,1.,0.));
#5596=DIRECTION('',(0.,0.,1.));
#5597=DIRECTION('',(0.,0.,-1.));
#5598=DIRECTION('',(1.,0.,0.));
#5599=DIRECTION('',(-1.,0.,0.));
#5600=DIRECTION('',(0.,0.,-1.));
#5601=DIRECTION('',(1.,0.,0.));
#5602=DIRECTION('',(1.,0.,0.));
#5603=DIRECTION('',(0.,-1.,0.));
#5604=DIRECTION('',(-1.0842021724855E-16,1.,0.));
#5605=DIRECTION('',(0.,0.,-1.));
#5606=DIRECTION('',(1.,0.,0.));
#5607=DIRECTION('',(-1.0842021724855E-16,1.,0.));
#5608=DIRECTION('',(0.,-1.,0.));
#5609=DIRECTION('',(1.,0.,0.));
#5610=DIRECTION('',(0.,0.,-1.));
#5611=DIRECTION('',(1.,0.,0.));
#5612=DIRECTION('',(1.,0.,0.));
#5613=DIRECTION('',(0.,-1.,0.));
#5614=DIRECTION('',(0.,-1.,0.));
#5615=DIRECTION('',(0.,0.,-1.));
#5616=DIRECTION('',(1.,0.,0.));
#5617=DIRECTION('',(1.,0.,0.));
#5618=DIRECTION('',(0.,0.,-1.));
#5619=DIRECTION('',(1.,0.,0.));
#5620=DIRECTION('',(-1.,0.,0.));
#5621=DIRECTION('',(0.,-1.,0.));
#5622=DIRECTION('',(1.,0.,0.));
#5623=DIRECTION('',(0.,1.,0.));
#5624=DIRECTION('',(0.,0.,1.));
#5625=DIRECTION('',(-1.,0.,0.));
#5626=DIRECTION('',(-1.,0.,0.));
#5627=DIRECTION('',(0.,0.,-1.));
#5628=DIRECTION('',(1.,0.,0.));
#5629=DIRECTION('',(-1.,0.,0.));
#5630=DIRECTION('',(0.,-1.,0.));
#5631=DIRECTION('',(1.,0.,0.));
#5632=DIRECTION('',(0.,0.,-1.));
#5633=DIRECTION('',(0.,-1.,0.));
#5634=DIRECTION('',(0.,-1.,0.));
#5635=DIRECTION('',(1.,0.,0.));
#5636=DIRECTION('',(0.,0.,-1.));
#5637=DIRECTION('',(0.,-1.,0.));
#5638=DIRECTION('',(0.,0.,1.));
#5639=DIRECTION('',(0.,-1.,0.));
#5640=DIRECTION('',(0.,0.,-1.));
#5641=DIRECTION('',(1.,0.,0.));
#5642=DIRECTION('',(0.,-1.,0.));
#5643=DIRECTION('',(0.,-1.,0.));
#5644=DIRECTION('',(-1.,-1.0842021724855E-16,0.));
#5645=DIRECTION('',(1.0842021724855E-16,-1.,0.));
#5646=DIRECTION('',(-1.0842021724855E-16,1.,0.));
#5647=DIRECTION('',(-1.0842021724855E-16,1.,0.));
#5648=DIRECTION('',(0.,0.,-1.));
#5649=DIRECTION('',(1.,0.,0.));
#5650=DIRECTION('',(-1.0842021724855E-16,1.,0.));
#5651=DIRECTION('',(-1.0842021724855E-16,1.,0.));
#5652=DIRECTION('',(0.,0.,1.));
#5653=DIRECTION('',(1.,0.,0.));
#5654=DIRECTION('',(-1.,-1.0842021724855E-16,0.));
#5655=DIRECTION('',(1.0842021724855E-16,-1.,0.));
#5656=DIRECTION('',(-1.0842021724855E-16,1.,0.));
#5657=DIRECTION('',(-1.0842021724855E-16,1.,0.));
#5658=DIRECTION('',(0.,0.,-1.));
#5659=DIRECTION('',(1.,0.,0.));
#5660=DIRECTION('',(0.,0.,-1.));
#5661=DIRECTION('',(-1.,0.,0.));
#5662=DIRECTION('',(0.,-1.,0.));
#5663=DIRECTION('',(0.,-1.,0.));
#5664=DIRECTION('',(0.,1.,0.));
#5665=DIRECTION('',(0.,0.,1.));
#5666=DIRECTION('',(0.,1.,0.));
#5667=DIRECTION('',(0.,0.,1.));
#5668=DIRECTION('',(0.,-1.,0.));
#5669=DIRECTION('',(0.,-1.,0.));
#5670=DIRECTION('',(0.,0.,-1.));
#5671=DIRECTION('',(0.,-1.,0.));
#5672=DIRECTION('',(0.,0.,-1.));
#5673=DIRECTION('',(-1.,0.,0.));
#5674=DIRECTION('',(-1.,0.,0.));
#5675=DIRECTION('',(0.,0.,1.));
#5676=DIRECTION('',(-1.,0.,0.));
#5677=DIRECTION('',(0.,0.,1.));
#5678=DIRECTION('',(-1.,0.,0.));
#5679=DIRECTION('',(0.,0.,1.));
#5680=DIRECTION('',(0.,-1.,0.));
#5681=DIRECTION('',(-1.,0.,0.));
#5682=DIRECTION('',(0.,0.,1.));
#5683=DIRECTION('',(0.,0.,1.));
#5684=DIRECTION('',(0.,0.,1.));
#5685=DIRECTION('',(0.,0.,1.));
#5686=DIRECTION('',(-1.,0.,0.));
#5687=DIRECTION('',(0.,0.,1.));
#5688=DIRECTION('',(-1.,0.,0.));
#5689=DIRECTION('',(0.,0.,1.));
#5690=DIRECTION('',(0.,0.,1.));
#5691=DIRECTION('',(-1.,0.,0.));
#5692=DIRECTION('',(0.,0.,1.));
#5693=DIRECTION('',(-1.,0.,0.));
#5694=DIRECTION('',(0.,0.,1.));
#5695=DIRECTION('',(1.,0.,0.));
#5696=DIRECTION('',(0.,0.,-1.));
#5697=DIRECTION('',(0.269491740590383,0.963002700802841,0.));
#5698=DIRECTION('',(-0.963002700802841,0.269491740590383,0.));
#5699=DIRECTION('',(0.,0.,-1.));
#5700=DIRECTION('',(-1.,0.,0.));
#5701=DIRECTION('',(0.,0.,-1.));
#5702=DIRECTION('',(1.,0.,0.));
#5703=DIRECTION('',(-1.,0.,0.));
#5704=DIRECTION('',(-1.,0.,0.));
#5705=DIRECTION('',(1.,0.,0.));
#5706=DIRECTION('',(0.,0.,-1.));
#5707=DIRECTION('',(-1.,0.,0.));
#5708=DIRECTION('',(0.,0.,1.));
#5709=DIRECTION('',(-1.,0.,0.));
#5710=DIRECTION('',(0.,0.,1.));
#5711=DIRECTION('',(1.,0.,0.));
#5712=DIRECTION('',(0.,0.,-1.));
#5713=DIRECTION('',(-1.,0.,0.));
#5714=DIRECTION('',(0.,0.,1.));
#5715=DIRECTION('',(-1.,0.,0.));
#5716=DIRECTION('',(0.,0.,1.));
#5717=DIRECTION('',(1.0842021724855E-16,-1.,0.));
#5718=DIRECTION('',(1.,1.0842021724855E-16,0.));
#5719=DIRECTION('',(-1.0842021724855E-16,1.,0.));
#5720=DIRECTION('',(-1.,-1.0842021724855E-16,0.));
#5721=DIRECTION('',(-1.0842021724855E-16,1.,0.));
#5722=DIRECTION('',(-1.,-1.0842021724855E-16,0.));
#5723=DIRECTION('',(1.0842021724855E-16,-1.,0.));
#5724=DIRECTION('',(1.,1.0842021724855E-16,0.));
#5725=DIRECTION('',(1.0842021724855E-16,-1.,0.));
#5726=DIRECTION('',(1.,1.0842021724855E-16,0.));
#5727=DIRECTION('',(-1.0842021724855E-16,1.,0.));
#5728=DIRECTION('',(-1.,-1.0842021724855E-16,0.));
#5729=DIRECTION('',(-1.,0.,0.));
#5730=DIRECTION('',(0.,0.,1.));
#5731=DIRECTION('',(-1.,0.,0.));
#5732=DIRECTION('',(0.,0.,1.));
#5733=DIRECTION('',(0.,-1.,0.));
#5734=DIRECTION('',(0.,0.,-1.));
#5735=DIRECTION('',(0.,1.,0.));
#5736=DIRECTION('',(0.,0.,1.));
#5737=DIRECTION('',(0.,-1.,0.));
#5738=DIRECTION('',(0.,0.,-1.));
#5739=DIRECTION('',(0.,1.,0.));
#5740=DIRECTION('',(0.,0.,1.));
#5741=DIRECTION('',(-0.788841305902901,-0.61459693629354,0.));
#5742=DIRECTION('',(0.61459693629354,-0.788841305902901,0.));
#5743=DIRECTION('',(-0.788771264131615,0.614686825042,3.44792856295656E-12));
#5744=DIRECTION('',(-0.614686825042,-0.788771264131615,0.));
#5745=DIRECTION('',(-0.792659831541976,-0.609664112079956,0.000248800332072265));
#5746=DIRECTION('',(0.609664130949551,-0.792659856075435,0.));
#5747=DIRECTION('',(-0.792639572914411,0.609690283809934,-0.000515051281862643));
#5748=DIRECTION('',(-0.609690364678606,-0.792639678049282,0.));
#5749=DIRECTION('',(-1.21141550496176E-16,-1.,0.));
#5750=DIRECTION('',(1.,-1.21141550496176E-16,0.));
#5751=DIRECTION('',(-1.21141550496176E-16,-1.,0.));
#5752=DIRECTION('',(1.,-1.21141550496176E-16,0.));
#5753=DIRECTION('',(-1.,1.21141550496176E-16,0.));
#5754=DIRECTION('',(-1.21141550496176E-16,-1.,0.));
#5755=DIRECTION('',(1.,-1.21141550496176E-16,0.));
#5756=DIRECTION('',(0.,0.,1.));
#5757=DIRECTION('',(1.,0.,0.));
#5758=DIRECTION('',(0.,0.,-1.));
#5759=DIRECTION('',(-1.,0.,0.));
#5760=DIRECTION('',(0.,0.,1.));
#5761=DIRECTION('',(1.,0.,0.));
#5762=DIRECTION('',(0.,-1.,0.));
#5763=DIRECTION('',(0.,0.,-1.));
#5764=DIRECTION('',(0.362941600142465,0.,-0.931811888143753));
#5765=DIRECTION('',(-0.931811888143753,0.,-0.362941600142465));
#5766=DIRECTION('',(0.,1.,0.));
#5767=DIRECTION('',(0.,0.,1.));
#5768=DIRECTION('',(0.,0.707106781186548,0.707106781186548));
#5769=DIRECTION('',(0.,0.707106781186548,-0.707106781186548));
#5770=DIRECTION('',(0.,0.,1.));
#5771=DIRECTION('',(1.,0.,0.));
#5772=DIRECTION('',(0.,0.,-1.));
#5773=DIRECTION('',(-1.,0.,0.));
#5774=DIRECTION('',(-1.21141550496176E-16,-1.,0.));
#5775=DIRECTION('',(1.,-1.21141550496176E-16,0.));
#5776=DIRECTION('',(1.,0.,0.));
#5777=DIRECTION('',(0.,0.,-1.));
#5778=DIRECTION('',(-1.21141550496176E-16,-1.,0.));
#5779=DIRECTION('',(1.,-1.21141550496176E-16,0.));
#5780=DIRECTION('',(1.,0.,0.));
#5781=DIRECTION('',(0.,0.,-1.));
#5782=DIRECTION('',(-1.,1.21141550496176E-16,0.));
#5783=DIRECTION('',(-1.21141550496176E-16,-1.,0.));
#5784=DIRECTION('',(1.,0.,0.));
#5785=DIRECTION('',(0.,0.,-1.));
#5786=DIRECTION('',(1.,-1.21141550496176E-16,0.));
#5787=DIRECTION('',(1.21141550496176E-16,1.,0.));
#5788=DIRECTION('',(1.,0.,0.));
#5789=DIRECTION('',(0.,0.,-1.));
#5790=DIRECTION('',(-1.21141550496176E-16,-1.,0.));
#5791=DIRECTION('',(1.,-1.21141550496176E-16,0.));
#5792=DIRECTION('',(0.36294160014339,0.,0.931811888143393));
#5793=DIRECTION('',(0.931811888143393,0.,-0.36294160014339));
#5794=DIRECTION('',(-1.21141550496176E-16,-1.,0.));
#5795=DIRECTION('',(1.,-1.21141550496176E-16,0.));
#5796=DIRECTION('',(0.,0.,1.));
#5797=DIRECTION('',(1.,0.,0.));
#5798=DIRECTION('',(0.,0.,-1.));
#5799=DIRECTION('',(-1.,0.,0.));
#5800=DIRECTION('',(0.,-0.707106781186548,-0.707106781186548));
#5801=DIRECTION('',(0.,-0.707106781186548,0.707106781186548));
#5802=DIRECTION('',(-1.02303889736354E-12,0.,1.));
#5803=DIRECTION('',(1.,0.,1.02303889736354E-12));
#5804=DIRECTION('',(0.,-1.,0.));
#5805=DIRECTION('',(0.,0.,-1.));
#5806=DIRECTION('',(0.,1.,0.));
#5807=DIRECTION('',(0.,0.,1.));
#5808=DIRECTION('',(0.,0.,1.));
#5809=DIRECTION('',(1.,0.,0.));
#5810=DIRECTION('',(0.,0.,1.));
#5811=DIRECTION('',(1.,0.,0.));
#5812=CARTESIAN_POINT('',(0.,0.,0.));
#5813=CARTESIAN_POINT('',(0.00485751165575246,0.00113119625278183,0.0013));
#5814=CARTESIAN_POINT('',(0.00605751165575246,0.00113119625278183,0.0013));
#5815=CARTESIAN_POINT('',(0.00605751165575246,0.00113119625278183,0.0013));
#5816=CARTESIAN_POINT('',(0.00605751165575246,0.00113119625278183,0.0017));
#5817=CARTESIAN_POINT('',(0.00485751165575246,0.00113119625278183,0.0017));
#5818=CARTESIAN_POINT('',(0.00655751165575246,0.00113119625278183,0.0017));
#5819=CARTESIAN_POINT('',(0.00655751165575246,0.00113119625278183,0.0013));
#5820=CARTESIAN_POINT('',(0.00655751165575246,0.00113119625278183,0.0013));
#5821=CARTESIAN_POINT('',(0.00485751165575246,0.00113119625278183,0.0013));
#5822=CARTESIAN_POINT('',(-0.000714488344247546,0.000770491376097447,0.0013));
#5823=CARTESIAN_POINT('',(0.00485751165575246,0.00113119625278183,0.0013));
#5824=CARTESIAN_POINT('',(0.00365751165575246,0.00113119625278183,0.0013));
#5825=CARTESIAN_POINT('',(0.00315751165575246,0.00113119625278183,0.0013));
#5826=CARTESIAN_POINT('',(0.00365751165575246,0.00083119625278183,0.0013));
#5827=CARTESIAN_POINT('',(0.00365751165575246,-0.00166880374721817,0.0013));
#5828=CARTESIAN_POINT('',(0.00485751165575246,-0.00166880374721817,0.0013));
#5829=CARTESIAN_POINT('',(0.00315751165575246,-0.00166880374721817,0.0013));
#5830=CARTESIAN_POINT('',(0.00315751165575246,0.00083119625278183,0.0013));
#5831=CARTESIAN_POINT('',(-0.000714488344247546,0.000767487752781834,0.0023));
#5832=CARTESIAN_POINT('',(-0.123142488344248,-0.000198803747214666,0.0023));
#5833=CARTESIAN_POINT('',(-0.00807248834424154,-0.000198803747214666,0.0023));
#5834=CARTESIAN_POINT('',(-0.00821248834424754,-0.000198803747214666,0.0023));
#5835=CARTESIAN_POINT('',(-0.00821248834424754,-0.00149880374721467,0.0023));
#5836=CARTESIAN_POINT('',(-0.00951248834424754,-0.00149880374721467,0.0023));
#5837=CARTESIAN_POINT('',(-0.00951248834424754,0.0708311962527818,0.0023));
#5838=CARTESIAN_POINT('',(-0.00951248834424754,-0.00343880374722066,0.0023));
#5839=CARTESIAN_POINT('',(-0.00821248834424754,-0.00343880374722066,0.0023));
#5840=CARTESIAN_POINT('',(-0.00821248834424754,-0.00473880374722067,0.0023));
#5841=CARTESIAN_POINT('',(-0.123142488344248,-0.00473880374722067,0.0023));
#5842=CARTESIAN_POINT('',(-0.00807248834424154,-0.00473880374722067,0.0023));
#5843=CARTESIAN_POINT('',(-0.00807248834424154,-0.00343880374722067,0.0023));
#5844=CARTESIAN_POINT('',(-0.00677248834424154,-0.00343880374722066,0.0023));
#5845=CARTESIAN_POINT('',(-0.00677248834424154,0.0708311962527818,0.0023));
#5846=CARTESIAN_POINT('',(-0.00677248834424154,-0.00149880374721467,0.0023));
#5847=CARTESIAN_POINT('',(-0.00807248834424154,-0.00149880374721467,0.0023));
#5848=CARTESIAN_POINT('',(-0.123142488344248,0.00867719625278184,0.0023));
#5849=CARTESIAN_POINT('',(-0.00449648834424754,0.00867719625278184,0.0023));
#5850=CARTESIAN_POINT('',(-0.00524248834424754,0.00867719625278184,0.0023));
#5851=CARTESIAN_POINT('',(-0.00524248834424754,0.00730419625278183,0.0023));
#5852=CARTESIAN_POINT('',(-0.00524248834424754,0.00643119625278183,0.0023));
#5853=CARTESIAN_POINT('',(-0.000146634094247545,0.00133534200278183,0.0023));
#5854=CARTESIAN_POINT('',(-0.00474248834424754,0.00593119625278183,0.0023));
#5855=CARTESIAN_POINT('',(-0.00386948834424753,0.00593119625278183,0.0023));
#5856=CARTESIAN_POINT('',(-0.00249648834424754,0.00593119625278184,0.0023));
#5857=CARTESIAN_POINT('',(-0.00249648834424754,0.0708311962527818,0.0023));
#5858=CARTESIAN_POINT('',(-0.00249648834424754,0.00667719625278183,0.0023));
#5859=CARTESIAN_POINT('',(0.00134936590575246,0.00283134200278184,0.0023));
#5860=CARTESIAN_POINT('',(-0.00998848834424754,0.0708311962527818,0.0023));
#5861=CARTESIAN_POINT('',(-0.00998848834424754,0.00667719625278183,0.0023));
#5862=CARTESIAN_POINT('',(-0.00998848834424754,0.00593119625278184,0.0023));
#5863=CARTESIAN_POINT('',(-0.00861548834424754,0.00593119625278183,0.0023));
#5864=CARTESIAN_POINT('',(-0.00774248834424754,0.00593119625278183,0.0023));
#5865=CARTESIAN_POINT('',(-0.00681034259424755,0.00686334200278182,0.0023));
#5866=CARTESIAN_POINT('',(-0.00724248834424754,0.00643119625278183,0.0023));
#5867=CARTESIAN_POINT('',(-0.00724248834424754,0.00730419625278183,0.0023));
#5868=CARTESIAN_POINT('',(-0.00724248834424754,0.00867719625278184,0.0023));
#5869=CARTESIAN_POINT('',(-0.123142488344248,0.00867719625278184,0.0023));
#5870=CARTESIAN_POINT('',(-0.00798848834424754,0.00867719625278184,0.0023));
#5871=CARTESIAN_POINT('',(-0.00830634259424754,0.00835934200278183,0.0023));
#5872=CARTESIAN_POINT('',(0.00869711165575245,0.000767487752781834,0.0023));
#5873=CARTESIAN_POINT('',(0.00869711165575245,0.00540079625278184,0.0023));
#5874=CARTESIAN_POINT('',(0.00869711165575245,-0.00373306533574783,0.0023));
#5875=CARTESIAN_POINT('',(0.00869711165575245,-0.00373306533574783,0.0023));
#5876=CARTESIAN_POINT('',(0.00829219374567669,-0.0052231892841714,0.0023));
#5877=CARTESIAN_POINT('',(0.00697426822786401,-0.00805323974580636,0.0023));
#5878=CARTESIAN_POINT('',(0.00491995041553252,-0.0103524931881838,0.0023));
#5879=CARTESIAN_POINT('',(0.00377996982168976,-0.0113897923344033,0.0023));
#5880=CARTESIAN_POINT('',(0.00377996982168976,-0.0113897923344033,0.0023));
#5881=CARTESIAN_POINT('',(0.00377996982168976,-0.0113897923344033,0.0023));
#5882=CARTESIAN_POINT('',(0.00341037408623402,-0.0117295538293693,0.0023));
#5883=CARTESIAN_POINT('',(0.00262506487228258,-0.0123542883966035,0.0023));
#5884=CARTESIAN_POINT('',(0.0012916682164239,-0.0130363967393889,0.0023));
#5885=CARTESIAN_POINT('',(-0.00018837662026125,-0.0133347797297782,0.0023));
#5886=CARTESIAN_POINT('',(-0.00118006894383227,-0.0132419854828748,0.0023));
#5887=CARTESIAN_POINT('',(-0.00167627753200968,-0.0132206346334082,0.0023));
#5888=CARTESIAN_POINT('',(-0.00167627753200962,-0.0132206346334078,0.0023));
#5889=CARTESIAN_POINT('',(-0.00167627753200962,-0.0132206346334078,0.0023));
#5890=CARTESIAN_POINT('',(-0.00278864626076853,-0.013066981220521,0.0023));
#5891=CARTESIAN_POINT('',(-0.00479526249633457,-0.0120136767866261,0.0023));
#5892=CARTESIAN_POINT('',(-0.00700956462210297,-0.00949280714667133,0.0023));
#5893=CARTESIAN_POINT('',(-0.00872944683560859,-0.00668509116574444,0.0023));
#5894=CARTESIAN_POINT('',(-0.00968459760246245,-0.00468281902701871,0.0023));
#5895=CARTESIAN_POINT('',(-0.0101260883442475,-0.0036686329836965,0.0023));
#5896=CARTESIAN_POINT('',(-0.0101260883442475,-0.0036686329836965,0.0023));
#5897=CARTESIAN_POINT('',(-0.0101260883442475,0.000767487752781834,0.0023));
#5898=CARTESIAN_POINT('',(-0.0101260883442475,0.00540079625278184,0.0023));
#5899=CARTESIAN_POINT('',(-0.000714488344247546,0.00540079625278184,0.0023));
#5900=CARTESIAN_POINT('',(-0.000714488344247546,-0.00226880374721817,0.0023));
#5901=CARTESIAN_POINT('',(0.00255751165575247,-0.00226880374721817,0.0023));
#5902=CARTESIAN_POINT('',(0.00365751165575246,-0.00226880374721817,0.0023));
#5903=CARTESIAN_POINT('',(0.00365751165575246,0.000767487752781834,0.0023));
#5904=CARTESIAN_POINT('',(0.00365751165575246,-0.00138301730959126,0.0023));
#5905=CARTESIAN_POINT('',(-0.000714488344247546,-0.00138301730959126,0.0023));
#5906=CARTESIAN_POINT('',(0.00605751165575246,-0.00138301730959127,0.0023));
#5907=CARTESIAN_POINT('',(0.00605751165575246,0.000767487752781834,0.0023));
#5908=CARTESIAN_POINT('',(0.00605751165575246,-0.00226880374721817,0.0023));
#5909=CARTESIAN_POINT('',(-0.000714488344247546,-0.00226880374721817,0.0023));
#5910=CARTESIAN_POINT('',(0.00715751165575246,-0.00226880374721817,0.0023));
#5911=CARTESIAN_POINT('',(0.00715751165575246,0.000767487752781834,0.0023));
#5912=CARTESIAN_POINT('',(0.00715751165575246,0.00173119625278182,0.0023));
#5913=CARTESIAN_POINT('',(-0.000714488344247546,0.00173119625278182,0.0023));
#5914=CARTESIAN_POINT('',(0.00605751165575246,0.00173119625278182,0.0023));
#5915=CARTESIAN_POINT('',(0.00605751165575246,0.000767487752781834,0.0023));
#5916=CARTESIAN_POINT('',(0.00605751165575246,0.001821145746443,0.0023));
#5917=CARTESIAN_POINT('',(0.00485751165575246,0.001821145746443,0.0023));
#5918=CARTESIAN_POINT('',(0.00365751165575246,0.001821145746443,0.0023));
#5919=CARTESIAN_POINT('',(0.00365751165575246,0.0168143962527818,0.0023));
#5920=CARTESIAN_POINT('',(0.00365751165575246,0.00173119625278183,0.0023));
#5921=CARTESIAN_POINT('',(-0.000714488344247546,0.00173119625278182,0.0023));
#5922=CARTESIAN_POINT('',(0.00255751165575247,0.00173119625278182,0.0023));
#5923=CARTESIAN_POINT('',(0.00255751165575247,0.000767487752781834,0.0023));
#5924=CARTESIAN_POINT('',(0.00485751165575246,-0.00166880374721817,0.0013));
#5925=CARTESIAN_POINT('',(0.00365751165575246,-0.00166880374721817,0.0013));
#5926=CARTESIAN_POINT('',(0.00365751165575246,-0.00166880374721817,0.0017));
#5927=CARTESIAN_POINT('',(0.00485751165575246,-0.00166880374721817,0.0017));
#5928=CARTESIAN_POINT('',(0.00315751165575246,-0.00166880374721817,0.0017));
#5929=CARTESIAN_POINT('',(0.00315751165575246,-0.00166880374721817,0.0013));
#5930=CARTESIAN_POINT('',(-0.000714488344247546,0.000767487752781834,0.0029));
#5931=CARTESIAN_POINT('',(0.00305751165575247,0.000767487752781834,0.0029));
#5932=CARTESIAN_POINT('',(0.00305751165575247,-0.00198301730959127,0.0029));
#5933=CARTESIAN_POINT('',(0.00305751165575247,0.002421145746443,0.0029));
#5934=CARTESIAN_POINT('',(-0.000714488344247546,0.002421145746443,0.0029));
#5935=CARTESIAN_POINT('',(0.00665751165575246,0.002421145746443,0.0029));
#5936=CARTESIAN_POINT('',(0.00665751165575246,0.000767487752781834,0.0029));
#5937=CARTESIAN_POINT('',(0.00665751165575246,-0.00198301730959127,0.0029));
#5938=CARTESIAN_POINT('',(-0.000714488344247546,-0.00198301730959127,0.0029));
#5939=CARTESIAN_POINT('',(-0.00821248834424754,-0.00343880374722066,0.0029));
#5940=CARTESIAN_POINT('',(-0.00821248834424754,-0.00513880374722067,0.0029));
#5941=CARTESIAN_POINT('',(-0.00991248834424754,-0.00343880374722066,0.0029));
#5942=CARTESIAN_POINT('',(-0.00991248834424754,0.000767487752781834,0.0029));
#5943=CARTESIAN_POINT('',(-0.00991248834424754,-0.00149880374721467,0.0029));
#5944=CARTESIAN_POINT('',(-0.00821248834424754,-0.00149880374721467,0.0029));
#5945=CARTESIAN_POINT('',(-0.00821248834424754,0.000201196252785334,0.0029));
#5946=CARTESIAN_POINT('',(-0.000714488344247546,0.000201196252785334,0.0029));
#5947=CARTESIAN_POINT('',(-0.00807248834424154,0.000201196252785331,0.0029));
#5948=CARTESIAN_POINT('',(-0.00807248834424154,-0.00149880374721467,0.0029));
#5949=CARTESIAN_POINT('',(-0.00637248834424154,-0.00149880374721467,0.0029));
#5950=CARTESIAN_POINT('',(-0.00637248834424154,-0.00343880374722066,0.0029));
#5951=CARTESIAN_POINT('',(-0.00637248834424154,-0.00343880374722067,0.0029));
#5952=CARTESIAN_POINT('',(-0.00807248834424154,-0.00343880374722067,0.0029));
#5953=CARTESIAN_POINT('',(-0.00807248834424154,-0.00513880374722067,0.0029));
#5954=CARTESIAN_POINT('',(-0.00821248834424754,-0.00513880374722067,0.0029));
#5955=CARTESIAN_POINT('',(-0.123142488344248,0.00867719625278184,0.0029));
#5956=CARTESIAN_POINT('',(-0.00724248834424754,0.00867719625278184,0.0029));
#5957=CARTESIAN_POINT('',(-0.00798848834424754,0.00867719625278184,0.0029));
#5958=CARTESIAN_POINT('',(-0.00724248834424754,0.00730419625278183,0.0029));
#5959=CARTESIAN_POINT('',(-0.00724248834424754,0.00643119625278183,0.0029));
#5960=CARTESIAN_POINT('',(-0.00724248834424754,0.00643119625278183,0.0029));
#5961=CARTESIAN_POINT('',(-0.00774248834424754,0.00593119625278183,0.0029));
#5962=CARTESIAN_POINT('',(-0.00861548834424754,0.00593119625278183,0.0029));
#5963=CARTESIAN_POINT('',(-0.00998848834424754,0.00593119625278184,0.0029));
#5964=CARTESIAN_POINT('',(-0.00998848834424754,0.0708311962527818,0.0029));
#5965=CARTESIAN_POINT('',(-0.00998848834424754,0.00667719625278183,0.0029));
#5966=CARTESIAN_POINT('',(-0.00798848834424754,0.00867719625278184,0.0029));
#5967=CARTESIAN_POINT('',(-0.00386948834424753,0.00593119625278183,0.0029));
#5968=CARTESIAN_POINT('',(-0.00249648834424754,0.00593119625278184,0.0029));
#5969=CARTESIAN_POINT('',(-0.00474248834424754,0.00593119625278183,0.0029));
#5970=CARTESIAN_POINT('',(-0.00474248834424754,0.00593119625278183,0.0029));
#5971=CARTESIAN_POINT('',(-0.00524248834424754,0.00643119625278183,0.0029));
#5972=CARTESIAN_POINT('',(-0.00524248834424754,0.00730419625278183,0.0029));
#5973=CARTESIAN_POINT('',(-0.00524248834424754,0.00867719625278184,0.0029));
#5974=CARTESIAN_POINT('',(-0.123142488344248,0.00867719625278184,0.0029));
#5975=CARTESIAN_POINT('',(-0.00449648834424754,0.00867719625278184,0.0029));
#5976=CARTESIAN_POINT('',(-0.00249648834424754,0.00667719625278183,0.0029));
#5977=CARTESIAN_POINT('',(-0.00249648834424754,0.00667719625278183,0.0029));
#5978=CARTESIAN_POINT('',(-0.00249648834424754,0.0708311962527818,0.0029));
#5979=CARTESIAN_POINT('',(-0.0111260883442475,-0.00408206433635319,0.0029));
#5980=CARTESIAN_POINT('',(-0.0111260883442475,0.00540079625278184,0.0029));
#5981=CARTESIAN_POINT('',(-0.0111260883442475,-0.00387575078058362,0.0029));
#5982=CARTESIAN_POINT('',(-0.0111260883442475,-0.00387575078058362,0.0029));
#5983=CARTESIAN_POINT('',(-0.0106459700766062,-0.00498978784870058,0.0029));
#5984=CARTESIAN_POINT('',(-0.0096054602817374,-0.00718863585202627,0.0029));
#5985=CARTESIAN_POINT('',(-0.00770328164033469,-0.0102637417009223,0.0029));
#5986=CARTESIAN_POINT('',(-0.00523134097873853,-0.0129786357940388,0.0029));
#5987=CARTESIAN_POINT('',(-0.00298555975577896,-0.0140578183958888,0.0029));
#5988=CARTESIAN_POINT('',(-0.00176432663292464,-0.0142177695427329,0.0029));
#5989=CARTESIAN_POINT('',(-0.00176432663292464,-0.0142177695427329,0.0029));
#5990=CARTESIAN_POINT('',(-0.00176432663292464,-0.0142177695427329,0.0029));
#5991=CARTESIAN_POINT('',(-0.00119263252039443,-0.0142424088764309,0.0029));
#5992=CARTESIAN_POINT('',(-4.69383131279422E-5,-0.0143396160151332,0.0029));
#5993=CARTESIAN_POINT('',(0.00163389850012358,-0.0139809603919881,0.0029));
#5994=CARTESIAN_POINT('',(0.00314439530808915,-0.0132176586462788,0.0029));
#5995=CARTESIAN_POINT('',(0.00403595597109601,-0.0125126454769368,0.0029));
#5996=CARTESIAN_POINT('',(0.00445488254179212,-0.0121276945477161,0.0029));
#5997=CARTESIAN_POINT('',(0.00445488254179212,-0.0121276945477161,0.0029));
#5998=CARTESIAN_POINT('',(0.00445488254179212,-0.0121276945477161,0.0029));
#5999=CARTESIAN_POINT('',(0.00568133430434597,-0.0110114779257319,0.0029));
#6000=CARTESIAN_POINT('',(0.00788486830059803,-0.00852933105710655,0.0029));
#6001=CARTESIAN_POINT('',(0.00927387634215415,-0.00547061483314382,0.0029));
#6002=CARTESIAN_POINT('',(0.00969711165575245,-0.00386423256422251,0.0029));
#6003=CARTESIAN_POINT('',(0.00969711165575245,-0.00386423256422251,0.0029));
#6004=CARTESIAN_POINT('',(0.00969711165575245,0.00540079625278184,0.0029));
#6005=CARTESIAN_POINT('',(0.00969711165575245,0.00540079625278184,0.0029));
#6006=CARTESIAN_POINT('',(-0.000714488344247546,0.00540079625278184,0.0029));
#6007=CARTESIAN_POINT('',(-0.0111260883442475,0.000659365958214329,0.0019));
#6008=CARTESIAN_POINT('',(-0.0121260883442476,-0.00408206433635319,0.0019));
#6009=CARTESIAN_POINT('',(-0.0121260883442476,-0.00408206433635319,0.00216693140426078));
#6010=CARTESIAN_POINT('',(-0.0119045605873368,-0.00403636015712187,0.00268761266543331));
#6011=CARTESIAN_POINT('',(-0.0113837744009593,-0.00392891490721897,0.00290000000000002));
#6012=CARTESIAN_POINT('',(-0.0111260883442475,-0.00387575078058362,0.0029));
#6013=CARTESIAN_POINT('',(-0.0121260883442476,-0.00408206433635319,0.0019));
#6014=CARTESIAN_POINT('',(-0.0111260883442475,0.00540079625278184,0.0019));
#6015=CARTESIAN_POINT('',(-0.0121260883442475,0.00540079625278184,0.0019));
#6016=CARTESIAN_POINT('',(-0.0121260883442475,0.00540079625278184,0.0019));
#6017=CARTESIAN_POINT('',(0.00969711165575245,0.000703519120931861,0.0019));
#6018=CARTESIAN_POINT('',(0.00969711165575245,0.00540079625278184,0.0019));
#6019=CARTESIAN_POINT('',(0.0106971116557525,0.00540079625278184,0.0019));
#6020=CARTESIAN_POINT('',(0.0106971116557524,-0.00399375801091812,0.0019));
#6021=CARTESIAN_POINT('',(0.0106971116557524,-0.00399375801091812,0.00216522918479486));
#6022=CARTESIAN_POINT('',(0.0104792205859318,-0.0039655355727681,0.00268405388593539));
#6023=CARTESIAN_POINT('',(0.00995640255047023,-0.00389781733318582,0.00290000000000004));
#6024=CARTESIAN_POINT('',(0.0096971116557523,-0.00386423256422251,0.0029));
#6025=CARTESIAN_POINT('',(0.0106971116557524,-0.00399375801091812,0.0019));
#6026=CARTESIAN_POINT('',(0.0106971116557524,-0.00399375801091812,0.0019));
#6027=CARTESIAN_POINT('',(0.00405751165575247,0.00083119625278183,0.0019));
#6028=CARTESIAN_POINT('',(0.00227158284321016,-0.00276894612213357,0.0036859288125423));
#6029=CARTESIAN_POINT('',(0.00365751165575246,0.00083119625278183,0.0023));
#6030=CARTESIAN_POINT('',(0.00438749482030618,0.00109116258188927,0.00157001683544628));
#6031=CARTESIAN_POINT('',(-0.000714488344247546,-0.00127591052840472,0.00219289321881345));
#6032=CARTESIAN_POINT('',(0.00372877380162809,0.000945720544533102,-2.87378541243663E-5));
#6033=CARTESIAN_POINT('',(0.00665751165575246,0.000767487752781834,0.0029));
#6034=CARTESIAN_POINT('',(0.00532752849119874,0.00109116258188927,0.00157001683544628));
#6035=CARTESIAN_POINT('',(0.00605751165575246,0.000767487752781834,0.0023));
#6036=CARTESIAN_POINT('',(-0.0109760883442475,-0.00384480374721817,-0.000355));
#6037=CARTESIAN_POINT('',(0.00445486429735454,-0.0121277109811655,-0.000355));
#6038=CARTESIAN_POINT('',(0.0071381620403451,-0.00968610585833258,-0.000355));
#6039=CARTESIAN_POINT('',(0.00888790142888179,-0.00693557590091893,-0.000355));
#6040=CARTESIAN_POINT('',(0.00969216164883071,-0.00388302022936917,-0.000355));
#6041=CARTESIAN_POINT('',(0.00969381165113795,-0.00387675767432028,-0.000355));
#6042=CARTESIAN_POINT('',(0.0096954616534452,-0.00387049511927139,-0.000355));
#6043=CARTESIAN_POINT('',(0.00969711165575245,-0.00386423256422251,-0.000355));
#6044=CARTESIAN_POINT('',(0.0129207525447758,0.00837104034217253,-0.000355));
#6045=CARTESIAN_POINT('',(0.0161443934337991,0.0206063132485675,-0.000355));
#6046=CARTESIAN_POINT('',(0.0193680343228224,0.0328415861549626,-0.000355));
#6047=CARTESIAN_POINT('',(0.00448551165131908,-0.0120997736202038,-0.000355));
#6048=CARTESIAN_POINT('',(0.00979711165575245,-0.00348468430411523,-0.000355));
#6049=CARTESIAN_POINT('',(0.00979711165575245,-0.00384480374721817,-0.000355));
#6050=CARTESIAN_POINT('',(0.00979711165575245,-0.00118171815572034,-0.000355));
#6051=CARTESIAN_POINT('',(-0.0109760883442475,-0.00118171815572034,-0.000355));
#6052=CARTESIAN_POINT('',(0.0106971116557524,-0.00118171815572034,-0.000355));
#6053=CARTESIAN_POINT('',(0.0106971116557524,0.000703519120931861,-0.000355));
#6054=CARTESIAN_POINT('',(0.0106971116557524,-0.00399375801091812,-0.000355));
#6055=CARTESIAN_POINT('',(0.00512973930583457,-0.0128656471630905,-0.000355));
#6056=CARTESIAN_POINT('',(0.00583038828823766,-0.0122279734573541,-0.000355));
#6057=CARTESIAN_POINT('',(0.00679455961145273,-0.0112368324985783,-0.000355));
#6058=CARTESIAN_POINT('',(0.00790225560118691,-0.00984578403252232,-0.000355));
#6059=CARTESIAN_POINT('',(0.0086431029823646,-0.00876751812052097,-0.000355));
#6060=CARTESIAN_POINT('',(0.00929245604594784,-0.00765516209896803,-0.000355));
#6061=CARTESIAN_POINT('',(0.00975633615137558,-0.00670043402361605,-0.000355));
#6062=CARTESIAN_POINT('',(0.0100805647117156,-0.0059205057606193,-0.000355));
#6063=CARTESIAN_POINT('',(0.0102635713354249,-0.00542650888292183,-0.000355));
#6064=CARTESIAN_POINT('',(0.010398175443664,-0.00502734695924506,-0.000355));
#6065=CARTESIAN_POINT('',(0.0104931430484461,-0.00472633507840507,-0.000355));
#6066=CARTESIAN_POINT('',(0.0105675411550023,-0.00447305999838378,-0.000355));
#6067=CARTESIAN_POINT('',(0.0106236385979851,-0.00427143373000696,-0.000355));
#6068=CARTESIAN_POINT('',(0.0106515192623847,-0.00416680314668649,-0.000355));
#6069=CARTESIAN_POINT('',(0.0106641116096075,-0.00411900911189572,-0.000355));
#6070=CARTESIAN_POINT('',(0.0106751116249892,-0.00407725874490318,-0.000355));
#6071=CARTESIAN_POINT('',(0.0106861116403708,-0.00403550837791065,-0.000355));
#6072=CARTESIAN_POINT('',(0.0106971116557524,-0.00399375801091811,-0.000355));
#6073=CARTESIAN_POINT('',(0.00512973930583457,-0.0128656471630905,-0.000355));
#6074=CARTESIAN_POINT('',(0.00512973930604462,-0.0128656471633209,-0.000355));
#6075=CARTESIAN_POINT('',(0.00460236316833389,-0.0133502522193411,-0.000355));
#6076=CARTESIAN_POINT('',(0.00378397671039097,-0.0139765377172107,-0.000355));
#6077=CARTESIAN_POINT('',(0.00263274294447054,-0.0145946690493467,-0.000355));
#6078=CARTESIAN_POINT('',(0.00174060377104307,-0.014944304590637,-0.000355));
#6079=CARTESIAN_POINT('',(0.000975810514853512,-0.0151363103910389,-0.000355));
#6080=CARTESIAN_POINT('',(0.000432849424111823,-0.0152163670844456,-0.000355));
#6081=CARTESIAN_POINT('',(0.000121302378060939,-0.0152466820306706,-0.000355));
#6082=CARTESIAN_POINT('',(-0.000112493127842481,-0.0152617625649941,-0.000355));
#6083=CARTESIAN_POINT('',(-0.000308969628687432,-0.015268055468006,-0.000355));
#6084=CARTESIAN_POINT('',(-0.000467327031123957,-0.0152690331901972,-0.000355));
#6085=CARTESIAN_POINT('',(-0.000587945043525191,-0.0152676072725264,-0.000355));
#6086=CARTESIAN_POINT('',(-0.000704603375831284,-0.0152641029837468,-0.000355));
#6087=CARTESIAN_POINT('',(-0.000846657001461513,-0.0152584156053897,-0.000355));
#6088=CARTESIAN_POINT('',(-0.00101197307898137,-0.0152510905531376,-0.000355));
#6089=CARTESIAN_POINT('',(-0.00120972596902129,-0.0152424958806237,-0.000355));
#6090=CARTESIAN_POINT('',(-0.00147488349536143,-0.0152310962502351,-0.000355));
#6091=CARTESIAN_POINT('',(-0.00167467499007902,-0.0152225617441547,-0.000355));
#6092=CARTESIAN_POINT('',(-0.00180738546652012,-0.0152168420810651,-0.000355));
#6093=CARTESIAN_POINT('',(-0.00182190812904731,-0.0152162161716489,-0.000355));
#6094=CARTESIAN_POINT('',(-0.00183643079157451,-0.0152155902622328,-0.000355));
#6095=CARTESIAN_POINT('',(-0.0018509534541017,-0.0152149643528167,-0.000355));
#6096=CARTESIAN_POINT('',(0.00448551165509395,-0.0134166446872825,-0.000355));
#6097=CARTESIAN_POINT('',(0.00448551165575245,-0.00384480374721817,-0.000355));
#6098=CARTESIAN_POINT('',(-0.0109760883442475,-0.00384480374721817,-0.000355));
#6099=CARTESIAN_POINT('',(-0.000714488344247546,0.00540079625278184,-0.000355));
#6100=CARTESIAN_POINT('',(-0.0111241672326667,0.00560079625278184,-0.000355));
#6101=CARTESIAN_POINT('',(-0.00591448834424754,0.0144208524920744,-0.000355));
#6102=CARTESIAN_POINT('',(-0.0109760883442475,0.00560079625278184,-0.000355));
#6103=CARTESIAN_POINT('',(-0.0121243356070289,0.00560079625278184,-0.000355));
#6104=CARTESIAN_POINT('',(-0.000714488344247546,0.00540079625278184,-0.000355));
#6105=CARTESIAN_POINT('',(-0.00591448834424754,0.015558779052531,-0.000355));
#6106=CARTESIAN_POINT('',(-0.00591448834424754,-0.00384480374721817,-0.000355));
#6107=CARTESIAN_POINT('',(-0.0121260883442476,-0.00408206433635319,-0.000355));
#6108=CARTESIAN_POINT('',(-0.0121260883442476,-0.00408206433635319,0.0019));
#6109=CARTESIAN_POINT('',(-0.0117763464222006,-0.0048935841049061,-0.000355));
#6110=CARTESIAN_POINT('',(-0.0117763464222006,-0.0048935841049061,0.0019));
#6111=CARTESIAN_POINT('',(-0.011045959987386,-0.00650168854631534,-0.000355));
#6112=CARTESIAN_POINT('',(-0.011045959987386,-0.00650168854631534,0.0019));
#6113=CARTESIAN_POINT('',(-0.00954316707833487,-0.00928103680341228,-0.000355));
#6114=CARTESIAN_POINT('',(-0.00954316707833487,-0.00928103680341228,0.0019));
#6115=CARTESIAN_POINT('',(-0.00794077363830289,-0.0115335094558803,-0.000355));
#6116=CARTESIAN_POINT('',(-0.00794077363830289,-0.0115335094558803,0.0019));
#6117=CARTESIAN_POINT('',(-0.00621127751122852,-0.0132310577968048,-0.000355));
#6118=CARTESIAN_POINT('',(-0.00621127751122852,-0.0132310577968048,0.0019));
#6119=CARTESIAN_POINT('',(-0.00483592439383825,-0.0142219958343378,-0.000355));
#6120=CARTESIAN_POINT('',(-0.00483592439383825,-0.0142219958343378,0.0019));
#6121=CARTESIAN_POINT('',(-0.00362385281735523,-0.0147959128992865,-0.000355));
#6122=CARTESIAN_POINT('',(-0.00362385281735523,-0.0147959128992865,0.0019));
#6123=CARTESIAN_POINT('',(-0.00273790803449322,-0.0150552434747205,-0.000355));
#6124=CARTESIAN_POINT('',(-0.00273790803449322,-0.0150552434747205,0.0019));
#6125=CARTESIAN_POINT('',(-0.00223414220240543,-0.0151609063526698,-0.000355));
#6126=CARTESIAN_POINT('',(-0.00223414220240543,-0.0151609063526698,0.0019));
#6127=CARTESIAN_POINT('',(-0.00196179686983788,-0.0152004466238628,-0.000355));
#6128=CARTESIAN_POINT('',(-0.00196179686983788,-0.0152004466238628,0.0019));
#6129=CARTESIAN_POINT('',(-0.00185095345410169,-0.0152149643528167,-0.000355));
#6130=CARTESIAN_POINT('',(-0.00185095345410169,-0.0152149643528167,0.0019));
#6131=CARTESIAN_POINT('',(-0.0121260883442476,-0.00408206433635319,-0.000355));
#6132=CARTESIAN_POINT('',(-0.0120988700434042,-0.00414522001718073,-0.000355));
#6133=CARTESIAN_POINT('',(-0.0120716517425609,-0.00420837569800827,-0.000355));
#6134=CARTESIAN_POINT('',(-0.0120444334417175,-0.00427153137883582,-0.000355));
#6135=CARTESIAN_POINT('',(-0.0120013186326594,-0.00437157234522409,-0.000355));
#6136=CARTESIAN_POINT('',(-0.0119122887068004,-0.00457686074057453,-0.000355));
#6137=CARTESIAN_POINT('',(-0.0117356351074969,-0.00497615348774393,-0.000355));
#6138=CARTESIAN_POINT('',(-0.0115125355226792,-0.0054667110457196,-0.000355));
#6139=CARTESIAN_POINT('',(-0.0112426448778446,-0.00603776328693474,-0.000355));
#6140=CARTESIAN_POINT('',(-0.0108792667975282,-0.00677711477977678,-0.000355));
#6141=CARTESIAN_POINT('',(-0.0104185255562863,-0.00765937970882015,-0.000355));
#6142=CARTESIAN_POINT('',(-0.00966652479909462,-0.00898209149067615,-0.000355));
#6143=CARTESIAN_POINT('',(-0.00869707458517753,-0.0104691546224182,-0.000355));
#6144=CARTESIAN_POINT('',(-0.00747971340125909,-0.0119880405059138,-0.000355));
#6145=CARTESIAN_POINT('',(-0.00641230793964978,-0.0130313433481904,-0.000355));
#6146=CARTESIAN_POINT('',(-0.00552107465830023,-0.0137281185463106,-0.000355));
#6147=CARTESIAN_POINT('',(-0.00483303551377274,-0.0141797213055977,-0.000355));
#6148=CARTESIAN_POINT('',(-0.00424303161967029,-0.0144948652851744,-0.000355));
#6149=CARTESIAN_POINT('',(-0.0037615110958959,-0.0147088196846022,-0.000355));
#6150=CARTESIAN_POINT('',(-0.00339580893871032,-0.0148498461470754,-0.000355));
#6151=CARTESIAN_POINT('',(-0.00302580307135561,-0.0149710785940971,-0.000355));
#6152=CARTESIAN_POINT('',(-0.00271415863745235,-0.0150553339763043,-0.000355));
#6153=CARTESIAN_POINT('',(-0.00246304079711018,-0.0151125316432568,-0.000355));
#6154=CARTESIAN_POINT('',(-0.00230541782440477,-0.0151439978111466,-0.000355));
#6155=CARTESIAN_POINT('',(-0.00217886718092681,-0.0151665963807109,-0.000355));
#6156=CARTESIAN_POINT('',(-0.00208393037635525,-0.0151822317292826,-0.000355));
#6157=CARTESIAN_POINT('',(-0.00200414099730248,-0.0151942433710739,-0.000355));
#6158=CARTESIAN_POINT('',(-0.00194139873089798,-0.0152030622128542,-0.000355));
#6159=CARTESIAN_POINT('',(-0.0019078569318859,-0.0152075114133568,-0.000355));
#6160=CARTESIAN_POINT('',(-0.00189419259140065,-0.0152093011019024,-0.000355));
#6161=CARTESIAN_POINT('',(-0.00187977954563433,-0.0152111888522071,-0.000355));
#6162=CARTESIAN_POINT('',(-0.00186536649986802,-0.015213076602512,-0.000355));
#6163=CARTESIAN_POINT('',(-0.00185095345410169,-0.0152149643528167,-0.000355));
#6164=CARTESIAN_POINT('',(-0.0121260883442476,-0.00408206433635319,-0.000355));
#6165=CARTESIAN_POINT('',(-0.00591448834619179,-0.0134166944957308,-0.000355));
#6166=CARTESIAN_POINT('',(-0.00591448834424755,-0.0134166944932781,-0.000355));
#6167=CARTESIAN_POINT('',(-0.0058206712168233,-0.0134910644725567,-0.000355));
#6168=CARTESIAN_POINT('',(-0.00571448834425943,-0.0135714396213451,-0.000275487922888535));
#6169=CARTESIAN_POINT('',(-0.00571448834424755,-0.0135714396213541,-0.000155000000019716));
#6170=CARTESIAN_POINT('',(-0.00571448834441302,-0.0135714396212292,-0.000155));
#6171=CARTESIAN_POINT('',(-0.00571448834441302,-0.0135714396212292,0.001145));
#6172=CARTESIAN_POINT('',(-0.00571448834441302,-0.0135714396212292,0.000945));
#6173=CARTESIAN_POINT('',(-0.00571448834424755,-0.0135714396212292,0.000945));
#6174=CARTESIAN_POINT('',(-0.00571448834424755,-0.0135714396212292,0.00106386873693388));
#6175=CARTESIAN_POINT('',(-0.00561059742511832,-0.013649705576981,0.00114499999994491));
#6176=CARTESIAN_POINT('',(-0.00551448834436219,-0.0137186701592361,0.001145));
#6177=CARTESIAN_POINT('',(-0.00551448834436197,-0.0137186701592363,0.001145));
#6178=CARTESIAN_POINT('',(-0.0121260883442476,-0.00408206433635319,0.001145));
#6179=CARTESIAN_POINT('',(-0.0120988700434042,-0.00414522001718073,0.001145));
#6180=CARTESIAN_POINT('',(-0.0120716517425609,-0.00420837569800827,0.001145));
#6181=CARTESIAN_POINT('',(-0.0120444334417175,-0.00427153137883582,0.001145));
#6182=CARTESIAN_POINT('',(-0.0120013186326594,-0.00437157234522409,0.001145));
#6183=CARTESIAN_POINT('',(-0.0119122887068004,-0.00457686074057453,0.001145));
#6184=CARTESIAN_POINT('',(-0.0117356351074969,-0.00497615348774393,0.001145));
#6185=CARTESIAN_POINT('',(-0.0115125355226792,-0.0054667110457196,0.001145));
#6186=CARTESIAN_POINT('',(-0.0112426448778446,-0.00603776328693474,0.001145));
#6187=CARTESIAN_POINT('',(-0.0108792667975282,-0.00677711477977678,0.001145));
#6188=CARTESIAN_POINT('',(-0.0104185255562863,-0.00765937970882015,0.001145));
#6189=CARTESIAN_POINT('',(-0.00966652479909462,-0.00898209149067615,0.001145));
#6190=CARTESIAN_POINT('',(-0.00869707458517753,-0.0104691546224182,0.001145));
#6191=CARTESIAN_POINT('',(-0.00747971340125909,-0.0119880405059138,0.001145));
#6192=CARTESIAN_POINT('',(-0.00641230793964978,-0.0130313433481904,0.001145));
#6193=CARTESIAN_POINT('',(-0.00552107465830023,-0.0137281185463106,0.001145));
#6194=CARTESIAN_POINT('',(-0.00483303551377274,-0.0141797213055977,0.001145));
#6195=CARTESIAN_POINT('',(-0.00424303161967029,-0.0144948652851744,0.001145));
#6196=CARTESIAN_POINT('',(-0.0037615110958959,-0.0147088196846022,0.001145));
#6197=CARTESIAN_POINT('',(-0.00339580893871032,-0.0148498461470754,0.001145));
#6198=CARTESIAN_POINT('',(-0.00302580307135561,-0.0149710785940971,0.001145));
#6199=CARTESIAN_POINT('',(-0.00271415863745235,-0.0150553339763043,0.001145));
#6200=CARTESIAN_POINT('',(-0.00246304079711018,-0.0151125316432568,0.001145));
#6201=CARTESIAN_POINT('',(-0.00230541782440477,-0.0151439978111466,0.001145));
#6202=CARTESIAN_POINT('',(-0.00217886718092681,-0.0151665963807109,0.001145));
#6203=CARTESIAN_POINT('',(-0.00208393037635525,-0.0151822317292826,0.001145));
#6204=CARTESIAN_POINT('',(-0.00200414099730248,-0.0151942433710739,0.001145));
#6205=CARTESIAN_POINT('',(-0.00194139873089798,-0.0152030622128542,0.001145));
#6206=CARTESIAN_POINT('',(-0.0019078569318859,-0.0152075114133568,0.001145));
#6207=CARTESIAN_POINT('',(-0.00189419259140065,-0.0152093011019024,0.001145));
#6208=CARTESIAN_POINT('',(-0.00187977954563433,-0.0152111888522071,0.001145));
#6209=CARTESIAN_POINT('',(-0.00186536649986802,-0.015213076602512,0.001145));
#6210=CARTESIAN_POINT('',(-0.00185095345410169,-0.0152149643528167,0.001145));
#6211=CARTESIAN_POINT('',(-0.00185095345410169,-0.0152149643528167,0.001145));
#6212=CARTESIAN_POINT('',(-0.00185095345410169,-0.0152149643528167,-0.000757));
#6213=CARTESIAN_POINT('',(-0.00185095345410169,-0.0152149643528167,0.0019));
#6214=CARTESIAN_POINT('',(-0.00185095345410169,-0.0152149643528167,0.0019));
#6215=CARTESIAN_POINT('',(-0.00251422258671331,-0.0151280926029091,0.0019));
#6216=CARTESIAN_POINT('',(-0.00379335204951966,-0.0147856787887849,0.0019));
#6217=CARTESIAN_POINT('',(-0.0061125904135298,-0.0134510162274584,0.0019));
#6218=CARTESIAN_POINT('',(-0.00839531011770211,-0.011037157496486,0.0019));
#6219=CARTESIAN_POINT('',(-0.0104829260401751,-0.00769353555559149,0.0019));
#6220=CARTESIAN_POINT('',(-0.0116034197541682,-0.00529483257062318,0.0019));
#6221=CARTESIAN_POINT('',(-0.0121260883442476,-0.00408206433635319,0.0019));
#6222=CARTESIAN_POINT('',(-0.0121260883442476,-0.00408206433635319,-0.000757));
#6223=CARTESIAN_POINT('',(-0.000714488344247546,0.00540079625278184,-0.000757));
#6224=CARTESIAN_POINT('',(-0.0111260883442475,0.00540079625278184,-0.000757));
#6225=CARTESIAN_POINT('',(-0.0111260883442475,0.00540079625278184,-0.000446923987330739));
#6226=CARTESIAN_POINT('',(-0.0111260883442475,0.00540079625278184,0.0013));
#6227=CARTESIAN_POINT('',(-0.0111260883442475,0.00540079625278184,-0.000446923987330739));
#6228=CARTESIAN_POINT('',(-0.0111260883442475,0.00543255969939395,-0.000423957598901101));
#6229=CARTESIAN_POINT('',(-0.0111259425512567,0.00546541219249963,-0.00040266152793842));
#6230=CARTESIAN_POINT('',(-0.0111256236386662,0.00549916515696075,-0.000382746929309558));
#6231=CARTESIAN_POINT('',(-0.0111256236386662,0.00549916515696087,-0.000382746929309724));
#6232=CARTESIAN_POINT('',(-0.0111256236386662,0.00549916515696087,-0.000382746929309725));
#6233=CARTESIAN_POINT('',(-0.011125333393479,0.00552988403035096,-0.000364622475838388));
#6234=CARTESIAN_POINT('',(-0.0111248551652821,0.00556499046466577,-0.000354999999999099));
#6235=CARTESIAN_POINT('',(-0.0111241672326667,0.00560079625278163,-0.000354999999999061));
#6236=CARTESIAN_POINT('',(-0.00591448834424754,0.0144208524920744,-0.000355));
#6237=CARTESIAN_POINT('',(-0.00581592382641494,0.0144776742545038,-0.000355));
#6238=CARTESIAN_POINT('',(-0.00571448834424754,0.0145332337455874,-0.00026939459589397));
#6239=CARTESIAN_POINT('',(-0.00571448834424754,0.0145332337455874,-0.000155));
#6240=CARTESIAN_POINT('',(-0.00571448834424754,0.0145332337455874,-0.000155));
#6241=CARTESIAN_POINT('',(-0.00571448834424754,0.0145332337455874,0.001145));
#6242=CARTESIAN_POINT('',(-0.00571448834424754,0.0145332337455874,0.000945));
#6243=CARTESIAN_POINT('',(-0.00571448834424754,0.0145332337455874,0.000945));
#6244=CARTESIAN_POINT('',(-0.00571448834424754,0.0145332337455874,0.00105788694789722));
#6245=CARTESIAN_POINT('',(-0.00561435798530274,0.0145880351244546,0.001145));
#6246=CARTESIAN_POINT('',(-0.00551448834424754,0.014639920375771,0.001145));
#6247=CARTESIAN_POINT('',(-0.00551448834424754,0.014639920375771,0.001145));
#6248=CARTESIAN_POINT('',(-0.000714488344247546,0.00540079625278184,0.001145));
#6249=CARTESIAN_POINT('',(0.00408551165575245,0.014639920375771,0.001145));
#6250=CARTESIAN_POINT('',(0.00408551165575245,0.014639920375771,0.001145));
#6251=CARTESIAN_POINT('',(0.00418556817546049,0.0145879380354316,0.001145));
#6252=CARTESIAN_POINT('',(0.00428551165575245,0.0145332337455874,0.00105824914574966));
#6253=CARTESIAN_POINT('',(0.00428551165575245,0.0145332337455874,0.000945));
#6254=CARTESIAN_POINT('',(0.00428551165575245,0.0145332337455874,0.000945));
#6255=CARTESIAN_POINT('',(0.00428551165575245,0.0145332337455874,0.001145));
#6256=CARTESIAN_POINT('',(0.00428551165575245,0.0145332337455874,-0.000155));
#6257=CARTESIAN_POINT('',(0.00428551165575246,0.0145332337455874,-0.000155));
#6258=CARTESIAN_POINT('',(0.00428551165575246,0.0145332337455874,-0.000268740348712436));
#6259=CARTESIAN_POINT('',(0.00438730731729158,0.0144774666135886,-0.000355));
#6260=CARTESIAN_POINT('',(0.00448551165575246,0.0144208524920744,-0.000355));
#6261=CARTESIAN_POINT('',(0.00448551165575246,0.0144208524920744,-0.000355));
#6262=CARTESIAN_POINT('',(-0.000714488344247546,0.00540079625278184,-0.000355));
#6263=CARTESIAN_POINT('',(0.00969519054417163,0.00560079625278184,-0.000355));
#6264=CARTESIAN_POINT('',(0.00969519054417163,0.00560079625278184,-0.000355));
#6265=CARTESIAN_POINT('',(0.00969587994773925,0.00556491390396438,-0.000355));
#6266=CARTESIAN_POINT('',(0.00969635894925726,0.00552964650169505,-0.000364762620205652));
#6267=CARTESIAN_POINT('',(0.00969664695017114,0.00549916515696117,-0.000382746929309548));
#6268=CARTESIAN_POINT('',(0.00969664695017114,0.00549916515696117,-0.00038274692930955));
#6269=CARTESIAN_POINT('',(0.00969664695017089,0.00549916515696116,-0.00038274692930955));
#6270=CARTESIAN_POINT('',(0.0096969658627614,0.00546541219249991,-0.00040266152793841));
#6271=CARTESIAN_POINT('',(0.00969711165575245,0.00543255969939404,-0.000423957598901037));
#6272=CARTESIAN_POINT('',(0.00969711165575245,0.00540079625278184,-0.000446923987330743));
#6273=CARTESIAN_POINT('',(0.00969711165575245,0.00540079625278184,-0.000446923987330743));
#6274=CARTESIAN_POINT('',(0.00969711165575245,0.00540079625278184,-0.000757));
#6275=CARTESIAN_POINT('',(0.00969711165575245,0.00540079625278184,0.0013));
#6276=CARTESIAN_POINT('',(-0.000714488344247546,0.00540079625278184,0.0013));
#6277=CARTESIAN_POINT('',(0.00512973930583457,-0.0128656471630905,-0.000355));
#6278=CARTESIAN_POINT('',(0.00512973930583457,-0.0128656471630905,0.0019));
#6279=CARTESIAN_POINT('',(0.00584042594209008,-0.0122188380013844,-0.000355));
#6280=CARTESIAN_POINT('',(0.00584042594209008,-0.0122188380013844,0.0019));
#6281=CARTESIAN_POINT('',(0.00714235172701637,-0.0108776970231467,-0.000355));
#6282=CARTESIAN_POINT('',(0.00714235172701637,-0.0108776970231467,0.0019));
#6283=CARTESIAN_POINT('',(0.00872889631649916,-0.00872591568959681,-0.000355));
#6284=CARTESIAN_POINT('',(0.00872889631649916,-0.00872591568959681,0.0019));
#6285=CARTESIAN_POINT('',(0.00973793017564174,-0.00680825295102998,-0.000355));
#6286=CARTESIAN_POINT('',(0.00973793017564174,-0.00680825295102998,0.0019));
#6287=CARTESIAN_POINT('',(0.0103513766846293,-0.00522496743001069,-0.000355));
#6288=CARTESIAN_POINT('',(0.0103513766846293,-0.00522496743001069,0.0019));
#6289=CARTESIAN_POINT('',(0.0105950201846872,-0.00438124441306416,-0.000355));
#6290=CARTESIAN_POINT('',(0.0105950201846872,-0.00438124441306416,0.0019));
#6291=CARTESIAN_POINT('',(0.0106971116557524,-0.00399375801091811,-0.000355));
#6292=CARTESIAN_POINT('',(0.0106971116557524,-0.00399375801091811,0.0019));
#6293=CARTESIAN_POINT('',(0.00512973930583457,-0.0128656471630905,-0.000757));
#6294=CARTESIAN_POINT('',(0.00512973930583457,-0.0128656471630905,0.0019));
#6295=CARTESIAN_POINT('',(0.0106971116557524,-0.00399375801091812,-0.000757));
#6296=CARTESIAN_POINT('',(0.0106971116557524,-0.00399375801091811,0.0019));
#6297=CARTESIAN_POINT('',(0.010470452972746,-0.00485403709865113,0.0019));
#6298=CARTESIAN_POINT('',(0.00990031294465445,-0.00654288896930188,0.0019));
#6299=CARTESIAN_POINT('',(0.00819742748081245,-0.00967409512268141,0.0019));
#6300=CARTESIAN_POINT('',(0.00644341452169098,-0.0116700468495696,0.0019));
#6301=CARTESIAN_POINT('',(0.00512973930583457,-0.0128656471630905,0.0019));
#6302=CARTESIAN_POINT('',(0.00512973930604462,-0.0128656471633209,-0.000355));
#6303=CARTESIAN_POINT('',(0.00512973930604462,-0.0128656471633209,0.0019));
#6304=CARTESIAN_POINT('',(0.00459827839878926,-0.0133540057072835,-0.000355));
#6305=CARTESIAN_POINT('',(0.00459827839878926,-0.0133540057072835,0.0019));
#6306=CARTESIAN_POINT('',(0.00349804488074768,-0.0141941265277923,-0.000355));
#6307=CARTESIAN_POINT('',(0.00349804488074768,-0.0141941265277923,0.0019));
#6308=CARTESIAN_POINT('',(0.00202529133148107,-0.0148770593245924,-0.000355));
#6309=CARTESIAN_POINT('',(0.00202529133148107,-0.0148770593245924,0.0019));
#6310=CARTESIAN_POINT('',(0.000786322375210359,-0.0151804648509445,-0.000355));
#6311=CARTESIAN_POINT('',(0.000786322375210359,-0.0151804648509445,0.0019));
#6312=CARTESIAN_POINT('',(1.7510822134533E-5,-0.0152669564238778,-0.000355));
#6313=CARTESIAN_POINT('',(1.7510822134533E-5,-0.0152669564238778,0.0019));
#6314=CARTESIAN_POINT('',(-0.000644635831667731,-0.0152702477001242,-0.000355));
#6315=CARTESIAN_POINT('',(-0.000644635831667731,-0.0152702477001242,0.0019));
#6316=CARTESIAN_POINT('',(-0.00118650690461087,-0.0152415684620601,-0.000355));
#6317=CARTESIAN_POINT('',(-0.00118650690461087,-0.0152415684620601,0.0019));
#6318=CARTESIAN_POINT('',(-0.00158379650703036,-0.0152264784982728,-0.000355));
#6319=CARTESIAN_POINT('',(-0.00158379650703036,-0.0152264784982728,0.0019));
#6320=CARTESIAN_POINT('',(-0.0018509534541017,-0.0152149643528167,-0.000355));
#6321=CARTESIAN_POINT('',(-0.0018509534541017,-0.0152149643528167,0.0019));
#6322=CARTESIAN_POINT('',(0.00428551165575519,-0.0135713951482677,0.001145));
#6323=CARTESIAN_POINT('',(0.00428551165575519,-0.0135713951482677,0.000945));
#6324=CARTESIAN_POINT('',(0.00428551165575519,-0.0135713951482677,-0.000155));
#6325=CARTESIAN_POINT('',(0.00428551165575245,-0.0135713951482677,-0.000155));
#6326=CARTESIAN_POINT('',(0.00428551165575245,-0.0135713951482677,-0.000275265567310923));
#6327=CARTESIAN_POINT('',(0.00439175752340126,-0.0134909672188985,-0.000354999999691996));
#6328=CARTESIAN_POINT('',(0.00448551165509541,-0.0134166446872813,-0.000355));
#6329=CARTESIAN_POINT('',(0.00512973930604462,-0.0128656471633209,0.0019));
#6330=CARTESIAN_POINT('',(0.0046597383298352,-0.0132975281937282,0.0019));
#6331=CARTESIAN_POINT('',(0.00365672417627791,-0.0140860493962708,0.0019));
#6332=CARTESIAN_POINT('',(0.00195791768719302,-0.0149334292064104,0.0019));
#6333=CARTESIAN_POINT('',(7.44216949825328E-5,-0.015342880564107,0.0019));
#6334=CARTESIAN_POINT('',(-0.00120973143616653,-0.0152426002562252,0.0019));
#6335=CARTESIAN_POINT('',(-0.0018509534541017,-0.0152149643528167,0.0019));
#6336=CARTESIAN_POINT('',(0.00512973930604462,-0.0128656471633209,0.001145));
#6337=CARTESIAN_POINT('',(0.00460236316833389,-0.0133502522193411,0.001145));
#6338=CARTESIAN_POINT('',(0.00378397671039097,-0.0139765377172107,0.001145));
#6339=CARTESIAN_POINT('',(0.00263274294447054,-0.0145946690493467,0.001145));
#6340=CARTESIAN_POINT('',(0.00174060377104307,-0.014944304590637,0.001145));
#6341=CARTESIAN_POINT('',(0.000975810514853512,-0.0151363103910389,0.001145));
#6342=CARTESIAN_POINT('',(0.000432849424111823,-0.0152163670844456,0.001145));
#6343=CARTESIAN_POINT('',(0.000121302378060939,-0.0152466820306706,0.001145));
#6344=CARTESIAN_POINT('',(-0.000112493127842481,-0.0152617625649941,0.001145));
#6345=CARTESIAN_POINT('',(-0.000308969628687432,-0.015268055468006,0.001145));
#6346=CARTESIAN_POINT('',(-0.000467327031123957,-0.0152690331901972,0.001145));
#6347=CARTESIAN_POINT('',(-0.000587945043525191,-0.0152676072725264,0.001145));
#6348=CARTESIAN_POINT('',(-0.000704603375831284,-0.0152641029837468,0.001145));
#6349=CARTESIAN_POINT('',(-0.000846657001461513,-0.0152584156053897,0.001145));
#6350=CARTESIAN_POINT('',(-0.00101197307898137,-0.0152510905531376,0.001145));
#6351=CARTESIAN_POINT('',(-0.00120972596902129,-0.0152424958806237,0.001145));
#6352=CARTESIAN_POINT('',(-0.00147488349536143,-0.0152310962502351,0.001145));
#6353=CARTESIAN_POINT('',(-0.00167467499007902,-0.0152225617441547,0.001145));
#6354=CARTESIAN_POINT('',(-0.00180738546652012,-0.0152168420810651,0.001145));
#6355=CARTESIAN_POINT('',(-0.00182190812904731,-0.0152162161716489,0.001145));
#6356=CARTESIAN_POINT('',(-0.00183643079157451,-0.0152155902622328,0.001145));
#6357=CARTESIAN_POINT('',(-0.0018509534541017,-0.0152149643528167,0.001145));
#6358=CARTESIAN_POINT('',(0.00408551165322163,-0.0137186315576589,0.001145));
#6359=CARTESIAN_POINT('',(0.00408551165575245,-0.0137186315611857,0.001145));
#6360=CARTESIAN_POINT('',(0.0041818224392916,-0.013649519226656,0.001145));
#6361=CARTESIAN_POINT('',(0.00428551165575254,-0.0135713951482697,0.00106442197333096));
#6362=CARTESIAN_POINT('',(0.00428551165575245,-0.0135713951482697,0.00094499999999986));
#6363=CARTESIAN_POINT('',(-0.0111260883442475,0.00076252273609911,-0.000757));
#6364=CARTESIAN_POINT('',(-0.0111260883442475,0.00540079625278184,-0.000542042758143921));
#6365=CARTESIAN_POINT('',(-0.0111260883442475,-0.000990913989264187,-0.000542042758143921));
#6366=CARTESIAN_POINT('',(-0.0111260883442475,0.00530107620026035,-0.000542042758143921));
#6367=CARTESIAN_POINT('',(-0.0111260883442475,0.00540079625278184,-0.000446923987330739));
#6368=CARTESIAN_POINT('',(-0.0111260883442475,0.00536337103182821,-0.000473984091102933));
#6369=CARTESIAN_POINT('',(-0.0111260883442475,0.00532759906525895,-0.000504304031145741));
#6370=CARTESIAN_POINT('',(-0.0111260883442475,0.00530107620026035,-0.000542042758143921));
#6371=CARTESIAN_POINT('',(-0.0111260883442475,0.00076252273609911,0.0013));
#6372=CARTESIAN_POINT('',(-0.0111260883442475,-0.00387575078058362,0.0013));
#6373=CARTESIAN_POINT('',(-0.0111260883442475,-0.00387575078058362,-0.000757));
#6374=CARTESIAN_POINT('',(-0.0111260883442475,-0.00387575078058362,-0.000255));
#6375=CARTESIAN_POINT('',(-0.0111260883442475,0.00076252273609911,-0.000255));
#6376=CARTESIAN_POINT('',(-0.0111260883442475,-0.00129063404178567,-0.000255));
#6377=CARTESIAN_POINT('',(-0.0111260883442475,-0.00129063404178567,-0.000555));
#6378=CARTESIAN_POINT('',(0.00445486429740052,-0.012127710981137,-0.000362553727162851));
#6379=CARTESIAN_POINT('',(0.00445486429740052,-0.012127710981137,0.0013));
#6380=CARTESIAN_POINT('',(0.00396926352400085,-0.0125741134390102,-0.000362553727162851));
#6381=CARTESIAN_POINT('',(0.00396926352400085,-0.0125741134390102,0.0013));
#6382=CARTESIAN_POINT('',(0.00297953747007379,-0.0133288650487004,-0.000362553727162851));
#6383=CARTESIAN_POINT('',(0.00297953747007379,-0.0133288650487004,0.0013));
#6384=CARTESIAN_POINT('',(0.00144158392354068,-0.0140427052748019,-0.000362553727162851));
#6385=CARTESIAN_POINT('',(0.00144158392354068,-0.0140427052748019,0.0013));
#6386=CARTESIAN_POINT('',(-0.000159235701474242,-0.0143332384260216,-0.000362553727162851));
#6387=CARTESIAN_POINT('',(-0.000159235701474242,-0.0143332384260216,0.0013));
#6388=CARTESIAN_POINT('',(-0.00123348472715939,-0.0142406481950927,-0.000362553727162851));
#6389=CARTESIAN_POINT('',(-0.00123348472715939,-0.0142406481950927,0.0013));
#6390=CARTESIAN_POINT('',(-0.00176432663292463,-0.0142177695427329,-0.000362553727162851));
#6391=CARTESIAN_POINT('',(-0.00176432663292463,-0.0142177695427329,0.0013));
#6392=CARTESIAN_POINT('',(0.00445486429735454,-0.0121277109811655,-0.000757));
#6393=CARTESIAN_POINT('',(0.00445486429735454,-0.0121277109811655,-0.000352637899764265));
#6394=CARTESIAN_POINT('',(0.00445486429735454,-0.0121277109811655,0.0013));
#6395=CARTESIAN_POINT('',(0.00445486429735454,-0.0121277109811655,-0.000352637899764265));
#6396=CARTESIAN_POINT('',(0.0043742016032379,-0.0122018624794431,-0.000340129678927662));
#6397=CARTESIAN_POINT('',(0.00428551165585081,-0.0122802699069048,-0.000266109117525984));
#6398=CARTESIAN_POINT('',(0.0042855116557524,-0.0122802699069916,-0.000155000000177126));
#6399=CARTESIAN_POINT('',(0.00428551165745674,-0.0122802699054876,-0.000155));
#6400=CARTESIAN_POINT('',(0.00428551165745674,-0.0122802699054876,0.001145));
#6401=CARTESIAN_POINT('',(0.00428551165745674,-0.0122802699054876,0.000945));
#6402=CARTESIAN_POINT('',(0.00428551165575245,-0.0122802699054876,0.000945));
#6403=CARTESIAN_POINT('',(0.00428551165575245,-0.0122802699054876,0.00106849032010026));
#6404=CARTESIAN_POINT('',(0.00417940256229059,-0.0123736353220469,0.00114499999869724));
#6405=CARTESIAN_POINT('',(0.00408551165852751,-0.0124524592823833,0.001145));
#6406=CARTESIAN_POINT('',(0.00408551165850217,-0.0124524592824046,0.001145));
#6407=CARTESIAN_POINT('',(0.00445486429740052,-0.012127710981137,0.001145));
#6408=CARTESIAN_POINT('',(0.00396986905529716,-0.0125735567869746,0.001145));
#6409=CARTESIAN_POINT('',(0.00298170397176982,-0.0133276460562853,0.001145));
#6410=CARTESIAN_POINT('',(0.00169984078162188,-0.0139224948056275,0.001145));
#6411=CARTESIAN_POINT('',(0.000647570273809813,-0.0141871403295141,0.001145));
#6412=CARTESIAN_POINT('',(-2.04222513962241E-5,-0.0142634944701065,0.001145));
#6413=CARTESIAN_POINT('',(-0.000492954546396631,-0.0142714135005869,0.001145));
#6414=CARTESIAN_POINT('',(-0.00076437207914391,-0.0142610756012626,0.001145));
#6415=CARTESIAN_POINT('',(-0.00115996116817987,-0.0142435554588016,0.001145));
#6416=CARTESIAN_POINT('',(-0.00149262322416946,-0.0142294796352598,0.001145));
#6417=CARTESIAN_POINT('',(-0.00175779143478739,-0.0142180512019701,0.001145));
#6418=CARTESIAN_POINT('',(-0.00175996983416647,-0.0142179573155577,0.001145));
#6419=CARTESIAN_POINT('',(-0.00176214823354555,-0.0142178634291453,0.001145));
#6420=CARTESIAN_POINT('',(-0.00176432663292463,-0.0142177695427329,0.001145));
#6421=CARTESIAN_POINT('',(-0.00176432663292464,-0.0142177695427329,0.001145));
#6422=CARTESIAN_POINT('',(-0.00176432663292464,-0.0142177695427329,-0.000757));
#6423=CARTESIAN_POINT('',(-0.00176432663292464,-0.0142177695427329,0.0013));
#6424=CARTESIAN_POINT('',(-0.00176432663292463,-0.0142177695427329,0.0013));
#6425=CARTESIAN_POINT('',(-0.00120073727702282,-0.014242059571096,0.0013));
#6426=CARTESIAN_POINT('',(-7.55567091766501E-5,-0.014339285615282,0.0013));
#6427=CARTESIAN_POINT('',(0.00160863482475836,-0.013991398278236,0.0013));
#6428=CARTESIAN_POINT('',(0.00313498474849001,-0.013224874986988,0.0013));
#6429=CARTESIAN_POINT('',(0.00403319357461971,-0.0125153439038457,0.0013));
#6430=CARTESIAN_POINT('',(0.00445486429740052,-0.012127710981137,0.0013));
#6431=CARTESIAN_POINT('',(-0.0112763566042814,-0.00352707749918265,-0.000355000000391769));
#6432=CARTESIAN_POINT('',(-0.0112763566042814,-0.00352707749918265,0.0013));
#6433=CARTESIAN_POINT('',(-0.0109251769543226,-0.00434193328366282,-0.000355000000391769));
#6434=CARTESIAN_POINT('',(-0.0109251769543226,-0.00434193328366282,0.0013));
#6435=CARTESIAN_POINT('',(-0.0102172019847854,-0.00592183042551956,-0.000355000000391769));
#6436=CARTESIAN_POINT('',(-0.0102172019847854,-0.00592183042551956,0.0013));
#6437=CARTESIAN_POINT('',(-0.00875167302526281,-0.00865709573741278,-0.000355000000391769));
#6438=CARTESIAN_POINT('',(-0.00875167302526281,-0.00865709573741278,0.0013));
#6439=CARTESIAN_POINT('',(-0.00607016995779234,-0.0124570080930229,-0.000355000000391769));
#6440=CARTESIAN_POINT('',(-0.00607016995779234,-0.0124570080930229,0.0013));
#6441=CARTESIAN_POINT('',(-0.00354511181213644,-0.0139845310018072,-0.000355000000391769));
#6442=CARTESIAN_POINT('',(-0.00354511181213644,-0.0139845310018072,0.0013));
#6443=CARTESIAN_POINT('',(-0.00176432663292464,-0.0142177695427329,-0.000355000000391769));
#6444=CARTESIAN_POINT('',(-0.00176432663292464,-0.0142177695427329,0.0013));
#6445=CARTESIAN_POINT('',(-0.00571448834747602,-0.0122803281038837,0.001145));
#6446=CARTESIAN_POINT('',(-0.00571448834747602,-0.0122803281038837,0.000945));
#6447=CARTESIAN_POINT('',(-0.00571448834747602,-0.0122803281038837,-0.000155));
#6448=CARTESIAN_POINT('',(-0.00571448834424755,-0.0122803281038837,-0.000155));
#6449=CARTESIAN_POINT('',(-0.00571448834424755,-0.0122803281038837,-0.000280312874515653));
#6450=CARTESIAN_POINT('',(-0.00582326687762478,-0.0121839544187851,-0.000355000001663601));
#6451=CARTESIAN_POINT('',(-0.00591448834789494,-0.0120994747571257,-0.000355));
#6452=CARTESIAN_POINT('',(-0.00591448834792518,-0.0120994747570977,-0.000355));
#6453=CARTESIAN_POINT('',(-0.0442382617001513,0.0729557114039087,-0.000355));
#6454=CARTESIAN_POINT('',(-0.0332008705815167,0.0473452240090779,-0.000355));
#6455=CARTESIAN_POINT('',(-0.0221634794628821,0.0217347366142471,-0.000355));
#6456=CARTESIAN_POINT('',(-0.0111260883442475,-0.00387575078058362,-0.000355));
#6457=CARTESIAN_POINT('',(-0.011122005599121,-0.00388522413270775,-0.000355));
#6458=CARTESIAN_POINT('',(-0.0111179228539945,-0.00389469748483189,-0.000355));
#6459=CARTESIAN_POINT('',(-0.011113840108868,-0.00390417083695602,-0.000355));
#6460=CARTESIAN_POINT('',(-0.00973706028878696,-0.00709876653884271,-0.000355));
#6461=CARTESIAN_POINT('',(-0.00754596947466672,-0.0107851629286627,-0.000355));
#6462=CARTESIAN_POINT('',(-0.00434492190946146,-0.0134936227953503,-0.000355));
#6463=CARTESIAN_POINT('',(-0.00264349586477205,-0.0141026202528283,-0.000355));
#6464=CARTESIAN_POINT('',(-0.00177081250351951,-0.0142169200550958,-0.000355));
#6465=CARTESIAN_POINT('',(-0.00176865054665455,-0.0142172032176415,-0.000355));
#6466=CARTESIAN_POINT('',(-0.00176648858978959,-0.0142174863801872,-0.000355));
#6467=CARTESIAN_POINT('',(-0.00176432663292464,-0.0142177695427329,-0.000355));
#6468=CARTESIAN_POINT('',(-0.0112260883442475,-0.00364371689576828,-0.000355));
#6469=CARTESIAN_POINT('',(-0.0112260883442475,-0.00364371689576828,-0.000355));
#6470=CARTESIAN_POINT('',(-0.0112069262029532,-0.00368817955662744,-0.000355));
#6471=CARTESIAN_POINT('',(-0.0111724707215273,-0.00376812794871163,-0.000345222068750926));
#6472=CARTESIAN_POINT('',(-0.0111260883442476,-0.00387575078058347,-0.000304319752697899));
#6473=CARTESIAN_POINT('',(-0.0111260883442475,-0.00387575078058362,-0.000255000000000123));
#6474=CARTESIAN_POINT('',(-0.0111260883442475,-0.00387575078058362,0.0013));
#6475=CARTESIAN_POINT('',(-0.0106462797492571,-0.00498906930321883,0.0013));
#6476=CARTESIAN_POINT('',(-0.00960621410516894,-0.00718686452969639,0.0013));
#6477=CARTESIAN_POINT('',(-0.00770735804170606,-0.0102578140550124,0.0013));
#6478=CARTESIAN_POINT('',(-0.00523315406204369,-0.0129791352516444,0.0013));
#6479=CARTESIAN_POINT('',(-0.00298165751636401,-0.0140583294921352,0.0013));
#6480=CARTESIAN_POINT('',(-0.00176432663292464,-0.0142177695427329,0.0013));
#6481=CARTESIAN_POINT('',(-0.0111260883442475,-0.00387575078058362,0.001145));
#6482=CARTESIAN_POINT('',(-0.011122005599121,-0.00388522413270775,0.001145));
#6483=CARTESIAN_POINT('',(-0.0111179228539945,-0.00389469748483189,0.001145));
#6484=CARTESIAN_POINT('',(-0.011113840108868,-0.00390417083695602,0.001145));
#6485=CARTESIAN_POINT('',(-0.00973706028878696,-0.00709876653884271,0.001145));
#6486=CARTESIAN_POINT('',(-0.00754596947466672,-0.0107851629286627,0.001145));
#6487=CARTESIAN_POINT('',(-0.00434492190946146,-0.0134936227953503,0.001145));
#6488=CARTESIAN_POINT('',(-0.00264349586477205,-0.0141026202528283,0.001145));
#6489=CARTESIAN_POINT('',(-0.00177081250351951,-0.0142169200550958,0.001145));
#6490=CARTESIAN_POINT('',(-0.00176865054665455,-0.0142172032176415,0.001145));
#6491=CARTESIAN_POINT('',(-0.00176648858978959,-0.0142174863801872,0.001145));
#6492=CARTESIAN_POINT('',(-0.00176432663292464,-0.0142177695427329,0.001145));
#6493=CARTESIAN_POINT('',(-0.00551448834431356,-0.0124525287618545,0.001145));
#6494=CARTESIAN_POINT('',(-0.00551448834424755,-0.0124525287617758,0.001145));
#6495=CARTESIAN_POINT('',(-0.00560838156268858,-0.0123736992330437,0.001145));
#6496=CARTESIAN_POINT('',(-0.00571448834459302,-0.0122803281064281,0.00106848172160062));
#6497=CARTESIAN_POINT('',(-0.00571448834424755,-0.0122803281067329,0.000944999999440457));
#6498=CARTESIAN_POINT('',(-0.000714488344247546,0.00540079625278184,-0.000757));
#6499=CARTESIAN_POINT('',(-0.00571448834424754,0.0156587012318699,0.001145));
#6500=CARTESIAN_POINT('',(-0.00571448834424754,0.0156587012318699,0.000945));
#6501=CARTESIAN_POINT('',(-0.00571448834424754,0.0156587012318699,-0.000155));
#6502=CARTESIAN_POINT('',(-0.00571448834424754,0.0156587012318699,-0.000155));
#6503=CARTESIAN_POINT('',(-0.00571448834424754,0.0156587012318699,-0.000267102770639603));
#6504=CARTESIAN_POINT('',(-0.00581497965022582,0.0156097188128273,-0.000355));
#6505=CARTESIAN_POINT('',(-0.00591448834424754,0.015558779052531,-0.000355));
#6506=CARTESIAN_POINT('',(-0.0121243356070289,0.00560079625278184,-0.000355));
#6507=CARTESIAN_POINT('',(-0.0121261871701363,0.00549516599152224,-0.000355));
#6508=CARTESIAN_POINT('',(-0.0121260883442479,0.005400796252781,-0.000449353358523065));
#6509=CARTESIAN_POINT('',(-0.0121260883442479,0.00540079625278089,-0.000554999999999787));
#6510=CARTESIAN_POINT('',(-0.0121260883442475,0.00540079625278184,-0.000555));
#6511=CARTESIAN_POINT('',(-0.0121260883442475,0.00540079625278184,-0.000757));
#6512=CARTESIAN_POINT('',(-0.000714488344247546,0.00540079625278184,0.0019));
#6513=CARTESIAN_POINT('',(0.0106971116557525,0.00540079625278184,-0.000757));
#6514=CARTESIAN_POINT('',(0.0106971116557525,0.00540079625278184,-0.000555));
#6515=CARTESIAN_POINT('',(0.0106971116557525,0.00540079625278184,-0.000555));
#6516=CARTESIAN_POINT('',(0.0106971116557525,0.00540079625278184,-0.000449353329796038));
#6517=CARTESIAN_POINT('',(0.010697210483891,0.00549516586316917,-0.000354999999999171));
#6518=CARTESIAN_POINT('',(0.0106953589185339,0.00560079625278163,-0.00035499999999906));
#6519=CARTESIAN_POINT('',(0.0106953589185338,0.00560079625278184,-0.000355));
#6520=CARTESIAN_POINT('',(-0.000714488344247546,0.00540079625278184,-0.000355));
#6521=CARTESIAN_POINT('',(0.00448551165575246,0.015558779052531,-0.000355));
#6522=CARTESIAN_POINT('',(0.00448551165575246,0.015558779052531,-0.000355));
#6523=CARTESIAN_POINT('',(0.00438584116047736,0.0156098016409374,-0.000355));
#6524=CARTESIAN_POINT('',(0.00428551165575245,0.0156587012318699,-0.000267404055607145));
#6525=CARTESIAN_POINT('',(0.00428551165575245,0.0156587012318699,-0.000155));
#6526=CARTESIAN_POINT('',(0.00428551165575245,0.0156587012318699,-0.000155));
#6527=CARTESIAN_POINT('',(0.00428551165575245,0.0156587012318699,0.001145));
#6528=CARTESIAN_POINT('',(0.00428551165575245,0.0156587012318699,0.000945));
#6529=CARTESIAN_POINT('',(0.00428551165575245,0.0156587012318699,0.000945));
#6530=CARTESIAN_POINT('',(0.00428551165575245,0.0156587012318699,0.00105644627541099));
#6531=CARTESIAN_POINT('',(0.00418636390057584,0.0157070380201346,0.001145));
#6532=CARTESIAN_POINT('',(0.00408551165575245,0.015753796521303,0.001145));
#6533=CARTESIAN_POINT('',(0.00408551165575245,0.015753796521303,0.001145));
#6534=CARTESIAN_POINT('',(-0.000714488344247546,0.00540079625278184,0.001145));
#6535=CARTESIAN_POINT('',(-0.00551448834424755,0.015753796521303,0.001145));
#6536=CARTESIAN_POINT('',(-0.00551448834424754,0.015753796521303,0.001145));
#6537=CARTESIAN_POINT('',(-0.0056154970586525,0.0157069654755609,0.001145));
#6538=CARTESIAN_POINT('',(-0.00571448834424755,0.0156587012318699,0.00105671572929623));
#6539=CARTESIAN_POINT('',(-0.00571448834424755,0.0156587012318699,0.000945));
#6540=CARTESIAN_POINT('',(0.00445486429735454,-0.0121277109811655,-0.000355));
#6541=CARTESIAN_POINT('',(0.00445486429735454,-0.0121277109811655,0.0013));
#6542=CARTESIAN_POINT('',(0.00586327162894418,-0.0108461630930015,-0.000355));
#6543=CARTESIAN_POINT('',(0.00586327162894418,-0.0108461630930015,0.0013));
#6544=CARTESIAN_POINT('',(0.00758527116143411,-0.00879464041581402,-0.000355));
#6545=CARTESIAN_POINT('',(0.00758527116143411,-0.00879464041581402,0.0013));
#6546=CARTESIAN_POINT('',(0.00912380190508853,-0.00581309890801879,-0.000355));
#6547=CARTESIAN_POINT('',(0.00912380190508853,-0.00581309890801879,0.0013));
#6548=CARTESIAN_POINT('',(0.00960114828552242,-0.00422845986627104,-0.000355));
#6549=CARTESIAN_POINT('',(0.00960114828552242,-0.00422845986627104,0.0013));
#6550=CARTESIAN_POINT('',(0.00981221803975305,-0.00342734828647581,-0.000355));
#6551=CARTESIAN_POINT('',(0.00981221803975305,-0.00342734828647581,0.0013));
#6552=CARTESIAN_POINT('',(0.00448551165575246,-0.0120997736250584,-0.000355));
#6553=CARTESIAN_POINT('',(0.00447527115163293,-0.0121091255331574,-0.000355));
#6554=CARTESIAN_POINT('',(0.00446505506655505,-0.012118438124901,-0.000354218164260161));
#6555=CARTESIAN_POINT('',(0.00445486429735454,-0.0121277109811655,-0.000352637899764276));
#6556=CARTESIAN_POINT('',(0.00445486429735454,-0.0121277109811655,0.0013));
#6557=CARTESIAN_POINT('',(0.00568134031086896,-0.0110117043966105,0.0013));
#6558=CARTESIAN_POINT('',(0.00788516953794382,-0.00852876748448461,0.0013));
#6559=CARTESIAN_POINT('',(0.00927389159044957,-0.00547055695850439,0.0013));
#6560=CARTESIAN_POINT('',(0.00969711165575245,-0.00386423256422251,0.0013));
#6561=CARTESIAN_POINT('',(0.00969711165575245,-0.00386423256422251,0.0013));
#6562=CARTESIAN_POINT('',(0.00969711165575245,-0.00386423256422251,-0.000757));
#6563=CARTESIAN_POINT('',(0.00969711165575245,-0.00386423256422251,-0.000255));
#6564=CARTESIAN_POINT('',(0.00969711165575245,-0.00386423256422251,-0.000255));
#6565=CARTESIAN_POINT('',(0.00969711165575245,-0.00386423256422251,-0.000291247581223987));
#6566=CARTESIAN_POINT('',(0.00971915653687695,-0.00378056160147048,-0.000318945105177585));
#6567=CARTESIAN_POINT('',(0.0097515706995975,-0.00365753421083828,-0.000348961253562999));
#6568=CARTESIAN_POINT('',(0.00977920072103968,-0.00355266494518651,-0.000355));
#6569=CARTESIAN_POINT('',(0.00979711165575245,-0.00348468430411523,-0.000355));
#6570=CARTESIAN_POINT('',(-0.0121260883442475,0.000659365958214329,-0.000757));
#6571=CARTESIAN_POINT('',(-0.0121260883442475,0.000659365958214329,-0.002005));
#6572=CARTESIAN_POINT('',(-0.0121260883442475,-0.000590634041785675,-0.002005));
#6573=CARTESIAN_POINT('',(-0.0121260883442475,0.00490079625278184,-0.002005));
#6574=CARTESIAN_POINT('',(-0.0121260883442475,-0.000590634041785675,-0.001505));
#6575=CARTESIAN_POINT('',(-0.0121260883442475,-0.00109063404178567,-0.001505));
#6576=CARTESIAN_POINT('',(-0.0121260883442475,-0.00109063404178567,0.001745));
#6577=CARTESIAN_POINT('',(-0.0121260883442475,-0.00109063404178567,-0.000555));
#6578=CARTESIAN_POINT('',(-0.0121260883442475,-0.00129063404178567,-0.000555));
#6579=CARTESIAN_POINT('',(-0.0121260883442475,-0.00129063404178567,-0.000355));
#6580=CARTESIAN_POINT('',(-0.0121260883442475,0.000659365958214329,-0.000355));
#6581=CARTESIAN_POINT('',(-0.0121260883442475,0.00540079625278184,-0.000757));
#6582=CARTESIAN_POINT('',(-0.0121260883442475,0.00540079625278184,-0.001505));
#6583=CARTESIAN_POINT('',(-0.0121260883442475,0.00490079625278184,-0.001505));
#6584=CARTESIAN_POINT('',(0.00969711165575245,0.000768281844279664,-0.000757));
#6585=CARTESIAN_POINT('',(0.00969711165575245,-0.00118171815572034,-0.000555));
#6586=CARTESIAN_POINT('',(0.00969711165575245,-0.000881998103198849,-0.000542042758143923));
#6587=CARTESIAN_POINT('',(0.00969711165575245,-0.00118171815572034,-0.000255));
#6588=CARTESIAN_POINT('',(0.00969711165575245,0.000768281844279664,-0.000255));
#6589=CARTESIAN_POINT('',(0.00969711165575245,0.000768281844279664,0.0013));
#6590=CARTESIAN_POINT('',(0.00969711165575245,0.00540079625278184,-0.000446923987330743));
#6591=CARTESIAN_POINT('',(0.00969711165575245,0.00536337103182821,-0.000473984091102937));
#6592=CARTESIAN_POINT('',(0.00969711165575245,0.00532759906525893,-0.000504304031145733));
#6593=CARTESIAN_POINT('',(0.00969711165575245,0.00530107620026035,-0.000542042758143923));
#6594=CARTESIAN_POINT('',(0.00969711165575245,0.00530107620026035,-0.000542042758143923));
#6595=CARTESIAN_POINT('',(0.00969711165575245,-0.000981718155720336,-0.000542042758143923));
#6596=CARTESIAN_POINT('',(0.0106971116557524,0.000703519120931861,-0.000757));
#6597=CARTESIAN_POINT('',(0.0106971116557524,0.000703519120931861,-0.002005));
#6598=CARTESIAN_POINT('',(0.0106971116557524,0.00490079625278184,-0.002005));
#6599=CARTESIAN_POINT('',(0.0106971116557524,-0.000481718155720336,-0.002005));
#6600=CARTESIAN_POINT('',(0.0106971116557524,0.00490079625278184,-0.001505));
#6601=CARTESIAN_POINT('',(0.0106971116557525,0.00540079625278184,-0.001505));
#6602=CARTESIAN_POINT('',(0.0106971116557525,0.00540079625278184,-0.000757));
#6603=CARTESIAN_POINT('',(0.0106971116557524,-0.00118171815572034,-0.000555));
#6604=CARTESIAN_POINT('',(0.0106971116557524,-0.000981718155720336,-0.000555));
#6605=CARTESIAN_POINT('',(0.0106971116557524,-0.000981718155720336,0.001745));
#6606=CARTESIAN_POINT('',(0.0106971116557524,-0.000981718155720336,-0.001505));
#6607=CARTESIAN_POINT('',(0.0106971116557524,-0.000481718155720336,-0.001505));
#6608=CARTESIAN_POINT('',(0.00949711165575245,-0.00386623256422251,-0.002155));
#6609=CARTESIAN_POINT('',(0.00909369054228916,-0.000481718155720336,-0.000944736659610102));
#6610=CARTESIAN_POINT('',(0.00933314961675526,-0.000481718155720336,-0.00166311388300842));
#6611=CARTESIAN_POINT('',(0.00911527309257142,-0.000481718155720336,-0.00100948431045689));
#6612=CARTESIAN_POINT('',(0.00911527309257142,-0.00386623256422251,-0.00100948431045689));
#6613=CARTESIAN_POINT('',(0.00911527309257142,0.00490079625278184,-0.00100948431045689));
#6614=CARTESIAN_POINT('',(0.00949711165575245,0.00490079625278184,-0.002155));
#6615=CARTESIAN_POINT('',(0.00933314961675526,0.00490079625278184,-0.00166311388300842));
#6616=CARTESIAN_POINT('',(0.00933314961675526,-0.00386623256422251,-0.00166311388300842));
#6617=CARTESIAN_POINT('',(-0.123142488344248,0.00867719625278184,0.0029));
#6618=CARTESIAN_POINT('',(-0.00724248834424754,0.00867719625278184,0.002298));
#6619=CARTESIAN_POINT('',(-0.00798848834424754,0.00867719625278184,0.0023));
#6620=CARTESIAN_POINT('',(-0.00951248834424754,0.0708311962527818,0.0029));
#6621=CARTESIAN_POINT('',(-0.00951248834424754,-0.00149880374721467,0.0029));
#6622=CARTESIAN_POINT('',(-0.00951248834424754,-0.00149880374721467,0.0025));
#6623=CARTESIAN_POINT('',(-0.00951248834424754,0.0708311962527818,0.0025));
#6624=CARTESIAN_POINT('',(-0.00951248834424754,-0.00343880374722066,0.0025));
#6625=CARTESIAN_POINT('',(-0.00951248834424754,-0.00343880374722066,0.0029));
#6626=CARTESIAN_POINT('',(-0.123142488344248,-0.000198803747214666,0.0029));
#6627=CARTESIAN_POINT('',(-0.00807248834424154,-0.000198803747214666,0.0029));
#6628=CARTESIAN_POINT('',(-0.00807248834424154,-0.000198803747214666,0.0025));
#6629=CARTESIAN_POINT('',(-0.123142488344248,-0.000198803747214666,0.0025));
#6630=CARTESIAN_POINT('',(-0.00821248834424754,-0.000198803747214666,0.0025));
#6631=CARTESIAN_POINT('',(-0.00821248834424754,-0.000198803747214666,0.0023));
#6632=CARTESIAN_POINT('',(-0.00677248834424154,0.0708311962527818,0.0029));
#6633=CARTESIAN_POINT('',(-0.00677248834424154,-0.00343880374722067,0.0029));
#6634=CARTESIAN_POINT('',(-0.00677248834424154,-0.00343880374722067,0.0025));
#6635=CARTESIAN_POINT('',(-0.00677248834424154,-0.00149880374721467,0.0025));
#6636=CARTESIAN_POINT('',(-0.00677248834424154,-0.00149880374721467,0.0025));
#6637=CARTESIAN_POINT('',(-0.00677248834424154,-0.00149880374721467,0.0029));
#6638=CARTESIAN_POINT('',(-0.00998848834424754,0.0708311962527818,0.0029));
#6639=CARTESIAN_POINT('',(-0.00998848834424754,0.00593119625278184,0.002298));
#6640=CARTESIAN_POINT('',(-0.00998848834424754,0.00667719625278183,0.0029));
#6641=CARTESIAN_POINT('',(-0.123142488344248,0.00867719625278184,0.0029));
#6642=CARTESIAN_POINT('',(-0.00524248834424754,0.00867719625278184,0.002298));
#6643=CARTESIAN_POINT('',(-0.00449648834424754,0.00867719625278184,0.0029));
#6644=CARTESIAN_POINT('',(-0.00249648834424754,0.0708311962527818,0.0029));
#6645=CARTESIAN_POINT('',(-0.00249648834424754,0.00593119625278184,0.002298));
#6646=CARTESIAN_POINT('',(-0.00249648834424754,0.00667719625278183,0.0029));
#6647=CARTESIAN_POINT('',(-0.123142488344248,-0.00473880374722067,0.0029));
#6648=CARTESIAN_POINT('',(-0.00821248834424754,-0.00473880374722067,0.0029));
#6649=CARTESIAN_POINT('',(-0.00821248834424754,-0.00473880374722067,0.0025));
#6650=CARTESIAN_POINT('',(-0.00807248834424154,-0.00473880374722067,0.0025));
#6651=CARTESIAN_POINT('',(-0.00807248834424154,-0.00473880374722067,0.0025));
#6652=CARTESIAN_POINT('',(-0.00807248834424154,-0.00473880374722067,0.0023));
#6653=CARTESIAN_POINT('',(-0.00807248834424154,-0.00149880374721467,0.0029));
#6654=CARTESIAN_POINT('',(-0.00807248834424154,-0.00149880374721467,0.0025));
#6655=CARTESIAN_POINT('',(-0.00807248834424154,-0.00343880374722067,0.0029));
#6656=CARTESIAN_POINT('',(-0.00807248834424154,-0.00343880374722067,0.0025));
#6657=CARTESIAN_POINT('',(-0.00821248834424754,-0.00149880374721467,0.0029));
#6658=CARTESIAN_POINT('',(-0.00821248834424754,-0.00149880374721467,0.0025));
#6659=CARTESIAN_POINT('',(-0.00821248834424754,-0.00343880374722066,0.0029));
#6660=CARTESIAN_POINT('',(-0.00821248834424754,-0.00343880374722066,0.0025));
#6661=CARTESIAN_POINT('',(-0.00249648834424754,0.00667719625278183,0.0029));
#6662=CARTESIAN_POINT('',(-0.00798848834424754,0.00867719625278184,0.0029));
#6663=CARTESIAN_POINT('',(-0.00861548834424754,0.00593119625278183,0.002298));
#6664=CARTESIAN_POINT('',(-0.00774248834424754,0.00593119625278183,0.002298));
#6665=CARTESIAN_POINT('',(-0.00724248834424754,0.00730419625278183,0.002298));
#6666=CARTESIAN_POINT('',(-0.00724248834424754,0.00643119625278183,0.002298));
#6667=CARTESIAN_POINT('',(-0.00524248834424754,0.00730419625278183,0.002298));
#6668=CARTESIAN_POINT('',(-0.00524248834424754,0.00643119625278183,0.0023));
#6669=CARTESIAN_POINT('',(-0.00386948834424753,0.00593119625278183,0.002298));
#6670=CARTESIAN_POINT('',(-0.00474248834424754,0.00593119625278183,0.0029));
#6671=CARTESIAN_POINT('',(-0.00724248834424754,0.00643119625278183,0.002298));
#6672=CARTESIAN_POINT('',(-0.00474248834424754,0.00593119625278183,0.002298));
#6673=CARTESIAN_POINT('',(0.00605751165575246,0.000767487752781834,0.0013));
#6674=CARTESIAN_POINT('',(0.00605751165575246,-0.00166880374721817,0.0013));
#6675=CARTESIAN_POINT('',(0.00605751165575246,-0.00166880374721817,0.0017));
#6676=CARTESIAN_POINT('',(0.00605751165575246,-0.00166880374721817,0.0013));
#6677=CARTESIAN_POINT('',(0.00605751165575246,-0.000250657997218167,0.000281854249999998));
#6678=CARTESIAN_POINT('',(0.00605751165575246,0.000749342002781831,0.00131814575));
#6679=CARTESIAN_POINT('',(0.00605751165575246,0.000767487752781834,0.0013));
#6680=CARTESIAN_POINT('',(0.00655751165575246,0.00083119625278183,0.0013));
#6681=CARTESIAN_POINT('',(0.00655751165575246,0.00083119625278183,0.0017));
#6682=CARTESIAN_POINT('',(0.00655751165575246,-0.00166880374721817,0.0017));
#6683=CARTESIAN_POINT('',(0.00655751165575246,-0.00166880374721817,0.0013));
#6684=CARTESIAN_POINT('',(0.00655751165575246,-0.00166880374721817,0.0013));
#6685=CARTESIAN_POINT('',(0.00655751165575246,0.00083119625278183,0.0013));
#6686=CARTESIAN_POINT('',(0.00485751165575246,-0.00166880374721817,0.0013));
#6687=CARTESIAN_POINT('',(0.00485751165575246,-0.00166880374721817,0.0017));
#6688=CARTESIAN_POINT('',(0.00485751165575246,-0.00166880374721817,0.0013));
#6689=CARTESIAN_POINT('',(0.00315751165575246,0.00083119625278183,0.0013));
#6690=CARTESIAN_POINT('',(0.00315751165575246,0.00083119625278183,0.0017));
#6691=CARTESIAN_POINT('',(0.00315751165575246,0.00113119625278183,0.0017));
#6692=CARTESIAN_POINT('',(0.00315751165575246,0.00113119625278183,0.0013));
#6693=CARTESIAN_POINT('',(0.00485751165575246,0.00113119625278183,0.0013));
#6694=CARTESIAN_POINT('',(0.00485751165575246,0.00113119625278183,0.0017));
#6695=CARTESIAN_POINT('',(0.00365751165575246,0.00113119625278183,0.0017));
#6696=CARTESIAN_POINT('',(0.00365751165575246,0.00113119625278183,0.0013));
#6697=CARTESIAN_POINT('',(0.00365751165575246,0.00083119625278183,0.0013));
#6698=CARTESIAN_POINT('',(0.00365751165575246,-0.000218803747218168,0.00025));
#6699=CARTESIAN_POINT('',(0.00365751165575246,0.000781196252781828,0.00135));
#6700=CARTESIAN_POINT('',(-0.000714488344247546,0.000770491376097447,0.0013));
#6701=CARTESIAN_POINT('',(-0.0113760883442475,0.00540079625278184,-0.002755));
#6702=CARTESIAN_POINT('',(-0.0113760883442475,0.00540079625278184,-0.000555));
#6703=CARTESIAN_POINT('',(-0.0112258484189895,0.00540079625278184,-0.000555));
#6704=CARTESIAN_POINT('',(-0.0108760883442475,0.00540079625278184,-0.000542042758143921));
#6705=CARTESIAN_POINT('',(-0.0110215897703422,0.00540079625278184,-0.00086036544819981));
#6706=CARTESIAN_POINT('',(-0.0111837633266061,0.00540079625278184,-0.00134688611699158));
#6707=CARTESIAN_POINT('',(-0.0112364679542756,0.00540079625278184,-0.001505));
#6708=CARTESIAN_POINT('',(-0.0121260883442475,0.00540079625278184,-0.001505));
#6709=CARTESIAN_POINT('',(-0.000605432709684783,0.00636088110549808,-0.002005));
#6710=CARTESIAN_POINT('',(-0.0108760883442475,0.00490079625278184,-0.002005));
#6711=CARTESIAN_POINT('',(-0.0112364679542756,0.00490079625278184,-0.002005));
#6712=CARTESIAN_POINT('',(-0.0112364679542756,0.00636088110549808,-0.002005));
#6713=CARTESIAN_POINT('',(-0.0112364679542756,-0.000590634041785675,-0.002005));
#6714=CARTESIAN_POINT('',(-0.0121260883442475,-0.000590634041785675,-0.002005));
#6715=CARTESIAN_POINT('',(0.00984906464392153,0.00540079625278184,-0.002755));
#6716=CARTESIAN_POINT('',(0.0101866486035946,0.00540079625278184,-0.0026424720134423));
#6717=CARTESIAN_POINT('',(0.00980749126578052,0.00540079625278184,-0.001505));
#6718=CARTESIAN_POINT('',(0.00959261308184712,0.00540079625278184,-0.000860365448199811));
#6719=CARTESIAN_POINT('',(0.00944711165575245,0.00540079625278184,-0.000542042758143923));
#6720=CARTESIAN_POINT('',(0.00979687173049438,0.00540079625278184,-0.000555));
#6721=CARTESIAN_POINT('',(0.0106971116557525,0.00540079625278184,-0.000555));
#6722=CARTESIAN_POINT('',(0.00984906464392153,0.00540079625278184,-0.001505));
#6723=CARTESIAN_POINT('',(-0.000605432709684783,0.00636088110549808,-0.002005));
#6724=CARTESIAN_POINT('',(0.00944711165575246,-0.000481718155720336,-0.002005));
#6725=CARTESIAN_POINT('',(0.00980749126578052,-0.000481718155720336,-0.002005));
#6726=CARTESIAN_POINT('',(0.00980749126578052,0.00636088110549808,-0.002005));
#6727=CARTESIAN_POINT('',(0.00980749126578052,0.00490079625278184,-0.002005));
#6728=CARTESIAN_POINT('',(-0.000605432709684783,0.00490079625278184,-0.002005));
#6729=CARTESIAN_POINT('',(0.00508324211984415,-0.0129079651192162,0.0019));
#6730=CARTESIAN_POINT('',(0.00508324211984415,-0.0129079651192162,0.0029));
#6731=CARTESIAN_POINT('',(0.00441015328121318,-0.0121684034819537,0.0029));
#6732=CARTESIAN_POINT('',(0.00539758942335585,-0.0126218717758261,0.0019));
#6733=CARTESIAN_POINT('',(0.00539758942335599,-0.0126218717758244,0.0029));
#6734=CARTESIAN_POINT('',(0.00472450058472469,-0.0118823101385634,0.0029));
#6735=CARTESIAN_POINT('',(0.00605808230929111,-0.0119930676834605,0.0019));
#6736=CARTESIAN_POINT('',(0.00605808230929105,-0.0119930676834613,0.0029));
#6737=CARTESIAN_POINT('',(0.00534030145696496,-0.0112952942014305,0.0029));
#6738=CARTESIAN_POINT('',(0.00725491507772733,-0.0106988675216248,0.0019));
#6739=CARTESIAN_POINT('',(0.00725491507772737,-0.0106988675216244,0.0029));
#6740=CARTESIAN_POINT('',(0.00648842157408367,-0.0100550815292522,0.0029));
#6741=CARTESIAN_POINT('',(0.00861377949487109,-0.00891360017023296,0.0019));
#6742=CARTESIAN_POINT('',(0.008613779494871,-0.00891360017023302,0.00289999999999996));
#6743=CARTESIAN_POINT('',(0.00777119406777167,-0.0083663503378295,0.0029));
#6744=CARTESIAN_POINT('',(0.00969109441479547,-0.00691954988356651,0.0019));
#6745=CARTESIAN_POINT('',(0.0096910944147957,-0.00691954988356676,0.0029000000000001));
#6746=CARTESIAN_POINT('',(0.00878361432145528,-0.00649483334982184,0.0029));
#6747=CARTESIAN_POINT('',(0.0103502545144747,-0.00523671787445489,0.0019));
#6748=CARTESIAN_POINT('',(0.0103502545144743,-0.00523671787445444,0.00289999999999982));
#6749=CARTESIAN_POINT('',(0.00940404009172663,-0.00490756968908445,0.0029));
#6750=CARTESIAN_POINT('',(0.0106043068392489,-0.00434599707725311,0.0019));
#6751=CARTESIAN_POINT('',(0.0106043068392497,-0.00434599707725414,0.00290000000000039));
#6752=CARTESIAN_POINT('',(0.00963730688539381,-0.00409122052957988,0.0029));
#6753=CARTESIAN_POINT('',(0.0107125078465088,-0.00393532203677963,0.0019));
#6754=CARTESIAN_POINT('',(0.0107125078465088,-0.00393532203677963,0.0029));
#6755=CARTESIAN_POINT('',(0.00974550789265371,-0.00368054548910639,0.0029));
#6756=CARTESIAN_POINT('',(0.00512973930583457,-0.0128656471630905,0.0019));
#6757=CARTESIAN_POINT('',(0.00512973930583457,-0.0128656471630905,0.00216420234044548));
#6758=CARTESIAN_POINT('',(0.00498394611075931,-0.0127062228836566,0.00268199929771823));
#6759=CARTESIAN_POINT('',(0.00463083458583448,-0.012320097233736,0.00290000000000007));
#6760=CARTESIAN_POINT('',(0.00445488254179176,-0.0121276945477161,0.0029));
#6761=CARTESIAN_POINT('',(-0.00189237917922828,-0.0152131789535225,0.0019));
#6762=CARTESIAN_POINT('',(-0.00189237917922828,-0.0152131789535225,0.0029));
#6763=CARTESIAN_POINT('',(-0.00184932034563365,-0.0142141064151904,0.0029));
#6764=CARTESIAN_POINT('',(-0.00160124838875536,-0.0152257263430066,0.0019));
#6765=CARTESIAN_POINT('',(-0.00160124838875553,-0.0152257263430084,0.0029));
#6766=CARTESIAN_POINT('',(-0.00155818955516076,-0.014226653804675,0.0029));
#6767=CARTESIAN_POINT('',(-0.00117589427267564,-0.0152421405228921,0.0019));
#6768=CARTESIAN_POINT('',(-0.0011758942726756,-0.0152421405228917,0.0029));
#6769=CARTESIAN_POINT('',(-0.00112180716566007,-0.0142438588281543,0.0029));
#6770=CARTESIAN_POINT('',(-0.000565641417216698,-0.0152735240042137,0.0019));
#6771=CARTESIAN_POINT('',(-0.000565641417216705,-0.0152735240042138,0.0029));
#6772=CARTESIAN_POINT('',(-0.000538707438255851,-0.0142732314572845,0.0029));
#6773=CARTESIAN_POINT('',(0.000127903127274892,-0.015259505875665,0.0019));
#6774=CARTESIAN_POINT('',(0.000127903127274896,-0.0152595058756649,0.0029));
#6775=CARTESIAN_POINT('',(3.95868465299129E-5,-0.0142605569358892,0.0029));
#6776=CARTESIAN_POINT('',(0.000944500572826529,-0.0151539271277557,0.0019));
#6777=CARTESIAN_POINT('',(0.00094450057282653,-0.0151539271277558,0.0029));
#6778=CARTESIAN_POINT('',(0.00074986016402001,-0.0141703072005631,0.0029));
#6779=CARTESIAN_POINT('',(0.00225333685715007,-0.0147949709688352,0.0019));
#6780=CARTESIAN_POINT('',(0.00225333685715006,-0.0147949709688352,0.0029));
#6781=CARTESIAN_POINT('',(0.00187509746651347,-0.0138605265729339,0.0029));
#6782=CARTESIAN_POINT('',(0.00341840172825681,-0.0141992375088635,0.0019));
#6783=CARTESIAN_POINT('',(0.00341840172825689,-0.0141992375088635,0.0029));
#6784=CARTESIAN_POINT('',(0.00289759876661482,-0.0133425346366293,0.0029));
#6785=CARTESIAN_POINT('',(0.00444495403625895,-0.0134681682677089,0.0019));
#6786=CARTESIAN_POINT('',(0.00444495403625882,-0.0134681682677088,0.0029));
#6787=CARTESIAN_POINT('',(0.00383214661802779,-0.0126752271857129,0.0029));
#6788=CARTESIAN_POINT('',(0.00494874702273456,-0.0130319606715001,0.0019));
#6789=CARTESIAN_POINT('',(0.00494874702273483,-0.0130319606715002,0.0029));
#6790=CARTESIAN_POINT('',(0.00427212995016845,-0.0122956256002785,0.0029));
#6791=CARTESIAN_POINT('',(0.00516181801665518,-0.0128361700894814,0.0019));
#6792=CARTESIAN_POINT('',(0.00516181801665518,-0.0128361700894814,0.0029));
#6793=CARTESIAN_POINT('',(0.00448520094408871,-0.0120998350182593,0.0029));
#6794=CARTESIAN_POINT('',(-0.00185095345410169,-0.0152149643528167,0.0019));
#6795=CARTESIAN_POINT('',(-0.00185095345410169,-0.0152149643528167,0.00216424646949719));
#6796=CARTESIAN_POINT('',(-0.00183225985153525,-0.014999775070694,0.00268196750501917));
#6797=CARTESIAN_POINT('',(-0.00178687230289042,-0.014477301461081,0.00290000000000017));
#6798=CARTESIAN_POINT('',(-0.0017643266329248,-0.0142177695427322,0.0029));
#6799=CARTESIAN_POINT('',(-0.0121612750561843,-0.00400041924170773,0.0019));
#6800=CARTESIAN_POINT('',(-0.0121612750561843,-0.00400041924170773,0.0029));
#6801=CARTESIAN_POINT('',(-0.0112429299587144,-0.00360463864345535,0.0029));
#6802=CARTESIAN_POINT('',(-0.0116667062717402,-0.00514798640533665,0.0019));
#6803=CARTESIAN_POINT('',(-0.0116667062717325,-0.00514798640533393,0.00289999999999885));
#6804=CARTESIAN_POINT('',(-0.0107483611742706,-0.00475220580708438,0.0029));
#6805=CARTESIAN_POINT('',(-0.0105787790493109,-0.00750363808410679,0.0019));
#6806=CARTESIAN_POINT('',(-0.0105787790493146,-0.00750363808410808,0.00290000000000055));
#6807=CARTESIAN_POINT('',(-0.00969544088379964,-0.00702991486963317,0.0029));
#6808=CARTESIAN_POINT('',(-0.00890911676680068,-0.0102448336105775,0.0019));
#6809=CARTESIAN_POINT('',(-0.00890911676680022,-0.0102448336105773,0.00289999999999993));
#6810=CARTESIAN_POINT('',(-0.00808011869489617,-0.00967878387309652,0.0029));
#6811=CARTESIAN_POINT('',(-0.00719829081982111,-0.0123033405262407,0.0019));
#6812=CARTESIAN_POINT('',(-0.0071982908198212,-0.0123033405262407,0.00290000000000001));
#6813=CARTESIAN_POINT('',(-0.00646872446837518,-0.0116148839470474,0.0029));
#6814=CARTESIAN_POINT('',(-0.00570114030322125,-0.0136677223065579,0.0019));
#6815=CARTESIAN_POINT('',(-0.00570114030322122,-0.0136677223065578,0.0029));
#6816=CARTESIAN_POINT('',(-0.00509140654268222,-0.0128669871141508,0.0029));
#6817=CARTESIAN_POINT('',(-0.00416655441726399,-0.014587935011523,0.0019));
#6818=CARTESIAN_POINT('',(-0.004166554417264,-0.0145879350115231,0.00289999999999998));
#6819=CARTESIAN_POINT('',(-0.00372701741595577,-0.0136811509971927,0.0029));
#6820=CARTESIAN_POINT('',(-0.00297752711020811,-0.0149970983875327,0.0019));
#6821=CARTESIAN_POINT('',(-0.0029775271102081,-0.0149970983875325,0.00290000000000002));
#6822=CARTESIAN_POINT('',(-0.00269743445455093,-0.0140350836091408,0.0029));
#6823=CARTESIAN_POINT('',(-0.00227981406562031,-0.0151563723337749,0.0019));
#6824=CARTESIAN_POINT('',(-0.00227981406562033,-0.0151563723337752,0.00289999999999996));
#6825=CARTESIAN_POINT('',(-0.00209524269753121,-0.0141723581856979,0.0029));
#6826=CARTESIAN_POINT('',(-0.00191734588410305,-0.0152062685967635,0.0019));
#6827=CARTESIAN_POINT('',(-0.00191734588410301,-0.0152062685967627,0.00290000000000009));
#6828=CARTESIAN_POINT('',(-0.00178747992562783,-0.0142147370375945,0.0029));
#6829=CARTESIAN_POINT('',(-0.00176324235392331,-0.0152264523241155,0.0019));
#6830=CARTESIAN_POINT('',(-0.00176324235392331,-0.0152264523241155,0.0029));
#6831=CARTESIAN_POINT('',(-0.00163337639544803,-0.0142349207649459,0.0029));
#6832=CARTESIAN_POINT('',(-0.000714488344247546,0.00540079625278184,0.0019));
#6833=CARTESIAN_POINT('',(-0.0109260883442475,0.00540279625278184,-0.002155));
#6834=CARTESIAN_POINT('',(-0.0105226672307842,0.00490079625278184,-0.000944736659610102));
#6835=CARTESIAN_POINT('',(-0.0107621263052503,0.00490079625278184,-0.00166311388300842));
#6836=CARTESIAN_POINT('',(-0.0105442497810665,0.00490079625278184,-0.00100948431045689));
#6837=CARTESIAN_POINT('',(-0.0105442497810665,0.00540279625278184,-0.00100948431045689));
#6838=CARTESIAN_POINT('',(-0.0105442497810665,-0.000590634041785674,-0.00100948431045689));
#6839=CARTESIAN_POINT('',(-0.0107094216775809,-0.000590634041785674,-0.001505));
#6840=CARTESIAN_POINT('',(-0.0107621263052503,-0.000590634041785675,-0.00166311388300842));
#6841=CARTESIAN_POINT('',(-0.0107621263052503,0.00540279625278184,-0.00166311388300842));
#6842=CARTESIAN_POINT('',(-0.0116260883442475,-0.00109063404178567,0.001745));
#6843=CARTESIAN_POINT('',(-0.0109970088798095,-0.00109063404178567,-0.000786622776601684));
#6844=CARTESIAN_POINT('',(-0.0112364679542756,-0.00109063404178567,-0.001505));
#6845=CARTESIAN_POINT('',(-0.0110215897703422,-0.00109063404178567,-0.00086036544819981));
#6846=CARTESIAN_POINT('',(-0.0108760883442475,-0.00109063404178567,-0.000542042758143921));
#6847=CARTESIAN_POINT('',(-0.0112258484189895,-0.00109063404178567,-0.000555));
#6848=CARTESIAN_POINT('',(-0.0116260883442475,-0.00109063404178567,-0.000555));
#6849=CARTESIAN_POINT('',(-0.0108760883442475,-0.00109063404178567,-0.001505));
#6850=CARTESIAN_POINT('',(0.0101971116557524,-0.000981718155720336,0.001745));
#6851=CARTESIAN_POINT('',(0.0101971116557524,-0.000981718155720336,-0.000555));
#6852=CARTESIAN_POINT('',(0.00979687173049438,-0.000981718155720336,-0.000555));
#6853=CARTESIAN_POINT('',(0.00944711165575245,-0.000981718155720336,-0.000542042758143923));
#6854=CARTESIAN_POINT('',(0.00959261308184712,-0.000981718155720336,-0.00086036544819981));
#6855=CARTESIAN_POINT('',(0.00975478663811105,-0.000981718155720336,-0.00134688611699158));
#6856=CARTESIAN_POINT('',(0.00980749126578052,-0.000981718155720336,-0.001505));
#6857=CARTESIAN_POINT('',(0.0106971116557524,-0.000981718155720336,-0.001505));
#6858=CARTESIAN_POINT('',(0.0090836957109041,-0.00386623256422251,-0.000911194099397976));
#6859=CARTESIAN_POINT('',(0.0091815847612763,-0.00386623256422251,-0.000882025647534838));
#6860=CARTESIAN_POINT('',(0.0091815847612763,0.00490079625278184,-0.000882025647534838));
#6861=CARTESIAN_POINT('',(0.0091815847612763,-0.000481718155720336,-0.000882025647534838));
#6862=CARTESIAN_POINT('',(0.00956512654453684,-0.000481718155720336,-0.000767739933249124));
#6863=CARTESIAN_POINT('',(0.00951850330850288,-0.000878751803015462,-0.000781632473944835));
#6864=CARTESIAN_POINT('',(0.00951850330850288,0.00540079625278184,-0.000781632473944835));
#6865=CARTESIAN_POINT('',(0.00951850330850288,0.00529782990007696,-0.000781632473944835));
#6866=CARTESIAN_POINT('',(0.00956512654453684,0.00490079625278184,-0.000767739933249124));
#6867=CARTESIAN_POINT('',(-0.0105126723993992,0.00540279625278184,-0.000911194099397976));
#6868=CARTESIAN_POINT('',(-0.0106105614497714,0.00540279625278184,-0.000882025647534838));
#6869=CARTESIAN_POINT('',(-0.0106105614497714,-0.000590634041785674,-0.000882025647534838));
#6870=CARTESIAN_POINT('',(-0.0106105614497714,0.00490079625278184,-0.000882025647534838));
#6871=CARTESIAN_POINT('',(-0.0109941032330319,0.00490079625278184,-0.000767739933249123));
#6872=CARTESIAN_POINT('',(-0.010947479996998,0.00529782990007696,-0.000781632473944833));
#6873=CARTESIAN_POINT('',(-0.010947479996998,-0.00109063404178567,-0.000781632473944833));
#6874=CARTESIAN_POINT('',(-0.010947479996998,-0.000987667689080801,-0.000781632473944833));
#6875=CARTESIAN_POINT('',(-0.0109941032330319,-0.000590634041785674,-0.000767739933249123));
#6876=CARTESIAN_POINT('',(-0.0101260883442475,0.00076252273609911,0.0013));
#6877=CARTESIAN_POINT('',(-0.0111260883442475,-0.00387575078058362,0.0013));
#6878=CARTESIAN_POINT('',(-0.0111260883442475,-0.00387575078058362,0.00156695699424721));
#6879=CARTESIAN_POINT('',(-0.0109044947838079,-0.00383014381904545,0.00208770088559232));
#6880=CARTESIAN_POINT('',(-0.0103837019872755,-0.00372227063193074,0.0023));
#6881=CARTESIAN_POINT('',(-0.0101260883442475,-0.0036686329836965,0.0023));
#6882=CARTESIAN_POINT('',(-0.0101260883442475,0.00540079625278184,0.0013));
#6883=CARTESIAN_POINT('',(-0.000714488344247546,0.00540079625278184,0.0013));
#6884=CARTESIAN_POINT('',(0.00869711165575245,0.00540079625278184,0.0013));
#6885=CARTESIAN_POINT('',(-0.0111581684419861,-0.00380131408354837,0.0013));
#6886=CARTESIAN_POINT('',(-0.0111581684419861,-0.00380131408354837,0.0023));
#6887=CARTESIAN_POINT('',(-0.0102398233445161,-0.00340553348529619,0.0023));
#6888=CARTESIAN_POINT('',(-0.0107072648459784,-0.00484756321413713,0.00130000000000123));
#6889=CARTESIAN_POINT('',(-0.0107072648459618,-0.00484756321413105,0.00230000000000157));
#6890=CARTESIAN_POINT('',(-0.00978891974851234,-0.00445178261585024,0.0023));
#6891=CARTESIAN_POINT('',(-0.00970199519704877,-0.00699759195536976,0.00129999999999941));
#6892=CARTESIAN_POINT('',(-0.00970199519705667,-0.00699759195537265,0.00229999999999925));
#6893=CARTESIAN_POINT('',(-0.00881931066051481,-0.00652282994501186,0.0023));
#6894=CARTESIAN_POINT('',(-0.00819020541011335,-0.00950523453184494,0.00130000000000007));
#6895=CARTESIAN_POINT('',(-0.00819020541011236,-0.00950523453184458,0.00230000000000009));
#6896=CARTESIAN_POINT('',(-0.00735705378398483,-0.00894643898836292,0.0023));
#6897=CARTESIAN_POINT('',(-0.0066644208147153,-0.011401314365829,0.00129999999999999));
#6898=CARTESIAN_POINT('',(-0.00666442081471548,-0.011401314365829,0.00229999999999998));
#6899=CARTESIAN_POINT('',(-0.00592133464142382,-0.0107281182424795,0.0023));
#6900=CARTESIAN_POINT('',(-0.00553935348607946,-0.0124780877650661,0.0013));
#6901=CARTESIAN_POINT('',(-0.00553935348607944,-0.0124780877650661,0.00230000000000001));
#6902=CARTESIAN_POINT('',(-0.00488846935983578,-0.0117139421485208,0.0023));
#6903=CARTESIAN_POINT('',(-0.00449229060068179,-0.0132245412979714,0.0013));
#6904=CARTESIAN_POINT('',(-0.00449229060068179,-0.0132245412979714,0.00229999999999999));
#6905=CARTESIAN_POINT('',(-0.00395739671898989,-0.0123769754479435,0.0023));
#6906=CARTESIAN_POINT('',(-0.00362068565512827,-0.0137017841338458,0.0013));
#6907=CARTESIAN_POINT('',(-0.00362068565512827,-0.0137017841338458,0.0023));
#6908=CARTESIAN_POINT('',(-0.00319889880654502,-0.0127910943963539,0.0023));
#6909=CARTESIAN_POINT('',(-0.00283716840240084,-0.0139946520482351,0.0013));
#6910=CARTESIAN_POINT('',(-0.00283716840240084,-0.013994652048235,0.0023));
#6911=CARTESIAN_POINT('',(-0.0025366355641378,-0.0130388708802381,0.0023));
#6912=CARTESIAN_POINT('',(-0.00218497587277279,-0.0141567539958995,0.0013));
#6913=CARTESIAN_POINT('',(-0.00218497587277278,-0.0141567539958997,0.0023));
#6914=CARTESIAN_POINT('',(-0.00198276510990954,-0.0131756894272986,0.0023));
#6915=CARTESIAN_POINT('',(-0.00182613155332393,-0.0142096746362702,0.0013));
#6916=CARTESIAN_POINT('',(-0.00182613155332395,-0.0142096746362698,0.0023));
#6917=CARTESIAN_POINT('',(-0.00169626559484553,-0.0132181430771006,0.0023));
#6918=CARTESIAN_POINT('',(-0.00168267609588344,-0.0142284637310873,0.0013));
#6919=CARTESIAN_POINT('',(-0.00168267609588344,-0.0142284637310873,0.0023));
#6920=CARTESIAN_POINT('',(-0.00155281013740508,-0.0132369321719181,0.0023));
#6921=CARTESIAN_POINT('',(-0.00176432663292464,-0.0142177695427329,0.0013));
#6922=CARTESIAN_POINT('',(-0.00176432663292464,-0.0142177695427329,0.00156425608742367));
#6923=CARTESIAN_POINT('',(-0.001745819865775,-0.0140025501834454,0.00208200139732993));
#6924=CARTESIAN_POINT('',(-0.00169971452215897,-0.0134800959668777,0.00229999999995073));
#6925=CARTESIAN_POINT('',(-0.0016762775320268,-0.0132206346335965,0.0023));
#6926=CARTESIAN_POINT('',(0.00869711165575245,0.000768281844279664,0.0013));
#6927=CARTESIAN_POINT('',(0.00969711165575245,-0.00386423256422251,0.0013));
#6928=CARTESIAN_POINT('',(0.00969711165575245,-0.00386423256422251,0.00156526247433967));
#6929=CARTESIAN_POINT('',(0.00947913607618573,-0.00383622344015194,0.00208417029096347));
#6930=CARTESIAN_POINT('',(0.00895630451894127,-0.00376764635214318,0.00230000000000001));
#6931=CARTESIAN_POINT('',(0.0086971116557524,-0.00373306533574782,0.0023));
#6932=CARTESIAN_POINT('',(-0.00180032632628443,-0.0142162179989296,0.0013));
#6933=CARTESIAN_POINT('',(-0.00180032632628443,-0.0142162179989296,0.0023));
#6934=CARTESIAN_POINT('',(-0.00175726749268732,-0.0132171454605975,0.0023));
#6935=CARTESIAN_POINT('',(-0.00154732848129514,-0.0142271219039914,0.0013));
#6936=CARTESIAN_POINT('',(-0.00154732848129535,-0.0142271219039914,0.0023));
#6937=CARTESIAN_POINT('',(-0.00150426964769799,-0.0132280493656586,0.0023));
#6938=CARTESIAN_POINT('',(-0.00116435839535554,-0.0142415288402692,0.0013));
#6939=CARTESIAN_POINT('',(-0.00116435839535549,-0.0142415288402691,0.0023));
#6940=CARTESIAN_POINT('',(-0.00112488612882799,-0.0132426823027616,0.0023));
#6941=CARTESIAN_POINT('',(-0.00066906860167354,-0.0142683187224287,0.0013));
#6942=CARTESIAN_POINT('',(-0.000669068601673549,-0.0142683187224287,0.0023));
#6943=CARTESIAN_POINT('',(-0.00061854391852577,-0.0132689340275059,0.0023));
#6944=CARTESIAN_POINT('',(-3.64821549497482E-5,-0.0142696239085641,0.0013));
#6945=CARTESIAN_POINT('',(-3.64821549497425E-5,-0.014269623908564,0.0023));
#6946=CARTESIAN_POINT('',(-0.000114201128187182,-0.0132691656151926,0.0023));
#6947=CARTESIAN_POINT('',(0.000692271987239547,-0.014182415634126,0.0013));
#6948=CARTESIAN_POINT('',(0.000692271987239544,-0.014182415634126,0.0023));
#6949=CARTESIAN_POINT('',(0.000507859084665297,-0.0131967526188238,0.0023));
#6950=CARTESIAN_POINT('',(0.00188248628910793,-0.0138638451854598,0.0013));
#6951=CARTESIAN_POINT('',(0.00188248628910794,-0.0138638451854598,0.0023));
#6952=CARTESIAN_POINT('',(0.00150205886885881,-0.0129291578926773,0.0023));
#6953=CARTESIAN_POINT('',(0.002929478385753,-0.0133217737368427,0.0013));
#6954=CARTESIAN_POINT('',(0.00292947838575296,-0.0133217737368426,0.0023));
#6955=CARTESIAN_POINT('',(0.0024053645309995,-0.0124672068961656,0.0023));
#6956=CARTESIAN_POINT('',(0.00384550243940444,-0.0126650326301671,0.0013));
#6957=CARTESIAN_POINT('',(0.0038455024394045,-0.0126650326301673,0.0023));
#6958=CARTESIAN_POINT('',(0.00323048527656025,-0.0118739148935794,0.0023));
#6959=CARTESIAN_POINT('',(0.00429534700935635,-0.0122743518296629,0.0013));
#6960=CARTESIAN_POINT('',(0.0042953470093562,-0.0122743518296625,0.0023));
#6961=CARTESIAN_POINT('',(0.00361857811818794,-0.0115381562931735,0.0023));
#6962=CARTESIAN_POINT('',(0.0044835133733461,-0.0121013744952447,0.0013));
#6963=CARTESIAN_POINT('',(0.0044835133733461,-0.0121013744952447,0.0023));
#6964=CARTESIAN_POINT('',(0.00380674448217781,-0.0113651789587554,0.0023));
#6965=CARTESIAN_POINT('',(0.00445486429735454,-0.0121277109811655,0.0013));
#6966=CARTESIAN_POINT('',(0.00445486429735453,-0.0121277109811655,0.00156419809207496));
#6967=CARTESIAN_POINT('',(0.00430908206220445,-0.0119683150517162,0.00208198354289388));
#6968=CARTESIAN_POINT('',(0.00395591748058793,-0.0115821706431899,0.0023));
#6969=CARTESIAN_POINT('',(0.00377996982168976,-0.0113897923344033,0.0023));
#6970=CARTESIAN_POINT('',(0.00441137313783576,-0.0121672847624041,0.0013));
#6971=CARTESIAN_POINT('',(0.00441137313783576,-0.0121672847624041,0.0023));
#6972=CARTESIAN_POINT('',(0.00373836182473746,-0.0114276525751369,0.0023));
#6973=CARTESIAN_POINT('',(0.00470378489419634,-0.0119012114039139,0.0013));
#6974=CARTESIAN_POINT('',(0.00470378489419679,-0.0119012114039158,0.0023));
#6975=CARTESIAN_POINT('',(0.00403077358109779,-0.011161579216647,0.0023));
#6976=CARTESIAN_POINT('',(0.00532056468536908,-0.0113149138697226,0.0013));
#6977=CARTESIAN_POINT('',(0.00532056468536888,-0.0113149138697217,0.0023));
#6978=CARTESIAN_POINT('',(0.0046040691091591,-0.010615931563131,0.0023));
#6979=CARTESIAN_POINT('',(0.00643930980606376,-0.010111129077037,0.0013));
#6980=CARTESIAN_POINT('',(0.00643930980606388,-0.0101111290770375,0.0023));
#6981=CARTESIAN_POINT('',(0.00567518777904024,-0.0094644466263846,0.0023));
#6982=CARTESIAN_POINT('',(0.00771406038087911,-0.00845067466988472,0.0013));
#6983=CARTESIAN_POINT('',(0.00771406038087908,-0.00845067466988455,0.0023));
#6984=CARTESIAN_POINT('',(0.0068745360873234,-0.00790011475786732,0.0023));
#6985=CARTESIAN_POINT('',(0.00873348954254827,-0.00660266379514821,0.00130000000000001));
#6986=CARTESIAN_POINT('',(0.00873348954254825,-0.00660266379514822,0.00230000000000001));
#6987=CARTESIAN_POINT('',(0.00783060230664591,-0.00616590219685963,0.0023));
#6988=CARTESIAN_POINT('',(0.00928328069585424,-0.00521941940492294,0.00129999999999999));
#6989=CARTESIAN_POINT('',(0.00928328069585427,-0.00521941940492294,0.00229999999999998));
#6990=CARTESIAN_POINT('',(0.00834293696480199,-0.00487777954405074,0.0023));
#6991=CARTESIAN_POINT('',(0.00954501622549741,-0.00442072120858658,0.00130000000000002));
#6992=CARTESIAN_POINT('',(0.00954501622549734,-0.00442072120858656,0.00230000000000003));
#6993=CARTESIAN_POINT('',(0.00858872046879751,-0.00412670198185386,0.0023));
#6994=CARTESIAN_POINT('',(0.00966110799548021,-0.00400088383036072,0.00129999999999996));
#6995=CARTESIAN_POINT('',(0.00966110799548036,-0.00400088383036076,0.00229999999999994));
#6996=CARTESIAN_POINT('',(0.00869410804162517,-0.00374610728268892,0.0023));
#6997=CARTESIAN_POINT('',(0.00971143355376114,-0.00380987404951621,0.0013));
#6998=CARTESIAN_POINT('',(0.00971143355376114,-0.00380987404951621,0.0023));
#6999=CARTESIAN_POINT('',(0.00874443359990607,-0.00355509750184298,0.0023));
#7000=CARTESIAN_POINT('',(-0.0109760883442475,-0.00384480374721817,-0.000355));
#7001=CARTESIAN_POINT('',(-0.0109760883442475,-0.00129063404178567,-0.000355));
#7002=CARTESIAN_POINT('',(-0.0112260883442475,-0.00129063404178567,-0.000355));
#7003=CARTESIAN_POINT('',(-0.0112260883442475,-0.00384480374721817,-0.000355));
#7004=CARTESIAN_POINT('',(-0.00591448834424755,-0.0135714396212292,-0.000355));
#7005=CARTESIAN_POINT('',(-0.0109760883442475,-0.00384480374721817,-0.000355));
#7006=CARTESIAN_POINT('',(0.00969711165575245,0.00560079625278184,-0.000355));
#7007=CARTESIAN_POINT('',(0.00448551165575246,0.0156587012318699,-0.000355));
#7008=CARTESIAN_POINT('',(-0.00571448834424754,0.0158123962527819,0.001145));
#7009=CARTESIAN_POINT('',(-0.00571448834424754,0.0158123962527819,-0.000155));
#7010=CARTESIAN_POINT('',(-0.00571448834424754,0.0145332337455874,0.000945));
#7011=CARTESIAN_POINT('',(0.00428551165575245,0.0158123962527819,0.001145));
#7012=CARTESIAN_POINT('',(0.00428551165575245,0.0158123962527819,0.000945));
#7013=CARTESIAN_POINT('',(0.00428551165575245,0.0145332337455874,-0.000155));
#7014=CARTESIAN_POINT('',(-0.000714488344247546,-0.00186975629636919,0.001145));
#7015=CARTESIAN_POINT('',(-0.00551448834424754,0.0156587012318699,0.001145));
#7016=CARTESIAN_POINT('',(0.00408551165575245,-0.00186975629636919,0.001145));
#7017=CARTESIAN_POINT('',(-0.00571448834424755,-0.0152635674174359,0.001145));
#7018=CARTESIAN_POINT('',(-0.00571448834424755,-0.0152635674174359,0.000945));
#7019=CARTESIAN_POINT('',(-0.00571448834424755,-0.0122803281038837,-0.000155));
#7020=CARTESIAN_POINT('',(0.00428551165575245,-0.0152635674174359,0.001145));
#7021=CARTESIAN_POINT('',(0.00428551165575245,-0.0152635674174359,-0.000155));
#7022=CARTESIAN_POINT('',(0.00428551165575245,-0.0122802699054876,0.000945));
#7023=CARTESIAN_POINT('',(-0.000714488344247553,-0.0101226427865781,0.001145));
#7024=CARTESIAN_POINT('',(0.00408551165575245,-0.0135713951482677,0.001145));
#7025=CARTESIAN_POINT('',(-0.00551448834424755,-0.0101226427865781,0.001145));
#7026=CARTESIAN_POINT('',(-0.000605432709684783,-0.000590634041785675,-0.001505));
#7027=CARTESIAN_POINT('',(-0.0112364679542756,-0.000590634041785675,-0.001505));
#7028=CARTESIAN_POINT('',(-0.000605432709684783,0.00490079625278184,-0.001505));
#7029=CARTESIAN_POINT('',(-0.0112364679542756,0.00490079625278184,-0.001505));
#7030=CARTESIAN_POINT('',(0.00984906464392153,0.00490079625278184,-0.001505));
#7031=CARTESIAN_POINT('',(0.00980749126578052,0.00490079625278184,-0.001505));
#7032=CARTESIAN_POINT('',(-0.000605432709684783,-0.000481718155720336,-0.001505));
#7033=CARTESIAN_POINT('',(0.00980749126578052,-0.000481718155720336,-0.001505));
#7034=CARTESIAN_POINT('',(-0.0109760883442475,0.00560079625278184,-0.000555));
#7035=CARTESIAN_POINT('',(0.00979687173049438,0.00540079625278184,-0.000555));
#7036=CARTESIAN_POINT('',(0.00980128605630709,0.00540079625278184,-0.000475561544226857));
#7037=CARTESIAN_POINT('',(0.00974397350030145,0.00544479359632118,-0.000414826713235414));
#7038=CARTESIAN_POINT('',(0.00969664695016611,0.00549916515695383,-0.000382746929306324));
#7039=CARTESIAN_POINT('',(-0.0109760883442475,-0.00118171815572034,-0.000555));
#7040=CARTESIAN_POINT('',(0.00979711165575245,-0.00118171815572034,-0.000555));
#7041=CARTESIAN_POINT('',(0.00979711165575245,-0.000981904787372678,-0.000546361838762615));
#7042=CARTESIAN_POINT('',(0.00979711165575245,-0.000981904787372678,-0.000546361838762615));
#7043=CARTESIAN_POINT('',(0.00979711165575245,-0.000981780270330901,-0.000549242100990931));
#7044=CARTESIAN_POINT('',(0.00979703168677113,-0.000981718155720336,-0.000552121490312452));
#7045=CARTESIAN_POINT('',(0.00979687173049438,-0.000981718155720336,-0.000555));
#7046=CARTESIAN_POINT('',(0.00448551165575245,-0.00384480374721817,-0.000155));
#7047=CARTESIAN_POINT('',(0.00408551165575245,-0.0152635674174359,0.000945));
#7048=CARTESIAN_POINT('',(-0.00551448834424755,-0.0101226427865781,0.000945));
#7049=CARTESIAN_POINT('',(-0.00591448834424755,-0.0152635674174359,-0.000155));
#7050=CARTESIAN_POINT('',(-0.0109760883442475,-0.00129063404178567,-0.000555));
#7051=CARTESIAN_POINT('',(-0.0112258484189895,-0.00109063404178567,-0.000555));
#7052=CARTESIAN_POINT('',(-0.0112260083752662,-0.00109063404178567,-0.000552121490312451));
#7053=CARTESIAN_POINT('',(-0.0112260883442475,-0.00109069615639624,-0.000549242100990929));
#7054=CARTESIAN_POINT('',(-0.0112260883442475,-0.00109082067343802,-0.000546361838762613));
#7055=CARTESIAN_POINT('',(-0.0112260883442475,-0.00109082067343802,-0.000546361838762613));
#7056=CARTESIAN_POINT('',(-0.0112260883442475,-0.00129063404178567,-0.000555));
#7057=CARTESIAN_POINT('',(-0.0113760883442475,0.00560079625278184,-0.000555));
#7058=CARTESIAN_POINT('',(-0.0111256236386662,0.00549916515696087,-0.000382746929309724));
#7059=CARTESIAN_POINT('',(-0.0111729262333765,0.00544482111774292,-0.000414810475317495));
#7060=CARTESIAN_POINT('',(-0.0112302617599754,0.00540079625278184,-0.000475579266779509));
#7061=CARTESIAN_POINT('',(-0.0112258484189895,0.00540079625278184,-0.000555));
#7062=CARTESIAN_POINT('',(-0.00591448834424754,-0.00384480374721817,-0.000155));
#7063=CARTESIAN_POINT('',(-0.00551448834424754,0.0158123962527819,0.000945));
#7064=CARTESIAN_POINT('',(0.00408551165575245,-0.00186975629636919,0.000945));
#7065=CARTESIAN_POINT('',(0.00448551165575246,0.0158123962527819,-0.000155));
#7066=CARTESIAN_POINT('',(-0.0116254299932728,0.00490079625278184,-0.00267188611699158));
#7067=CARTESIAN_POINT('',(-0.0110215897703422,0.00540079625278184,-0.00086036544819981));
#7068=CARTESIAN_POINT('',(-0.0110028818211578,0.00540079625278184,-0.000868439934077815));
#7069=CARTESIAN_POINT('',(-0.010983849527867,0.00539956437471638,-0.000875412446383756));
#7070=CARTESIAN_POINT('',(-0.0109645044894383,0.00539708831190075,-0.000881312416485137));
#7071=CARTESIAN_POINT('',(-0.0109645044894383,0.00539708831190074,-0.000881312416485137));
#7072=CARTESIAN_POINT('',(-0.0110226598941321,0.00490079625278184,-0.000863575819569488));
#7073=CARTESIAN_POINT('',(-0.0112364679542756,0.00490079625278184,-0.001505));
#7074=CARTESIAN_POINT('',(-0.0112364679542756,0.00490079625278184,-0.001505));
#7075=CARTESIAN_POINT('',(-0.0112364679542756,0.00490079625278184,-0.001505));
#7076=CARTESIAN_POINT('',(-0.0112364679542756,0.00540279625278184,-0.001505));
#7077=CARTESIAN_POINT('',(-0.0112364679542756,-0.000590634041785675,-0.001505));
#7078=CARTESIAN_POINT('',(-0.0112364679542756,-0.000590634041785675,-0.001505));
#7079=CARTESIAN_POINT('',(-0.0112364679542756,-0.000590634041785675,-0.001505));
#7080=CARTESIAN_POINT('',(-0.0114004299932728,-0.000590634041785674,-0.00199688611699158));
#7081=CARTESIAN_POINT('',(-0.0110226598941321,-0.000590634041785674,-0.000863575819569488));
#7082=CARTESIAN_POINT('',(-0.0109645044894383,-0.00108692610090458,-0.000881312416485137));
#7083=CARTESIAN_POINT('',(-0.0109645044894383,-0.00108692610090458,-0.000881312416485137));
#7084=CARTESIAN_POINT('',(-0.010983849527867,-0.00108940216372022,-0.000875412446383756));
#7085=CARTESIAN_POINT('',(-0.0110028818211578,-0.00109063404178568,-0.000868439934077838));
#7086=CARTESIAN_POINT('',(-0.0110215897703422,-0.00109063404178568,-0.000860365448199833));
#7087=CARTESIAN_POINT('',(0.00887145330477771,-0.000481718155720336,0.00130311388300842));
#7088=CARTESIAN_POINT('',(0.00959261308184712,-0.000981718155720336,-0.00086036544819981));
#7089=CARTESIAN_POINT('',(0.00957390513266274,-0.000981718155720336,-0.000868439934077815));
#7090=CARTESIAN_POINT('',(0.00955487283937191,-0.000980486277654883,-0.000875412446383757));
#7091=CARTESIAN_POINT('',(0.00953552780094324,-0.000978010214839249,-0.000881312416485138));
#7092=CARTESIAN_POINT('',(0.00953552780094324,-0.000978010214839244,-0.000881312416485139));
#7093=CARTESIAN_POINT('',(0.00959368320563701,-0.000481718155720336,-0.000863575819569489));
#7094=CARTESIAN_POINT('',(0.00980749126578052,-0.000481718155720336,-0.001505));
#7095=CARTESIAN_POINT('',(0.00980749126578052,-0.000481718155720336,-0.001505));
#7096=CARTESIAN_POINT('',(0.00980749126578052,-0.000481718155720336,-0.001505));
#7097=CARTESIAN_POINT('',(0.00980749126578052,-0.00386623256422251,-0.001505));
#7098=CARTESIAN_POINT('',(0.00980749126578052,0.00490079625278184,-0.001505));
#7099=CARTESIAN_POINT('',(0.00980749126578052,0.00490079625278184,-0.001505));
#7100=CARTESIAN_POINT('',(0.00980749126578052,0.00490079625278184,-0.001505));
#7101=CARTESIAN_POINT('',(0.0101866486035946,0.00490079625278184,-0.0026424720134423));
#7102=CARTESIAN_POINT('',(0.00959368320563701,0.00490079625278184,-0.000863575819569489));
#7103=CARTESIAN_POINT('',(0.00953552780094324,0.00539708831190074,-0.000881312416485139));
#7104=CARTESIAN_POINT('',(0.00953552780094324,0.00539708831190074,-0.000881312416485139));
#7105=CARTESIAN_POINT('',(0.00955487283937191,0.00539956437471637,-0.000875412446383758));
#7106=CARTESIAN_POINT('',(0.00957390513266275,0.00540079625278184,-0.000868439934077839));
#7107=CARTESIAN_POINT('',(0.00959261308184713,0.00540079625278184,-0.000860365448199834));
#7108=CARTESIAN_POINT('',(0.00944711165575245,0.000768281844279664,-0.000542042758143923));
#7109=CARTESIAN_POINT('',(0.00944711165575245,-0.000881718155720336,-0.000542042758143923));
#7110=CARTESIAN_POINT('',(0.00955104124582007,-0.000881718155720336,-0.000769416108183842));
#7111=CARTESIAN_POINT('',(0.00969694028056812,-0.000881718155720336,-0.000551297930898264));
#7112=CARTESIAN_POINT('',(0.00969694028056812,-0.000881718155720336,-0.000551297930898264));
#7113=CARTESIAN_POINT('',(0.00969705463518513,-0.000881718155720336,-0.00054821111042855));
#7114=CARTESIAN_POINT('',(0.00969711165575245,-0.000881811491164086,-0.00054512605150227));
#7115=CARTESIAN_POINT('',(0.00969711165575245,-0.000881998103198849,-0.000542042758143923));
#7116=CARTESIAN_POINT('',(0.00969711165575245,0.00530107620026035,-0.000542042758143923));
#7117=CARTESIAN_POINT('',(0.00969711165575245,0.00530088958822559,-0.00054512605150227));
#7118=CARTESIAN_POINT('',(0.00969705463518513,0.00530079625278184,-0.00054821111042855));
#7119=CARTESIAN_POINT('',(0.00969694028056812,0.00530079625278184,-0.000551297930898264));
#7120=CARTESIAN_POINT('',(0.00969694028056812,0.00530079625278184,-0.000551297930898264));
#7121=CARTESIAN_POINT('',(0.00944711165575245,0.00530079625278184,-0.000542042758143923));
#7122=CARTESIAN_POINT('',(0.00955104124582007,0.00530079625278184,-0.000769416108183843));
#7123=CARTESIAN_POINT('',(0.00955104124582007,0.00530079625278184,-0.000769416108183843));
#7124=CARTESIAN_POINT('',(0.00954040207214489,0.00530079625278184,-0.000774279144940463));
#7125=CARTESIAN_POINT('',(0.00952955211534703,0.00529980556429287,-0.000778340210005679));
#7126=CARTESIAN_POINT('',(0.00951850330850288,0.00529782990007699,-0.000781632473944836));
#7127=CARTESIAN_POINT('',(0.00951850330850288,-0.000878751803015463,-0.000781632473944835));
#7128=CARTESIAN_POINT('',(0.00952955211534702,-0.000880727467231341,-0.000778340210005682));
#7129=CARTESIAN_POINT('',(0.00954040207214493,-0.000881718155720492,-0.000774279144940723));
#7130=CARTESIAN_POINT('',(0.00955104124582012,-0.000881718155720494,-0.000769416108184101));
#7131=CARTESIAN_POINT('',(-0.0108760883442475,0.00076252273609911,-0.000542042758143921));
#7132=CARTESIAN_POINT('',(-0.0108760883442475,0.00530079625278184,-0.000542042758143921));
#7133=CARTESIAN_POINT('',(-0.0109800179343152,0.00530079625278184,-0.000769416108183842));
#7134=CARTESIAN_POINT('',(-0.0111259169690632,0.00530079625278184,-0.000551297930898264));
#7135=CARTESIAN_POINT('',(-0.0111259169690632,0.00530079625278184,-0.000551297930898264));
#7136=CARTESIAN_POINT('',(-0.0111260313236802,0.00530079625278184,-0.000548211110428549));
#7137=CARTESIAN_POINT('',(-0.0111260883442475,0.00530088958822559,-0.000545126051502269));
#7138=CARTESIAN_POINT('',(-0.0111260883442475,0.00530107620026035,-0.000542042758143921));
#7139=CARTESIAN_POINT('',(-0.0111260883442475,-0.000990913989264188,-0.000542042758143919));
#7140=CARTESIAN_POINT('',(-0.0111260883442475,-0.000990727377229425,-0.000545126051502267));
#7141=CARTESIAN_POINT('',(-0.0111260313236802,-0.000990634041785675,-0.000548211110428549));
#7142=CARTESIAN_POINT('',(-0.0111259169690632,-0.000990634041785675,-0.000551297930898264));
#7143=CARTESIAN_POINT('',(-0.0111259169690632,-0.000990634041785675,-0.000551297930898264));
#7144=CARTESIAN_POINT('',(-0.0108760883442475,-0.000990634041785675,-0.000542042758143921));
#7145=CARTESIAN_POINT('',(-0.0109800179343152,-0.000990634041785674,-0.000769416108183842));
#7146=CARTESIAN_POINT('',(-0.0109800179343152,-0.000990634041785674,-0.000769416108183842));
#7147=CARTESIAN_POINT('',(-0.01096937876064,-0.000990634041785674,-0.00077427914494046));
#7148=CARTESIAN_POINT('',(-0.0109585288038421,-0.000989643353296706,-0.000778340210005678));
#7149=CARTESIAN_POINT('',(-0.010947479996998,-0.000987667689080827,-0.000781632473944834));
#7150=CARTESIAN_POINT('',(-0.010947479996998,0.00529782990007696,-0.000781632473944833));
#7151=CARTESIAN_POINT('',(-0.0109585288038421,0.00529980556429284,-0.00077834021000568));
#7152=CARTESIAN_POINT('',(-0.01096937876064,0.00530079625278199,-0.000774279144940721));
#7153=CARTESIAN_POINT('',(-0.0109800179343152,0.00530079625278199,-0.000769416108184101));
#7154=CARTESIAN_POINT('',(-0.0112260883442475,-0.00384480374721817,-0.000255));
#7155=CARTESIAN_POINT('',(-0.0112260883442475,-0.00129063404178567,-0.000255));
#7156=CARTESIAN_POINT('',(-0.0112260883442475,-0.00129063404178567,-0.000555));
#7157=CARTESIAN_POINT('',(-0.0112260883442475,-0.000990913989264188,-0.000542042758143919));
#7158=CARTESIAN_POINT('',(-0.0111259169690632,-0.000990634041785675,-0.000551297930898263));
#7159=CARTESIAN_POINT('',(-0.0111259169690632,-0.00109063404178568,-0.000551297930898263));
#7160=CARTESIAN_POINT('',(-0.0112258484189895,-0.00109063404178568,-0.000555));
#7161=CARTESIAN_POINT('',(-0.0111260312724986,-0.000990634041939242,-0.000548212491994178));
#7162=CARTESIAN_POINT('',(-0.0111259780157764,-0.00109068736278722,-0.000549650017330989));
#7163=CARTESIAN_POINT('',(-0.0112260084423344,-0.00109063404178568,-0.000552120256986681));
#7164=CARTESIAN_POINT('',(-0.0111260883442475,-0.000990727295329502,-0.000545127432443426));
#7165=CARTESIAN_POINT('',(-0.0111260350366334,-0.00109074943826062,-0.000548009672809398));
#7166=CARTESIAN_POINT('',(-0.0112260883445602,-0.00109069620969724,-0.000549240868060501));
#7167=CARTESIAN_POINT('',(-0.0111260883442475,-0.000990913989264188,-0.000542042758143921));
#7168=CARTESIAN_POINT('',(-0.0111260883442475,-0.00109082067343802,-0.000546361838762614));
#7169=CARTESIAN_POINT('',(-0.0112260883442475,-0.00109082067343802,-0.000546361838762614));
#7170=CARTESIAN_POINT('',(-0.0112258484189895,-0.000990634041785675,-0.000555));
#7171=CARTESIAN_POINT('',(-0.0108760883442475,-0.000990634041785675,-0.000542042758143921));
#7172=CARTESIAN_POINT('',(-0.0110215897703422,-0.000990634041785675,-0.00086036544819981));
#7173=CARTESIAN_POINT('',(-0.0110215897703422,-0.00109063404178567,-0.000860365448199811));
#7174=CARTESIAN_POINT('',(-0.0109800179343151,-0.00109063404178567,-0.000769416108183842));
#7175=CARTESIAN_POINT('',(-0.0109800179343152,-0.000990634041785674,-0.000769416108183841));
#7176=CARTESIAN_POINT('',(-0.0110028994008594,-0.00109063404178567,-0.000868432329062032));
#7177=CARTESIAN_POINT('',(-0.0109657789542573,-0.00109020184758633,-0.000775924563890886));
#7178=CARTESIAN_POINT('',(-0.0109694164461278,-0.000990634040222939,-0.0007742619193628));
#7179=CARTESIAN_POINT('',(-0.010983867576202,-0.00108940447387928,-0.00087540694014928));
#7180=CARTESIAN_POINT('',(-0.0109509432536025,-0.00108909698054505,-0.000781187492205154));
#7181=CARTESIAN_POINT('',(-0.0109585681428853,-0.000989650377225366,-0.000778328487969536));
#7182=CARTESIAN_POINT('',(-0.0109645044894383,-0.0010869261009046,-0.00088131241648514));
#7183=CARTESIAN_POINT('',(-0.0109357905533918,-0.00108731550766675,-0.00078511563137498));
#7184=CARTESIAN_POINT('',(-0.010947479996998,-0.000987667689080817,-0.000781632473944835));
#7185=CARTESIAN_POINT('',(-0.0109760366580981,-0.000987667689080801,-0.000877468360265198));
#7186=CARTESIAN_POINT('',(-0.0109645044894383,-0.00108692610090458,-0.000881312416485134));
#7187=CARTESIAN_POINT('',(-0.0109357905533918,-0.00108731550766674,-0.000785115631374974));
#7188=CARTESIAN_POINT('',(-0.010947479996998,-0.000987667689080802,-0.00078163247394483));
#7189=CARTESIAN_POINT('',(-0.0107351557861062,-0.00105757067738187,-0.000951260610048951));
#7190=CARTESIAN_POINT('',(-0.0107038464448476,-0.00105926175061197,-0.000854229087264884));
#7191=CARTESIAN_POINT('',(-0.0107636109519664,-0.000964183349514705,-0.000836420781408554));
#7192=CARTESIAN_POINT('',(-0.0105442497810742,-0.000832123746660268,-0.00100948431047999));
#7193=CARTESIAN_POINT('',(-0.0105115935362701,-0.000833727957080649,-0.000911515573220221));
#7194=CARTESIAN_POINT('',(-0.0106105614504949,-0.000783825805685357,-0.000882025647319236));
#7195=CARTESIAN_POINT('',(-0.0105442497810665,-0.000590634041785674,-0.00100948431045689));
#7196=CARTESIAN_POINT('',(-0.0105115935354069,-0.000590634041785674,-0.000911515573478127));
#7197=CARTESIAN_POINT('',(-0.0106105614497714,-0.000590634041785674,-0.000882025647534838));
#7198=CARTESIAN_POINT('',(-0.0106391181108716,-0.000590634041785674,-0.000977861533855203));
#7199=CARTESIAN_POINT('',(-0.0106391181108716,0.00540279625278184,-0.000977861533855203));
#7200=CARTESIAN_POINT('',(-0.0106391181108716,0.00490079625278184,-0.000977861533855203));
#7201=CARTESIAN_POINT('',(-0.0105442497810665,0.00490079625278184,-0.00100948431045689));
#7202=CARTESIAN_POINT('',(-0.0105115935354069,0.00490079625278184,-0.000911515573478127));
#7203=CARTESIAN_POINT('',(-0.0106105614497714,0.00490079625278184,-0.000882025647534838));
#7204=CARTESIAN_POINT('',(-0.0105442497810742,0.00514228595765645,-0.00100948431047997));
#7205=CARTESIAN_POINT('',(-0.0105115935362701,0.00514389016807651,-0.000911515573220212));
#7206=CARTESIAN_POINT('',(-0.0106105614504949,0.00509398801668143,-0.000882025647319236));
#7207=CARTESIAN_POINT('',(-0.0107351557861062,0.00536773288837804,-0.000951260610048892));
#7208=CARTESIAN_POINT('',(-0.0107038464448475,0.005369423961608,-0.000854229087264808));
#7209=CARTESIAN_POINT('',(-0.0107636109519664,0.00527434556051089,-0.000836420781408556));
#7210=CARTESIAN_POINT('',(-0.0109645044894383,0.00539708831190075,-0.000881312416485134));
#7211=CARTESIAN_POINT('',(-0.0109357905533918,0.00539747771866291,-0.000785115631374974));
#7212=CARTESIAN_POINT('',(-0.010947479996998,0.00529782990007697,-0.00078163247394483));
#7213=CARTESIAN_POINT('',(-0.0109760366580981,0.00529782990007696,-0.000877468360265198));
#7214=CARTESIAN_POINT('',(-0.0109645044894383,0.00539708831190074,-0.000881312416485137));
#7215=CARTESIAN_POINT('',(-0.0109357905533918,0.0053974777186629,-0.000785115631374977));
#7216=CARTESIAN_POINT('',(-0.010947479996998,0.00529782990007696,-0.000781632473944832));
#7217=CARTESIAN_POINT('',(-0.0109838675762021,0.00539956668487543,-0.000875406940149325));
#7218=CARTESIAN_POINT('',(-0.0109509432536025,0.00539925919154173,-0.00078118749220523));
#7219=CARTESIAN_POINT('',(-0.0109585681428853,0.00529981258822205,-0.000778328487969535));
#7220=CARTESIAN_POINT('',(-0.0110028994008591,0.00540079625278184,-0.000868432329061049));
#7221=CARTESIAN_POINT('',(-0.0109657789542569,0.00540036405858247,-0.000775924563889898));
#7222=CARTESIAN_POINT('',(-0.0109694164461279,0.00530079625121911,-0.000774261919362806));
#7223=CARTESIAN_POINT('',(-0.0110215897703422,0.00540079625278184,-0.00086036544819985));
#7224=CARTESIAN_POINT('',(-0.0109800179343152,0.00540079625278184,-0.000769416108183881));
#7225=CARTESIAN_POINT('',(-0.0109800179343152,0.00530079625278184,-0.00076941610818388));
#7226=CARTESIAN_POINT('',(-0.0110215897703422,0.00530079625278184,-0.00086036544819981));
#7227=CARTESIAN_POINT('',(-0.0108760883442475,0.00530079625278184,-0.000542042758143921));
#7228=CARTESIAN_POINT('',(-0.0112258484189895,0.00530079625278184,-0.000555));
#7229=CARTESIAN_POINT('',(-0.0112258484189895,0.00540079625278184,-0.000555));
#7230=CARTESIAN_POINT('',(-0.0111259169690632,0.00540079625278184,-0.000551297930898263));
#7231=CARTESIAN_POINT('',(-0.0111259169690632,0.00530079625278184,-0.000551297930898263));
#7232=CARTESIAN_POINT('',(-0.0112300060335573,0.00540079625278184,-0.000480176599753354));
#7233=CARTESIAN_POINT('',(-0.0111275137482899,0.00540219098713645,-0.000508193702128801));
#7234=CARTESIAN_POINT('',(-0.011128886876809,0.00530079651131195,-0.000471130008844015));
#7235=CARTESIAN_POINT('',(-0.0111740073770352,0.00544322332951877,-0.000415306143491543));
#7236=CARTESIAN_POINT('',(-0.0111172317250418,0.00541301080673468,-0.000441962234658523));
#7237=CARTESIAN_POINT('',(-0.011088887455612,0.00536443690343664,-0.000401626181316501));
#7238=CARTESIAN_POINT('',(-0.0111247410712844,0.00550018230753104,-0.000382150834479684));
#7239=CARTESIAN_POINT('',(-0.0110805658288131,0.00548115642959029,-0.000393225626977044));
#7240=CARTESIAN_POINT('',(-0.0110536974349882,0.00544987533490564,-0.00036610239641221));
#7241=CARTESIAN_POINT('',(0.00969694028056811,0.00530079625278184,-0.000551297930898264));
#7242=CARTESIAN_POINT('',(0.00969694028056811,0.00540079625278184,-0.000551297930898264));
#7243=CARTESIAN_POINT('',(0.00979687173049438,0.00540079625278184,-0.000555));
#7244=CARTESIAN_POINT('',(0.00969991018831395,0.00530079651131195,-0.000471130008843725));
#7245=CARTESIAN_POINT('',(0.00969853705979607,0.00540219098713645,-0.000508193702128648));
#7246=CARTESIAN_POINT('',(0.00980102934506368,0.00540079625278184,-0.000480176599753109));
#7247=CARTESIAN_POINT('',(0.00965991076711673,0.00536443690343694,-0.000401626181316254));
#7248=CARTESIAN_POINT('',(0.00968825503654636,0.0054130108067347,-0.000441962234658275));
#7249=CARTESIAN_POINT('',(0.00974503068853993,0.00544322332951886,-0.000415306143491358));
#7250=CARTESIAN_POINT('',(0.0096247207464929,0.0054498753349061,-0.000366102396412021));
#7251=CARTESIAN_POINT('',(0.00965158914031784,0.00548115642959062,-0.000393225626976804));
#7252=CARTESIAN_POINT('',(0.00969576438278907,0.00550018230753135,-0.000382150834479507));
#7253=CARTESIAN_POINT('',(0.00979687173049438,0.00530079625278184,-0.000555));
#7254=CARTESIAN_POINT('',(0.00944711165575245,0.00530079625278184,-0.000542042758143923));
#7255=CARTESIAN_POINT('',(0.00959261308184712,0.00530079625278184,-0.000860365448199811));
#7256=CARTESIAN_POINT('',(0.00959261308184712,0.00540079625278184,-0.000860365448199811));
#7257=CARTESIAN_POINT('',(0.00955104124582007,0.00540079625278184,-0.000769416108183843));
#7258=CARTESIAN_POINT('',(0.00955104124582007,0.00530079625278184,-0.000769416108183843));
#7259=CARTESIAN_POINT('',(0.00957392271236427,0.00540079625278184,-0.00086843232906195));
#7260=CARTESIAN_POINT('',(0.00953680226576211,0.00540036405858246,-0.000775924563890806));
#7261=CARTESIAN_POINT('',(0.00954043975763268,0.00530079625121911,-0.000774261919362807));
#7262=CARTESIAN_POINT('',(0.00955489088770692,0.00539956668487545,-0.00087540694014924));
#7263=CARTESIAN_POINT('',(0.00952196656510731,0.00539925919154128,-0.000781187492205118));
#7264=CARTESIAN_POINT('',(0.00952959145439015,0.0052998125882216,-0.000778328487969547));
#7265=CARTESIAN_POINT('',(0.00953552780094324,0.00539708831190076,-0.00088131241648514));
#7266=CARTESIAN_POINT('',(0.00950681386489671,0.00539747771866292,-0.000785115631374982));
#7267=CARTESIAN_POINT('',(0.00951850330850289,0.00529782990007698,-0.000781632473944836));
#7268=CARTESIAN_POINT('',(0.00954705996960306,0.00529782990007696,-0.000877468360265199));
#7269=CARTESIAN_POINT('',(0.00953552780094324,0.00539708831190075,-0.000881312416485137));
#7270=CARTESIAN_POINT('',(0.0095068138648967,0.0053974777186629,-0.000785115631374978));
#7271=CARTESIAN_POINT('',(0.00951850330850288,0.00529782990007697,-0.000781632473944833));
#7272=CARTESIAN_POINT('',(0.00930617909761178,0.00536773288837811,-0.000951260610048912));
#7273=CARTESIAN_POINT('',(0.00927486975635268,0.00536942396160794,-0.000854229087264871));
#7274=CARTESIAN_POINT('',(0.00933463426347194,0.00527434556051097,-0.000836420781408373));
#7275=CARTESIAN_POINT('',(0.00911527309257909,0.00514228595765624,-0.00100948431047991));
#7276=CARTESIAN_POINT('',(0.00908261684777583,0.00514389016807561,-0.000911515573220697));
#7277=CARTESIAN_POINT('',(0.00918158476199986,0.00509398801668131,-0.000882025647319231));
#7278=CARTESIAN_POINT('',(0.00911527309257141,0.00490079625278184,-0.00100948431045689));
#7279=CARTESIAN_POINT('',(0.00908261684691183,0.00490079625278184,-0.000911515573478127));
#7280=CARTESIAN_POINT('',(0.00918158476127629,0.00490079625278184,-0.000882025647534838));
#7281=CARTESIAN_POINT('',(0.00921014142237647,0.00490079625278184,-0.000977861533855203));
#7282=CARTESIAN_POINT('',(0.00921014142237647,-0.00386623256422251,-0.000977861533855203));
#7283=CARTESIAN_POINT('',(0.00921014142237647,-0.000481718155720336,-0.000977861533855203));
#7284=CARTESIAN_POINT('',(0.00911527309257141,-0.000481718155720336,-0.00100948431045689));
#7285=CARTESIAN_POINT('',(0.00908261684691183,-0.000481718155720336,-0.000911515573478127));
#7286=CARTESIAN_POINT('',(0.00918158476127629,-0.000481718155720336,-0.000882025647534838));
#7287=CARTESIAN_POINT('',(0.00911527309257908,-0.000723207860594892,-0.00100948431047989));
#7288=CARTESIAN_POINT('',(0.00908261684777589,-0.000724812071014146,-0.0009115155732207));
#7289=CARTESIAN_POINT('',(0.00918158476199987,-0.000674909919619985,-0.000882025647319231));
#7290=CARTESIAN_POINT('',(0.0093061790976116,-0.000948654791316587,-0.000951260610048938));
#7291=CARTESIAN_POINT('',(0.00927486975635285,-0.000950345864546723,-0.00085422908726476));
#7292=CARTESIAN_POINT('',(0.00933463426347132,-0.000855267463449426,-0.000836420781408558));
#7293=CARTESIAN_POINT('',(0.00953552780094324,-0.000978010214839245,-0.000881312416485137));
#7294=CARTESIAN_POINT('',(0.0095068138648967,-0.0009783996216014,-0.000785115631374977));
#7295=CARTESIAN_POINT('',(0.00951850330850288,-0.000878751803015463,-0.000781632473944833));
#7296=CARTESIAN_POINT('',(0.00954705996960306,-0.000878751803015463,-0.000877468360265199));
#7297=CARTESIAN_POINT('',(0.00953552780094324,-0.000978010214839245,-0.000881312416485138));
#7298=CARTESIAN_POINT('',(0.00950681386489671,-0.0009783996216014,-0.000785115631374979));
#7299=CARTESIAN_POINT('',(0.00951850330850289,-0.000878751803015463,-0.000781632473944835));
#7300=CARTESIAN_POINT('',(0.00955489088770687,-0.000980488587813922,-0.000875406940149284));
#7301=CARTESIAN_POINT('',(0.00952196656510725,-0.000980181094480114,-0.000781187492205187));
#7302=CARTESIAN_POINT('',(0.00952959145439009,-0.000880734491160437,-0.000778328487969564));
#7303=CARTESIAN_POINT('',(0.00957392271236402,-0.000981718155720341,-0.000868432329061051));
#7304=CARTESIAN_POINT('',(0.00953680226576187,-0.000981285961520851,-0.000775924563889954));
#7305=CARTESIAN_POINT('',(0.00954043975763279,-0.000881718154157487,-0.000774261919362799));
#7306=CARTESIAN_POINT('',(0.00959261308184713,-0.000981718155720341,-0.000860365448199849));
#7307=CARTESIAN_POINT('',(0.00955104124582008,-0.000981718155720341,-0.00076941610818388));
#7308=CARTESIAN_POINT('',(0.00955104124582008,-0.000881718155720341,-0.00076941610818388));
#7309=CARTESIAN_POINT('',(0.00959261308184712,-0.000881718155720336,-0.00086036544819981));
#7310=CARTESIAN_POINT('',(0.00944711165575245,-0.000881718155720336,-0.000542042758143923));
#7311=CARTESIAN_POINT('',(0.00979687173049438,-0.000881718155720336,-0.000555));
#7312=CARTESIAN_POINT('',(0.00969711165575245,-0.000881998103198849,-0.000542042758143923));
#7313=CARTESIAN_POINT('',(0.00969711165575245,-0.000981904787372678,-0.000546361838762615));
#7314=CARTESIAN_POINT('',(0.00979711165575245,-0.000981904787372678,-0.000546361838762615));
#7315=CARTESIAN_POINT('',(0.00969711165575245,-0.000881811409264168,-0.000545127432443436));
#7316=CARTESIAN_POINT('',(0.00969705834813829,-0.000981833552195283,-0.000548009672809404));
#7317=CARTESIAN_POINT('',(0.00979711165606508,-0.000981780323631898,-0.000549240868060509));
#7318=CARTESIAN_POINT('',(0.00969705458400352,-0.00088171815587391,-0.00054821249199418));
#7319=CARTESIAN_POINT('',(0.0096970013272814,-0.000981771476721884,-0.000549650017330991));
#7320=CARTESIAN_POINT('',(0.00979703175383936,-0.000981718155720336,-0.000552120256986683));
#7321=CARTESIAN_POINT('',(0.00969694028056811,-0.000881718155720336,-0.000551297930898264));
#7322=CARTESIAN_POINT('',(0.00969694028056811,-0.000981718155720336,-0.000551297930898264));
#7323=CARTESIAN_POINT('',(0.00979687173049438,-0.000981718155720336,-0.000555));
#7324=CARTESIAN_POINT('',(0.00979711165575245,-0.000881998103198849,-0.000542042758143923));
#7325=CARTESIAN_POINT('',(0.00979711165575245,-0.00118171815572034,-0.000555));
#7326=CARTESIAN_POINT('',(0.00979711165575245,-0.00118171815572034,-0.000255));
#7327=CARTESIAN_POINT('',(0.00979711165575245,0.000768281844279664,-0.000255));
#7328=CARTESIAN_POINT('',(-0.00637248834424154,0.0708311962527818,0.0025));
#7329=CARTESIAN_POINT('',(-0.00637248834424154,-0.00343880374722067,0.0025));
#7330=CARTESIAN_POINT('',(-0.00637248834424154,-0.00149880374721467,0.0025));
#7331=CARTESIAN_POINT('',(-0.00807248834424154,-0.00149880374721467,0.0025));
#7332=CARTESIAN_POINT('',(-0.00807248834424154,0.000201196252785331,0.0025));
#7333=CARTESIAN_POINT('',(-0.00807248834424154,-0.00343880374722067,0.0025));
#7334=CARTESIAN_POINT('',(-0.00807248834424154,-0.00513880374722067,0.0025));
#7335=CARTESIAN_POINT('',(-0.000714488344247546,0.000201196252785334,0.0025));
#7336=CARTESIAN_POINT('',(-0.00821248834424754,0.000201196252785334,0.0025));
#7337=CARTESIAN_POINT('',(-0.123142488344248,-0.00513880374722067,0.0025));
#7338=CARTESIAN_POINT('',(-0.00821248834424754,-0.00513880374722067,0.0025));
#7339=CARTESIAN_POINT('',(-0.00821248834424754,-0.00149880374721467,0.0025));
#7340=CARTESIAN_POINT('',(-0.00991248834424754,-0.00149880374721467,0.0025));
#7341=CARTESIAN_POINT('',(-0.00821248834424754,-0.00343880374722066,0.0025));
#7342=CARTESIAN_POINT('',(-0.00991248834424754,-0.00343880374722066,0.0025));
#7343=CARTESIAN_POINT('',(-0.00991248834424754,0.0708311962527818,0.0025));
#7344=CARTESIAN_POINT('',(0.00485751165575246,0.00132617099961241,0.00180502525316942));
#7345=CARTESIAN_POINT('',(-0.000714488344247546,0.00173119625278182,0.0023));
#7346=CARTESIAN_POINT('',(0.0014668449890858,0.0028218629194485,0.00339066666666667));
#7347=CARTESIAN_POINT('',(0.00255751165575247,0.000767487752781834,0.0023));
#7348=CARTESIAN_POINT('',(0.00356960882241914,-0.0012567065805515,0.00128790283333333));
#7349=CARTESIAN_POINT('',(-0.000714488344247546,-0.00226880374721817,0.0023));
#7350=CARTESIAN_POINT('',(-0.000714488344247546,-0.00226880374721817,0.0023));
#7351=CARTESIAN_POINT('',(0.00453351165575246,0.000355196252781833,-0.000324));
#7352=CARTESIAN_POINT('',(0.00715751165575246,0.000767487752781834,0.0023));
#7353=CARTESIAN_POINT('',(0.00683627548908579,0.00140996008611516,0.00197876383333333));
#7354=CARTESIAN_POINT('',(-0.000714488344247546,0.00173119625278182,0.0023));
#7355=CARTESIAN_POINT('',(0.,0.,0.));
#7356=CARTESIAN_POINT('',(0.00176231165575545,0.000768281844279657,-0.0076));
#7357=CARTESIAN_POINT('',(0.00176231165575545,0.00586828184427965,-0.0076));
#7358=CARTESIAN_POINT('',(0.0103705745976957,0.00586828184427965,-0.0076));
#7359=CARTESIAN_POINT('',(-0.0117995512861908,0.00586828184427966,-0.0076));
#7360=CARTESIAN_POINT('',(0.0103705745976957,0.00616828184427965,-0.0076));
#7361=CARTESIAN_POINT('',(0.0103872537588929,0.00586874586049514,-0.0076));
#7362=CARTESIAN_POINT('',(-0.000714488344247546,0.00540079625278184,-0.0076));
#7363=CARTESIAN_POINT('',(0.0103971116557524,0.00540079625278184,-0.0076));
#7364=CARTESIAN_POINT('',(0.0103971116557524,0.000768281844279657,-0.0076));
#7365=CARTESIAN_POINT('',(0.0103971116557524,0.000868281844279659,-0.0076));
#7366=CARTESIAN_POINT('',(0.0103971116557524,0.000868278364520029,-0.0076));
#7367=CARTESIAN_POINT('',(0.0103966290193062,0.000868280684356334,-0.0076));
#7368=CARTESIAN_POINT('',(0.0103961463717096,0.00086828184427966,-0.0076));
#7369=CARTESIAN_POINT('',(0.0103956637296882,0.00086828184427966,-0.0076));
#7370=CARTESIAN_POINT('',(0.0103956637296882,0.000868281844279659,-0.0076));
#7371=CARTESIAN_POINT('',(0.00176231165575545,0.00086828184427966,-0.0076));
#7372=CARTESIAN_POINT('',(-0.0118246404181833,0.000868281844279662,-0.0076));
#7373=CARTESIAN_POINT('',(-0.0118246404181833,0.000868281844279662,-0.00760000000000042));
#7374=CARTESIAN_POINT('',(-0.0118251230602047,0.000868281844279662,-0.00760000000000042));
#7375=CARTESIAN_POINT('',(-0.0118256057078013,0.000868280684356337,-0.0076));
#7376=CARTESIAN_POINT('',(-0.0118260883442475,0.000868278364520032,-0.0076));
#7377=CARTESIAN_POINT('',(-0.0118260883442475,0.000868281844279662,-0.0076));
#7378=CARTESIAN_POINT('',(-0.0118260883442475,0.000768281844279657,-0.0076));
#7379=CARTESIAN_POINT('',(-0.0118260883442475,0.00540079625278184,-0.0076));
#7380=CARTESIAN_POINT('',(-0.000714488344247546,0.00540079625278184,-0.0076));
#7381=CARTESIAN_POINT('',(-0.011816230447388,0.00586874586049514,-0.0076));
#7382=CARTESIAN_POINT('',(-0.0117995512861908,0.00616828184427966,-0.0076));
#7383=CARTESIAN_POINT('',(0.00176231165575545,0.00586828184427965,-0.008));
#7384=CARTESIAN_POINT('',(0.0103493799774549,0.00586828184427965,-0.00780905912009501));
#7385=CARTESIAN_POINT('',(0.0103634924844329,0.00586828184427965,-0.00777282683983483));
#7386=CARTESIAN_POINT('',(0.0103705745976958,0.00586828184427965,-0.00773527210185822));
#7387=CARTESIAN_POINT('',(0.0103705745976957,0.00586828184427965,-0.00769638517741908));
#7388=CARTESIAN_POINT('',(0.0103493799774549,0.00586828184427965,-0.00780905912009501));
#7389=CARTESIAN_POINT('',(0.0103705745976957,0.00586828184427965,-0.00769638517741908));
#7390=CARTESIAN_POINT('',(0.0103705745976957,0.00586828184427965,-0.0076));
#7391=CARTESIAN_POINT('',(-0.0117995512861908,0.00586828184427966,-0.00763972474405713));
#7392=CARTESIAN_POINT('',(-0.0117995512861908,0.00586828184427966,-0.00769638517741994));
#7393=CARTESIAN_POINT('',(-0.0117995512861908,0.00586828184427966,-0.00769638517741994));
#7394=CARTESIAN_POINT('',(-0.0117995512861908,0.00586828184427966,-0.0077352721018602));
#7395=CARTESIAN_POINT('',(-0.0117924691729273,0.00586828184427966,-0.0077728268398378));
#7396=CARTESIAN_POINT('',(-0.0117783566659485,0.00586828184427966,-0.00780905912009884));
#7397=CARTESIAN_POINT('',(-0.0117783566659485,0.00586828184427966,-0.00780905912009884));
#7398=CARTESIAN_POINT('',(-0.0111260883442475,0.00586828184427966,-0.007555));
#7399=CARTESIAN_POINT('',(-0.0111260883442475,0.00586828184427966,-0.008255));
#7400=CARTESIAN_POINT('',(0.00176231165575545,0.00586828184427965,-0.008255));
#7401=CARTESIAN_POINT('',(0.00969711165575245,0.00586828184427965,-0.008255));
#7402=CARTESIAN_POINT('',(0.00969711165575245,0.00586828184427965,-0.007555));
#7403=CARTESIAN_POINT('',(0.0102749132762342,0.00847612819970305,-0.007955));
#7404=CARTESIAN_POINT('',(0.0102749132762342,0.00847612819970305,-0.008555));
#7405=CARTESIAN_POINT('',(0.00969711165575245,0.00831443315534882,-0.008555));
#7406=CARTESIAN_POINT('',(0.0103816415539297,0.00809474500982223,-0.00795499997553271));
#7407=CARTESIAN_POINT('',(0.0103798805268947,0.00810103788433638,-0.00842478608462814));
#7408=CARTESIAN_POINT('',(0.00994990342816694,0.0079531023604718,-0.008555));
#7409=CARTESIAN_POINT('',(0.0105524208880936,0.00733273350983496,-0.00788532789248405));
#7410=CARTESIAN_POINT('',(0.0105516692253841,0.00734017667990826,-0.00818493495982592));
#7411=CARTESIAN_POINT('',(0.0103544036458207,0.00723115596130752,-0.00838081970135851));
#7412=CARTESIAN_POINT('',(0.0106444531528534,0.00656266352778644,-0.00776136942434828));
#7413=CARTESIAN_POINT('',(0.0106466623254243,0.00654024303548151,-0.00792697324597854));
#7414=CARTESIAN_POINT('',(0.0105723871024088,0.00650157477907356,-0.00807092355940566));
#7415=CARTESIAN_POINT('',(0.0106708098019456,0.00617513512064954,-0.00769397556651067));
#7416=CARTESIAN_POINT('',(0.0106721481927948,0.00615545642507194,-0.00780167843104303));
#7417=CARTESIAN_POINT('',(0.0106348142735672,0.00613442187091062,-0.00790243891627665));
#7418=CARTESIAN_POINT('',(0.0102749132762341,0.00847612819970304,-0.007955));
#7419=CARTESIAN_POINT('',(0.0104870553589644,0.00771805896101104,-0.00795500000000001));
#7420=CARTESIAN_POINT('',(0.0106165203574013,0.006959379136644,-0.007830123015875));
#7421=CARTESIAN_POINT('',(0.0106698581286531,0.00618900304351233,-0.00769638517741908));
#7422=CARTESIAN_POINT('',(0.0106698581286531,0.00618900304351233,-0.00769638517741908));
#7423=CARTESIAN_POINT('',(0.0102749132762341,0.00847612819970304,-0.007955));
#7424=CARTESIAN_POINT('',(0.0106698581286533,0.00618900304351385,-0.00769638517741877));
#7425=CARTESIAN_POINT('',(0.0106703203945819,0.00618232637496186,-0.00777286528785279));
#7426=CARTESIAN_POINT('',(0.0106566656659862,0.00617543218894726,-0.00784671681037857));
#7427=CARTESIAN_POINT('',(0.0106289235438979,0.00616828184428059,-0.00791794160013803));
#7428=CARTESIAN_POINT('',(0.0106289235438946,0.0061682818442757,-0.00791794160014749));
#7429=CARTESIAN_POINT('',(0.00969711165575245,0.00831443315534882,-0.008555));
#7430=CARTESIAN_POINT('',(0.0101698618751494,0.00763870225971983,-0.008555));
#7431=CARTESIAN_POINT('',(0.010497494022023,0.00690699468110324,-0.00825537216992248));
#7432=CARTESIAN_POINT('',(0.0106289235438946,0.0061682818442757,-0.0079179416001475));
#7433=CARTESIAN_POINT('',(0.00969711165575245,0.00831443315534882,-0.008555));
#7434=CARTESIAN_POINT('',(0.00969711165575245,0.00831443315534882,-0.007955));
#7435=CARTESIAN_POINT('',(-0.0111260883442475,0.000771681531292322,-0.007555));
#7436=CARTESIAN_POINT('',(-0.0111260883442475,0.00540079625278184,-0.008555));
#7437=CARTESIAN_POINT('',(-0.0111260883442475,0.00616828184427966,-0.008555));
#7438=CARTESIAN_POINT('',(-0.0111260883442475,0.00831443315534882,-0.008555));
#7439=CARTESIAN_POINT('',(-0.0111260883442475,0.00616828184427966,-0.007555));
#7440=CARTESIAN_POINT('',(-0.0120579002323889,0.00616828184428228,-0.00791794160014852));
#7441=CARTESIAN_POINT('',(-0.0111260883442475,0.00831443315534882,-0.008555));
#7442=CARTESIAN_POINT('',(-0.011601228518437,0.00763528615069184,-0.008555));
#7443=CARTESIAN_POINT('',(-0.0119261514531454,0.00690878909924893,-0.00825619182744962));
#7444=CARTESIAN_POINT('',(-0.0120579002323889,0.00616828184428227,-0.00791794160014854));
#7445=CARTESIAN_POINT('',(0.00969711165575245,0.000771681531292322,-0.007555));
#7446=CARTESIAN_POINT('',(0.00969711165575245,-0.00399375801091812,-0.008555));
#7447=CARTESIAN_POINT('',(0.00969711165575245,0.00056828184427966,-0.008555));
#7448=CARTESIAN_POINT('',(0.00969711165575245,-0.00386423256422251,-0.008555));
#7449=CARTESIAN_POINT('',(0.00969711165575245,0.000568281844279659,-0.007555));
#7450=CARTESIAN_POINT('',(0.0106971116557524,0.00056828184427966,-0.007555));
#7451=CARTESIAN_POINT('',(0.0106971116557524,0.00540079625278184,-0.007555));
#7452=CARTESIAN_POINT('',(0.0106971116557524,-0.00399375801091812,-0.007555));
#7453=CARTESIAN_POINT('',(0.00969711165575245,-0.00386423256422249,-0.008555));
#7454=CARTESIAN_POINT('',(0.00995640770768449,-0.00389781800119227,-0.008555));
#7455=CARTESIAN_POINT('',(0.0104782074581043,-0.00396540434692573,-0.00834003896765669));
#7456=CARTESIAN_POINT('',(0.0106971116557524,-0.00399375801091807,-0.00782027167336859));
#7457=CARTESIAN_POINT('',(0.0106971116557524,-0.00399375801091807,-0.007555));
#7458=CARTESIAN_POINT('',(0.00969711165575245,0.000771681531292322,-0.007555));
#7459=CARTESIAN_POINT('',(0.00969711165575245,0.00616828184427965,-0.007555));
#7460=CARTESIAN_POINT('',(0.00969711165575245,0.00616828184427965,-0.008555));
#7461=CARTESIAN_POINT('',(0.00969711165575245,-0.00399375801091812,-0.008555));
#7462=CARTESIAN_POINT('',(-0.00071448834424755,0.000771681531292322,-0.008555));
#7463=CARTESIAN_POINT('',(0.00100552013012207,0.0141749882606885,-0.008555));
#7464=CARTESIAN_POINT('',(0.000309427174982592,0.0145553091809781,-0.008555));
#7465=CARTESIAN_POINT('',(-0.000488121208770984,0.0144992139255264,-0.008555));
#7466=CARTESIAN_POINT('',(-0.00113224056351978,0.0140490410736644,-0.008555));
#7467=CARTESIAN_POINT('',(-0.00155499574487789,0.0134037373282331,-0.008555));
#7468=CARTESIAN_POINT('',(-0.00183422177634222,0.0124165270961849,-0.008555));
#7469=CARTESIAN_POINT('',(-0.00167330175574787,0.0113635001513462,-0.008555));
#7470=CARTESIAN_POINT('',(-0.0010206712826166,0.0105576646079112,-0.008555));
#7471=CARTESIAN_POINT('',(-0.000314621400731049,0.0102149392027191,-0.008555));
#7472=CARTESIAN_POINT('',(0.000476605812353645,0.0102574611323553,-0.008555));
#7473=CARTESIAN_POINT('',(0.00137002366507696,0.010808253083664,-0.008555));
#7474=CARTESIAN_POINT('',(0.00189435863997085,0.0120590770635487,-0.008555));
#7475=CARTESIAN_POINT('',(0.00163507793120639,0.0133546860239287,-0.008555));
#7476=CARTESIAN_POINT('',(0.00100552013012207,0.0141749882606885,-0.008555));
#7477=CARTESIAN_POINT('',(0.000309427174982592,0.0145553091809781,-0.008555));
#7478=CARTESIAN_POINT('',(-0.000488121208770984,0.0144992139255264,-0.008555));
#7479=CARTESIAN_POINT('',(0.000292517936880242,0.0144825731516879,-0.008555));
#7480=CARTESIAN_POINT('',(-0.000714488344247549,0.00616828184427965,-0.008555));
#7481=CARTESIAN_POINT('',(-0.000714488344247546,0.00540079625278184,-0.008555));
#7482=CARTESIAN_POINT('',(-0.00071448834424755,0.000771681531292322,-0.008555));
#7483=CARTESIAN_POINT('',(-0.0111260883442475,0.00540079625278184,-0.008555));
#7484=CARTESIAN_POINT('',(-0.0111260883442475,-0.00387575078058362,-0.008555));
#7485=CARTESIAN_POINT('',(-0.0111260883442475,0.000568281844279662,-0.008555));
#7486=CARTESIAN_POINT('',(0.00969711165575245,0.000568281844279659,-0.008555));
#7487=CARTESIAN_POINT('',(0.00969711165575245,-0.00386423256422251,-0.008555));
#7488=CARTESIAN_POINT('',(0.00927352960984322,-0.00547193084959718,-0.008555));
#7489=CARTESIAN_POINT('',(0.00788041227752402,-0.00853566253883764,-0.008555));
#7490=CARTESIAN_POINT('',(0.0056817298069915,-0.0110111179713983,-0.008555));
#7491=CARTESIAN_POINT('',(0.0044548825417921,-0.0121276945477162,-0.008555));
#7492=CARTESIAN_POINT('',(0.0044548825417921,-0.0121276945477162,-0.008555));
#7493=CARTESIAN_POINT('',(0.0044548825417921,-0.0121276945477162,-0.008555));
#7494=CARTESIAN_POINT('',(0.00403595597109899,-0.0125126454769341,-0.008555));
#7495=CARTESIAN_POINT('',(0.00314439530811617,-0.0132176586462617,-0.008555));
#7496=CARTESIAN_POINT('',(0.00163389850012853,-0.0139809603919854,-0.008555));
#7497=CARTESIAN_POINT('',(-4.69383130903695E-5,-0.0143396160151312,-0.008555));
#7498=CARTESIAN_POINT('',(-0.00119263252039011,-0.0142424088764311,-0.008555));
#7499=CARTESIAN_POINT('',(-0.00176432663292465,-0.0142177695427329,-0.008555));
#7500=CARTESIAN_POINT('',(-0.00176432663292464,-0.0142177695427329,-0.008555));
#7501=CARTESIAN_POINT('',(-0.00176432663292464,-0.0142177695427329,-0.008555));
#7502=CARTESIAN_POINT('',(-0.00298555975577896,-0.0140578183958888,-0.008555));
#7503=CARTESIAN_POINT('',(-0.00523134097873848,-0.0129786357940388,-0.008555));
#7504=CARTESIAN_POINT('',(-0.0077032816403347,-0.0102637417009223,-0.008555));
#7505=CARTESIAN_POINT('',(-0.0096054602817374,-0.00718863585202627,-0.008555));
#7506=CARTESIAN_POINT('',(-0.0106459700766062,-0.00498978784870058,-0.008555));
#7507=CARTESIAN_POINT('',(-0.0111260883442475,-0.00387575078058362,-0.008555));
#7508=CARTESIAN_POINT('',(-0.0111260883442475,0.000771681531292322,-0.007555));
#7509=CARTESIAN_POINT('',(-0.0121260883442475,-0.00408206433635319,-0.007555));
#7510=CARTESIAN_POINT('',(-0.0121260883442475,0.000568281844279662,-0.007555));
#7511=CARTESIAN_POINT('',(-0.0121260883442475,-0.00408206433635319,-0.007555));
#7512=CARTESIAN_POINT('',(-0.0111260883442475,0.000568281844279662,-0.007555));
#7513=CARTESIAN_POINT('',(-0.0121260883442475,-0.00408206433635322,-0.007555));
#7514=CARTESIAN_POINT('',(-0.0121260883442475,-0.00408206433635322,-0.00782193202993042));
#7515=CARTESIAN_POINT('',(-0.01190460508661,-0.00403636933791779,-0.0083426149315763));
#7516=CARTESIAN_POINT('',(-0.0113836801940046,-0.00392889547106183,-0.00855499999999999));
#7517=CARTESIAN_POINT('',(-0.0111260883442475,-0.00387575078058361,-0.008555));
#7518=CARTESIAN_POINT('',(-0.000714488344247546,0.00540079625278184,-0.007555));
#7519=CARTESIAN_POINT('',(0.00969663141109097,0.00550079625278184,-0.007555));
#7520=CARTESIAN_POINT('',(0.00969663141109097,0.00550079625278184,-0.000655));
#7521=CARTESIAN_POINT('',(0.00969663141109097,0.00550079625278184,-0.001755));
#7522=CARTESIAN_POINT('',(0.00969663141109097,0.00550079625278184,-0.000655));
#7523=CARTESIAN_POINT('',(0.00969663141109097,0.00550079625278184,-0.000549344625105333));
#7524=CARTESIAN_POINT('',(0.00969583299733918,0.00559518524097897,-0.000454999999999171));
#7525=CARTESIAN_POINT('',(0.00969278865600571,0.00570079625278163,-0.00045499999999906));
#7526=CARTESIAN_POINT('',(0.00969278865600569,0.00570079625278184,-0.000455));
#7527=CARTESIAN_POINT('',(-0.000714488344247546,0.00540079625278184,-0.000455));
#7528=CARTESIAN_POINT('',(0.00438551165575245,0.0144777679151811,-0.000455));
#7529=CARTESIAN_POINT('',(0.00438551165575245,0.0144777679151811,-0.000455));
#7530=CARTESIAN_POINT('',(0.00428682679546049,0.0145332151288784,-0.000455));
#7531=CARTESIAN_POINT('',(0.00418551165575246,0.0145872762402417,-0.000368731251305068));
#7532=CARTESIAN_POINT('',(0.00418551165575246,0.0145872762402417,-0.000255));
#7533=CARTESIAN_POINT('',(0.00418551165575246,0.0145872762402417,-0.000255));
#7534=CARTESIAN_POINT('',(0.00418551165575246,0.0145872762402417,-0.007555));
#7535=CARTESIAN_POINT('',(0.00418551165575246,0.0145872762402417,-9.76405686853356E-5));
#7536=CARTESIAN_POINT('',(0.00418551165575246,0.0145872762402417,-9.76405686853384E-5));
#7537=CARTESIAN_POINT('',(0.0026934780564411,0.0153831158487322,-0.000114415269794652));
#7538=CARTESIAN_POINT('',(-0.000714648921336859,0.0162376048300594,-9.2216769983898E-5));
#7539=CARTESIAN_POINT('',(-0.00410719211473112,0.0153912568220002,-9.68463843965167E-5));
#7540=CARTESIAN_POINT('',(-0.00561448834424756,0.0145872762402417,-9.93897997510754E-5));
#7541=CARTESIAN_POINT('',(-0.00561448834424754,0.0145872762402417,-9.93897997510694E-5));
#7542=CARTESIAN_POINT('',(-0.00561448834424754,0.0145872762402417,-0.007555));
#7543=CARTESIAN_POINT('',(-0.00561448834424754,0.0145872762402417,-0.000255));
#7544=CARTESIAN_POINT('',(-0.00561448834424754,0.0145872762402417,-0.000255));
#7545=CARTESIAN_POINT('',(-0.00561448834424754,0.0145872762402417,-0.000368349215601774));
#7546=CARTESIAN_POINT('',(-0.00571599039290739,0.0145331101119532,-0.000455));
#7547=CARTESIAN_POINT('',(-0.00581448834424754,0.0144777679151811,-0.000455));
#7548=CARTESIAN_POINT('',(-0.00581448834424754,0.0144777679151811,-0.000455));
#7549=CARTESIAN_POINT('',(-0.000714488344247546,0.00540079625278184,-0.000455));
#7550=CARTESIAN_POINT('',(-0.0111217653445008,0.00570079625278184,-0.000455));
#7551=CARTESIAN_POINT('',(-0.0111217653445008,0.00570079625278184,-0.000455));
#7552=CARTESIAN_POINT('',(-0.0111248096860305,0.00559518523417288,-0.000455));
#7553=CARTESIAN_POINT('',(-0.0111256080995864,0.00550079625278099,-0.000549344407490739));
#7554=CARTESIAN_POINT('',(-0.0111256080995864,0.00550079625278088,-0.000654999999999785));
#7555=CARTESIAN_POINT('',(-0.0111256080995861,0.00550079625278184,-0.000655));
#7556=CARTESIAN_POINT('',(-0.0111256080995861,0.00550079625278184,-0.007555));
#7557=CARTESIAN_POINT('',(-0.0111256080995861,0.00550079625278184,-0.001755));
#7558=CARTESIAN_POINT('',(-0.0111256080995861,0.00550079625278184,-0.001755));
#7559=CARTESIAN_POINT('',(-0.0111256080995861,0.00550079625278184,-0.00184620452212757));
#7560=CARTESIAN_POINT('',(-0.0111260883442475,0.00546462612802867,-0.00193480288065322));
#7561=CARTESIAN_POINT('',(-0.0111260883442475,0.00540079625278184,-0.00199994897427832));
#7562=CARTESIAN_POINT('',(-0.0111260883442475,0.00540079625278184,-0.00199994897427832));
#7563=CARTESIAN_POINT('',(-0.0111260883442475,0.00540079625278184,-0.007555));
#7564=CARTESIAN_POINT('',(-0.0111260883442475,0.00540079625278184,-0.006405));
#7565=CARTESIAN_POINT('',(-0.000714488344247546,0.00540079625278184,-0.006405));
#7566=CARTESIAN_POINT('',(-0.00113660876989223,0.0158038356599096,-0.006405));
#7567=CARTESIAN_POINT('',(0.00124513010970242,0.0156263187369847,-0.00640500000000627));
#7568=CARTESIAN_POINT('',(0.00146406374282643,0.0155843623099833,-0.0061114843844797));
#7569=CARTESIAN_POINT('',(0.00171635753449403,0.0155243571984607,-0.00538926851155791));
#7570=CARTESIAN_POINT('',(0.00159641677114102,0.0155536113706008,-0.00426540836380186));
#7571=CARTESIAN_POINT('',(0.00103994277495272,0.0156751187175631,-0.00328058654182089));
#7572=CARTESIAN_POINT('',(-3.12070081405906E-5,0.0158127749555504,-0.00275771969948641));
#7573=CARTESIAN_POINT('',(-0.00113322841359196,0.0158155115597213,-0.00326098288037337));
#7574=CARTESIAN_POINT('',(-0.00165533681533198,0.0157696573301936,-0.00429243194396829));
#7575=CARTESIAN_POINT('',(-0.00168384451823653,0.0157674681779988,-0.00542475499279883));
#7576=CARTESIAN_POINT('',(-0.00137534263787589,0.0157941486407583,-0.00611930355523807));
#7577=CARTESIAN_POINT('',(-0.00113660876989227,0.0158038356599097,-0.00640500000000003));
#7578=CARTESIAN_POINT('',(0.00124513010970239,0.0156263187369848,-0.00640500000000625));
#7579=CARTESIAN_POINT('',(-0.000714488344247546,0.00540079625278184,-0.006405));
#7580=CARTESIAN_POINT('',(0.00969711165575245,0.00540079625278184,-0.006405));
#7581=CARTESIAN_POINT('',(0.00969711165575245,0.00540079625278184,-0.007555));
#7582=CARTESIAN_POINT('',(0.00969711165575245,0.00540079625278184,-0.00226490195135928));
#7583=CARTESIAN_POINT('',(0.00969711165575245,0.00540079625278184,-0.00226490195135928));
#7584=CARTESIAN_POINT('',(0.00969711165575245,0.0054674629763954,-0.00210147169914156));
#7585=CARTESIAN_POINT('',(0.00969663141109097,0.00550079625278184,-0.00193150467239514));
#7586=CARTESIAN_POINT('',(0.00969663141109097,0.00550079625278184,-0.001755));
#7587=CARTESIAN_POINT('',(-0.000714488344247546,0.00540079625278184,-0.006405));
#7588=CARTESIAN_POINT('',(0.00124513010970239,0.0156263187369848,-0.00640500000000625));
#7589=CARTESIAN_POINT('',(0.00114894691800493,0.0156447512774924,-0.00653394898016843));
#7590=CARTESIAN_POINT('',(0.000993825893550052,0.0156366669730898,-0.00671677942628778));
#7591=CARTESIAN_POINT('',(0.000795391617343046,0.0155432460917548,-0.00695970809858476));
#7592=CARTESIAN_POINT('',(0.000714559339522849,0.0153942049769978,-0.00714879855965785));
#7593=CARTESIAN_POINT('',(0.000801406434348827,0.0151933333838008,-0.00728040512987127));
#7594=CARTESIAN_POINT('',(0.000977371986666417,0.0149415343837397,-0.00737757495184506));
#7595=CARTESIAN_POINT('',(0.00112079390607647,0.0147479365201986,-0.00740499969170304));
#7596=CARTESIAN_POINT('',(0.00121066059257765,0.0146133999751443,-0.00740499999999631));
#7597=CARTESIAN_POINT('',(0.00121066059257867,0.0146133999751452,-0.007405));
#7598=CARTESIAN_POINT('',(-0.000714488344247546,0.00540079625278184,-0.007405));
#7599=CARTESIAN_POINT('',(0.00869711165575245,0.00540079625278184,-0.007405));
#7600=CARTESIAN_POINT('',(0.00869711165575245,0.00540079625278184,-0.006405));
#7601=CARTESIAN_POINT('',(-0.0121260883442475,0.000659365958214329,-0.007555));
#7602=CARTESIAN_POINT('',(-0.0121260883442475,0.00540079625278184,-0.007555));
#7603=CARTESIAN_POINT('',(-0.0121260883442475,0.00540079625278184,-0.0073));
#7604=CARTESIAN_POINT('',(-0.0121260883442475,0.00540079625278184,-0.00199994897427832));
#7605=CARTESIAN_POINT('',(-0.0121260883442475,0.000659365958214329,-0.0073));
#7606=CARTESIAN_POINT('',(-0.0121260883442475,0.000568281844279662,-0.0073));
#7607=CARTESIAN_POINT('',(-0.0121260883442475,0.000568281844279662,-0.007555));
#7608=CARTESIAN_POINT('',(-0.0121260883442476,-0.00408206433635319,-0.007555));
#7609=CARTESIAN_POINT('',(-0.0121260883442476,-0.00408206433635319,-0.000455));
#7610=CARTESIAN_POINT('',(-0.0121260883442475,0.000659365958214329,-0.000455));
#7611=CARTESIAN_POINT('',(-0.0121260883442475,-0.00139063404178567,-0.000455));
#7612=CARTESIAN_POINT('',(-0.0121260883442475,-0.00139063404178567,-0.000655));
#7613=CARTESIAN_POINT('',(-0.0121260883442475,-0.00119063404178567,-0.000655));
#7614=CARTESIAN_POINT('',(-0.0121260883442475,-0.00119063404178567,-0.007555));
#7615=CARTESIAN_POINT('',(-0.0121260883442475,-0.00119063404178567,-0.001755));
#7616=CARTESIAN_POINT('',(-0.0121260883442475,-0.000840634041785675,-0.001755));
#7617=CARTESIAN_POINT('',(-0.0121260883442475,-0.000840634041785675,-0.002105));
#7618=CARTESIAN_POINT('',(-0.0121260883442475,0.000659365958214329,-0.002105));
#7619=CARTESIAN_POINT('',(-0.0121260883442475,0.00515079625278184,-0.002105));
#7620=CARTESIAN_POINT('',(-0.0121260883442475,0.00515079625278184,-0.001755));
#7621=CARTESIAN_POINT('',(0.0106971116557524,0.000703519120931861,-0.007555));
#7622=CARTESIAN_POINT('',(0.0106971116557524,0.000568281844279659,-0.007555));
#7623=CARTESIAN_POINT('',(0.0106971116557524,0.000568281844279659,-0.0073));
#7624=CARTESIAN_POINT('',(0.0106971116557524,0.000703519120931861,-0.0073));
#7625=CARTESIAN_POINT('',(0.0106971116557525,0.00540079625278184,-0.0073));
#7626=CARTESIAN_POINT('',(0.0106971116557525,0.00540079625278184,-0.007555));
#7627=CARTESIAN_POINT('',(0.0106971116557525,0.00540079625278184,-0.00226490195135928));
#7628=CARTESIAN_POINT('',(0.0106971116557524,0.00415079625278183,-0.001755));
#7629=CARTESIAN_POINT('',(0.0106971116557524,0.00415079625278183,-0.003105));
#7630=CARTESIAN_POINT('',(0.0106971116557524,0.000703519120931861,-0.003105));
#7631=CARTESIAN_POINT('',(0.0106971116557524,0.000268281844279664,-0.003105));
#7632=CARTESIAN_POINT('',(0.0106971116557524,0.000268281844279664,-0.001755));
#7633=CARTESIAN_POINT('',(0.0106971116557524,-0.00108171815572034,-0.001755));
#7634=CARTESIAN_POINT('',(0.0106971116557524,-0.00108171815572034,-0.007555));
#7635=CARTESIAN_POINT('',(0.0106971116557524,-0.00108171815572034,-0.000655));
#7636=CARTESIAN_POINT('',(0.0106971116557524,-0.00128171815572034,-0.000655));
#7637=CARTESIAN_POINT('',(0.0106971116557524,-0.00128171815572034,-0.000455));
#7638=CARTESIAN_POINT('',(0.0106971116557524,0.000703519120931861,-0.000455));
#7639=CARTESIAN_POINT('',(0.0106971116557524,-0.00399375801091811,-0.000455));
#7640=CARTESIAN_POINT('',(0.0106971116557524,-0.00399375801091812,-0.007555));
#7641=CARTESIAN_POINT('',(0.00512973930583457,-0.0128656471630905,-0.007555));
#7642=CARTESIAN_POINT('',(0.00512973930583457,-0.0128656471630905,-0.000454999999999999));
#7643=CARTESIAN_POINT('',(0.00584042594209008,-0.0122188380013844,-0.007555));
#7644=CARTESIAN_POINT('',(0.00584042594209008,-0.0122188380013844,-0.000454999999999999));
#7645=CARTESIAN_POINT('',(0.00714235172701637,-0.0108776970231467,-0.007555));
#7646=CARTESIAN_POINT('',(0.00714235172701637,-0.0108776970231467,-0.000455));
#7647=CARTESIAN_POINT('',(0.00872889631649916,-0.00872591568959681,-0.007555));
#7648=CARTESIAN_POINT('',(0.00872889631649916,-0.00872591568959681,-0.000454999999999997));
#7649=CARTESIAN_POINT('',(0.00973793017564174,-0.00680825295102998,-0.007555));
#7650=CARTESIAN_POINT('',(0.00973793017564174,-0.00680825295102998,-0.000455));
#7651=CARTESIAN_POINT('',(0.0103513766846293,-0.00522496743001069,-0.007555));
#7652=CARTESIAN_POINT('',(0.0103513766846293,-0.00522496743001069,-0.000455));
#7653=CARTESIAN_POINT('',(0.0105950201846872,-0.00438124441306416,-0.007555));
#7654=CARTESIAN_POINT('',(0.0105950201846872,-0.00438124441306416,-0.000454999999999999));
#7655=CARTESIAN_POINT('',(0.0106971116557524,-0.00399375801091811,-0.007555));
#7656=CARTESIAN_POINT('',(0.0106971116557524,-0.00399375801091811,-0.000454999999999999));
#7657=CARTESIAN_POINT('',(0.00512973930583457,-0.0128656471630905,-0.000455));
#7658=CARTESIAN_POINT('',(0.00583038828823766,-0.0122279734573541,-0.000455));
#7659=CARTESIAN_POINT('',(0.00679455961145273,-0.0112368324985783,-0.000455));
#7660=CARTESIAN_POINT('',(0.00790225560118691,-0.00984578403252232,-0.000455));
#7661=CARTESIAN_POINT('',(0.0086431029823646,-0.00876751812052097,-0.000455));
#7662=CARTESIAN_POINT('',(0.00929245604594784,-0.00765516209896803,-0.000455));
#7663=CARTESIAN_POINT('',(0.00975633615137558,-0.00670043402361605,-0.000455));
#7664=CARTESIAN_POINT('',(0.0100805647117156,-0.0059205057606193,-0.000455));
#7665=CARTESIAN_POINT('',(0.0102635713354249,-0.00542650888292183,-0.000455));
#7666=CARTESIAN_POINT('',(0.010398175443664,-0.00502734695924506,-0.000455));
#7667=CARTESIAN_POINT('',(0.0104931430484461,-0.00472633507840507,-0.000455));
#7668=CARTESIAN_POINT('',(0.0105675411550023,-0.00447305999838378,-0.000455));
#7669=CARTESIAN_POINT('',(0.0106236385979851,-0.00427143373000696,-0.000455));
#7670=CARTESIAN_POINT('',(0.0106515192623847,-0.00416680314668649,-0.000455));
#7671=CARTESIAN_POINT('',(0.0106641116096075,-0.00411900911189572,-0.000455));
#7672=CARTESIAN_POINT('',(0.0106751116249892,-0.00407725874490318,-0.000455));
#7673=CARTESIAN_POINT('',(0.0106861116403708,-0.00403550837791065,-0.000455));
#7674=CARTESIAN_POINT('',(0.0106971116557524,-0.00399375801091811,-0.000455));
#7675=CARTESIAN_POINT('',(0.00512973930604462,-0.0128656471633209,-0.000455));
#7676=CARTESIAN_POINT('',(0.00512973930583457,-0.0128656471630905,-0.007555));
#7677=CARTESIAN_POINT('',(0.0051297393059396,-0.0128656471632057,-0.007555));
#7678=CARTESIAN_POINT('',(0.00512973930583457,-0.0128656471630905,-0.007555));
#7679=CARTESIAN_POINT('',(0.00644290072601292,-0.0116705144645983,-0.007555));
#7680=CARTESIAN_POINT('',(0.00880137926275323,-0.00900541594667298,-0.007555));
#7681=CARTESIAN_POINT('',(0.0102441540556423,-0.00571295070115962,-0.007555));
#7682=CARTESIAN_POINT('',(0.0106971116557524,-0.00399375801091811,-0.007555));
#7683=CARTESIAN_POINT('',(0.00512973930604462,-0.0128656471633209,-0.007555));
#7684=CARTESIAN_POINT('',(0.00512973930604462,-0.0128656471633209,0.00104500000001034));
#7685=CARTESIAN_POINT('',(0.00459827839878926,-0.0133540057072835,-0.007555));
#7686=CARTESIAN_POINT('',(0.00459827839878926,-0.0133540057072835,0.00104500000001034));
#7687=CARTESIAN_POINT('',(0.00349804488074768,-0.0141941265277923,-0.007555));
#7688=CARTESIAN_POINT('',(0.00349804488074768,-0.0141941265277923,0.00104500000001034));
#7689=CARTESIAN_POINT('',(0.00202529133148107,-0.0148770593245924,-0.007555));
#7690=CARTESIAN_POINT('',(0.00202529133148107,-0.0148770593245924,0.00104500000001033));
#7691=CARTESIAN_POINT('',(0.000786322375210359,-0.0151804648509445,-0.007555));
#7692=CARTESIAN_POINT('',(0.000786322375210359,-0.0151804648509445,0.00104500000001033));
#7693=CARTESIAN_POINT('',(1.7510822134533E-5,-0.0152669564238778,-0.007555));
#7694=CARTESIAN_POINT('',(1.7510822134533E-5,-0.0152669564238778,0.00104500000001033));
#7695=CARTESIAN_POINT('',(-0.000644635831667731,-0.0152702477001242,-0.007555));
#7696=CARTESIAN_POINT('',(-0.000644635831667731,-0.0152702477001242,0.00104500000001034));
#7697=CARTESIAN_POINT('',(-0.00118650690461087,-0.0152415684620601,-0.007555));
#7698=CARTESIAN_POINT('',(-0.00118650690461087,-0.0152415684620601,0.00104500000001034));
#7699=CARTESIAN_POINT('',(-0.00158379650703036,-0.0152264784982728,-0.007555));
#7700=CARTESIAN_POINT('',(-0.00158379650703036,-0.0152264784982728,0.00104500000001033));
#7701=CARTESIAN_POINT('',(-0.0018509534541017,-0.0152149643528167,-0.007555));
#7702=CARTESIAN_POINT('',(-0.0018509534541017,-0.0152149643528167,0.00104500000001034));
#7703=CARTESIAN_POINT('',(0.00418551165575246,-0.0136459450919627,-0.002955));
#7704=CARTESIAN_POINT('',(0.00418551165575246,-0.0136459450919627,-0.000255));
#7705=CARTESIAN_POINT('',(0.00418551165575246,-0.0136459450919627,0.000845));
#7706=CARTESIAN_POINT('',(0.00418551165575246,-0.0136459450919627,0.000845));
#7707=CARTESIAN_POINT('',(0.00418551165575246,-0.0136459450919627,0.000963263345140197));
#7708=CARTESIAN_POINT('',(0.00408197929690213,-0.0137220206553119,0.00104500000030582));
#7709=CARTESIAN_POINT('',(0.00398551165511841,-0.0137894694658978,0.001045));
#7710=CARTESIAN_POINT('',(0.0039855116551195,-0.013789469465897,0.001045));
#7711=CARTESIAN_POINT('',(0.00512973930604462,-0.0128656471633209,0.001045));
#7712=CARTESIAN_POINT('',(0.00460236316833389,-0.0133502522193411,0.001045));
#7713=CARTESIAN_POINT('',(0.00378397671039097,-0.0139765377172107,0.001045));
#7714=CARTESIAN_POINT('',(0.00263274294447054,-0.0145946690493467,0.001045));
#7715=CARTESIAN_POINT('',(0.00174060377104307,-0.014944304590637,0.001045));
#7716=CARTESIAN_POINT('',(0.000975810514853512,-0.0151363103910389,0.001045));
#7717=CARTESIAN_POINT('',(0.000432849424111823,-0.0152163670844456,0.001045));
#7718=CARTESIAN_POINT('',(0.000121302378060939,-0.0152466820306706,0.001045));
#7719=CARTESIAN_POINT('',(-0.000112493127842481,-0.0152617625649941,0.001045));
#7720=CARTESIAN_POINT('',(-0.000308969628687432,-0.015268055468006,0.001045));
#7721=CARTESIAN_POINT('',(-0.000467327031123957,-0.0152690331901972,0.001045));
#7722=CARTESIAN_POINT('',(-0.000587945043525191,-0.0152676072725264,0.001045));
#7723=CARTESIAN_POINT('',(-0.000704603375831284,-0.0152641029837468,0.001045));
#7724=CARTESIAN_POINT('',(-0.000846657001461513,-0.0152584156053897,0.001045));
#7725=CARTESIAN_POINT('',(-0.00101197307898137,-0.0152510905531376,0.001045));
#7726=CARTESIAN_POINT('',(-0.00120972596902129,-0.0152424958806237,0.001045));
#7727=CARTESIAN_POINT('',(-0.00147488349536143,-0.0152310962502351,0.001045));
#7728=CARTESIAN_POINT('',(-0.00167467499007902,-0.0152225617441547,0.001045));
#7729=CARTESIAN_POINT('',(-0.00180738546652012,-0.0152168420810651,0.001045));
#7730=CARTESIAN_POINT('',(-0.00182190812904731,-0.0152162161716489,0.001045));
#7731=CARTESIAN_POINT('',(-0.00183643079157451,-0.0152155902622328,0.001045));
#7732=CARTESIAN_POINT('',(-0.0018509534541017,-0.0152149643528167,0.001045));
#7733=CARTESIAN_POINT('',(-0.00185095345410169,-0.0152149643528167,0.001045));
#7734=CARTESIAN_POINT('',(-0.00185095345410169,-0.0152149643528167,-0.007555));
#7735=CARTESIAN_POINT('',(-0.0018509534541017,-0.0152149643528167,-0.007555));
#7736=CARTESIAN_POINT('',(-0.0018509534541017,-0.0152149643528167,-0.007555));
#7737=CARTESIAN_POINT('',(-0.00120973143398312,-0.0152426002563193,-0.007555));
#7738=CARTESIAN_POINT('',(7.44284418760258E-5,-0.0153428742962785,-0.007555));
#7739=CARTESIAN_POINT('',(0.00195789410860196,-0.0149334511408229,-0.007555));
#7740=CARTESIAN_POINT('',(0.00365681181755211,-0.0140859679005927,-0.007555));
#7741=CARTESIAN_POINT('',(0.00465954961774964,-0.0132977036860627,-0.007555));
#7742=CARTESIAN_POINT('',(0.00512973930604462,-0.0128656471633209,-0.007555));
#7743=CARTESIAN_POINT('',(0.00512973930604462,-0.0128656471633209,-0.000455));
#7744=CARTESIAN_POINT('',(0.00460236316833389,-0.0133502522193411,-0.000455));
#7745=CARTESIAN_POINT('',(0.00378397671039097,-0.0139765377172107,-0.000455));
#7746=CARTESIAN_POINT('',(0.00263274294447054,-0.0145946690493467,-0.000455));
#7747=CARTESIAN_POINT('',(0.00174060377104307,-0.014944304590637,-0.000455));
#7748=CARTESIAN_POINT('',(0.000975810514853512,-0.0151363103910389,-0.000455));
#7749=CARTESIAN_POINT('',(0.000432849424111823,-0.0152163670844456,-0.000455));
#7750=CARTESIAN_POINT('',(0.000121302378060939,-0.0152466820306706,-0.000455));
#7751=CARTESIAN_POINT('',(-0.000112493127842481,-0.0152617625649941,-0.000455));
#7752=CARTESIAN_POINT('',(-0.000308969628687432,-0.015268055468006,-0.000455));
#7753=CARTESIAN_POINT('',(-0.000467327031123957,-0.0152690331901972,-0.000455));
#7754=CARTESIAN_POINT('',(-0.000587945043525191,-0.0152676072725264,-0.000455));
#7755=CARTESIAN_POINT('',(-0.000704603375831284,-0.0152641029837468,-0.000455));
#7756=CARTESIAN_POINT('',(-0.000846657001461513,-0.0152584156053897,-0.000455));
#7757=CARTESIAN_POINT('',(-0.00101197307898137,-0.0152510905531376,-0.000455));
#7758=CARTESIAN_POINT('',(-0.00120972596902129,-0.0152424958806237,-0.000455));
#7759=CARTESIAN_POINT('',(-0.00147488349536143,-0.0152310962502351,-0.000455));
#7760=CARTESIAN_POINT('',(-0.00167467499007902,-0.0152225617441547,-0.000455));
#7761=CARTESIAN_POINT('',(-0.00180738546652012,-0.0152168420810651,-0.000455));
#7762=CARTESIAN_POINT('',(-0.00182190812904731,-0.0152162161716489,-0.000455));
#7763=CARTESIAN_POINT('',(-0.00183643079157451,-0.0152155902622328,-0.000455));
#7764=CARTESIAN_POINT('',(-0.0018509534541017,-0.0152149643528167,-0.000455));
#7765=CARTESIAN_POINT('',(0.00438551165656142,-0.0134949667116423,-0.000455));
#7766=CARTESIAN_POINT('',(0.00438551165575245,-0.0134949667105967,-0.000455));
#7767=CARTESIAN_POINT('',(0.00429125807177643,-0.0135678932597427,-0.000455));
#7768=CARTESIAN_POINT('',(0.00418551165575237,-0.0136459450919628,-0.00037499002114099));
#7769=CARTESIAN_POINT('',(0.00418551165575236,-0.0136459450919628,-0.000255000000000027));
#7770=CARTESIAN_POINT('',(-0.0121260883442476,-0.00408206433635319,-0.007555));
#7771=CARTESIAN_POINT('',(-0.0121260883442476,-0.00408206433635319,0.001045));
#7772=CARTESIAN_POINT('',(-0.0117763464222006,-0.0048935841049061,-0.007555));
#7773=CARTESIAN_POINT('',(-0.0117763464222006,-0.0048935841049061,0.001045));
#7774=CARTESIAN_POINT('',(-0.011045959987386,-0.00650168854631533,-0.007555));
#7775=CARTESIAN_POINT('',(-0.011045959987386,-0.00650168854631533,0.001045));
#7776=CARTESIAN_POINT('',(-0.00954316707833487,-0.00928103680341229,-0.007555));
#7777=CARTESIAN_POINT('',(-0.00954316707833487,-0.00928103680341229,0.001045));
#7778=CARTESIAN_POINT('',(-0.00794077363830289,-0.0115335094558803,-0.007555));
#7779=CARTESIAN_POINT('',(-0.00794077363830289,-0.0115335094558803,0.001045));
#7780=CARTESIAN_POINT('',(-0.00621127751122852,-0.0132310577968048,-0.007555));
#7781=CARTESIAN_POINT('',(-0.00621127751122852,-0.0132310577968048,0.001045));
#7782=CARTESIAN_POINT('',(-0.00483592439383825,-0.0142219958343378,-0.007555));
#7783=CARTESIAN_POINT('',(-0.00483592439383825,-0.0142219958343378,0.001045));
#7784=CARTESIAN_POINT('',(-0.00362385281735523,-0.0147959128992865,-0.007555));
#7785=CARTESIAN_POINT('',(-0.00362385281735523,-0.0147959128992865,0.001045));
#7786=CARTESIAN_POINT('',(-0.00273790803449322,-0.0150552434747205,-0.007555));
#7787=CARTESIAN_POINT('',(-0.00273790803449322,-0.0150552434747205,0.001045));
#7788=CARTESIAN_POINT('',(-0.00223414220240543,-0.0151609063526698,-0.007555));
#7789=CARTESIAN_POINT('',(-0.00223414220240543,-0.0151609063526698,0.001045));
#7790=CARTESIAN_POINT('',(-0.00196179686983788,-0.0152004466238628,-0.007555));
#7791=CARTESIAN_POINT('',(-0.00196179686983788,-0.0152004466238628,0.001045));
#7792=CARTESIAN_POINT('',(-0.00185095345410169,-0.0152149643528167,-0.007555));
#7793=CARTESIAN_POINT('',(-0.00185095345410169,-0.0152149643528167,0.001045));
#7794=CARTESIAN_POINT('',(-0.0121260883442476,-0.00408206433635319,0.001045));
#7795=CARTESIAN_POINT('',(-0.0120988700434042,-0.00414522001718073,0.001045));
#7796=CARTESIAN_POINT('',(-0.0120716517425609,-0.00420837569800827,0.001045));
#7797=CARTESIAN_POINT('',(-0.0120444334417175,-0.00427153137883582,0.001045));
#7798=CARTESIAN_POINT('',(-0.0120013186326594,-0.00437157234522409,0.001045));
#7799=CARTESIAN_POINT('',(-0.0119122887068004,-0.00457686074057453,0.001045));
#7800=CARTESIAN_POINT('',(-0.0117356351074969,-0.00497615348774393,0.001045));
#7801=CARTESIAN_POINT('',(-0.0115125355226792,-0.0054667110457196,0.001045));
#7802=CARTESIAN_POINT('',(-0.0112426448778446,-0.00603776328693474,0.001045));
#7803=CARTESIAN_POINT('',(-0.0108792667975282,-0.00677711477977678,0.001045));
#7804=CARTESIAN_POINT('',(-0.0104185255562863,-0.00765937970882015,0.001045));
#7805=CARTESIAN_POINT('',(-0.00966652479909462,-0.00898209149067615,0.001045));
#7806=CARTESIAN_POINT('',(-0.00869707458517753,-0.0104691546224182,0.001045));
#7807=CARTESIAN_POINT('',(-0.00747971340125909,-0.0119880405059138,0.001045));
#7808=CARTESIAN_POINT('',(-0.00641230793964978,-0.0130313433481904,0.001045));
#7809=CARTESIAN_POINT('',(-0.00552107465830023,-0.0137281185463106,0.001045));
#7810=CARTESIAN_POINT('',(-0.00483303551377274,-0.0141797213055977,0.001045));
#7811=CARTESIAN_POINT('',(-0.00424303161967029,-0.0144948652851744,0.001045));
#7812=CARTESIAN_POINT('',(-0.0037615110958959,-0.0147088196846022,0.001045));
#7813=CARTESIAN_POINT('',(-0.00339580893871032,-0.0148498461470754,0.001045));
#7814=CARTESIAN_POINT('',(-0.00302580307135561,-0.0149710785940971,0.001045));
#7815=CARTESIAN_POINT('',(-0.00271415863745235,-0.0150553339763043,0.001045));
#7816=CARTESIAN_POINT('',(-0.00246304079711018,-0.0151125316432568,0.001045));
#7817=CARTESIAN_POINT('',(-0.00230541782440477,-0.0151439978111466,0.001045));
#7818=CARTESIAN_POINT('',(-0.00217886718092681,-0.0151665963807109,0.001045));
#7819=CARTESIAN_POINT('',(-0.00208393037635525,-0.0151822317292826,0.001045));
#7820=CARTESIAN_POINT('',(-0.00200414099730248,-0.0151942433710739,0.001045));
#7821=CARTESIAN_POINT('',(-0.00194139873089798,-0.0152030622128542,0.001045));
#7822=CARTESIAN_POINT('',(-0.0019078569318859,-0.0152075114133568,0.001045));
#7823=CARTESIAN_POINT('',(-0.00189419259140065,-0.0152093011019024,0.001045));
#7824=CARTESIAN_POINT('',(-0.00187977954563433,-0.0152111888522071,0.001045));
#7825=CARTESIAN_POINT('',(-0.00186536649986802,-0.015213076602512,0.001045));
#7826=CARTESIAN_POINT('',(-0.00185095345410169,-0.0152149643528167,0.001045));
#7827=CARTESIAN_POINT('',(-0.00541448834424677,-0.0137895048456634,0.001045));
#7828=CARTESIAN_POINT('',(-0.00541448834424755,-0.0137895048456645,0.001045));
#7829=CARTESIAN_POINT('',(-0.00551116133309421,-0.0137219156540918,0.001045));
#7830=CARTESIAN_POINT('',(-0.00561448834424755,-0.0136459867264766,0.000963793989855138));
#7831=CARTESIAN_POINT('',(-0.00561448834424755,-0.0136459867264766,0.000845));
#7832=CARTESIAN_POINT('',(-0.00561448834424755,-0.0136459867264766,0.000845));
#7833=CARTESIAN_POINT('',(-0.00561448834424755,-0.0136459867264766,-0.002955));
#7834=CARTESIAN_POINT('',(-0.00561448834424755,-0.0136459867264766,-0.000255));
#7835=CARTESIAN_POINT('',(-0.00561448834424755,-0.0136459867264766,-0.000255));
#7836=CARTESIAN_POINT('',(-0.00561448834424755,-0.0136459867264766,-0.000374622816711903));
#7837=CARTESIAN_POINT('',(-0.00572035510017659,-0.0135678448256438,-0.000454999999134233));
#7838=CARTESIAN_POINT('',(-0.0058144883424081,-0.0134950138821953,-0.000455));
#7839=CARTESIAN_POINT('',(-0.00581448834240429,-0.0134950138821983,-0.000455));
#7840=CARTESIAN_POINT('',(-0.0121260883442476,-0.00408206433635319,-0.000455));
#7841=CARTESIAN_POINT('',(-0.0120988700434042,-0.00414522001718073,-0.000455));
#7842=CARTESIAN_POINT('',(-0.0120716517425609,-0.00420837569800827,-0.000455));
#7843=CARTESIAN_POINT('',(-0.0120444334417175,-0.00427153137883582,-0.000455));
#7844=CARTESIAN_POINT('',(-0.0120013186326594,-0.00437157234522409,-0.000455));
#7845=CARTESIAN_POINT('',(-0.0119122887068004,-0.00457686074057453,-0.000455));
#7846=CARTESIAN_POINT('',(-0.0117356351074969,-0.00497615348774393,-0.000455));
#7847=CARTESIAN_POINT('',(-0.0115125355226792,-0.0054667110457196,-0.000455));
#7848=CARTESIAN_POINT('',(-0.0112426448778446,-0.00603776328693474,-0.000455));
#7849=CARTESIAN_POINT('',(-0.0108792667975282,-0.00677711477977678,-0.000455));
#7850=CARTESIAN_POINT('',(-0.0104185255562863,-0.00765937970882015,-0.000455));
#7851=CARTESIAN_POINT('',(-0.00966652479909462,-0.00898209149067615,-0.000455));
#7852=CARTESIAN_POINT('',(-0.00869707458517753,-0.0104691546224182,-0.000455));
#7853=CARTESIAN_POINT('',(-0.00747971340125909,-0.0119880405059138,-0.000455));
#7854=CARTESIAN_POINT('',(-0.00641230793964978,-0.0130313433481904,-0.000455));
#7855=CARTESIAN_POINT('',(-0.00552107465830023,-0.0137281185463106,-0.000455));
#7856=CARTESIAN_POINT('',(-0.00483303551377274,-0.0141797213055977,-0.000455));
#7857=CARTESIAN_POINT('',(-0.00424303161967029,-0.0144948652851744,-0.000455));
#7858=CARTESIAN_POINT('',(-0.0037615110958959,-0.0147088196846022,-0.000455));
#7859=CARTESIAN_POINT('',(-0.00339580893871032,-0.0148498461470754,-0.000455));
#7860=CARTESIAN_POINT('',(-0.00302580307135561,-0.0149710785940971,-0.000455));
#7861=CARTESIAN_POINT('',(-0.00271415863745235,-0.0150553339763043,-0.000455));
#7862=CARTESIAN_POINT('',(-0.00246304079711018,-0.0151125316432568,-0.000455));
#7863=CARTESIAN_POINT('',(-0.00230541782440477,-0.0151439978111466,-0.000455));
#7864=CARTESIAN_POINT('',(-0.00217886718092681,-0.0151665963807109,-0.000455));
#7865=CARTESIAN_POINT('',(-0.00208393037635525,-0.0151822317292826,-0.000455));
#7866=CARTESIAN_POINT('',(-0.00200414099730248,-0.0151942433710739,-0.000455));
#7867=CARTESIAN_POINT('',(-0.00194139873089798,-0.0152030622128542,-0.000455));
#7868=CARTESIAN_POINT('',(-0.0019078569318859,-0.0152075114133568,-0.000455));
#7869=CARTESIAN_POINT('',(-0.00189419259140065,-0.0152093011019024,-0.000455));
#7870=CARTESIAN_POINT('',(-0.00187977954563433,-0.0152111888522071,-0.000455));
#7871=CARTESIAN_POINT('',(-0.00186536649986802,-0.015213076602512,-0.000455));
#7872=CARTESIAN_POINT('',(-0.00185095345410169,-0.0152149643528167,-0.000455));
#7873=CARTESIAN_POINT('',(-0.0121260883442475,-0.00408206433635319,-0.007555));
#7874=CARTESIAN_POINT('',(-0.0116034891813427,-0.00529467147605303,-0.007555));
#7875=CARTESIAN_POINT('',(-0.010483134984964,-0.00769314252243543,-0.007555));
#7876=CARTESIAN_POINT('',(-0.00839543738909162,-0.0110370074782549,-0.00755500000000001));
#7877=CARTESIAN_POINT('',(-0.00611269724122426,-0.0134509346727593,-0.007555));
#7878=CARTESIAN_POINT('',(-0.0037934062801037,-0.0147856615740419,-0.007555));
#7879=CARTESIAN_POINT('',(-0.00251424136353613,-0.0151280901436126,-0.007555));
#7880=CARTESIAN_POINT('',(-0.00185095345410169,-0.0152149643528167,-0.007555));
#7881=CARTESIAN_POINT('',(-0.000714488344247546,0.00540079625278184,-0.007555));
#7882=CARTESIAN_POINT('',(-0.0018155825183413,0.0167604472908036,-0.00507656198901809));
#7883=CARTESIAN_POINT('',(-0.00102640688340138,0.0168239492082771,-0.00615753080521699));
#7884=CARTESIAN_POINT('',(-4.50473665992678E-5,0.0168018067621505,-0.00647513289120194));
#7885=CARTESIAN_POINT('',(0.000976393295895724,0.0167047944701167,-0.00630781841387024));
#7886=CARTESIAN_POINT('',(0.00183244923675381,0.0165268209213362,-0.00525225420764238));
#7887=CARTESIAN_POINT('',(0.00180214309718028,0.0165329922696767,-0.00393202301253355));
#7888=CARTESIAN_POINT('',(0.00135650783805279,0.0166259181752901,-0.00302669749733214));
#7889=CARTESIAN_POINT('',(0.000809508857851324,0.0167164162945423,-0.00249695774274122));
#7890=CARTESIAN_POINT('',(8.16521613369655E-5,0.0167935926999074,-0.00224049174475029));
#7891=CARTESIAN_POINT('',(-0.000688753256751666,0.0168197191832022,-0.00238103538260611));
#7892=CARTESIAN_POINT('',(-0.00129478913860439,0.0168011659934843,-0.00286241683208815));
#7893=CARTESIAN_POINT('',(-0.00179014356968085,0.0167635407615527,-0.00375849464540695));
#7894=CARTESIAN_POINT('',(-0.0018155825183413,0.0167604472908036,-0.00507656198901809));
#7895=CARTESIAN_POINT('',(-0.00102640688340138,0.0168239492082771,-0.00615753080521699));
#7896=CARTESIAN_POINT('',(-4.50473665992678E-5,0.0168018067621505,-0.00647513289120194));
#7897=CARTESIAN_POINT('',(-0.000751898753463339,0.0168123349317367,-0.00619133357946538));
#7898=CARTESIAN_POINT('',(-0.000714488344247546,0.00540079625278184,-0.0073));
#7899=CARTESIAN_POINT('',(0.0106698581286528,0.00618900304351733,-0.0073));
#7900=CARTESIAN_POINT('',(0.0106698581286528,0.00618900304351733,-0.007555));
#7901=CARTESIAN_POINT('',(-0.000714488344247546,0.00540079625278184,-0.007955));
#7902=CARTESIAN_POINT('',(-0.0117038899647292,0.00847612819970304,-0.007955));
#7903=CARTESIAN_POINT('',(-0.0117038899647292,0.00847612819970304,-0.007955));
#7904=CARTESIAN_POINT('',(-0.011915180114772,0.007721103260169,-0.007955));
#7905=CARTESIAN_POINT('',(-0.0120455974176601,0.00695792943213621,-0.00782987134613984));
#7906=CARTESIAN_POINT('',(-0.0120988348171479,0.00618900304351733,-0.00769638517741994));
#7907=CARTESIAN_POINT('',(-0.0120988348171479,0.00618900304351733,-0.00769638517741994));
#7908=CARTESIAN_POINT('',(-0.0120988348171479,0.00618900304351733,-0.007555));
#7909=CARTESIAN_POINT('',(-0.0120988348171479,0.00618900304351733,-0.0073));
#7910=CARTESIAN_POINT('',(-0.000714488344247546,0.00540079625278184,-0.0073));
#7911=CARTESIAN_POINT('',(-0.0121260883442475,0.00540079625278184,-0.00199994897427832));
#7912=CARTESIAN_POINT('',(-0.0121260883442475,0.00546462613921726,-0.00193480286923391));
#7913=CARTESIAN_POINT('',(-0.0121256501851821,0.00550079625278184,-0.00184620448571089));
#7914=CARTESIAN_POINT('',(-0.0121256501851821,0.00550079625278184,-0.001755));
#7915=CARTESIAN_POINT('',(-0.0121256501851821,0.00550079625278184,-0.001755));
#7916=CARTESIAN_POINT('',(-0.0121256501851821,0.00550079625278184,-0.007555));
#7917=CARTESIAN_POINT('',(-0.0121256501851821,0.00550079625278184,-0.000655));
#7918=CARTESIAN_POINT('',(-0.0121256501851821,0.00550079625278184,-0.000655));
#7919=CARTESIAN_POINT('',(-0.0121256501851821,0.00550079625278184,-0.000549346631506811));
#7920=CARTESIAN_POINT('',(-0.0121249218215369,0.0055951798110195,-0.000454999999999171));
#7921=CARTESIAN_POINT('',(-0.0121221443068018,0.00570079625278163,-0.00045499999999906));
#7922=CARTESIAN_POINT('',(-0.0121221443068018,0.00570079625278184,-0.000455));
#7923=CARTESIAN_POINT('',(-0.000714488344247546,0.00540079625278184,-0.000455));
#7924=CARTESIAN_POINT('',(-0.00581448834424754,0.0156093522015926,-0.000455));
#7925=CARTESIAN_POINT('',(-0.00581448834424754,0.0156093522015926,-0.000455));
#7926=CARTESIAN_POINT('',(-0.00571458465704349,0.015659262179781,-0.000455));
#7927=CARTESIAN_POINT('',(-0.00561448834424754,0.0157068437279296,-0.000367086323338753));
#7928=CARTESIAN_POINT('',(-0.00561448834424754,0.0157068437279296,-0.000255));
#7929=CARTESIAN_POINT('',(-0.00561448834424754,0.0157068437279296,-0.000255));
#7930=CARTESIAN_POINT('',(-0.00561448834424754,0.0157068437279296,-0.007555));
#7931=CARTESIAN_POINT('',(-0.00561448834424754,0.0157068437279296,0.000845));
#7932=CARTESIAN_POINT('',(-0.00561448834424754,0.0157068437279296,0.000845));
#7933=CARTESIAN_POINT('',(-0.00561448834424754,0.0157068437279296,0.000956169596654074));
#7934=CARTESIAN_POINT('',(-0.00551554545281397,0.0157539003274845,0.001045));
#7935=CARTESIAN_POINT('',(-0.00541448834424754,0.0157995757273163,0.001045));
#7936=CARTESIAN_POINT('',(-0.00541448834424754,0.0157995757273163,0.001045));
#7937=CARTESIAN_POINT('',(-0.000714488344247546,0.00540079625278184,0.001045));
#7938=CARTESIAN_POINT('',(0.00398551165575245,0.0157995757273163,0.001045));
#7939=CARTESIAN_POINT('',(0.00398551165575245,0.0157995757273163,0.001045));
#7940=CARTESIAN_POINT('',(0.00408671924693856,0.015753832312934,0.001045));
#7941=CARTESIAN_POINT('',(0.00418551165575246,0.0157068437279296,0.00095642260123673));
#7942=CARTESIAN_POINT('',(0.00418551165575246,0.0157068437279296,0.000845));
#7943=CARTESIAN_POINT('',(0.00418551165575246,0.0157068437279296,0.000845));
#7944=CARTESIAN_POINT('',(0.00418551165575246,0.0157068437279296,-0.007555));
#7945=CARTESIAN_POINT('',(0.00418551165575246,0.0157068437279296,-0.000255));
#7946=CARTESIAN_POINT('',(0.00418551165575246,0.0157068437279296,-0.000255));
#7947=CARTESIAN_POINT('',(0.00418551165575246,0.0157068437279296,-0.000366803333303411));
#7948=CARTESIAN_POINT('',(0.00428576349288164,0.0156591844827881,-0.000455));
#7949=CARTESIAN_POINT('',(0.00438551165575245,0.0156093522015926,-0.000455));
#7950=CARTESIAN_POINT('',(0.00438551165575245,0.0156093522015926,-0.000455));
#7951=CARTESIAN_POINT('',(-0.000714488344247546,0.00540079625278184,-0.000455));
#7952=CARTESIAN_POINT('',(0.0106931676183067,0.00570079625278184,-0.000455));
#7953=CARTESIAN_POINT('',(0.0106931676183067,0.00570079625278184,-0.000455));
#7954=CARTESIAN_POINT('',(0.0106959451331912,0.00559517980533752,-0.000455));
#7955=CARTESIAN_POINT('',(0.0106966734966873,0.00550079625278099,-0.000549346450361393));
#7956=CARTESIAN_POINT('',(0.0106966734966873,0.00550079625278088,-0.000654999999999786));
#7957=CARTESIAN_POINT('',(0.010696673496687,0.00550079625278184,-0.000655));
#7958=CARTESIAN_POINT('',(0.010696673496687,0.00550079625278184,-0.007555));
#7959=CARTESIAN_POINT('',(0.010696673496687,0.00550079625278184,-0.001755));
#7960=CARTESIAN_POINT('',(0.010696673496687,0.00550079625278184,-0.001755));
#7961=CARTESIAN_POINT('',(0.010696673496687,0.00550079625278184,-0.00193150464712782));
#7962=CARTESIAN_POINT('',(0.0106971116557525,0.00546746296685181,-0.00210147172253723));
#7963=CARTESIAN_POINT('',(0.0106971116557525,0.00540079625278184,-0.00226490195135928));
#7964=CARTESIAN_POINT('',(0.00441015328121315,-0.0121684034819537,-0.008555));
#7965=CARTESIAN_POINT('',(0.00508324211984412,-0.0129079651192162,-0.008555));
#7966=CARTESIAN_POINT('',(0.00508324211984412,-0.0129079651192162,-0.007555));
#7967=CARTESIAN_POINT('',(0.00472450058472486,-0.0118823101385632,-0.008555));
#7968=CARTESIAN_POINT('',(0.00539758942335186,-0.0126218717758112,-0.00855499999999374));
#7969=CARTESIAN_POINT('',(0.00539758942335602,-0.0126218717758259,-0.007555));
#7970=CARTESIAN_POINT('',(0.00534030145696325,-0.0112952942014321,-0.008555));
#7971=CARTESIAN_POINT('',(0.0060580823092912,-0.0119930676834688,-0.00855500000000283));
#7972=CARTESIAN_POINT('',(0.00605808230928932,-0.0119930676834621,-0.007555));
#7973=CARTESIAN_POINT('',(0.00648842157407998,-0.0100550815292568,-0.008555));
#7974=CARTESIAN_POINT('',(0.00725491507772235,-0.0106988675216258,-0.00855499999999836));
#7975=CARTESIAN_POINT('',(0.00725491507772343,-0.0106988675216297,-0.007555));
#7976=CARTESIAN_POINT('',(0.00777119406777565,-0.00836635033782387,-0.00855499999999999));
#7977=CARTESIAN_POINT('',(0.00861377949487573,-0.00891360017022833,-0.00855500000000061));
#7978=CARTESIAN_POINT('',(0.00861377949487533,-0.00891360017022698,-0.007555));
#7979=CARTESIAN_POINT('',(0.00878361432145571,-0.00649483334982066,-0.00855500000000001));
#7980=CARTESIAN_POINT('',(0.00969109441479571,-0.00691954988356512,-0.0085549999999998));
#7981=CARTESIAN_POINT('',(0.00969109441479584,-0.00691954988356534,-0.007555));
#7982=CARTESIAN_POINT('',(0.00940404009172723,-0.00490756968908275,-0.008555));
#7983=CARTESIAN_POINT('',(0.0103502545144756,-0.0052367178744531,-0.00855500000000024));
#7984=CARTESIAN_POINT('',(0.0103502545144755,-0.00523671787445297,-0.007555));
#7985=CARTESIAN_POINT('',(0.00963730688539521,-0.00409122052957563,-0.008555));
#7986=CARTESIAN_POINT('',(0.0106043068392497,-0.00434599707724859,-0.00855499999999948));
#7987=CARTESIAN_POINT('',(0.01060430683925,-0.00434599707724879,-0.007555));
#7988=CARTESIAN_POINT('',(0.0097455078926537,-0.00368054548910643,-0.008555));
#7989=CARTESIAN_POINT('',(0.0107125078465088,-0.00393532203677967,-0.008555));
#7990=CARTESIAN_POINT('',(0.0107125078465088,-0.00393532203677967,-0.007555));
#7991=CARTESIAN_POINT('',(0.00512973935405691,-0.0128656471192025,-0.007555));
#7992=CARTESIAN_POINT('',(0.00512973935405691,-0.0128656471192025,-0.00781897910016048));
#7993=CARTESIAN_POINT('',(0.00498474349573933,-0.0127070949056945,-0.00833617525352419));
#7994=CARTESIAN_POINT('',(0.00463050160980781,-0.0123197330516773,-0.00855500000000005));
#7995=CARTESIAN_POINT('',(0.00445488254179183,-0.0121276945477162,-0.008555));
#7996=CARTESIAN_POINT('',(-0.00184932034563395,-0.0142141064151904,-0.008555));
#7997=CARTESIAN_POINT('',(-0.00189237917922857,-0.0152131789535225,-0.008555));
#7998=CARTESIAN_POINT('',(-0.00189237917922858,-0.0152131789535225,-0.007555));
#7999=CARTESIAN_POINT('',(-0.00155818955515895,-0.0142266538046743,-0.008555));
#8000=CARTESIAN_POINT('',(-0.00160124838875448,-0.0152257263430139,-0.00855500000000286));
#8001=CARTESIAN_POINT('',(-0.00160124838875358,-0.0152257263430066,-0.007555));
#8002=CARTESIAN_POINT('',(-0.00112180716565615,-0.0142438588281547,-0.008555));
#8003=CARTESIAN_POINT('',(-0.00117589427267305,-0.0152421405228905,-0.00855499999999935));
#8004=CARTESIAN_POINT('',(-0.00117589427267326,-0.0152421405228922,-0.007555));
#8005=CARTESIAN_POINT('',(-0.000538707438244593,-0.014273231457285,-0.008555));
#8006=CARTESIAN_POINT('',(-0.00056564141720323,-0.0152735240042147,-0.00855500000000012));
#8007=CARTESIAN_POINT('',(-0.000565641417203192,-0.0152735240042144,-0.007555));
#8008=CARTESIAN_POINT('',(3.95868465582737E-5,-0.0142605569358875,-0.00855500000000001));
#8009=CARTESIAN_POINT('',(0.000127903127307647,-0.0152595058756628,-0.00855499999999994));
#8010=CARTESIAN_POINT('',(0.000127903127307624,-0.015259505875663,-0.00755500000000001));
#8011=CARTESIAN_POINT('',(0.000749860164048447,-0.0141703072005564,-0.00855499999999999));
#8012=CARTESIAN_POINT('',(0.000944500572859709,-0.015153927127748,-0.00855500000000001));
#8013=CARTESIAN_POINT('',(0.000944500572859725,-0.015153927127748,-0.00755499999999999));
#8014=CARTESIAN_POINT('',(0.00187509746651595,-0.0138605265729323,-0.008555));
#8015=CARTESIAN_POINT('',(0.00225333685715282,-0.0147949709688333,-0.00855500000000001));
#8016=CARTESIAN_POINT('',(0.00225333685715278,-0.0147949709688333,-0.007555));
#8017=CARTESIAN_POINT('',(0.00289759876664159,-0.0133425346366125,-0.008555));
#8018=CARTESIAN_POINT('',(0.00341840172828663,-0.0141992375088443,-0.00855499999999986));
#8019=CARTESIAN_POINT('',(0.00341840172828687,-0.0141992375088448,-0.007555));
#8020=CARTESIAN_POINT('',(0.00383214661802932,-0.0126752271857114,-0.008555));
#8021=CARTESIAN_POINT('',(0.00444495403626093,-0.0134681682677078,-0.00855500000000024));
#8022=CARTESIAN_POINT('',(0.00444495403626051,-0.0134681682677069,-0.007555));
#8023=CARTESIAN_POINT('',(0.00427212995017207,-0.0122956256002743,-0.008555));
#8024=CARTESIAN_POINT('',(0.00494874702273767,-0.0130319606714944,-0.00855499999999946));
#8025=CARTESIAN_POINT('',(0.00494874702273859,-0.0130319606714964,-0.007555));
#8026=CARTESIAN_POINT('',(0.00448520094408856,-0.0120998350182595,-0.008555));
#8027=CARTESIAN_POINT('',(0.00516181801665503,-0.0128361700894815,-0.008555));
#8028=CARTESIAN_POINT('',(0.00516181801665503,-0.0128361700894815,-0.007555));
#8029=CARTESIAN_POINT('',(-0.00176432663292452,-0.0142177695427329,-0.008555));
#8030=CARTESIAN_POINT('',(-0.0017868723817856,-0.0144773023693902,-0.00855499999999999));
#8031=CARTESIAN_POINT('',(-0.00183217406129774,-0.0149987875060662,-0.00833795436813381));
#8032=CARTESIAN_POINT('',(-0.0018509534541017,-0.0152149643528167,-0.00781925147660782));
#8033=CARTESIAN_POINT('',(-0.0018509534541017,-0.0152149643528167,-0.007555));
#8034=CARTESIAN_POINT('',(-0.0112429299587144,-0.00360463864345535,-0.008555));
#8035=CARTESIAN_POINT('',(-0.0121612750561843,-0.00400041924170773,-0.008555));
#8036=CARTESIAN_POINT('',(-0.0121612750561843,-0.00400041924170773,-0.007555));
#8037=CARTESIAN_POINT('',(-0.0107483611742706,-0.00475220580708492,-0.008555));
#8038=CARTESIAN_POINT('',(-0.0116667062717432,-0.00514798640533661,-0.008555));
#8039=CARTESIAN_POINT('',(-0.01166670627174,-0.00514798640533711,-0.007555));
#8040=CARTESIAN_POINT('',(-0.00969544088379969,-0.00702991486963283,-0.008555));
#8041=CARTESIAN_POINT('',(-0.0105787790493095,-0.00750363808410672,-0.008555));
#8042=CARTESIAN_POINT('',(-0.010578779049311,-0.00750363808410648,-0.007555));
#8043=CARTESIAN_POINT('',(-0.00808011869489613,-0.00967878387309658,-0.008555));
#8044=CARTESIAN_POINT('',(-0.00890911676680082,-0.0102448336105775,-0.008555));
#8045=CARTESIAN_POINT('',(-0.00890911676680063,-0.0102448336105776,-0.007555));
#8046=CARTESIAN_POINT('',(-0.00646872446837519,-0.0116148839470474,-0.008555));
#8047=CARTESIAN_POINT('',(-0.00719829081982109,-0.0123033405262407,-0.00855500000000001));
#8048=CARTESIAN_POINT('',(-0.00719829081982112,-0.0123033405262407,-0.007555));
#8049=CARTESIAN_POINT('',(-0.00509140654268219,-0.0128669871141508,-0.00855500000000001));
#8050=CARTESIAN_POINT('',(-0.00570114030322124,-0.0136677223065578,-0.00855499999999997));
#8051=CARTESIAN_POINT('',(-0.00570114030322123,-0.0136677223065579,-0.007555));
#8052=CARTESIAN_POINT('',(-0.00372701741595606,-0.0136811509971927,-0.008555));
#8053=CARTESIAN_POINT('',(-0.00416655441726426,-0.0145879350115231,-0.0085550000000001));
#8054=CARTESIAN_POINT('',(-0.00416655441726424,-0.014587935011523,-0.007555));
#8055=CARTESIAN_POINT('',(-0.00269743445455046,-0.0140350836091408,-0.008555));
#8056=CARTESIAN_POINT('',(-0.00297752711020762,-0.0149970983875325,-0.00855499999999985));
#8057=CARTESIAN_POINT('',(-0.00297752711020764,-0.0149970983875328,-0.007555));
#8058=CARTESIAN_POINT('',(-0.00209524269753204,-0.0141723581856979,-0.008555));
#8059=CARTESIAN_POINT('',(-0.0022798140656212,-0.0151563723337752,-0.00855500000000026));
#8060=CARTESIAN_POINT('',(-0.00227981406562116,-0.0151563723337748,-0.007555));
#8061=CARTESIAN_POINT('',(-0.00178747992562596,-0.0142147370375945,-0.008555));
#8062=CARTESIAN_POINT('',(-0.00191734588410118,-0.0152062685967627,-0.00855499999999943));
#8063=CARTESIAN_POINT('',(-0.00191734588410127,-0.0152062685967637,-0.007555));
#8064=CARTESIAN_POINT('',(-0.00163337639544803,-0.0142349207649459,-0.008555));
#8065=CARTESIAN_POINT('',(-0.00176324235392331,-0.0152264523241155,-0.008555));
#8066=CARTESIAN_POINT('',(-0.00176324235392331,-0.0152264523241155,-0.007555));
#8067=CARTESIAN_POINT('',(-0.0116260883442475,-0.00119063404178567,0.001745));
#8068=CARTESIAN_POINT('',(-0.0111260883442475,-0.00119063404178567,-0.000655));
#8069=CARTESIAN_POINT('',(-0.0111260883442475,-0.00119063404178567,-0.000655));
#8070=CARTESIAN_POINT('',(-0.0111260883442475,-0.00119063404178567,-0.007555));
#8071=CARTESIAN_POINT('',(-0.0111260883442475,-0.00119063404178567,-0.001755));
#8072=CARTESIAN_POINT('',(-0.0116260883442475,-0.00119063404178567,-0.001755));
#8073=CARTESIAN_POINT('',(0.0101971116557524,-0.00108171815572034,0.001745));
#8074=CARTESIAN_POINT('',(0.00969711165575245,-0.00108171815572034,-0.007555));
#8075=CARTESIAN_POINT('',(0.00969711165575245,-0.00108171815572034,-0.000655));
#8076=CARTESIAN_POINT('',(0.00969711165575245,-0.00108171815572034,-0.001755));
#8077=CARTESIAN_POINT('',(0.0106971116557524,-0.00108171815572034,-0.000655));
#8078=CARTESIAN_POINT('',(0.0101971116557524,-0.00108171815572034,-0.001755));
#8079=CARTESIAN_POINT('',(-0.0109760883442475,-0.00384480374721817,-0.000455));
#8080=CARTESIAN_POINT('',(0.00969711165575245,-0.00128171815572034,-0.000455));
#8081=CARTESIAN_POINT('',(0.00969711165575245,-0.00128171815572034,-0.000455));
#8082=CARTESIAN_POINT('',(0.00969711165575245,-0.000979718155720336,-0.000455));
#8083=CARTESIAN_POINT('',(0.00969711165575245,-0.00386423256422251,-0.000455));
#8084=CARTESIAN_POINT('',(0.00445486429735454,-0.0121277109811655,-0.000455));
#8085=CARTESIAN_POINT('',(0.0071381620403451,-0.00968610585833258,-0.000455));
#8086=CARTESIAN_POINT('',(0.00888790142888179,-0.00693557590091893,-0.000455));
#8087=CARTESIAN_POINT('',(0.00969216164883071,-0.00388302022936917,-0.000455));
#8088=CARTESIAN_POINT('',(0.00969381165113795,-0.00387675767432028,-0.000455));
#8089=CARTESIAN_POINT('',(0.0096954616534452,-0.00387049511927139,-0.000455));
#8090=CARTESIAN_POINT('',(0.00969711165575245,-0.00386423256422251,-0.000455));
#8091=CARTESIAN_POINT('',(0.00445486429735454,-0.0121277109811655,-0.000455));
#8092=CARTESIAN_POINT('',(0.00445486429740052,-0.012127710981137,-0.000455));
#8093=CARTESIAN_POINT('',(0.00396986905529716,-0.0125735567869746,-0.000455));
#8094=CARTESIAN_POINT('',(0.00298170397176982,-0.0133276460562853,-0.000455));
#8095=CARTESIAN_POINT('',(0.00169984078162188,-0.0139224948056275,-0.000455));
#8096=CARTESIAN_POINT('',(0.000647570273809813,-0.0141871403295141,-0.000455));
#8097=CARTESIAN_POINT('',(-2.04222513962241E-5,-0.0142634944701065,-0.000455));
#8098=CARTESIAN_POINT('',(-0.000492954546396631,-0.0142714135005869,-0.000455));
#8099=CARTESIAN_POINT('',(-0.00076437207914391,-0.0142610756012626,-0.000455));
#8100=CARTESIAN_POINT('',(-0.00115996116817987,-0.0142435554588016,-0.000455));
#8101=CARTESIAN_POINT('',(-0.00149262322416946,-0.0142294796352598,-0.000455));
#8102=CARTESIAN_POINT('',(-0.00175779143478739,-0.0142180512019701,-0.000455));
#8103=CARTESIAN_POINT('',(-0.00175996983416647,-0.0142179573155577,-0.000455));
#8104=CARTESIAN_POINT('',(-0.00176214823354555,-0.0142178634291453,-0.000455));
#8105=CARTESIAN_POINT('',(-0.00176432663292463,-0.0142177695427329,-0.000455));
#8106=CARTESIAN_POINT('',(0.00438551165578341,-0.0121909404044717,-0.000455));
#8107=CARTESIAN_POINT('',(0.00438551165575245,-0.0136459450919627,-0.000455));
#8108=CARTESIAN_POINT('',(-0.0109760883442475,-0.00384480374721817,-0.000455));
#8109=CARTESIAN_POINT('',(-0.00581448834424755,-0.00384480374721817,-0.000455));
#8110=CARTESIAN_POINT('',(-0.00581448834382629,-0.0121909903419078,-0.000455));
#8111=CARTESIAN_POINT('',(-0.0111260883442475,-0.00387575078058362,-0.000455));
#8112=CARTESIAN_POINT('',(-0.011122005599121,-0.00388522413270775,-0.000455));
#8113=CARTESIAN_POINT('',(-0.0111179228539945,-0.00389469748483189,-0.000455));
#8114=CARTESIAN_POINT('',(-0.011113840108868,-0.00390417083695602,-0.000455));
#8115=CARTESIAN_POINT('',(-0.00973706028878696,-0.00709876653884271,-0.000455));
#8116=CARTESIAN_POINT('',(-0.00754596947466672,-0.0107851629286627,-0.000455));
#8117=CARTESIAN_POINT('',(-0.00434492190946146,-0.0134936227953503,-0.000455));
#8118=CARTESIAN_POINT('',(-0.00264349586477205,-0.0141026202528283,-0.000455));
#8119=CARTESIAN_POINT('',(-0.00177081250351951,-0.0142169200550958,-0.000455));
#8120=CARTESIAN_POINT('',(-0.00176865054665455,-0.0142172032176415,-0.000455));
#8121=CARTESIAN_POINT('',(-0.00176648858978959,-0.0142174863801872,-0.000455));
#8122=CARTESIAN_POINT('',(-0.00176432663292464,-0.0142177695427329,-0.000455));
#8123=CARTESIAN_POINT('',(-0.0111260883442475,-0.00387575078058362,-0.000455));
#8124=CARTESIAN_POINT('',(-0.0111260883442475,-0.000979718155720336,-0.000455));
#8125=CARTESIAN_POINT('',(-0.0111260883442475,-0.00139063404178567,-0.000455));
#8126=CARTESIAN_POINT('',(-0.0121260883442475,-0.00139063404178567,-0.000455));
#8127=CARTESIAN_POINT('',(-0.0109760883442475,-0.00384480374721817,-0.000455));
#8128=CARTESIAN_POINT('',(-0.0111256080995861,0.00570079625278184,-0.000455));
#8129=CARTESIAN_POINT('',(-0.00581448834424754,0.0157068437279296,-0.000455));
#8130=CARTESIAN_POINT('',(-0.0113760883442475,0.00550079625278184,-0.002755));
#8131=CARTESIAN_POINT('',(-0.0121256501851821,0.00550079625278184,-0.000655));
#8132=CARTESIAN_POINT('',(-0.0113760883442475,0.00550079625278184,-0.001755));
#8133=CARTESIAN_POINT('',(-0.000605432709684783,0.00636088110549808,-0.002105));
#8134=CARTESIAN_POINT('',(-0.000605432709684783,-0.000840634041785675,-0.002105));
#8135=CARTESIAN_POINT('',(-0.0111260883442475,-0.000840634041785675,-0.002105));
#8136=CARTESIAN_POINT('',(-0.0111260883442475,-0.000979718155720336,-0.002105));
#8137=CARTESIAN_POINT('',(-0.0111260883442475,0.00515079625278184,-0.002105));
#8138=CARTESIAN_POINT('',(-0.000605432709684783,0.00515079625278184,-0.002105));
#8139=CARTESIAN_POINT('',(0.00984906464392153,0.00550079625278184,-0.002755));
#8140=CARTESIAN_POINT('',(0.00984906464392153,0.00550079625278184,-0.000655));
#8141=CARTESIAN_POINT('',(0.010696673496687,0.00550079625278184,-0.001755));
#8142=CARTESIAN_POINT('',(-0.0109760883442475,-0.00384480374721817,-0.000455));
#8143=CARTESIAN_POINT('',(-0.0109760883442475,0.00570079625278184,-0.000455));
#8144=CARTESIAN_POINT('',(0.00438551165575245,-0.00384480374721817,-0.000455));
#8145=CARTESIAN_POINT('',(0.00418551165575246,0.0158123962527819,0.001145));
#8146=CARTESIAN_POINT('',(0.00418551165575246,0.0144744076483313,3.77431065225646E-5));
#8147=CARTESIAN_POINT('',(0.00418551165575246,0.0145389763074078,0.000307015388196025));
#8148=CARTESIAN_POINT('',(0.00418551165575246,0.0146043392559779,0.000576096537630978));
#8149=CARTESIAN_POINT('',(0.00418551165575246,0.014670427048079,0.000844999999999999));
#8150=CARTESIAN_POINT('',(0.00418551165575246,0.0144744100258347,3.77425364222628E-5));
#8151=CARTESIAN_POINT('',(0.00418551165575246,0.014670427048079,0.000845));
#8152=CARTESIAN_POINT('',(0.00418551165575246,0.0144744416549796,3.77358156557626E-5));
#8153=CARTESIAN_POINT('',(0.00418551165575246,0.0144641810940973,-1.05522446592127E-5));
#8154=CARTESIAN_POINT('',(0.00418551165575246,0.0144928707846073,-6.36749679420956E-5));
#8155=CARTESIAN_POINT('',(0.00418551165575246,0.0145394505109927,-8.04238724358494E-5));
#8156=CARTESIAN_POINT('',(0.00418551165575246,0.0145394505109927,-8.04238724358511E-5));
#8157=CARTESIAN_POINT('',(0.00418551165575245,0.0145872762402417,-9.76405686853345E-5));
#8158=CARTESIAN_POINT('',(0.00418551165575245,0.0145713364105427,-9.18959127455959E-5));
#8159=CARTESIAN_POINT('',(0.00418551165575245,0.014555394526898,-8.61569417423267E-5));
#8160=CARTESIAN_POINT('',(0.00418551165575245,0.0145394505109927,-8.04238724358485E-5));
#8161=CARTESIAN_POINT('',(0.00418551165575246,0.0158123962527819,-0.000255));
#8162=CARTESIAN_POINT('',(0.00418551165575246,0.0147197214277851,0.000845));
#8163=CARTESIAN_POINT('',(-0.00561448834424754,0.0158123962527819,0.001145));
#8164=CARTESIAN_POINT('',(-0.00561448834424754,0.0145872762402417,-0.000255));
#8165=CARTESIAN_POINT('',(-0.00561448834424754,0.0145872762402417,-9.93897997510706E-5));
#8166=CARTESIAN_POINT('',(-0.00561448834424754,0.014549551476169,-8.5860754192616E-5));
#8167=CARTESIAN_POINT('',(-0.00561448834424754,0.0145118224745637,-7.23435354645988E-5));
#8168=CARTESIAN_POINT('',(-0.00561448834424754,0.0144740902326093,-5.88353604566588E-5));
#8169=CARTESIAN_POINT('',(-0.00561448834424755,0.0144740902326093,-5.88353604566606E-5));
#8170=CARTESIAN_POINT('',(-0.00561448834424754,0.0144740902326093,-5.88353604566588E-5));
#8171=CARTESIAN_POINT('',(-0.00561448834424754,0.0144739879328035,-5.87987370383713E-5));
#8172=CARTESIAN_POINT('',(-0.00561448834424754,0.0144738856329741,-5.87621136861783E-5));
#8173=CARTESIAN_POINT('',(-0.00561448834424754,0.0144737833331209,-5.87254904000165E-5));
#8174=CARTESIAN_POINT('',(-0.00561448834424754,0.0144737833331209,-5.87254904000161E-5));
#8175=CARTESIAN_POINT('',(-0.00561448834424754,0.0144737833331209,0.001045));
#8176=CARTESIAN_POINT('',(-0.00561448834424754,0.0144737833331209,0.000260824622590864));
#8177=CARTESIAN_POINT('',(-0.00561448834424754,0.0144737833331209,0.000260824622590864));
#8178=CARTESIAN_POINT('',(-0.00561448834424754,0.0145679712667068,0.00045558109906892));
#8179=CARTESIAN_POINT('',(-0.00561448834424754,0.0146622260696502,0.000650305228431299));
#8180=CARTESIAN_POINT('',(-0.00561448834424754,0.0147565414862336,0.000844999999999999));
#8181=CARTESIAN_POINT('',(-0.00561448834424754,0.0147565414862336,0.000845));
#8182=CARTESIAN_POINT('',(-0.00561448834424754,0.0158123962527819,0.000845));
#8183=CARTESIAN_POINT('',(-0.000714488344247546,-0.00186975629636919,0.001045));
#8184=CARTESIAN_POINT('',(-0.00541448834424754,-0.00186975629636919,0.001045));
#8185=CARTESIAN_POINT('',(-0.00541448491467809,0.0147658907735028,0.001045));
#8186=CARTESIAN_POINT('',(-0.00541448491467809,0.0147658907735028,0.001045));
#8187=CARTESIAN_POINT('',(-0.00395505198100615,0.0154983264972271,0.001045));
#8188=CARTESIAN_POINT('',(-0.000712063903842066,0.0162598842159202,0.001045));
#8189=CARTESIAN_POINT('',(0.00252607529251097,0.0154983264972264,0.001045));
#8190=CARTESIAN_POINT('',(0.0039855082261828,0.0147658907735021,0.001045));
#8191=CARTESIAN_POINT('',(0.003985508226183,0.0147658907735028,0.001045));
#8192=CARTESIAN_POINT('',(0.00398551165575245,0.0157068437279296,0.001045));
#8193=CARTESIAN_POINT('',(0.00418551165575246,-0.0152635674174359,0.001145));
#8194=CARTESIAN_POINT('',(0.00418551165575246,-0.0123674380009759,-0.000255));
#8195=CARTESIAN_POINT('',(0.00418551165575246,-0.0127992086094614,-0.000255));
#8196=CARTESIAN_POINT('',(0.00418551165575246,-0.0125014943068625,-0.000321441970160836));
#8197=CARTESIAN_POINT('',(0.00418551165575246,-0.0126012685696433,-0.000301696904501528));
#8198=CARTESIAN_POINT('',(0.00418551165575246,-0.0127011666018712,-0.000281959881928329));
#8199=CARTESIAN_POINT('',(0.00418551165575246,-0.0127992086094649,-0.000255));
#8200=CARTESIAN_POINT('',(0.00418551165575246,-0.0125014943068625,-0.000321441970160836));
#8201=CARTESIAN_POINT('',(0.00418551165575245,-0.0130313285157174,0.000845000000002019));
#8202=CARTESIAN_POINT('',(0.00418551165575245,-0.0128536144444974,0.00045668891835414));
#8203=CARTESIAN_POINT('',(0.00418551165575245,-0.0126768902206649,6.79066742537255E-5));
#8204=CARTESIAN_POINT('',(0.00418551165575245,-0.0125014943068625,-0.00032144197016084));
#8205=CARTESIAN_POINT('',(0.00418551165575246,-0.0130313285157226,0.000844999999999616));
#8206=CARTESIAN_POINT('',(0.00418551165575246,-0.0152635674174359,0.000845));
#8207=CARTESIAN_POINT('',(-0.000714488344247553,-0.0101226427865781,0.001045));
#8208=CARTESIAN_POINT('',(-0.00177933094120757,-0.0143140963947635,0.00104499999999999));
#8209=CARTESIAN_POINT('',(-0.00306444603078329,-0.0141373836465916,0.00104499999999999));
#8210=CARTESIAN_POINT('',(-0.00426537002863957,-0.0135590874227847,0.001045));
#8211=CARTESIAN_POINT('',(-0.00528792797595972,-0.0127621967447203,0.001045));
#8212=CARTESIAN_POINT('',(-0.00177933094120757,-0.0143140963947635,0.00104499999999999));
#8213=CARTESIAN_POINT('',(-0.00528792797595972,-0.0127621967447203,0.001045));
#8214=CARTESIAN_POINT('',(-0.00528792797595972,-0.0127621967447203,0.001045));
#8215=CARTESIAN_POINT('',(-0.00536963818400023,-0.0128258582735346,0.001045));
#8216=CARTESIAN_POINT('',(-0.00541448834424823,-0.0129279697825938,0.001045));
#8217=CARTESIAN_POINT('',(-0.00541448834424755,-0.0130313827052317,0.001045));
#8218=CARTESIAN_POINT('',(-0.00541448834424755,-0.0130313827052317,0.001045));
#8219=CARTESIAN_POINT('',(-0.00541448834424755,-0.0136459867260604,0.001045));
#8220=CARTESIAN_POINT('',(0.00398551165575245,-0.0101226427865781,0.001045));
#8221=CARTESIAN_POINT('',(0.00398551165575267,-0.0130313285157168,0.001045));
#8222=CARTESIAN_POINT('',(0.00398551165575245,-0.0130313285157168,0.001045));
#8223=CARTESIAN_POINT('',(0.00398551165575256,-0.0129281534002123,0.001045));
#8224=CARTESIAN_POINT('',(0.00394046795643025,-0.0128256820319999,0.001045));
#8225=CARTESIAN_POINT('',(0.00385898646689554,-0.01276218377797,0.001045));
#8226=CARTESIAN_POINT('',(0.00385898646689554,-0.01276218377797,0.001045));
#8227=CARTESIAN_POINT('',(0.00385898646689554,-0.01276218377797,0.001045));
#8228=CARTESIAN_POINT('',(0.00307470278219314,-0.01337342486979,0.001045));
#8229=CARTESIAN_POINT('',(0.00173396044258693,-0.0141237174406903,0.00104499999999999));
#8230=CARTESIAN_POINT('',(-0.000279683896522157,-0.0144257542964593,0.00104500000000001));
#8231=CARTESIAN_POINT('',(-0.00127896333200144,-0.014335661641324,0.001045));
#8232=CARTESIAN_POINT('',(-0.00177933094120757,-0.0143140963947635,0.001045));
#8233=CARTESIAN_POINT('',(-0.000714488344247546,0.00540079625278184,-0.000757));
#8234=CARTESIAN_POINT('',(-0.00561448834424754,0.0144737833331209,-5.87254904000161E-5));
#8235=CARTESIAN_POINT('',(-0.00566966440168514,0.0144439846924913,-5.86219344765179E-5));
#8236=CARTESIAN_POINT('',(-0.00571179972338454,0.0144205870920628,1.18780194472202E-5));
#8237=CARTESIAN_POINT('',(-0.00568941243019963,0.0144329180909223,6.92558096830675E-5));
#8238=CARTESIAN_POINT('',(-0.00568941243019962,0.0144329180909223,6.92558096830669E-5));
#8239=CARTESIAN_POINT('',(-0.00568941243019962,0.0144329180909223,6.92558096830682E-5));
#8240=CARTESIAN_POINT('',(-0.00566449685909288,0.0144466416740444,0.000133113481120234));
#8241=CARTESIAN_POINT('',(-0.005639522351554,0.0144602633496011,0.000196969840856579));
#8242=CARTESIAN_POINT('',(-0.00561448834424755,0.0144737833331209,0.000260824622590866));
#8243=CARTESIAN_POINT('',(-0.00561448834424755,-0.0152635674174359,0.001145));
#8244=CARTESIAN_POINT('',(-0.00561448834424755,-0.0123184165923163,0.000845));
#8245=CARTESIAN_POINT('',(-0.00561448834424755,-0.0130313827052291,0.000845));
#8246=CARTESIAN_POINT('',(-0.00561448834424755,-0.0130313827052291,0.000845000000000004));
#8247=CARTESIAN_POINT('',(-0.00561448834424755,-0.012853573458099,0.000456560401579814));
#8248=CARTESIAN_POINT('',(-0.00561448834424755,-0.0126766706696514,6.77023257252947E-5));
#8249=CARTESIAN_POINT('',(-0.00561448834424755,-0.0124999523637235,-0.000321209727543338));
#8250=CARTESIAN_POINT('',(-0.00561448834424754,-0.0124999523637235,-0.000321209727543344));
#8251=CARTESIAN_POINT('',(-0.00561448834424754,-0.0124999523637235,-0.000321209727543344));
#8252=CARTESIAN_POINT('',(-0.00561448834424754,-0.012599837423952,-0.000301535360035334));
#8253=CARTESIAN_POINT('',(-0.00561448834424755,-0.0126998449308704,-0.000281867450691909));
#8254=CARTESIAN_POINT('',(-0.00561448834424755,-0.0127980110110831,-0.000255000000000007));
#8255=CARTESIAN_POINT('',(-0.00561448834424755,-0.0127980110110831,-0.000255));
#8256=CARTESIAN_POINT('',(-0.00561448834424755,-0.0152635674174359,-0.000255));
#8257=CARTESIAN_POINT('',(-0.00071448834424755,0.000771681531292322,-0.007405));
#8258=CARTESIAN_POINT('',(0.00121066059257867,0.0146133999751452,-0.007405));
#8259=CARTESIAN_POINT('',(0.00142726426672907,0.0142891302486395,-0.007405));
#8260=CARTESIAN_POINT('',(0.00169251238121424,0.0135485274728269,-0.007405));
#8261=CARTESIAN_POINT('',(0.00164066595782726,0.0123747971776823,-0.007405));
#8262=CARTESIAN_POINT('',(0.0010572983967851,0.0113116516739236,-0.007405));
#8263=CARTESIAN_POINT('',(-0.000125656529539127,0.0108639414242965,-0.007405));
#8264=CARTESIAN_POINT('',(-0.00122176747237949,0.0114940426483732,-0.007405));
#8265=CARTESIAN_POINT('',(-0.0016896162671151,0.0126042368132316,-0.007405));
#8266=CARTESIAN_POINT('',(-0.00164735415553715,0.0137883555220802,-0.007405));
#8267=CARTESIAN_POINT('',(-0.00131835646994349,0.0145069615249435,-0.007405));
#8268=CARTESIAN_POINT('',(-0.00106626500421061,0.0148058224297967,-0.007405));
#8269=CARTESIAN_POINT('',(-0.00106626500421346,0.0148058224297982,-0.007405));
#8270=CARTESIAN_POINT('',(-0.000714488344247546,0.00540079625278184,-0.007405));
#8271=CARTESIAN_POINT('',(-0.0101260883442475,0.00540079625278184,-0.007405));
#8272=CARTESIAN_POINT('',(-0.0101260883442475,-0.00387575078058362,-0.007405));
#8273=CARTESIAN_POINT('',(-0.0101260883442475,-0.0036686329836965,-0.007405));
#8274=CARTESIAN_POINT('',(-0.0101260883442475,-0.0036686329836965,-0.007405));
#8275=CARTESIAN_POINT('',(-0.00968491567057389,-0.00468208836562782,-0.007405));
#8276=CARTESIAN_POINT('',(-0.00873087925313833,-0.00668280757658499,-0.007405));
#8277=CARTESIAN_POINT('',(-0.00701089455920689,-0.00948932786479624,-0.007405));
#8278=CARTESIAN_POINT('',(-0.00480549959124052,-0.012006920919261,-0.007405));
#8279=CARTESIAN_POINT('',(-0.00278632419691727,-0.0130673019712096,-0.007405));
#8280=CARTESIAN_POINT('',(-0.00167627753200957,-0.0132206346334078,-0.007405));
#8281=CARTESIAN_POINT('',(-0.00167627753200964,-0.0132206346334082,-0.007405));
#8282=CARTESIAN_POINT('',(-0.00167627753200964,-0.0132206346334082,-0.007405));
#8283=CARTESIAN_POINT('',(-0.00118188568157429,-0.0132419073123333,-0.007405));
#8284=CARTESIAN_POINT('',(-0.000193025409762599,-0.0133338904542718,-0.00740499999999999));
#8285=CARTESIAN_POINT('',(0.00127843268472217,-0.013041284836182,-0.00740500000000001));
#8286=CARTESIAN_POINT('',(0.00262362428886212,-0.0123562625033807,-0.00740499999999999));
#8287=CARTESIAN_POINT('',(0.00341043920293372,-0.0117294939689728,-0.007405));
#8288=CARTESIAN_POINT('',(0.00377996982168964,-0.0113897923344034,-0.007405));
#8289=CARTESIAN_POINT('',(0.00377996982168963,-0.0113897923344034,-0.007405));
#8290=CARTESIAN_POINT('',(0.00377996982168963,-0.0113897923344034,-0.007405));
#8291=CARTESIAN_POINT('',(0.00491995041553242,-0.0103524931881839,-0.007405));
#8292=CARTESIAN_POINT('',(0.00697426822786399,-0.00805323974580642,-0.007405));
#8293=CARTESIAN_POINT('',(0.00829219374567668,-0.00522318928417142,-0.007405));
#8294=CARTESIAN_POINT('',(0.00869711165575245,-0.00373306533574782,-0.007405));
#8295=CARTESIAN_POINT('',(0.00869711165575245,-0.00373306533574782,-0.007405));
#8296=CARTESIAN_POINT('',(0.00869711165575245,0.000771681531292322,-0.007405));
#8297=CARTESIAN_POINT('',(-0.0102398233445161,-0.00340553348529618,-0.007405));
#8298=CARTESIAN_POINT('',(-0.0111581684419862,-0.00380131408354807,-0.007405));
#8299=CARTESIAN_POINT('',(-0.0111581684419862,-0.00380131408354807,-0.006405));
#8300=CARTESIAN_POINT('',(-0.00978891974852732,-0.00445178261584637,-0.007405));
#8301=CARTESIAN_POINT('',(-0.0107072648459956,-0.00484756321409856,-0.007405));
#8302=CARTESIAN_POINT('',(-0.0107072648459958,-0.00484756321409756,-0.006405));
#8303=CARTESIAN_POINT('',(-0.00881931066050822,-0.00652282994501217,-0.00740499999999999));
#8304=CARTESIAN_POINT('',(-0.00970199519704112,-0.00699759195538657,-0.00740499999999999));
#8305=CARTESIAN_POINT('',(-0.00970199519704102,-0.00699759195538705,-0.00640499999999999));
#8306=CARTESIAN_POINT('',(-0.00735705378398865,-0.0089464389883586,-0.007405));
#8307=CARTESIAN_POINT('',(-0.00819020541011746,-0.00950523453183836,-0.00740500000000001));
#8308=CARTESIAN_POINT('',(-0.00819020541011747,-0.00950523453183829,-0.006405));
#8309=CARTESIAN_POINT('',(-0.00592133464142557,-0.0107281182424773,-0.007405));
#8310=CARTESIAN_POINT('',(-0.00666442081471713,-0.0114013143658269,-0.00740499999999999));
#8311=CARTESIAN_POINT('',(-0.00666442081471713,-0.011401314365827,-0.006405));
#8312=CARTESIAN_POINT('',(-0.00488846935984042,-0.011713942148517,-0.00740500000000001));
#8313=CARTESIAN_POINT('',(-0.00553935348608462,-0.0124780877650619,-0.00740500000000003));
#8314=CARTESIAN_POINT('',(-0.00553935348608461,-0.0124780877650618,-0.006405));
#8315=CARTESIAN_POINT('',(-0.00395739671899276,-0.0123769754479417,-0.007405));
#8316=CARTESIAN_POINT('',(-0.00449229060068502,-0.0132245412979692,-0.00740499999999995));
#8317=CARTESIAN_POINT('',(-0.00449229060068504,-0.0132245412979694,-0.006405));
#8318=CARTESIAN_POINT('',(-0.00319889880655036,-0.0127910943963513,-0.007405));
#8319=CARTESIAN_POINT('',(-0.00362068565513455,-0.0137017841338433,-0.00740500000000019));
#8320=CARTESIAN_POINT('',(-0.0036206856551345,-0.0137017841338427,-0.006405));
#8321=CARTESIAN_POINT('',(-0.00253663556414282,-0.0130388708802367,-0.007405));
#8322=CARTESIAN_POINT('',(-0.00283716840240656,-0.0139946520482318,-0.00740499999999943));
#8323=CARTESIAN_POINT('',(-0.00283716840240673,-0.0139946520482334,-0.006405));
#8324=CARTESIAN_POINT('',(-0.00198276510991041,-0.0131756894272983,-0.007405));
#8325=CARTESIAN_POINT('',(-0.00218497587277424,-0.0141567539959022,-0.007405000000001));
#8326=CARTESIAN_POINT('',(-0.00218497587277395,-0.0141567539958993,-0.006405));
#8327=CARTESIAN_POINT('',(-0.00169626559484687,-0.0132181430771006,-0.007405));
#8328=CARTESIAN_POINT('',(-0.0018261315533246,-0.0142096746362635,-0.00740499999999778));
#8329=CARTESIAN_POINT('',(-0.00182613155332525,-0.01420967463627,-0.006405));
#8330=CARTESIAN_POINT('',(-0.00155281013740526,-0.0132369321719181,-0.007405));
#8331=CARTESIAN_POINT('',(-0.00168267609588361,-0.0142284637310873,-0.007405));
#8332=CARTESIAN_POINT('',(-0.00168267609588361,-0.0142284637310873,-0.006405));
#8333=CARTESIAN_POINT('',(-0.0101260883442475,-0.00366863298369649,-0.007405));
#8334=CARTESIAN_POINT('',(-0.0103837124102154,-0.00372227280206728,-0.007405));
#8335=CARTESIAN_POINT('',(-0.0109034615091723,-0.00382993029884878,-0.00719366329366199));
#8336=CARTESIAN_POINT('',(-0.0111260883442475,-0.00387575078058362,-0.006672066626831));
#8337=CARTESIAN_POINT('',(-0.0111260883442475,-0.00387575078058362,-0.006405));
#8338=CARTESIAN_POINT('',(-0.0111260883442475,-0.00387575078058362,-0.006405));
#8339=CARTESIAN_POINT('',(-0.00176432663292464,-0.0142177695427329,-0.006405));
#8340=CARTESIAN_POINT('',(-0.00298397626721392,-0.0140580257934795,-0.006405));
#8341=CARTESIAN_POINT('',(-0.00522109319754224,-0.0129867147450738,-0.006405));
#8342=CARTESIAN_POINT('',(-0.00770573182278145,-0.0102619330018142,-0.006405));
#8343=CARTESIAN_POINT('',(-0.00960454855010315,-0.00718952925351951,-0.00640499999999999));
#8344=CARTESIAN_POINT('',(-0.0106459098397878,-0.00498992761853069,-0.006405));
#8345=CARTESIAN_POINT('',(-0.0111260883442475,-0.00387575078058362,-0.006405));
#8346=CARTESIAN_POINT('',(-0.00176432663292464,-0.0142177695427329,-0.006405));
#8347=CARTESIAN_POINT('',(-0.00176432663292462,-0.0142177695427329,-0.006405));
#8348=CARTESIAN_POINT('',(-0.00176432663292462,-0.0142177695427329,-0.00666925614320522));
#8349=CARTESIAN_POINT('',(-0.00174582003040497,-0.0140025519982157,-0.00718700160300367));
#8350=CARTESIAN_POINT('',(-0.00169971415218569,-0.0134800918715351,-0.00740500000000005));
#8351=CARTESIAN_POINT('',(-0.00167627753200966,-0.013220634633408,-0.007405));
#8352=CARTESIAN_POINT('',(-0.0101260883442475,0.000771681531292322,-0.006405));
#8353=CARTESIAN_POINT('',(-0.0101260883442475,0.00540079625278184,-0.006405));
#8354=CARTESIAN_POINT('',(-0.0111260883442475,0.00540079625278184,-0.006405));
#8355=CARTESIAN_POINT('',(0.00448349277196371,-0.0121013934336572,-0.006405));
#8356=CARTESIAN_POINT('',(0.00448349277196371,-0.0121013934336572,-0.007405));
#8357=CARTESIAN_POINT('',(0.00380672388079543,-0.0113651978971678,-0.007405));
#8358=CARTESIAN_POINT('',(0.00429547118991481,-0.012274237673118,-0.006405));
#8359=CARTESIAN_POINT('',(0.00429547118991642,-0.0122742376731227,-0.00740500000000157));
#8360=CARTESIAN_POINT('',(0.00361870229874654,-0.0115380421366287,-0.007405));
#8361=CARTESIAN_POINT('',(0.00384873041036494,-0.0126624655995781,-0.006405));
#8362=CARTESIAN_POINT('',(0.00384873041036421,-0.012662465599576,-0.00740499999999929));
#8363=CARTESIAN_POINT('',(0.00323338397787658,-0.0118716160229151,-0.007405));
#8364=CARTESIAN_POINT('',(0.00292512153106161,-0.0133253505883823,-0.006405));
#8365=CARTESIAN_POINT('',(0.00292512153106204,-0.0133253505883836,-0.00740500000000042));
#8366=CARTESIAN_POINT('',(0.00240143181487514,-0.0124704066488184,-0.007405));
#8367=CARTESIAN_POINT('',(0.00186910159870586,-0.0138690649054902,-0.006405));
#8368=CARTESIAN_POINT('',(0.00186910159870579,-0.01386906490549,-0.00740499999999994));
#8369=CARTESIAN_POINT('',(0.00149070073069508,-0.0129335704777084,-0.007405));
#8370=CARTESIAN_POINT('',(0.000683666879920226,-0.0141838157318086,-0.006405));
#8371=CARTESIAN_POINT('',(0.000683666879920239,-0.0141838157318086,-0.00740500000000001));
#8372=CARTESIAN_POINT('',(0.000500662969836639,-0.0131979127629687,-0.00740499999999999));
#8373=CARTESIAN_POINT('',(-4.31778521228977E-5,-0.0142700248549587,-0.006405));
#8374=CARTESIAN_POINT('',(-4.31778521228983E-5,-0.0142700248549587,-0.007405));
#8375=CARTESIAN_POINT('',(-0.000119691473148125,-0.0132695062095579,-0.007405));
#8376=CARTESIAN_POINT('',(-0.000673346992590696,-0.0142680685232178,-0.006405));
#8377=CARTESIAN_POINT('',(-0.000673346992590699,-0.0142680685232177,-0.007405));
#8378=CARTESIAN_POINT('',(-0.00062234344551523,-0.0132687184595229,-0.007405));
#8379=CARTESIAN_POINT('',(-0.00116610881286125,-0.0142414906793285,-0.006405));
#8380=CARTESIAN_POINT('',(-0.00116610881286123,-0.0142414906793287,-0.007405));
#8381=CARTESIAN_POINT('',(-0.00112693893843071,-0.0132426227059884,-0.007405));
#8382=CARTESIAN_POINT('',(-0.00154807600219391,-0.0142270896867331,-0.006405));
#8383=CARTESIAN_POINT('',(-0.00154807600219397,-0.0142270896867323,-0.007405));
#8384=CARTESIAN_POINT('',(-0.00150501716859678,-0.0132280171484008,-0.007405));
#8385=CARTESIAN_POINT('',(-0.00180020231360084,-0.0142162233437282,-0.006405));
#8386=CARTESIAN_POINT('',(-0.00180020231360084,-0.0142162233437282,-0.007405));
#8387=CARTESIAN_POINT('',(-0.00175714348000373,-0.0132171508053961,-0.007405));
#8388=CARTESIAN_POINT('',(0.00445486429881998,-0.0121277109798321,-0.006405));
#8389=CARTESIAN_POINT('',(0.00445486429881998,-0.0121277109798321,-0.006668994741285));
#8390=CARTESIAN_POINT('',(0.0043098111765548,-0.0119691120139704,-0.00718623293204318));
#8391=CARTESIAN_POINT('',(0.00395560875123692,-0.0115818335655121,-0.00740499999999999));
#8392=CARTESIAN_POINT('',(0.00377996982168977,-0.0113897923344033,-0.007405));
#8393=CARTESIAN_POINT('',(0.00445486429737752,-0.0121277109811513,-0.006405));
#8394=CARTESIAN_POINT('',(0.00445486429740052,-0.012127710981137,-0.006405));
#8395=CARTESIAN_POINT('',(0.00403525162391676,-0.0125134519829202,-0.006405));
#8396=CARTESIAN_POINT('',(0.0031349694420207,-0.0132258670253543,-0.006405));
#8397=CARTESIAN_POINT('',(0.00160077388970983,-0.0139938397100766,-0.00640500000000001));
#8398=CARTESIAN_POINT('',(-7.29681403511315E-5,-0.014338556044163,-0.006405));
#8399=CARTESIAN_POINT('',(-0.00120049713538349,-0.0142420699209139,-0.006405));
#8400=CARTESIAN_POINT('',(-0.00176432663292464,-0.0142177695427329,-0.006405));
#8401=CARTESIAN_POINT('',(0.00373836182473734,-0.011427652575137,-0.007405));
#8402=CARTESIAN_POINT('',(0.00441137313783565,-0.0121672847624042,-0.007405));
#8403=CARTESIAN_POINT('',(0.00441137313783565,-0.0121672847624042,-0.006405));
#8404=CARTESIAN_POINT('',(0.00403077358109649,-0.0111615792166481,-0.007405));
#8405=CARTESIAN_POINT('',(0.00470378489419415,-0.0119012114039154,-0.007405));
#8406=CARTESIAN_POINT('',(0.00470378489419441,-0.0119012114039157,-0.006405));
#8407=CARTESIAN_POINT('',(0.00460406910915957,-0.0106159315631306,-0.00740499999999999));
#8408=CARTESIAN_POINT('',(0.00532056468536995,-0.011314913869722,-0.00740499999999999));
#8409=CARTESIAN_POINT('',(0.00532056468536983,-0.0113149138697219,-0.006405));
#8410=CARTESIAN_POINT('',(0.00567518777903992,-0.00946444662638488,-0.007405));
#8411=CARTESIAN_POINT('',(0.00643930980606321,-0.0101111290770373,-0.007405));
#8412=CARTESIAN_POINT('',(0.00643930980606327,-0.0101111290770374,-0.006405));
#8413=CARTESIAN_POINT('',(0.00687453608732355,-0.00790011475786708,-0.007405));
#8414=CARTESIAN_POINT('',(0.00771406038087936,-0.00845067466988459,-0.00740500000000002));
#8415=CARTESIAN_POINT('',(0.00771406038087933,-0.00845067466988453,-0.006405));
#8416=CARTESIAN_POINT('',(0.00783060230664599,-0.00616590219685976,-0.007405));
#8417=CARTESIAN_POINT('',(0.00873348954254833,-0.00660266379514792,-0.00740499999999993));
#8418=CARTESIAN_POINT('',(0.00873348954254834,-0.00660266379514801,-0.006405));
#8419=CARTESIAN_POINT('',(0.00834293696480203,-0.00487777954405016,-0.007405));
#8420=CARTESIAN_POINT('',(0.00928328069585432,-0.00521941940492291,-0.00740500000000009));
#8421=CARTESIAN_POINT('',(0.0092832806958543,-0.00521941940492279,-0.006405));
#8422=CARTESIAN_POINT('',(0.00858872046879765,-0.00412670198185427,-0.007405));
#8423=CARTESIAN_POINT('',(0.0095450162254975,-0.00442072120858596,-0.00740499999999984));
#8424=CARTESIAN_POINT('',(0.00954501622549754,-0.00442072120858617,-0.006405));
#8425=CARTESIAN_POINT('',(0.00869410804162508,-0.00374610728268719,-0.007405));
#8426=CARTESIAN_POINT('',(0.00966110799548025,-0.0040008838303612,-0.00740500000000036));
#8427=CARTESIAN_POINT('',(0.00966110799548017,-0.00400088383036072,-0.006405));
#8428=CARTESIAN_POINT('',(0.00874443359990615,-0.0035550975018427,-0.007405));
#8429=CARTESIAN_POINT('',(0.00971143355376115,-0.00380987404951621,-0.007405));
#8430=CARTESIAN_POINT('',(0.00971143355376115,-0.00380987404951621,-0.006405));
#8431=CARTESIAN_POINT('',(0.00969711165575245,-0.00386423256422252,-0.006405));
#8432=CARTESIAN_POINT('',(0.00969711165575245,-0.00386423256422252,-0.00667026277236272));
#8433=CARTESIAN_POINT('',(0.00947915317824223,-0.00383622572591259,-0.00718917138254018));
#8434=CARTESIAN_POINT('',(0.00895626782454365,-0.00376764145647095,-0.007405));
#8435=CARTESIAN_POINT('',(0.00869711165575245,-0.00373306533574783,-0.007405));
#8436=CARTESIAN_POINT('',(0.00969711165575245,-0.00386423256422251,-0.006405));
#8437=CARTESIAN_POINT('',(0.00969711165575245,-0.00386423256422251,-0.006405));
#8438=CARTESIAN_POINT('',(0.00927352305672765,-0.00547195572183195,-0.006405));
#8439=CARTESIAN_POINT('',(0.00788038460609582,-0.00853553998826709,-0.00640499999999998));
#8440=CARTESIAN_POINT('',(0.00568185839310117,-0.0110112358983363,-0.006405));
#8441=CARTESIAN_POINT('',(0.00445486429735454,-0.0121277109811655,-0.006405));
#8442=CARTESIAN_POINT('',(0.00869711165575245,-0.000979718155720336,-0.006405));
#8443=CARTESIAN_POINT('',(0.00969711165575245,-0.000979718155720336,-0.006405));
#8444=CARTESIAN_POINT('',(-0.000714488344247546,0.00540079625278184,-0.006405));
#8445=CARTESIAN_POINT('',(-0.00106626500421346,0.0148058224297982,-0.007405));
#8446=CARTESIAN_POINT('',(-0.000962502129426852,0.0149288362895613,-0.00740499968598993));
#8447=CARTESIAN_POINT('',(-0.000801992757211301,0.015103999500562,-0.00737506767390035));
#8448=CARTESIAN_POINT('',(-0.000609958195890131,0.0153409785679538,-0.00726376489301817));
#8449=CARTESIAN_POINT('',(-0.000555839052552997,0.0155355948490097,-0.00710892136882802));
#8450=CARTESIAN_POINT('',(-0.000669751929391821,0.0156720990551307,-0.00692924406958129));
#8451=CARTESIAN_POINT('',(-0.000869524751695059,0.0157793354609175,-0.00670442993859402));
#8452=CARTESIAN_POINT('',(-0.00103334338005535,0.0158080258228616,-0.00652857926000419));
#8453=CARTESIAN_POINT('',(-0.00113660876989223,0.0158038356599096,-0.006405));
#8454=CARTESIAN_POINT('',(-0.00134571253536107,-0.0137217128866785,6.94272842421189E-5));
#8455=CARTESIAN_POINT('',(-0.00150273465823765,-0.0137150157740205,6.95660148715E-5));
#8456=CARTESIAN_POINT('',(-0.00166082241015778,-0.0137081439248291,6.94428935711309E-5));
#8457=CARTESIAN_POINT('',(-0.00181841747776554,-0.0137013695709769,6.94815132856688E-5));
#8458=CARTESIAN_POINT('',(-0.00135303607688886,-0.013893781670612,-6.94599970231884E-7));
#8459=CARTESIAN_POINT('',(-0.00151025062241345,-0.013887061318042,-5.96140213753103E-7));
#8460=CARTESIAN_POINT('',(-0.00166820632905077,-0.013880208433378,-6.83521104703047E-7));
#8461=CARTESIAN_POINT('',(-0.00182582348352986,-0.0138734289629707,-6.56112313672976E-7));
#8462=CARTESIAN_POINT('',(-0.00136035961841665,-0.0140658504545455,-7.08164841825827E-5));
#8463=CARTESIAN_POINT('',(-0.00151776658658925,-0.0140591068620635,-7.07582952990062E-5));
#8464=CARTESIAN_POINT('',(-0.00167559024794375,-0.0140522729419269,-7.0809935780537E-5));
#8465=CARTESIAN_POINT('',(-0.00183322948929418,-0.0140454883549645,-7.07937379130148E-5));
#8466=CARTESIAN_POINT('',(-0.00136768315994444,-0.014237919238479,-0.000140938368394933));
#8467=CARTESIAN_POINT('',(-0.00152528255076504,-0.0142311524060851,-0.000140920450384259));
#8468=CARTESIAN_POINT('',(-0.00168297416683674,-0.0142243374504758,-0.000140936350456371));
#8469=CARTESIAN_POINT('',(-0.00184063549505849,-0.0142175477469583,-0.000140931363512357));
#8470=CARTESIAN_POINT('',(-0.00183740448975808,-0.0142081429042726,-0.000137048186631782));
#8471=CARTESIAN_POINT('',(-0.00181313716058667,-0.0140413152129058,-6.8744588398261E-5));
#8472=CARTESIAN_POINT('',(-0.00178887519377717,-0.0138744863811666,-4.43936560773049E-7));
#8473=CARTESIAN_POINT('',(-0.00176460681294575,-0.013707658251338,6.78575233362804E-5));
#8474=CARTESIAN_POINT('',(-0.00176235184739865,-0.0137066304324862,6.45458304405514E-5));
#8475=CARTESIAN_POINT('',(-0.00183366869369187,-0.0142083532214232,-0.000137861775807335));
#8476=CARTESIAN_POINT('',(-0.00176447694087423,-0.0137067654721477,6.82230379744695E-5));
#8477=CARTESIAN_POINT('',(-0.00162493265237735,-0.0137127782457585,6.82162067741739E-5));
#8478=CARTESIAN_POINT('',(-0.00148539042873908,-0.0137188397313998,6.82951967868012E-5));
#8479=CARTESIAN_POINT('',(-0.00134584305565686,-0.0137247795342793,6.81775564542911E-5));
#8480=CARTESIAN_POINT('',(-0.00134579856888114,-0.0137247814407019,6.81775352432613E-5));
#8481=CARTESIAN_POINT('',(-0.00134584305617237,-0.0137247795463915,6.8177551518297E-5));
#8482=CARTESIAN_POINT('',(-0.00135307866045136,-0.0138947841182808,-1.10313051857328E-6));
#8483=CARTESIAN_POINT('',(-0.00136031434584126,-0.0140647886908828,-7.03838023041229E-5));
#8484=CARTESIAN_POINT('',(-0.00136755011164325,-0.014234793264153,-0.000139664464020171));
#8485=CARTESIAN_POINT('',(-0.00136755011164325,-0.014234793264153,-0.000139664464020171));
#8486=CARTESIAN_POINT('',(-0.00176432663292464,-0.0142177695427329,-0.000139684909546884));
#8487=CARTESIAN_POINT('',(-0.0016320688911994,-0.0142234696934971,-0.000139684410006569));
#8488=CARTESIAN_POINT('',(-0.00149980901440806,-0.0142291201261109,-0.000139651020710252));
#8489=CARTESIAN_POINT('',(-0.00136755011164325,-0.014234793264153,-0.000139664464020171));
#8490=CARTESIAN_POINT('',(-0.00176432663292464,-0.0142177695427329,-0.000139684909546882));
#8491=CARTESIAN_POINT('',(-0.00183363753416063,-0.0142083576340222,-0.000137069670526958));
#8492=CARTESIAN_POINT('',(-0.00181055579972345,-0.0142116262498957,-0.000137995859424678));
#8493=CARTESIAN_POINT('',(-0.0017874469863834,-0.014214741351815,-0.000138858354601692));
#8494=CARTESIAN_POINT('',(-0.00176432663292464,-0.0142177695427329,-0.000139684909546884));
#8495=CARTESIAN_POINT('',(-0.00175964706340717,-0.0137025307765619,6.24506593150704E-5));
#8496=CARTESIAN_POINT('',(-0.00239301844535937,-0.0136123754488082,5.92013034483602E-5));
#8497=CARTESIAN_POINT('',(-0.0035997802183848,-0.0132251296667407,6.27949867280211E-5));
#8498=CARTESIAN_POINT('',(-0.00468467344940852,-0.0124785698017846,6.54280901063155E-5));
#8499=CARTESIAN_POINT('',(-0.00519521342574306,-0.0120543946699386,6.2638503964805E-5));
#8500=CARTESIAN_POINT('',(-0.00178493694271139,-0.0138752362692123,-5.94490125003516E-6));
#8501=CARTESIAN_POINT('',(-0.00243439793256468,-0.0137825656747155,-8.21898122929894E-6));
#8502=CARTESIAN_POINT('',(-0.0036833746941204,-0.0133825823068954,-5.72174020940849E-6));
#8503=CARTESIAN_POINT('',(-0.00478702535055484,-0.0126182474934561,-3.81237698604659E-6));
#8504=CARTESIAN_POINT('',(-0.00530615856727997,-0.0121889166180349,-5.80913756461484E-6));
#8505=CARTESIAN_POINT('',(-0.00181020947436474,-0.0140479446574509,-7.43395004140418E-5));
#8506=CARTESIAN_POINT('',(-0.00247580011670314,-0.0139527482528958,-7.56393709818842E-5));
#8507=CARTESIAN_POINT('',(-0.00376694651958207,-0.0135400454812758,-7.4238416744348E-5));
#8508=CARTESIAN_POINT('',(-0.00488939778478854,-0.0127579127947782,-7.30528395997786E-5));
#8509=CARTESIAN_POINT('',(-0.00541709824025114,-0.0123234437895042,-7.42553425342505E-5));
#8510=CARTESIAN_POINT('',(-0.0018354678644064,-0.0142206553497272,-0.000142733458337843));
#8511=CARTESIAN_POINT('',(-0.0025172200802281,-0.014122924793136,-0.000143059862267941));
#8512=CARTESIAN_POINT('',(-0.00385050021455761,-0.0136975172260566,-0.00014275500265064));
#8513=CARTESIAN_POINT('',(-0.00499178701763912,-0.0128975678304855,-0.000142293382372738));
#8514=CARTESIAN_POINT('',(-0.00552803276816817,-0.0124579758221858,-0.000142700300553047));
#8515=CARTESIAN_POINT('',(-0.0054778102506253,-0.0124831790006387,-0.000137970865390447));
#8516=CARTESIAN_POINT('',(-0.00442788094653889,-0.0133564554488164,-0.000145632453801882));
#8517=CARTESIAN_POINT('',(-0.00318889150328966,-0.0140164322863935,-0.000138932683014641));
#8518=CARTESIAN_POINT('',(-0.00183366869369187,-0.0142083532214232,-0.000137861775807335));
#8519=CARTESIAN_POINT('',(-0.0054778102506253,-0.0124831790006387,-0.000137970865390443));
#8520=CARTESIAN_POINT('',(-0.00547781025062563,-0.0124831790006391,-0.000137970865390651));
#8521=CARTESIAN_POINT('',(-0.00544364238552206,-0.0123646173565357,-9.32310615850219E-5));
#8522=CARTESIAN_POINT('',(-0.00524194542714456,-0.0121830849648333,1.20897691208693E-5));
#8523=CARTESIAN_POINT('',(-0.0049665392382898,-0.012247225296109,6.18292453197776E-5));
#8524=CARTESIAN_POINT('',(-0.00486257211636817,-0.0123271364967894,6.19154491962053E-5));
#8525=CARTESIAN_POINT('',(-0.00486257211636817,-0.0123271364967894,6.19154491962045E-5));
#8526=CARTESIAN_POINT('',(-0.00486257211636817,-0.0123271364967894,6.19154491962045E-5));
#8527=CARTESIAN_POINT('',(-0.00395321678273975,-0.0130260851183568,6.26694371239232E-5));
#8528=CARTESIAN_POINT('',(-0.00289594463053616,-0.0135438053944896,5.23430217482897E-5));
#8529=CARTESIAN_POINT('',(-0.0017602120993328,-0.0137063894448445,6.09225334290044E-5));
#8530=CARTESIAN_POINT('',(0.00376853777572282,-0.0120512017311496,6.29615456148581E-5));
#8531=CARTESIAN_POINT('',(0.00311563101053773,-0.0126063592157108,6.34819880870401E-5));
#8532=CARTESIAN_POINT('',(0.00214423432852143,-0.0132237196204412,5.82367758915451E-5));
#8533=CARTESIAN_POINT('',(0.000963982940668525,-0.0135901685815104,6.0930485143992E-5));
#8534=CARTESIAN_POINT('',(0.000446374781816588,-0.0136931620299321,5.90776498318066E-5));
#8535=CARTESIAN_POINT('',(0.000100897404142538,-0.0137374254479809,6.12764858579543E-5));
#8536=CARTESIAN_POINT('',(-0.000198674335971546,-0.0137587788852119,5.6202508841874E-5));
#8537=CARTESIAN_POINT('',(-0.000408979328617571,-0.0137624576859219,6.96190284091113E-5));
#8538=CARTESIAN_POINT('',(-0.000795863525295651,-0.0137429348283828,7.07804339689522E-5));
#8539=CARTESIAN_POINT('',(-0.00111938725344521,-0.0137309298064409,6.96730756632197E-5));
#8540=CARTESIAN_POINT('',(-0.0013455728850109,-0.0137204656441744,6.99370295170232E-5));
#8541=CARTESIAN_POINT('',(0.00388086942875652,-0.0121831930871704,-5.29397007338996E-6));
#8542=CARTESIAN_POINT('',(0.00321579297139085,-0.0127476115723663,-4.91093954981523E-6));
#8543=CARTESIAN_POINT('',(0.0022248186126323,-0.0133812196526199,-8.65919815096107E-6));
#8544=CARTESIAN_POINT('',(0.00100706912577769,-0.013758461662847,-6.72720536773542E-6));
#8545=CARTESIAN_POINT('',(0.000474801292245656,-0.0138648519367331,-8.05513482729687E-6));
#8546=CARTESIAN_POINT('',(0.00011604620085797,-0.0139102207973711,-6.47277245966681E-6));
#8547=CARTESIAN_POINT('',(-0.000186529342301496,-0.0139325879404403,-1.01287162123345E-5));
#8548=CARTESIAN_POINT('',(-0.00041526665614972,-0.0139352125047902,-5.9256798140974E-7));
#8549=CARTESIAN_POINT('',(-0.000805166417599002,-0.0139148370996284,2.81014205978794E-7));
#8550=CARTESIAN_POINT('',(-0.00112569648311781,-0.0139037600607924,-5.55458189886295E-7));
#8551=CARTESIAN_POINT('',(-0.00135294231995884,-0.0138929307042684,-3.46837813426136E-7));
#8552=CARTESIAN_POINT('',(0.00399320136377997,-0.0123151842036603,-7.35494848408748E-5));
#8553=CARTESIAN_POINT('',(0.00331604274647205,-0.0128888532001444,-7.3315607373749E-5));
#8554=CARTESIAN_POINT('',(0.0023052943566052,-0.0135387295913788,-7.55396385102003E-5));
#8555=CARTESIAN_POINT('',(0.00105020892834307,-0.0139267497301169,-7.43924772494411E-5));
#8556=CARTESIAN_POINT('',(0.00050317440045875,-0.0140365465704762,-7.51800626518632E-5));
#8557=CARTESIAN_POINT('',(0.000131336189545923,-0.0140830028796792,-7.42408700201725E-5));
#8558=CARTESIAN_POINT('',(-0.000174783297685523,-0.0141064346426948,-7.64070699359965E-5));
#8559=CARTESIAN_POINT('',(-0.000421649401274086,-0.0141079644703555,-7.07871691696547E-5));
#8560=CARTESIAN_POINT('',(-0.000814340932206807,-0.0140867431027683,-7.02412925464876E-5));
#8561=CARTESIAN_POINT('',(-0.00113209777208585,-0.0140765876528135,-7.07675788711971E-5));
#8562=CARTESIAN_POINT('',(-0.001360311754467,-0.014065395764396,-7.06307051078847E-5));
#8563=CARTESIAN_POINT('',(0.00410553353876195,-0.0124471751162781,-0.000141804998909384));
#8564=CARTESIAN_POINT('',(0.00341634078141979,-0.0130300891830835,-0.000141723578004434));
#8565=CARTESIAN_POINT('',(0.00238571232281689,-0.0136962435192766,-0.000142415676094963));
#8566=CARTESIAN_POINT('',(0.0010933774247933,-0.0140950357150152,-0.000142059898175118));
#8567=CARTESIAN_POINT('',(0.000531519425940247,-0.0142082430026413,-0.000142302762437992));
#8568=CARTESIAN_POINT('',(0.000146703471365442,-0.0142557791796724,-0.000142014293026782));
#8569=CARTESIAN_POINT('',(-0.000163256214035607,-0.0142802978870278,-0.000142670481943468));
#8570=CARTESIAN_POINT('',(-0.000428119860052718,-0.0142807147134304,-0.000140969408060548));
#8571=CARTESIAN_POINT('',(-0.000823398520359706,-0.0142586514107755,-0.000140779980126998));
#8572=CARTESIAN_POINT('',(-0.00113858279073444,-0.0142494135947895,-0.000140967980411206));
#8573=CARTESIAN_POINT('',(-0.00136768118853579,-0.0142378608245569,-0.000140914572366405));
#8574=CARTESIAN_POINT('',(-0.00134575408103751,-0.0137247833221537,6.81775242084993E-5));
#8575=CARTESIAN_POINT('',(-0.000917360465219507,-0.0137430890126069,6.81997034223589E-5));
#8576=CARTESIAN_POINT('',(-5.32471446996121E-5,-0.013809961353996,5.24288428561134E-5));
#8577=CARTESIAN_POINT('',(0.00119797226124291,-0.013564782845709,5.94433488614801E-5));
#8578=CARTESIAN_POINT('',(0.00238627700415738,-0.0130591181244003,5.81893025798376E-5));
#8579=CARTESIAN_POINT('',(0.00309415369143448,-0.0125890717847339,6.15745818516024E-5));
#8580=CARTESIAN_POINT('',(0.00343364076678496,-0.0123279381746481,6.14747335909614E-5));
#8581=CARTESIAN_POINT('',(0.00343364076678496,-0.0123279381746481,6.14747335909614E-5));
#8582=CARTESIAN_POINT('',(0.00343364076678496,-0.0123279381746481,6.1474733590963E-5));
#8583=CARTESIAN_POINT('',(0.00353747195423314,-0.0122480711788579,6.144419527531E-5));
#8584=CARTESIAN_POINT('',(0.00381270933978177,-0.0121838847361801,1.20613278600617E-5));
#8585=CARTESIAN_POINT('',(0.00401389521794558,-0.0123651782378483,-9.37963787743141E-5));
#8586=CARTESIAN_POINT('',(0.00404815062571447,-0.0124836761875288,-0.000138231879228639));
#8587=CARTESIAN_POINT('',(0.00404815080949588,-0.012483676034699,-0.000138231879569538));
#8588=CARTESIAN_POINT('',(0.00404815080949589,-0.012483676034699,-0.00013823187956954));
#8589=CARTESIAN_POINT('',(0.00329787195461561,-0.013107585869507,-0.000136837018842083));
#8590=CARTESIAN_POINT('',(0.00203478720337894,-0.0138835170090906,-0.000138238190106127));
#8591=CARTESIAN_POINT('',(9.57449965177828E-5,-0.0143115756477312,-0.00013523562273161));
#8592=CARTESIAN_POINT('',(-0.000880098219154297,-0.0142557021165415,-0.00013969666201863));
#8593=CARTESIAN_POINT('',(-0.00136755011164321,-0.014234793264153,-0.000139664464037007));
#8594=CARTESIAN_POINT('',(0.00343537210198149,-0.0124974318697936,0.000722040848599949));
#8595=CARTESIAN_POINT('',(0.00265850890930598,-0.0130814433148309,0.000722662123589497));
#8596=CARTESIAN_POINT('',(0.00160218101732453,-0.01361083566666,0.000720495842479314));
#8597=CARTESIAN_POINT('',(0.000375201099680147,-0.013852071631791,0.000722023578615717));
#8598=CARTESIAN_POINT('',(-0.000161944339356134,-0.0138971573035354,0.000721063883777841));
#8599=CARTESIAN_POINT('',(-0.000537681022276567,-0.0139028681560081,0.000722454093943666));
#8600=CARTESIAN_POINT('',(-0.000897481185182873,-0.0138836860121662,0.00072322317148484));
#8601=CARTESIAN_POINT('',(-0.00137753132168614,-0.0138640474249916,0.00072289313365024));
#8602=CARTESIAN_POINT('',(-0.00173736198726597,-0.0138480860889901,0.000723098483700689));
#8603=CARTESIAN_POINT('',(-0.00197704555915903,-0.0138378929443159,0.000723029452140042));
#8604=CARTESIAN_POINT('',(0.00344321167589097,-0.0124066103329231,0.00053636902977724));
#8605=CARTESIAN_POINT('',(0.00267756388296944,-0.0129919330849133,0.000537266847044151));
#8606=CARTESIAN_POINT('',(0.00163359893795801,-0.0135243899198706,0.000534172210229726));
#8607=CARTESIAN_POINT('',(0.00042664651971878,-0.0137767457119319,0.000536353801137721));
#8608=CARTESIAN_POINT('',(-0.000105636807494707,-0.0138263282730452,0.000534982722202164));
#8609=CARTESIAN_POINT('',(-0.000473973034817055,-0.0138370432135299,0.000536975126819405));
#8610=CARTESIAN_POINT('',(-0.000833638082305676,-0.013817382189636,0.000538001409415599));
#8611=CARTESIAN_POINT('',(-0.00131387505248231,-0.0137978258143932,0.000537563813498554));
#8612=CARTESIAN_POINT('',(-0.00167358235647173,-0.01378183205877,0.000537831540245626));
#8613=CARTESIAN_POINT('',(-0.00191330794266282,-0.013771648378767,0.000537741887731737));
#8614=CARTESIAN_POINT('',(0.00345103100212448,-0.0123158159308668,0.000350682832946985));
#8615=CARTESIAN_POINT('',(0.00269666426538017,-0.012902432635146,0.000351886173661523));
#8616=CARTESIAN_POINT('',(0.00166486144815927,-0.0134380247777695,0.000347772677663977));
#8617=CARTESIAN_POINT('',(0.000478065897621527,-0.0137014375075465,0.000350671055172763));
#8618=CARTESIAN_POINT('',(-4.94443228350727E-5,-0.0137555392546646,0.000348849238130169));
#8619=CARTESIAN_POINT('',(-0.000410258477917909,-0.0137712141734602,0.000351499543704352));
#8620=CARTESIAN_POINT('',(-0.000769796766022788,-0.0137510794679019,0.000352778730090616));
#8621=CARTESIAN_POINT('',(-0.00125021759274065,-0.0137316034700533,0.000352235104626205));
#8622=CARTESIAN_POINT('',(-0.00160980332088241,-0.0137155783954058,0.00035256429117822));
#8623=CARTESIAN_POINT('',(-0.00184957032616664,-0.0137054038132182,0.000352454323323422));
#8624=CARTESIAN_POINT('',(0.00345882993975348,-0.0122250511610853,0.000164981018118845));
#8625=CARTESIAN_POINT('',(0.00271581644554575,-0.0128129359022654,0.000166524075744233));
#8626=CARTESIAN_POINT('',(0.00169595783577725,-0.013351760747778,0.00016128575759097));
#8627=CARTESIAN_POINT('',(0.000529458813909412,-0.0136261490254527,0.000164974392817132));
#8628=CARTESIAN_POINT('',(6.62441126373709E-6,-0.0136848026493841,0.000162655956296236));
#8629=CARTESIAN_POINT('',(-0.000346535983130245,-0.0137053788342516,0.000166028613600675));
#8630=CARTESIAN_POINT('',(-0.000705957601205298,-0.0136847784339982,0.000167554795142187));
#8631=CARTESIAN_POINT('',(-0.00118655869921366,-0.0136653800006159,0.000166907232611746));
#8632=CARTESIAN_POINT('',(-0.00154602500212206,-0.0136493252945752,0.000167296623709136));
#8633=CARTESIAN_POINT('',(-0.00178583270967044,-0.0136391592476694,0.000167166758915117));
#8634=CARTESIAN_POINT('',(-0.000224898081165703,-0.0137039106586272,0.0001845520996651));
#8635=CARTESIAN_POINT('',(-0.000598452748464411,-0.013725754453272,0.000198984027174387));
#8636=CARTESIAN_POINT('',(-0.000970648344751721,-0.0136847462719539,0.000195673216271097));
#8637=CARTESIAN_POINT('',(-0.0013433682554665,-0.0136688154757292,0.000195652137481728));
#8638=CARTESIAN_POINT('',(-0.000224898081165703,-0.0137039106586272,0.0001845520996651));
#8639=CARTESIAN_POINT('',(-0.0013433682554665,-0.0136688154757292,0.000195652137481728));
#8640=CARTESIAN_POINT('',(-0.00134336825546336,-0.0136688154756561,0.000195652137285019));
#8641=CARTESIAN_POINT('',(-0.00148275916063643,-0.0136629010000521,0.000195760769509317));
#8642=CARTESIAN_POINT('',(-0.00162214374709831,-0.0136568373618599,0.000195697315922591));
#8643=CARTESIAN_POINT('',(-0.00176153082131013,-0.0136508322525182,0.00019570351207494));
#8644=CARTESIAN_POINT('',(-0.00175882077257317,-0.0136485441706897,0.000188302877779322));
#8645=CARTESIAN_POINT('',(-0.00176153082131317,-0.0136508322525181,0.000195703512075222));
#8646=CARTESIAN_POINT('',(-0.00174289897274381,-0.0137161618138276,0.000368999548030469));
#8647=CARTESIAN_POINT('',(-0.00173678872656102,-0.0137814038536015,0.000543509888189846));
#8648=CARTESIAN_POINT('',(-0.00173686721940723,-0.0138463703518396,0.000717996556247687));
#8649=CARTESIAN_POINT('',(-0.00173686721940718,-0.0138463703518396,0.000717996556247685));
#8650=CARTESIAN_POINT('',(-0.00173686721940718,-0.0138463703518396,0.000717996556247685));
#8651=CARTESIAN_POINT('',(-0.00173686741935173,-0.0138465358407692,0.000718441025515934));
#8652=CARTESIAN_POINT('',(-0.00173687505622226,-0.0138467010062945,0.000718885487044991));
#8653=CARTESIAN_POINT('',(-0.0017368901542449,-0.013846865847362,0.000719329940809666));
#8654=CARTESIAN_POINT('',(-0.00173689015424502,-0.0138468658473621,0.000719329940809669));
#8655=CARTESIAN_POINT('',(-0.00157933078674878,-0.0138536483649159,0.000719308171573705));
#8656=CARTESIAN_POINT('',(-0.00163185669394231,-0.0138516533632539,0.000720007422247023));
#8657=CARTESIAN_POINT('',(-0.00168437047818881,-0.0138491293826978,0.00071932994081293));
#8658=CARTESIAN_POINT('',(-0.00173689015424502,-0.013846865847362,0.000719329940809668));
#8659=CARTESIAN_POINT('',(-0.00157933078674878,-0.0138536483649159,0.000719308171573705));
#8660=CARTESIAN_POINT('',(-0.00157933078674878,-0.0138536483649159,0.000719308171573705));
#8661=CARTESIAN_POINT('',(-0.00118487627693967,-0.0138705663146578,0.000714015706696557));
#8662=CARTESIAN_POINT('',(-0.000790472325488038,-0.0139044529904964,0.000722718704114637));
#8663=CARTESIAN_POINT('',(-0.000395787027773704,-0.0138975944895882,0.000715143934240495));
#8664=CARTESIAN_POINT('',(-0.000395787027773704,-0.0138975944895882,0.000715143934240495));
#8665=CARTESIAN_POINT('',(0.00340531734829298,-0.012517487399008,0.000716813159620609));
#8666=CARTESIAN_POINT('',(0.00285357207228185,-0.012927631461608,0.000716479472700076));
#8667=CARTESIAN_POINT('',(0.00166948331954202,-0.0136167719480128,0.000715425121108752));
#8668=CARTESIAN_POINT('',(0.000291127305389726,-0.0138906954281075,0.000715899295805117));
#8669=CARTESIAN_POINT('',(-0.000395787027773704,-0.0138975944895882,0.000715143934240495));
#8670=CARTESIAN_POINT('',(0.00340531734829298,-0.012517487399008,0.000716813159620609));
#8671=CARTESIAN_POINT('',(0.00340531734829298,-0.012517487399008,0.000716813159620609));
#8672=CARTESIAN_POINT('',(0.0034031426711941,-0.012438829290521,0.000540767318207242));
#8673=CARTESIAN_POINT('',(0.00340091642828894,-0.0123604456541376,0.000364599561821926));
#8674=CARTESIAN_POINT('',(0.00339863442845774,-0.012282372640132,0.000188294905319049));
#8675=CARTESIAN_POINT('',(0.00339863442845774,-0.012282372640132,0.000188294905319042));
#8676=CARTESIAN_POINT('',(0.00339863442845774,-0.012282372640132,0.000188294905319042));
#8677=CARTESIAN_POINT('',(0.00287277912228743,-0.0126867619431168,0.000188315210199447));
#8678=CARTESIAN_POINT('',(0.00201993204946798,-0.0132021171363229,0.000182808873555851));
#8679=CARTESIAN_POINT('',(0.000760038519691894,-0.0136058430523239,0.000187927695890029));
#8680=CARTESIAN_POINT('',(0.000103539513102799,-0.0136861274330909,0.000175923231111697));
#8681=CARTESIAN_POINT('',(-0.000224898081165703,-0.0137039106586272,0.0001845520996651));
#8682=CARTESIAN_POINT('',(-0.00171722445719445,-0.0138503028463009,0.000721218938388875));
#8683=CARTESIAN_POINT('',(-0.0020593206698979,-0.0138032677486594,0.000721148373422392));
#8684=CARTESIAN_POINT('',(-0.00262604121333068,-0.0136821520285473,0.000719748415587583));
#8685=CARTESIAN_POINT('',(-0.00376310915078119,-0.0132445131854203,0.000720951102546965));
#8686=CARTESIAN_POINT('',(-0.00455334854931891,-0.0127528712834881,0.000720540978705156));
#8687=CARTESIAN_POINT('',(-0.00510518433987056,-0.012309998223681,0.000720879192083626));
#8688=CARTESIAN_POINT('',(-0.00165060163214256,-0.0137925628550299,0.000541455539485992));
#8689=CARTESIAN_POINT('',(-0.00199120163969019,-0.0137482370757508,0.000541090884483633));
#8690=CARTESIAN_POINT('',(-0.00255030070971187,-0.0136367345222191,0.000539794459756724));
#8691=CARTESIAN_POINT('',(-0.00368031735101904,-0.0132131261086987,0.000541170485860737));
#8692=CARTESIAN_POINT('',(-0.00446720362217686,-0.0127322028175959,0.000540787395636256));
#8693=CARTESIAN_POINT('',(-0.00501806391998492,-0.0122954123905882,0.00054119104514294));
#8694=CARTESIAN_POINT('',(-0.00158401570158965,-0.0137348287168855,0.000361676285758664));
#8695=CARTESIAN_POINT('',(-0.00192318942616116,-0.0136932195713133,0.000360988047244312));
#8696=CARTESIAN_POINT('',(-0.00247464150621537,-0.0135913119684128,0.000359806067350126));
#8697=CARTESIAN_POINT('',(-0.00359755998997176,-0.0131817316441234,0.000361374733261538));
#8698=CARTESIAN_POINT('',(-0.00438109436277819,-0.0127115221966561,0.00036101799473414));
#8699=CARTESIAN_POINT('',(-0.00493096648027398,-0.0122808170911482,0.000361492362551452));
#8700=CARTESIAN_POINT('',(-0.00151746874475931,-0.0136771024100787,0.000181879756137427));
#8701=CARTESIAN_POINT('',(-0.00185529403740249,-0.0136382245297427,0.000180833145778212));
#8702=CARTESIAN_POINT('',(-0.00239907232557584,-0.013545889078618,0.000179778374506873));
#8703=CARTESIAN_POINT('',(-0.00351483859460132,-0.0131503304808817,0.000181562992156903));
#8704=CARTESIAN_POINT('',(-0.00429502406031621,-0.0126908302666288,0.000181231119106094));
#8705=CARTESIAN_POINT('',(-0.0048438935601854,-0.0122662126153815,0.000181782367440917));
#8706=CARTESIAN_POINT('',(-0.00176240661708495,-0.0136477926336758,0.000187641517440047));
#8707=CARTESIAN_POINT('',(-0.00288432214371179,-0.0134837110033971,0.000178066283077106));
#8708=CARTESIAN_POINT('',(-0.00392918130175062,-0.0129729079398435,0.000189133050720783));
#8709=CARTESIAN_POINT('',(-0.00482778828995518,-0.0122818079531214,0.000188767558217994));
#8710=CARTESIAN_POINT('',(-0.00482778828995518,-0.0122818079531214,0.000188767558217993));
#8711=CARTESIAN_POINT('',(-0.00482778828995518,-0.0122818079531214,0.00018876755821799));
#8712=CARTESIAN_POINT('',(-0.0048300073896798,-0.0123602227468623,0.000364903510452977));
#8713=CARTESIAN_POINT('',(-0.00483219184531382,-0.0124387666684785,0.000540982431928428));
#8714=CARTESIAN_POINT('',(-0.00483434139033456,-0.0125175036192688,0.000716975501813035));
#8715=CARTESIAN_POINT('',(-0.00483434139033456,-0.0125175036192688,0.000716975501813038));
#8716=CARTESIAN_POINT('',(-0.00483434139033456,-0.0125175036192688,0.000716975501813038));
#8717=CARTESIAN_POINT('',(-0.00392143078527606,-0.0131960911660111,0.000716452913246555));
#8718=CARTESIAN_POINT('',(-0.00286387890074952,-0.0136883258471611,0.000718868701280505));
#8719=CARTESIAN_POINT('',(-0.00173686721940718,-0.0138463703518395,0.000717996556247616));
#8720=CARTESIAN_POINT('',(-0.00514938428988513,0.0146118505741795,0.00122440528453885));
#8721=CARTESIAN_POINT('',(-0.00514685304362558,0.0144342278482719,0.000856498943073063));
#8722=CARTESIAN_POINT('',(-0.00514421614168688,0.014256860765038,0.000488456777232985));
#8723=CARTESIAN_POINT('',(-0.00514146208991471,0.0140798021171005,0.000120250626893434));
#8724=CARTESIAN_POINT('',(-0.00515524399924142,0.0146152005340591,0.00122277647691877));
#8725=CARTESIAN_POINT('',(-0.0051527390001257,0.014437567805328,0.000854876424894478));
#8726=CARTESIAN_POINT('',(-0.00515012944090176,0.014260190027159,0.000486841004377043));
#8727=CARTESIAN_POINT('',(-0.0051474039466011,0.0140831198605007,0.000118642148376443));
#8728=CARTESIAN_POINT('',(-0.00535704613008718,0.0147305695738627,0.00116668208238749));
#8729=CARTESIAN_POINT('',(-0.00535544505456724,0.0145525923585709,0.000798998632009912));
#8730=CARTESIAN_POINT('',(-0.00535377714923181,0.0143748462582647,0.000431195513198944));
#8731=CARTESIAN_POINT('',(-0.00535203514374486,0.0141973793991656,6.32478664399285E-5));
#8732=CARTESIAN_POINT('',(-0.00571448834424737,0.0149349170941792,0.00106732483328806));
#8733=CARTESIAN_POINT('',(-0.00571448834424706,0.0147563297067426,0.000700025038781066));
#8734=CARTESIAN_POINT('',(-0.00571448834424778,0.0145779312155044,0.000332633384586276));
#8735=CARTESIAN_POINT('',(-0.0057144883442476,0.014399761714546,-3.48693075671897E-5));
#8736=CARTESIAN_POINT('',(-0.00574121493487078,0.0149501965220253,0.00105989571491046));
#8737=CARTESIAN_POINT('',(-0.00574133465013709,0.0147715635109313,0.000692624607035841));
#8738=CARTESIAN_POINT('',(-0.00574145936238878,0.0145931162392618,0.000325263718782836));
#8739=CARTESIAN_POINT('',(-0.00574158961523973,0.0144148942005209,-4.2205703322724E-5));
#8740=CARTESIAN_POINT('',(-0.00568941243019963,0.0144329180909223,6.92558096830671E-5));
#8741=CARTESIAN_POINT('',(-0.00550953783404918,0.0143413434015147,0.000136809378806813));
#8742=CARTESIAN_POINT('',(-0.00532967325355987,0.0142493603197131,0.000203835050685746));
#8743=CARTESIAN_POINT('',(-0.00514979661756573,0.0141568753716121,0.000270131662967401));
#8744=CARTESIAN_POINT('',(-0.00514979661756592,0.0141568753716121,0.000270131662967326));
#8745=CARTESIAN_POINT('',(-0.00515192094010881,0.0143839661453679,0.00074347411162049));
#8746=CARTESIAN_POINT('',(-0.00515122563806063,0.0143082140181608,0.000585719721942795));
#8747=CARTESIAN_POINT('',(-0.00515051765816814,0.0142325156806224,0.000427939583030702));
#8748=CARTESIAN_POINT('',(-0.00514979661756573,0.0141568753716121,0.000270131662967355));
#8749=CARTESIAN_POINT('',(-0.00515192094010881,0.0143839661453679,0.00074347411162049));
#8750=CARTESIAN_POINT('',(-0.00515192094010881,0.0143839661453679,0.000743474111620491));
#8751=CARTESIAN_POINT('',(-0.00515268608422799,0.0144673274626592,0.000917074698387704));
#8752=CARTESIAN_POINT('',(-0.00527788223641268,0.0146111716416468,0.00103438507472679));
#8753=CARTESIAN_POINT('',(-0.00543254428908197,0.0147248013264977,0.00104418328959902));
#8754=CARTESIAN_POINT('',(-0.00543254428908149,0.0147248013264982,0.00104418328959903));
#8755=CARTESIAN_POINT('',(-0.00543254428908174,0.014724801326498,0.00104418328959998));
#8756=CARTESIAN_POINT('',(-0.00552017573993052,0.014782679930515,0.00103623950754153));
#8757=CARTESIAN_POINT('',(-0.00561448834424754,0.0148025958326303,0.000940069722175326));
#8758=CARTESIAN_POINT('',(-0.00561448834424754,0.0147565414862336,0.000844999999999999));
#8759=CARTESIAN_POINT('',(0.00460968961002612,0.014721488579632,0.000929393850649708));
#8760=CARTESIAN_POINT('',(0.0044467214805822,0.0146175334622105,0.000548807396302625));
#8761=CARTESIAN_POINT('',(0.00428361972636541,0.0145135037112257,0.000168298154495967));
#8762=CARTESIAN_POINT('',(0.00412036740886416,0.0144093896125069,-0.000212123839731211));
#8763=CARTESIAN_POINT('',(0.00410778337131809,0.0144013641477086,-0.000241448046161973));
#8764=CARTESIAN_POINT('',(0.00409519933377201,0.0143933386829103,-0.000270772252592736));
#8765=CARTESIAN_POINT('',(0.00408261529622594,0.014385313218112,-0.000300096459023499));
#8766=CARTESIAN_POINT('',(0.00458131354030618,0.0147223973560808,0.000941278888073992));
#8767=CARTESIAN_POINT('',(0.00441855541672991,0.0146183144685114,0.000560645070439196));
#8768=CARTESIAN_POINT('',(0.00425567501724044,0.014514153386196,0.000180084922509425));
#8769=CARTESIAN_POINT('',(0.00409265717545867,0.0144099044103221,-0.000200392264039656));
#8770=CARTESIAN_POINT('',(0.00408009121208945,0.0144018685487391,-0.000229720724880167));
#8771=CARTESIAN_POINT('',(0.00406752524872022,0.0143938326871561,-0.000259049185720679));
#8772=CARTESIAN_POINT('',(0.00405495928535099,0.0143857968255732,-0.00028837764656119));
#8773=CARTESIAN_POINT('',(0.00394404122321521,0.014742806739022,0.00120819412379337));
#8774=CARTESIAN_POINT('',(0.00378599943023739,0.0146358543780177,0.000826496617198019));
#8775=CARTESIAN_POINT('',(0.00362809023505371,0.0145287438449105,0.000444793214992685));
#8776=CARTESIAN_POINT('',(0.00347033826999578,0.0144214657857949,6.30765143314658E-5));
#8777=CARTESIAN_POINT('',(0.0034581782181102,0.0144131964322909,3.36525075754981E-5));
#8778=CARTESIAN_POINT('',(0.00344601816622462,0.0144049270787868,4.22850081953033E-6));
#8779=CARTESIAN_POINT('',(0.00343385811433904,0.0143966577252827,-2.51955059364374E-5));
#8780=CARTESIAN_POINT('',(0.00356147101357966,0.0147550589924166,0.00136842988948646));
#8781=CARTESIAN_POINT('',(0.00340626054959161,0.0146463840160968,0.000986093824306796));
#8782=CARTESIAN_POINT('',(0.00325133569033843,0.0145375028553043,0.000603704098506132));
#8783=CARTESIAN_POINT('',(0.00309674496029436,0.0144284063631898,0.000221243287107622));
#8784=CARTESIAN_POINT('',(0.00308482858703286,0.0144199968387559,0.000191761921794055));
#8785=CARTESIAN_POINT('',(0.00307291221377136,0.014411587314322,0.000162280556480488));
#8786=CARTESIAN_POINT('',(0.00306099584050986,0.0144031777898881,0.000132799191166922));
#8787=CARTESIAN_POINT('',(0.0035451308751731,0.0147555823042459,0.00137527379558046));
#8788=CARTESIAN_POINT('',(0.00339004134142584,0.0146468337524831,0.000992910456621012));
#8789=CARTESIAN_POINT('',(0.00323524394756574,0.0145378769655684,0.000610491416926435));
#8790=CARTESIAN_POINT('',(0.00308078823853576,0.014428702805496,0.000227998823459873));
#8791=CARTESIAN_POINT('',(0.00306888227314801,0.0144202872941548,0.000198515008277638));
#8792=CARTESIAN_POINT('',(0.00305697630776027,0.0144118717828136,0.000169031193095403));
#8793=CARTESIAN_POINT('',(0.00304507034237252,0.0144034562714724,0.000139547377913169));
#8794=CARTESIAN_POINT('',(0.00310123435830253,0.0144374783920407,0.000255955684451845));
#8795=CARTESIAN_POINT('',(0.00309971895568708,0.0144364533567716,0.000252385162531865));
#8796=CARTESIAN_POINT('',(0.00309867066480541,0.014435435826107,0.000248682461369036));
#8797=CARTESIAN_POINT('',(0.00309813634399012,0.014434426743274,0.000244834269151951));
#8798=CARTESIAN_POINT('',(0.00310123435830253,0.0144374783920407,0.000255955684451845));
#8799=CARTESIAN_POINT('',(0.00309813634399012,0.014434426743274,0.00024483426915195));
#8800=CARTESIAN_POINT('',(0.00309813634399012,0.014434426743274,0.000244834269151944));
#8801=CARTESIAN_POINT('',(0.00346143802359517,0.014450038662835,0.000180821252425841));
#8802=CARTESIAN_POINT('',(0.00382375099407242,0.0144630528531294,0.00011078709604165));
#8803=CARTESIAN_POINT('',(0.00418597988401694,0.014475047518799,4.02556321336491E-5));
#8804=CARTESIAN_POINT('',(0.00418551165575246,0.014670427048079,0.000845));
#8805=CARTESIAN_POINT('',(0.00418551165575246,0.0146938141895688,0.000940159531307693));
#8806=CARTESIAN_POINT('',(0.00410868481640082,0.0147106055679251,0.00103055822435458));
#8807=CARTESIAN_POINT('',(0.00401151957355839,0.0147066344898469,0.00104330176048487));
#8808=CARTESIAN_POINT('',(0.00401151957355838,0.0147066344898469,0.00104330176048486));
#8809=CARTESIAN_POINT('',(0.00401151957355838,0.0147066344898469,0.00104330176048486));
#8810=CARTESIAN_POINT('',(0.00387680813118232,0.0146952789517296,0.00103742486544025));
#8811=CARTESIAN_POINT('',(0.00361788084827473,0.0146660445586843,0.000997752479873437));
#8812=CARTESIAN_POINT('',(0.00335996219991944,0.0146123044109236,0.000865896296996574));
#8813=CARTESIAN_POINT('',(0.00330805106416322,0.0145772512365765,0.000743474111614817));
#8814=CARTESIAN_POINT('',(0.00330805106416323,0.0145772512365765,0.000743474111614812));
#8815=CARTESIAN_POINT('',(0.00310123435830253,0.0144374783920407,0.000255955684451844));
#8816=CARTESIAN_POINT('',(0.00317019477044017,0.0144841239856887,0.000418437034713828));
#8817=CARTESIAN_POINT('',(0.00323913275540914,0.0145307139097176,0.000580943859734258));
#8818=CARTESIAN_POINT('',(0.00330805106416322,0.0145772512365765,0.000743474111614817));
#8819=CARTESIAN_POINT('',(-0.00544941540078025,0.0140449878914574,0.000126899725736897));
#8820=CARTESIAN_POINT('',(-0.00473583567828321,0.0144395100263967,0.000127582510605117));
#8821=CARTESIAN_POINT('',(-0.00356744862714096,0.0148975112736991,0.000126321266538213));
#8822=CARTESIAN_POINT('',(-0.00195980262424364,0.0152048999491553,0.000126619008107733));
#8823=CARTESIAN_POINT('',(-0.000723191152901083,0.0152842957717413,0.00012681201650138));
#8824=CARTESIAN_POINT('',(0.00043617588362912,0.0152115409200752,0.000127288840639869));
#8825=CARTESIAN_POINT('',(0.00144113504905911,0.0150318572264552,0.000127541818872159));
#8826=CARTESIAN_POINT('',(0.00224496957744439,0.0148149855013192,0.000126385133651583));
#8827=CARTESIAN_POINT('',(0.0030703969283849,0.0145142534035022,0.000128188232741422));
#8828=CARTESIAN_POINT('',(0.00362737970617139,0.01425322974314,0.00012783442769096));
#8829=CARTESIAN_POINT('',(0.00400620529569932,0.0140593255228265,0.00012425878386525));
#8830=CARTESIAN_POINT('',(-0.00554190047101107,0.0142140090826507,4.83777252259419E-5));
#8831=CARTESIAN_POINT('',(-0.00481337035076473,0.0146166874768156,4.88246399022697E-5));
#8832=CARTESIAN_POINT('',(-0.00362402055300361,0.015082820100469,4.79986957232225E-5));
#8833=CARTESIAN_POINT('',(-0.00198452839517735,0.0153963387160919,4.81949847081655E-5));
#8834=CARTESIAN_POINT('',(-0.000723401697628866,0.0154776564126248,4.83187494416479E-5));
#8835=CARTESIAN_POINT('',(0.000459217926501088,0.0154029412235121,4.86359639109279E-5));
#8836=CARTESIAN_POINT('',(0.00148424181963023,0.0152195348704023,4.88016029660787E-5));
#8837=CARTESIAN_POINT('',(0.00230216662365768,0.0149994316663363,4.80381062846251E-5));
#8838=CARTESIAN_POINT('',(0.00314617327005105,0.0146912663527692,4.92272839555013E-5));
#8839=CARTESIAN_POINT('',(0.00371363195049761,0.014425418134385,4.8992125036526E-5));
#8840=CARTESIAN_POINT('',(0.00409500165963597,0.0142308315995571,4.66411781219585E-5));
#8841=CARTESIAN_POINT('',(-0.00563438660151936,0.0143830297050532,-3.0144250431804E-5));
#8842=CARTESIAN_POINT('',(-0.00489090412220829,0.0147938652634548,-2.99332378605499E-5));
#8843=CARTESIAN_POINT('',(-0.00368059314814705,0.0152681287654093,-3.0323872139495E-5));
#8844=CARTESIAN_POINT('',(-0.00200925385435727,0.0155877775110797,-3.02290394096982E-5));
#8845=CARTESIAN_POINT('',(-0.00072361251271662,0.0156710171270682,-3.01745163626157E-5));
#8846=CARTESIAN_POINT('',(0.000482261473081651,0.0155943412279597,-3.0016915518383E-5));
#8847=CARTESIAN_POINT('',(0.00152734614573217,0.0154072131250435,-2.9938595538755E-5));
#8848=CARTESIAN_POINT('',(0.00235936477296348,0.0151838775713076,-3.03089216297965E-5));
#8849=CARTESIAN_POINT('',(0.00322195142264902,0.0148682784608354,-2.97336276936151E-5));
#8850=CARTESIAN_POINT('',(0.00379988077385708,0.0145976080669038,-2.98502565934753E-5));
#8851=CARTESIAN_POINT('',(0.00418379638711143,0.0144023387571208,-3.09759086866353E-5));
#8852=CARTESIAN_POINT('',(-0.00572687364876411,0.0145520498343278,-0.000108666207486211));
#8853=CARTESIAN_POINT('',(-0.00496843712755975,0.0149710433372569,-0.000108691120921387));
#8854=CARTESIAN_POINT('',(-0.0037371663102232,0.0154534372927372,-0.000108646437751243));
#8855=CARTESIAN_POINT('',(-0.00203397905056376,0.0157792163298213,-0.000108653064099807));
#8856=CARTESIAN_POINT('',(-0.00072382355643035,0.0158643779036634,-0.000108667781155453));
#8857=CARTESIAN_POINT('',(0.00050530628876994,0.0157857409796616,-0.000108669797261992));
#8858=CARTESIAN_POINT('',(0.00157044840025097,0.0155948918968545,-0.000108678780483622));
#8859=CARTESIAN_POINT('',(0.00241656384655378,0.0153683232577365,-0.000108655951722675));
#8860=CARTESIAN_POINT('',(0.00329773108422611,0.0150452898676518,-0.000108694507595654));
#8861=CARTESIAN_POINT('',(0.00388612670477828,0.0147697992944506,-0.00010869271947543));
#8862=CARTESIAN_POINT('',(0.00427258954267904,0.0145738469391927,-0.000108592527288826));
#8863=CARTESIAN_POINT('',(0.00418551165575246,0.0145394505109927,-8.04238724358492E-5));
#8864=CARTESIAN_POINT('',(0.00382353033756174,0.0145268963665989,-1.00895365615615E-5));
#8865=CARTESIAN_POINT('',(0.00346150135820281,0.0145133145465504,5.99195255736019E-5));
#8866=CARTESIAN_POINT('',(0.00309849664492336,0.0144971995160396,0.000123982618313587));
#8867=CARTESIAN_POINT('',(0.00309849664492336,0.0144971995160396,0.000123982618313587));
#8868=CARTESIAN_POINT('',(0.00309849664492336,0.0144971995160396,0.000123982618313587));
#8869=CARTESIAN_POINT('',(0.00178654160871645,0.0150480266109013,0.000125747570612913));
#8870=CARTESIAN_POINT('',(-0.000332400961227008,0.0154375711508741,0.000124828002083765));
#8871=CARTESIAN_POINT('',(-0.0031716885489242,0.0150314457599713,0.000123074291157191));
#8872=CARTESIAN_POINT('',(-0.00448915374744633,0.014541730806332,0.000125364309656365));
#8873=CARTESIAN_POINT('',(-0.00512533199213786,0.0142231804571823,0.000124223710764286));
#8874=CARTESIAN_POINT('',(-0.00512533199213786,0.0142231804571823,0.000124223710764285));
#8875=CARTESIAN_POINT('',(-0.00512533199213778,0.0142231804571822,0.000124223710764358));
#8876=CARTESIAN_POINT('',(-0.00528834938809504,0.014307258075551,6.37176969613919E-5));
#8877=CARTESIAN_POINT('',(-0.00545141136249238,0.0143908506923401,2.66060370056008E-6));
#8878=CARTESIAN_POINT('',(-0.00561448834424714,0.0144740902326094,-5.88353604565912E-5));
#8879=CARTESIAN_POINT('',(-0.00519724304642001,0.0143614357189153,0.000743474111620597));
#8880=CARTESIAN_POINT('',(-0.00393086490194185,0.0150041899817528,0.000743474111620597));
#8881=CARTESIAN_POINT('',(-0.000959264367263551,0.0157606652843745,0.000743474111620598));
#8882=CARTESIAN_POINT('',(0.00205319834767351,0.0151442352136234,0.000743474111620598));
#8883=CARTESIAN_POINT('',(0.00335459470011276,0.0145567075968249,0.000743474111620598));
#8884=CARTESIAN_POINT('',(-0.00520048943494859,0.0142807013431758,0.000579881227595231));
#8885=CARTESIAN_POINT('',(-0.00394555713337759,0.0149238492941471,0.000579881227595231));
#8886=CARTESIAN_POINT('',(-0.0009978865973238,0.0156865569334938,0.000579881227595233));
#8887=CARTESIAN_POINT('',(0.00199570490907621,0.0150862129602473,0.000579881227595232));
#8888=CARTESIAN_POINT('',(0.00329019997050916,0.0145079029119698,0.000579881227595232));
#8889=CARTESIAN_POINT('',(-0.0052037229085566,0.0141999760074073,0.000416283554434273));
#8890=CARTESIAN_POINT('',(-0.00396023515795075,0.0148435158234113,0.000416283554434273));
#8891=CARTESIAN_POINT('',(-0.00103649275903272,0.015612451348454,0.000416283554434273));
#8892=CARTESIAN_POINT('',(0.0019382272728562,0.0150281886420376,0.000416283554434274));
#8893=CARTESIAN_POINT('',(0.00322582042840427,0.0144590940014629,0.000416283554434273));
#8894=CARTESIAN_POINT('',(-0.00520694283845629,0.0141192605102072,0.000252680681326378));
#8895=CARTESIAN_POINT('',(-0.00397489823316403,0.0147631902796765,0.000252680681326378));
#8896=CARTESIAN_POINT('',(-0.00107508191207184,0.015538348999317,0.000252680681326379));
#8897=CARTESIAN_POINT('',(0.00188076645290473,0.0149701624259212,0.000252680681326379));
#8898=CARTESIAN_POINT('',(0.00316145708998879,0.0144102808873967,0.000252680681326379));
#8899=CARTESIAN_POINT('',(-0.00514979661756573,0.0141568753716121,0.000270131662967402));
#8900=CARTESIAN_POINT('',(-0.00514977562912526,0.0141546735925197,0.000265538104538586));
#8901=CARTESIAN_POINT('',(-0.00514933588108202,0.0141526632617751,0.00026090143986371));
#8902=CARTESIAN_POINT('',(-0.00514847242939247,0.0141508468523699,0.000256221067844743));
#8903=CARTESIAN_POINT('',(-0.00514847242939247,0.0141508468523699,0.000256221067844745));
#8904=CARTESIAN_POINT('',(-0.00514847242939247,0.0141508468523699,0.000256221067844745));
#8905=CARTESIAN_POINT('',(-0.00451160153692795,0.014474165842451,0.000257450862197444));
#8906=CARTESIAN_POINT('',(-0.00319180057440417,0.0149712992258297,0.000255197783482481));
#8907=CARTESIAN_POINT('',(-0.00034255082267003,0.0153862082286759,0.000256891055984526));
#8908=CARTESIAN_POINT('',(0.00178568347740327,0.0149938094292813,0.000257761532342183));
#8909=CARTESIAN_POINT('',(0.00310123435830252,0.0144374783920407,0.000255955684451825));
#8910=CARTESIAN_POINT('',(0.00330805106416423,0.0145772512365788,0.000743474111620595));
#8911=CARTESIAN_POINT('',(0.0019677952053585,0.0151647582879314,0.000743474111620595));
#8912=CARTESIAN_POINT('',(-0.000950349449734831,0.0157367343037501,0.000743474111620602));
#8913=CARTESIAN_POINT('',(-0.00383989509783699,0.0150320699114911,0.000743474111620597));
#8914=CARTESIAN_POINT('',(-0.00515192094010883,0.0143839661453679,0.000743474111620596));
#8915=CARTESIAN_POINT('',(0.00969711165575245,-0.000979718155720336,-0.007555));
#8916=CARTESIAN_POINT('',(0.00969711165575245,-0.00128171815572034,-0.000655));
#8917=CARTESIAN_POINT('',(0.00969711165575245,0.000268281844279664,-0.001755));
#8918=CARTESIAN_POINT('',(0.00969711165575245,0.000268281844279664,-0.003105));
#8919=CARTESIAN_POINT('',(0.00969711165575245,-0.000979718155720336,-0.003105));
#8920=CARTESIAN_POINT('',(0.00969711165575245,0.00415079625278183,-0.003105));
#8921=CARTESIAN_POINT('',(0.00969711165575245,0.00415079625278183,-0.001755));
#8922=CARTESIAN_POINT('',(0.00969711165575245,-0.00386423256422251,-0.007555));
#8923=CARTESIAN_POINT('',(0.00445486429735454,-0.0121277109811655,-0.006405));
#8924=CARTESIAN_POINT('',(0.00445486429735454,-0.0121277109811655,-0.000455));
#8925=CARTESIAN_POINT('',(0.00714366703407368,-0.00968109671578626,-0.006405));
#8926=CARTESIAN_POINT('',(0.00714366703407368,-0.00968109671578626,-0.000455));
#8927=CARTESIAN_POINT('',(0.00889120143349551,-0.00692305079082162,-0.006405));
#8928=CARTESIAN_POINT('',(0.00889120143349551,-0.00692305079082162,-0.000455));
#8929=CARTESIAN_POINT('',(0.00969711165575245,-0.00386423256422251,-0.006405));
#8930=CARTESIAN_POINT('',(0.00969711165575245,-0.00386423256422251,-0.000455));
#8931=CARTESIAN_POINT('',(0.00445486429735454,-0.0121277109811655,-0.007555));
#8932=CARTESIAN_POINT('',(0.00445486429740052,-0.012127710981137,-0.006405));
#8933=CARTESIAN_POINT('',(0.00445486429740052,-0.012127710981137,3.64586788784349E-5));
#8934=CARTESIAN_POINT('',(0.00396926352400085,-0.0125741134390102,-0.006405));
#8935=CARTESIAN_POINT('',(0.00396926352400085,-0.0125741134390102,3.64586788784349E-5));
#8936=CARTESIAN_POINT('',(0.00297953747007379,-0.0133288650487004,-0.006405));
#8937=CARTESIAN_POINT('',(0.00297953747007379,-0.0133288650487004,3.64586788784349E-5));
#8938=CARTESIAN_POINT('',(0.00144158392354068,-0.0140427052748019,-0.006405));
#8939=CARTESIAN_POINT('',(0.00144158392354068,-0.0140427052748019,3.64586788784366E-5));
#8940=CARTESIAN_POINT('',(-0.000159235701474242,-0.0143332384260216,-0.006405));
#8941=CARTESIAN_POINT('',(-0.000159235701474242,-0.0143332384260216,3.6458678878434E-5));
#8942=CARTESIAN_POINT('',(-0.00123348472715939,-0.0142406481950927,-0.006405));
#8943=CARTESIAN_POINT('',(-0.00123348472715939,-0.0142406481950927,3.64586788784349E-5));
#8944=CARTESIAN_POINT('',(-0.00176432663292463,-0.0142177695427329,-0.006405));
#8945=CARTESIAN_POINT('',(-0.00176432663292463,-0.0142177695427329,3.64586788784349E-5));
#8946=CARTESIAN_POINT('',(0.00413667908906948,-0.0124092233812487,-1.95956373914494E-6));
#8947=CARTESIAN_POINT('',(0.00415256025842221,-0.0123957171360092,-0.000112544810449217));
#8948=CARTESIAN_POINT('',(0.00416527403615783,-0.0123848250309048,-0.000223872524716834));
#8949=CARTESIAN_POINT('',(0.00417388251801607,-0.0123774352767343,-0.000335837940709196));
#8950=CARTESIAN_POINT('',(0.00413667908906948,-0.0124092233812487,-1.95956373913172E-6));
#8951=CARTESIAN_POINT('',(0.00417388251801602,-0.012377435276734,-0.000335837940709175));
#8952=CARTESIAN_POINT('',(0.00417388251801634,-0.012377435276734,-0.000335837940708956));
#8953=CARTESIAN_POINT('',(0.00420479805769535,-0.0123508965394701,-0.0003686063836371));
#8954=CARTESIAN_POINT('',(0.00423851716701764,-0.0123216326457069,-0.000396967390598619));
#8955=CARTESIAN_POINT('',(0.00427325947026286,-0.0122910657954831,-0.000420527782721844));
#8956=CARTESIAN_POINT('',(0.00427325947026286,-0.0122910657954831,-0.000420527782721842));
#8957=CARTESIAN_POINT('',(0.00427325947026285,-0.0122910657954831,-0.000420527782721873));
#8958=CARTESIAN_POINT('',(0.00430788522405242,-0.0122606014873887,-0.000444009137169998));
#8959=CARTESIAN_POINT('',(0.00434675271298487,-0.0122259843434821,-0.000455000000005949));
#8960=CARTESIAN_POINT('',(0.00438551165578315,-0.012190940404472,-0.000455));
#8961=CARTESIAN_POINT('',(-0.00176432663292464,-0.0142177695427329,-0.007555));
#8962=CARTESIAN_POINT('',(0.00404815062570439,-0.0124836761875349,-0.000138231879227945));
#8963=CARTESIAN_POINT('',(0.00410072950340841,-0.0124399531409008,-0.000138329629866228));
#8964=CARTESIAN_POINT('',(0.00414633368498018,-0.0124010125664679,-6.91873507447987E-5));
#8965=CARTESIAN_POINT('',(0.00413667908906948,-0.0124092233812487,-1.95956373912933E-6));
#8966=CARTESIAN_POINT('',(-0.0111260883442475,-0.000979718155720336,-0.007555));
#8967=CARTESIAN_POINT('',(-0.0111260883442475,-0.00139063404178567,-0.000655));
#8968=CARTESIAN_POINT('',(-0.0111260883442475,-0.00387575078058362,-0.007555));
#8969=CARTESIAN_POINT('',(-0.0111260883442475,0.00515079625278184,-0.001755));
#8970=CARTESIAN_POINT('',(-0.0111260883442475,-0.000840634041785675,-0.001755));
#8971=CARTESIAN_POINT('',(-0.0111260883442475,-0.00387575078058362,-0.006405));
#8972=CARTESIAN_POINT('',(-0.0111260883442475,-0.00387575078058362,3.6924454753391E-5));
#8973=CARTESIAN_POINT('',(-0.00836674056459136,-0.0102783726292916,-0.006405));
#8974=CARTESIAN_POINT('',(-0.00836674056459136,-0.0102783726292916,3.6924454753391E-5));
#8975=CARTESIAN_POINT('',(-0.00526239779884098,-0.0137596092748259,-0.006405));
#8976=CARTESIAN_POINT('',(-0.00526239779884098,-0.0137596092748259,3.6924454753391E-5));
#8977=CARTESIAN_POINT('',(-0.00176432663292464,-0.0142177695427329,-0.006405));
#8978=CARTESIAN_POINT('',(-0.00176432663292464,-0.0142177695427329,3.6924454753391E-5));
#8979=CARTESIAN_POINT('',(-0.00581448834424755,-0.0121909903423737,-0.000455));
#8980=CARTESIAN_POINT('',(-0.00577652022846475,-0.0122253227146012,-0.000455));
#8981=CARTESIAN_POINT('',(-0.00573846288260056,-0.0122592329417726,-0.000444431276260603));
#8982=CARTESIAN_POINT('',(-0.00570440509299478,-0.0122892159606898,-0.00042197807578738));
#8983=CARTESIAN_POINT('',(-0.00570440509299482,-0.0122892159606898,-0.0004219780757873));
#8984=CARTESIAN_POINT('',(-0.00560317770620256,-0.0123772272089698,-0.000335674884959701));
#8985=CARTESIAN_POINT('',(-0.00563445583160282,-0.0123503733791927,-0.000369286394591201));
#8986=CARTESIAN_POINT('',(-0.00566873484582329,-0.0123206185181695,-0.000398461834130321));
#8987=CARTESIAN_POINT('',(-0.00570440509299482,-0.0122892159606898,-0.000421978075787296));
#8988=CARTESIAN_POINT('',(-0.00560317770620324,-0.0123772272089699,-0.000335674884959225));
#8989=CARTESIAN_POINT('',(-0.00560317770620324,-0.0123772272089699,-0.000335674884959225));
#8990=CARTESIAN_POINT('',(-0.00559459693759867,-0.0123845942266764,-0.000223599561003178));
#8991=CARTESIAN_POINT('',(-0.00558183717144038,-0.0123955274764944,-0.000112173975292939));
#8992=CARTESIAN_POINT('',(-0.00556589640083287,-0.0124090859923811,-1.49656585150294E-6));
#8993=CARTESIAN_POINT('',(-0.00556589640083287,-0.0124090859923811,-1.49656585150403E-6));
#8994=CARTESIAN_POINT('',(-0.00556589640083287,-0.0124090859923811,-1.49656585150403E-6));
#8995=CARTESIAN_POINT('',(-0.00557555113950779,-0.0124008740976578,-6.85298038807267E-5));
#8996=CARTESIAN_POINT('',(-0.00553023200798479,-0.0124395773163196,-0.000137588331131207));
#8997=CARTESIAN_POINT('',(-0.00547781025062528,-0.0124831790006387,-0.000137970865390447));
#8998=CARTESIAN_POINT('',(0.,0.0241561434216387,-0.0165669103487873));
#8999=CARTESIAN_POINT('',(-3.65535609904792E-5,0.0166400804479061,-0.0063954148056627));
#9000=CARTESIAN_POINT('',(-0.000972069959812855,0.0166725095102414,-0.00608302423940254));
#9001=CARTESIAN_POINT('',(-0.00169796278962729,0.0166423920055693,-0.00504505213343725));
#9002=CARTESIAN_POINT('',(-0.00168136655763466,0.0166777500664024,-0.00380047157845712));
#9003=CARTESIAN_POINT('',(-0.00122987584882979,0.0167342546760379,-0.00294261581532756));
#9004=CARTESIAN_POINT('',(-0.000666704120910877,0.0167638906392989,-0.00247208091808798));
#9005=CARTESIAN_POINT('',(6.41267476993613E-5,0.0167421615876829,-0.0023292649461332));
#9006=CARTESIAN_POINT('',(0.000752631664773256,0.0166605994453145,-0.00257868534980601));
#9007=CARTESIAN_POINT('',(0.00126212777003474,0.0165609623814169,-0.00308728452827159));
#9008=CARTESIAN_POINT('',(0.00167617897852269,0.016450279880174,-0.00394732533028265));
#9009=CARTESIAN_POINT('',(0.00169624580024056,0.0164186803603508,-0.00494443624228995));
#9010=CARTESIAN_POINT('',(0.00125525020862901,0.0164895550767699,-0.00580818823745294));
#9011=CARTESIAN_POINT('',(0.000684417056681901,0.0165718657303177,-0.00626565342974411));
#9012=CARTESIAN_POINT('',(-3.65535609904792E-5,0.0166400804479061,-0.0063954148056627));
#9013=CARTESIAN_POINT('',(-0.000972069959812855,0.0166725095102414,-0.00608302423940254));
#9014=CARTESIAN_POINT('',(-0.00169796278962729,0.0166423920055693,-0.00504505213343725));
#9015=CARTESIAN_POINT('',(-0.000708624015526361,0.0166596919891515,-0.00611795628775824));
#9016=CARTESIAN_POINT('',(-0.000469319902329774,0.0144207504488823,-0.0083912178606289));
#9017=CARTESIAN_POINT('',(0.000292389059074738,0.014479574846146,-0.00838925413193896));
#9018=CARTESIAN_POINT('',(0.000954579423239049,0.014103109451731,-0.00840166151584144));
#9019=CARTESIAN_POINT('',(0.00154080545468044,0.0133124870537388,-0.00842664738421521));
#9020=CARTESIAN_POINT('',(0.00178440583637667,0.0120796520939081,-0.00846253501655908));
#9021=CARTESIAN_POINT('',(0.00130188423683679,0.0108818905774035,-0.00849261688273146));
#9022=CARTESIAN_POINT('',(0.000456664089496261,0.0103443177396511,-0.00850518793621968));
#9023=CARTESIAN_POINT('',(-0.000299169331233371,0.010301806831127,-0.00850616597704638));
#9024=CARTESIAN_POINT('',(-0.000969737353984656,0.0106357327051363,-0.00849840005736981));
#9025=CARTESIAN_POINT('',(-0.00158145603154978,0.0114124365059552,-0.00847952496011275));
#9026=CARTESIAN_POINT('',(-0.00172764958609022,0.0124154389104555,-0.00845284411315095));
#9027=CARTESIAN_POINT('',(-0.00146785323005019,0.013357696215574,-0.00842505018930309));
#9028=CARTESIAN_POINT('',(-0.0010746036178409,0.0139784694057092,-0.0084056819242385));
#9029=CARTESIAN_POINT('',(-0.000469319902329774,0.0144207504488823,-0.0083912178606289));
#9030=CARTESIAN_POINT('',(0.000292389059074738,0.014479574846146,-0.00838925413193896));
#9031=CARTESIAN_POINT('',(0.000954579423239049,0.014103109451731,-0.00840166151584144));
#9032=CARTESIAN_POINT('',(0.000275802626201371,0.0144070265475329,-0.00839164931737103));
#9033=CARTESIAN_POINT('',(-0.01209978419651,0.00617516884814918,-0.00769398143194332));
#9034=CARTESIAN_POINT('',(-0.0121011227000764,0.00615548935639802,-0.00780168915419192));
#9035=CARTESIAN_POINT('',(-0.0120637855287611,0.00613445382508314,-0.00790245357985809));
#9036=CARTESIAN_POINT('',(-0.0120471967450292,0.0069483414743597,-0.00782844090405201));
#9037=CARTESIAN_POINT('',(-0.0120494011310218,0.00693634937374867,-0.00805595388574569));
#9038=CARTESIAN_POINT('',(-0.0119392292612945,0.00686697452033222,-0.00823860225722846));
#9039=CARTESIAN_POINT('',(-0.0119155330230027,0.00771984217669923,-0.00795499995762435));
#9040=CARTESIAN_POINT('',(-0.0118919779613952,0.00780401395178446,-0.00832167318481539));
#9041=CARTESIAN_POINT('',(-0.0116273765293491,0.00759791119849579,-0.008555));
#9042=CARTESIAN_POINT('',(-0.0117038899647292,0.00847612819970305,-0.007955));
#9043=CARTESIAN_POINT('',(-0.0117038899647292,0.00847612819970305,-0.008555));
#9044=CARTESIAN_POINT('',(-0.0111260883442475,0.00831443315534882,-0.008555));
#9045=CARTESIAN_POINT('',(-0.0120579002323916,0.00616828184428014,-0.00791794160014158));
#9046=CARTESIAN_POINT('',(-0.0120856423544787,0.00617543218894637,-0.00784671681038667));
#9047=CARTESIAN_POINT('',(-0.0120992970830763,0.00618232637496575,-0.0077728652878492));
#9048=CARTESIAN_POINT('',(-0.0120988348171479,0.00618900304351733,-0.00769638517741994));
#9049=CARTESIAN_POINT('',(-0.0111260883442475,0.00831443315534882,-0.007955));
#9050=CARTESIAN_POINT('',(-0.000714488344247546,0.00540079625278184,-0.007955));
#9051=CARTESIAN_POINT('',(-0.000605432709684783,0.00636088110549808,-0.003105));
#9052=CARTESIAN_POINT('',(0.00969663141109097,0.00415079625278183,-0.003105));
#9053=CARTESIAN_POINT('',(-0.000605432709684783,0.000268281844279664,-0.003105));
#9054=CARTESIAN_POINT('',(-0.000605432709684783,0.00415079625278183,-0.001755));
#9055=CARTESIAN_POINT('',(0.0101971116557524,0.000268281844279664,-0.001755));
#9056=CARTESIAN_POINT('',(-0.0116260883442475,-0.000840634041785675,-0.001755));
#9057=CARTESIAN_POINT('',(-0.0113760883442475,0.00515079625278184,-0.001755));
#9058=CARTESIAN_POINT('',(0.00984906464392153,0.00570079625278184,-0.000655));
#9059=CARTESIAN_POINT('',(0.0101971116557524,-0.00128171815572034,-0.000655));
#9060=CARTESIAN_POINT('',(0.00438551165575245,-0.0152635674174359,-0.000255));
#9061=CARTESIAN_POINT('',(0.00427325947026316,-0.0122910657954823,-0.000420527782722044));
#9062=CARTESIAN_POINT('',(0.00422501254881616,-0.0124873469533429,-0.000387809272955919));
#9063=CARTESIAN_POINT('',(0.00418551165575245,-0.0126817339334715,-0.000330322881595899));
#9064=CARTESIAN_POINT('',(0.00418551165575245,-0.0127992086094649,-0.000255));
#9065=CARTESIAN_POINT('',(0.00398551165575245,-0.0101226427865781,0.000845));
#9066=CARTESIAN_POINT('',(0.00398551165575267,-0.0130313285157168,0.000845));
#9067=CARTESIAN_POINT('',(-0.00541448834424755,-0.0152635674174359,0.000845));
#9068=CARTESIAN_POINT('',(-0.00541448834424755,-0.0130313827052317,0.000845));
#9069=CARTESIAN_POINT('',(-0.00581448834424755,-0.00384480374721817,-0.000255));
#9070=CARTESIAN_POINT('',(-0.00570440509299481,-0.0122892159606898,-0.000421978075787293));
#9071=CARTESIAN_POINT('',(-0.00565348507893627,-0.0124794938991761,-0.000388408155455115));
#9072=CARTESIAN_POINT('',(-0.00561448834424755,-0.0126787387656539,-0.000330936769892946));
#9073=CARTESIAN_POINT('',(-0.00561448834424755,-0.0127980110110831,-0.000255000000000007));
#9074=CARTESIAN_POINT('',(-0.0116260883442475,-0.00139063404178567,-0.000655));
#9075=CARTESIAN_POINT('',(-0.0109760883442475,0.00570079625278184,-0.000655));
#9076=CARTESIAN_POINT('',(0.00438551165575245,-0.00384480374721817,-0.000255));
#9077=CARTESIAN_POINT('',(-0.00581448834424754,0.0158123962527819,-0.000255));
#9078=CARTESIAN_POINT('',(-0.00541448834424754,-0.00186975629636919,0.000845));
#9079=CARTESIAN_POINT('',(-0.00543254428908149,0.0147248013264982,0.00104418328959903));
#9080=CARTESIAN_POINT('',(-0.00542654043624323,0.0147384980373523,0.00104472753824488));
#9081=CARTESIAN_POINT('',(-0.0054205174974136,0.0147521947656387,0.001045));
#9082=CARTESIAN_POINT('',(-0.00541448834424755,0.0147658890523264,0.001045));
#9083=CARTESIAN_POINT('',(0.00398551165575245,0.0158123962527819,0.000845));
#9084=CARTESIAN_POINT('',(0.00401151957355838,0.0147066344898469,0.00104330176048486));
#9085=CARTESIAN_POINT('',(0.0040028873358565,0.0147263854468285,0.00104443390640269));
#9086=CARTESIAN_POINT('',(0.00399420650936993,0.0147461400403391,0.001045));
#9087=CARTESIAN_POINT('',(0.00398551165575253,0.0147658890523264,0.001045));
#9088=CARTESIAN_POINT('',(-0.00570532330800949,-0.0122857907116062,-0.000422579816395479));
#9089=CARTESIAN_POINT('',(-0.00567501591139884,-0.0122452178173656,-0.000402836937327785));
#9090=CARTESIAN_POINT('',(-0.00563904131309923,-0.0122055926966288,-0.000393341812576664));
#9091=CARTESIAN_POINT('',(-0.00567946475206091,-0.0123820852174085,-0.000405735006215423));
#9092=CARTESIAN_POINT('',(-0.00565054689321485,-0.0123398362793027,-0.00038020024220205));
#9093=CARTESIAN_POINT('',(-0.00561385360902847,-0.0122985527452131,-0.000365095230152259));
#9094=CARTESIAN_POINT('',(-0.00563514664000037,-0.0125771903134622,-0.000360094750094738));
#9095=CARTESIAN_POINT('',(-0.00561343510738161,-0.0125309821328067,-0.000322570301576701));
#9096=CARTESIAN_POINT('',(-0.00557904202552392,-0.0124857694801627,-0.000294811037346926));
#9097=CARTESIAN_POINT('',(-0.00561423011113522,-0.0127404418169721,-0.000292085863166268));
#9098=CARTESIAN_POINT('',(-0.00560913546492111,-0.0126827856719084,-0.000257055675164312));
#9099=CARTESIAN_POINT('',(-0.00558656941196385,-0.0126270743046996,-0.000226777471571983));
#9100=CARTESIAN_POINT('',(-0.00561449301863529,-0.0128001464032012,-0.000253632618105479));
#9101=CARTESIAN_POINT('',(-0.00561468365337081,-0.0127372905399675,-0.000225750095923941));
#9102=CARTESIAN_POINT('',(-0.00559630539485286,-0.012676768169212,-0.000198775790007917));
#9103=CARTESIAN_POINT('',(-0.00561448834424755,-0.0124999523637234,-0.000321209727543602));
#9104=CARTESIAN_POINT('',(-0.00561448834424755,-0.0124590771532512,-0.000329260920694556));
#9105=CARTESIAN_POINT('',(-0.00561095272781662,-0.0124179965038701,-0.000332804551450782));
#9106=CARTESIAN_POINT('',(-0.00560317770620339,-0.0123772272089701,-0.000335674884960359));
#9107=CARTESIAN_POINT('',(-0.00541448834424755,-0.0130313827052317,0.001045));
#9108=CARTESIAN_POINT('',(-0.00561448834424821,-0.0130313827052331,0.001045));
#9109=CARTESIAN_POINT('',(-0.00561448834424755,-0.0130313827052331,0.000844999999999346));
#9110=CARTESIAN_POINT('',(-0.00541448842422354,-0.0129287769627552,0.001045));
#9111=CARTESIAN_POINT('',(-0.00559017451817352,-0.0128818978108233,0.00104500000000004));
#9112=CARTESIAN_POINT('',(-0.00561448834424877,-0.0128722232549193,0.000870887607731626));
#9113=CARTESIAN_POINT('',(-0.00536846972363336,-0.0128249479614723,0.001045));
#9114=CARTESIAN_POINT('',(-0.00550381023204347,-0.0127359330605676,0.00104499999999995));
#9115=CARTESIAN_POINT('',(-0.0055377906799619,-0.0127111451405543,0.000897056378109305));
#9116=CARTESIAN_POINT('',(-0.00528792797595974,-0.0127621967447203,0.001045));
#9117=CARTESIAN_POINT('',(-0.00537425974995619,-0.0126513890505736,0.001045));
#9118=CARTESIAN_POINT('',(-0.0054035543971012,-0.0126137890783883,0.000912865273210341));
#9119=CARTESIAN_POINT('',(-0.00561448834424755,-0.0130313827052291,0.000845));
#9120=CARTESIAN_POINT('',(-0.00561448834424751,-0.0128686049983179,0.000871476125125098));
#9121=CARTESIAN_POINT('',(-0.00553654437290107,-0.0127102412394694,0.000897203142043202));
#9122=CARTESIAN_POINT('',(-0.00540355439710118,-0.0126137890783883,0.000912865273210356));
#9123=CARTESIAN_POINT('',(-0.00540355439710119,-0.0126137890783883,0.000912865273210365));
#9124=CARTESIAN_POINT('',(-0.00528792797595972,-0.0127621967447203,0.000845));
#9125=CARTESIAN_POINT('',(-0.00483807812275157,-0.0126559026087317,0.00102576879690874));
#9126=CARTESIAN_POINT('',(-0.00561448834424755,-0.0121875656551434,0.00124016739139389));
#9127=CARTESIAN_POINT('',(-0.00561448834424755,-0.0130347429973082,0.000852340571305992));
#9128=CARTESIAN_POINT('',(-0.00483310685071107,-0.0124696942906994,0.00061108807400208));
#9129=CARTESIAN_POINT('',(-0.00561448834424442,-0.011983617372032,0.000827069207898646));
#9130=CARTESIAN_POINT('',(-0.00561448834424755,-0.0128458140300552,0.000439640024870387));
#9131=CARTESIAN_POINT('',(-0.00482794283487068,-0.0122848509654962,0.000196041446866966));
#9132=CARTESIAN_POINT('',(-0.00561448834425013,-0.0117818332522001,0.000418356770841763));
#9133=CARTESIAN_POINT('',(-0.00561448834424755,-0.0126579189532895,2.64673268265914E-5));
#9134=CARTESIAN_POINT('',(-0.00482259221678245,-0.012100572707839,-0.000218844044695797));
#9135=CARTESIAN_POINT('',(-0.00561448834424755,-0.0115821664230081,1.66949089559238E-5));
#9136=CARTESIAN_POINT('',(-0.00561448834424755,-0.0124701643031665,-0.000386768740420315));
#9137=CARTESIAN_POINT('',(-0.00482778828995518,-0.0122818079531214,0.000188767558217995));
#9138=CARTESIAN_POINT('',(-0.00506504761461971,-0.0121055764359014,0.000202388258374326));
#9139=CARTESIAN_POINT('',(-0.00543859276278804,-0.0121642366236452,0.000105714533014928));
#9140=CARTESIAN_POINT('',(-0.00556589640083287,-0.0124090859923811,-1.49656585150395E-6));
#9141=CARTESIAN_POINT('',(-0.00540355439710119,-0.0126137890783883,0.000912865273210365));
#9142=CARTESIAN_POINT('',(-0.00522876463027546,-0.0124870212476267,0.000933450134875584));
#9143=CARTESIAN_POINT('',(-0.00499680644119019,-0.0124559625881173,0.000846810152224272));
#9144=CARTESIAN_POINT('',(-0.00483434139033753,-0.01251750361926,0.000716975501798476));
#9145=CARTESIAN_POINT('',(-0.00483434139033753,-0.0125175036192628,0.000716975501804631));
#9146=CARTESIAN_POINT('',(-0.00483434139033626,-0.0125175036192623,0.000716975501801553));
#9147=CARTESIAN_POINT('',(-0.004834341390335,-0.0125175036192619,0.000716975501798475));
#9148=CARTESIAN_POINT('',(-0.00491102012725765,-0.0124884579231559,0.000778253351078522));
#9149=CARTESIAN_POINT('',(-0.00489916660588456,-0.012503311348066,0.000791483916181057));
#9150=CARTESIAN_POINT('',(-0.00488731294363525,-0.0125181648141545,0.00080471431155977));
#9151=CARTESIAN_POINT('',(-0.00509430433220257,-0.0124674842231563,0.000884750471274728));
#9152=CARTESIAN_POINT('',(-0.00505893537065829,-0.0125004639695126,0.000938298723499796));
#9153=CARTESIAN_POINT('',(-0.00502320783016361,-0.0125573664354747,0.000964585416249757));
#9154=CARTESIAN_POINT('',(-0.00530936195096489,-0.0125454751695135,0.000923958246324778));
#9155=CARTESIAN_POINT('',(-0.00526575329521566,-0.0125740830002494,0.00103735923655953));
#9156=CARTESIAN_POINT('',(-0.00520294371681823,-0.0126816340944429,0.00104499999999992));
#9157=CARTESIAN_POINT('',(-0.00540355439710103,-0.0126137890783885,0.00091286527321037));
#9158=CARTESIAN_POINT('',(-0.0053742597499557,-0.012651389050574,0.00104500000000075));
#9159=CARTESIAN_POINT('',(-0.00528792797595874,-0.0127621967447212,0.001045));
#9160=CARTESIAN_POINT('',(-0.00528792797595972,-0.0127621967447203,0.001045));
#9161=CARTESIAN_POINT('',(-0.00513017238015398,-0.012612648893092,0.001045));
#9162=CARTESIAN_POINT('',(-0.00494668415405523,-0.0125189029579866,0.000903046694808486));
#9163=CARTESIAN_POINT('',(-0.00483434139033753,-0.01251750361926,0.000716975501798474));
#9164=CARTESIAN_POINT('',(-0.00530622189222424,-0.012747905399755,0.001045));
#9165=CARTESIAN_POINT('',(-0.00509088750560784,-0.0124729302288301,0.001045));
#9166=CARTESIAN_POINT('',(-0.0050167785805818,-0.0123782954858784,0.000717078705567043));
#9167=CARTESIAN_POINT('',(-0.00427859492956889,-0.0135526450551187,0.001045));
#9168=CARTESIAN_POINT('',(-0.00409893548562731,-0.0132491804003423,0.00104500000000441));
#9169=CARTESIAN_POINT('',(-0.00403788468839347,-0.0131446166561082,0.00071653018812642));
#9170=CARTESIAN_POINT('',(-0.00305815985852135,-0.014142149858558,0.001045));
#9171=CARTESIAN_POINT('',(-0.00295252970731716,-0.0138064080781294,0.00104500000000785));
#9172=CARTESIAN_POINT('',(-0.00291853721106414,-0.0136883870922985,0.000720152805011125));
#9173=CARTESIAN_POINT('',(-0.00175617790731129,-0.0143172450343741,0.001045));
#9174=CARTESIAN_POINT('',(-0.00170971873384794,-0.0139717815093573,0.001045));
#9175=CARTESIAN_POINT('',(-0.00169364932652571,-0.013852291779243,0.000717941166666543));
#9176=CARTESIAN_POINT('',(-0.00173689015424502,-0.0138468658473621,0.000719329940809669));
#9177=CARTESIAN_POINT('',(-0.00174339542924036,-0.0139178908087148,0.000910831439397564));
#9178=CARTESIAN_POINT('',(-0.00176124654928826,-0.0141134395488584,0.001045));
#9179=CARTESIAN_POINT('',(-0.00177933094120788,-0.0143140963947635,0.001045));
#9180=CARTESIAN_POINT('',(-0.00181555801423251,-0.0143125350511685,0.001045));
#9181=CARTESIAN_POINT('',(-0.00180059617580966,-0.0139653830117708,0.001045));
#9182=CARTESIAN_POINT('',(-0.00179537958299645,-0.0138443450228131,0.000719329940805995));
#9183=CARTESIAN_POINT('',(-0.00156096219547137,-0.0143235078269884,0.001045));
#9184=CARTESIAN_POINT('',(-0.00154600035703375,-0.0139763557877357,0.00104500000001329));
#9185=CARTESIAN_POINT('',(-0.00154078376419167,-0.01385531779864,0.000719329940822084));
#9186=CARTESIAN_POINT('',(-0.00117893744519617,-0.0143382759002137,0.001045));
#9187=CARTESIAN_POINT('',(-0.00116740711857808,-0.0139907938771549,0.00104499999999701));
#9188=CARTESIAN_POINT('',(-0.00116291463040825,-0.0138699111146071,0.000718966511297363));
#9189=CARTESIAN_POINT('',(-0.000670087940226663,-0.0143644980038391,0.001045));
#9190=CARTESIAN_POINT('',(-0.000649332661626478,-0.0140179714739656,0.00104500000000054));
#9191=CARTESIAN_POINT('',(-0.000642529220494639,-0.01389665400884,0.0007200299646776));
#9192=CARTESIAN_POINT('',(9.56315560418271E-5,-0.0143756329582546,0.00104499999999999));
#9193=CARTESIAN_POINT('',(5.65222497626696E-5,-0.0140196190442723,0.00104499999999933));
#9194=CARTESIAN_POINT('',(3.94130940177665E-5,-0.0139024650657653,0.000709387635500329));
#9195=CARTESIAN_POINT('',(0.00122792734098777,-0.0141983923546787,0.001045));
#9196=CARTESIAN_POINT('',(0.00113319147314235,-0.0138601087086886,0.00104500000000019));
#9197=CARTESIAN_POINT('',(0.00110513455176745,-0.013742658471946,0.000717897640947926));
#9198=CARTESIAN_POINT('',(0.0026487414974634,-0.0136155882808625,0.001045));
#9199=CARTESIAN_POINT('',(0.00248023425387703,-0.0133053837274851,0.00104500000000021));
#9200=CARTESIAN_POINT('',(0.00242085703988769,-0.013199954796605,0.000715478558063297));
#9201=CARTESIAN_POINT('',(0.0034870074480724,-0.0130543763703094,0.001045));
#9202=CARTESIAN_POINT('',(0.00328518192622396,-0.0127684092574958,0.0010449999999994));
#9203=CARTESIAN_POINT('',(0.0032159715218832,-0.012670133805178,0.000716698341381809));
#9204=CARTESIAN_POINT('',(0.00388752602715655,-0.0127398566887414,0.001045));
#9205=CARTESIAN_POINT('',(0.00367174826836422,-0.0124650789637634,0.001045));
#9206=CARTESIAN_POINT('',(0.00359755114122216,-0.0123705941664881,0.00071692950644527));
#9207=CARTESIAN_POINT('',(0.00385898646689554,-0.01276218377797,0.001045));
#9208=CARTESIAN_POINT('',(0.00370119576220769,-0.0126125849366038,0.001045));
#9209=CARTESIAN_POINT('',(0.00351765686414182,-0.0125188280551311,0.000902957457018908));
#9210=CARTESIAN_POINT('',(0.00340531734829299,-0.012517487399008,0.000716813159620608));
#9211=CARTESIAN_POINT('',(0.00385898646689554,-0.01276218377797,0.001045));
#9212=CARTESIAN_POINT('',(0.00394534526588606,-0.0126513674463451,0.001045));
#9213=CARTESIAN_POINT('',(0.00397463634099093,-0.0126137808943039,0.000912835762996415));
#9214=CARTESIAN_POINT('',(0.00393962881255759,-0.0128250281475559,0.001045));
#9215=CARTESIAN_POINT('',(0.00407506760121228,-0.0127360494882156,0.00104500000000005));
#9216=CARTESIAN_POINT('',(0.004109040291615,-0.0127112877407015,0.000897010735937247));
#9217=CARTESIAN_POINT('',(0.00398551159286594,-0.0129282004547378,0.001045));
#9218=CARTESIAN_POINT('',(0.0041610844744365,-0.012881124101432,0.00104499999999995));
#9219=CARTESIAN_POINT('',(0.0041855116557553,-0.0128713548313623,0.000871015912769371));
#9220=CARTESIAN_POINT('',(0.00398551165575347,-0.0130313285157203,0.001045));
#9221=CARTESIAN_POINT('',(0.00418551165575444,-0.0130313285157224,0.001045));
#9222=CARTESIAN_POINT('',(0.00418551165575347,-0.0130313285157224,0.000844999999999029));
#9223=CARTESIAN_POINT('',(0.0038589864668975,-0.0127621837779701,0.000845));
#9224=CARTESIAN_POINT('',(0.00397463634099322,-0.0126137808943054,0.00091283576299584));
#9225=CARTESIAN_POINT('',(0.00397463634099322,-0.0126137808943054,0.00091283576299584));
#9226=CARTESIAN_POINT('',(0.0041072487829039,-0.012709988037519,0.000897221657962262));
#9227=CARTESIAN_POINT('',(0.00418551165575497,-0.0128689678102539,0.000871404104790793));
#9228=CARTESIAN_POINT('',(0.00418551165575255,-0.0130313285157224,0.000844999999998784));
#9229=CARTESIAN_POINT('',(0.00340531734829294,-0.012517487399008,0.000716813159620606));
#9230=CARTESIAN_POINT('',(0.00340531734829297,-0.012517487399008,0.000716813159620608));
#9231=CARTESIAN_POINT('',(0.00340531734829299,-0.012517487399008,0.000716813159620611));
#9232=CARTESIAN_POINT('',(0.00345828632751489,-0.0125181209119417,0.000804584715633388));
#9233=CARTESIAN_POINT('',(0.00347014350184496,-0.0125032686240485,0.000791350030785064));
#9234=CARTESIAN_POINT('',(0.0034820005322967,-0.0124884163733209,0.00077811517803312));
#9235=CARTESIAN_POINT('',(0.00359419257142577,-0.0125572904910798,0.00096453264886856));
#9236=CARTESIAN_POINT('',(0.00362992978604662,-0.0125003845384014,0.000938237465849491));
#9237=CARTESIAN_POINT('',(0.0036653088983313,-0.0124674122655158,0.000884677335634062));
#9238=CARTESIAN_POINT('',(0.00377398210829148,-0.0126815925348886,0.00104500000000108));
#9239=CARTESIAN_POINT('',(0.00383680972705839,-0.0125740216578838,0.00103736003820592));
#9240=CARTESIAN_POINT('',(0.00388042687054861,-0.0125454341843157,0.000923928209088121));
#9241=CARTESIAN_POINT('',(0.00385898646689904,-0.0127621837779732,0.001045));
#9242=CARTESIAN_POINT('',(0.00394534526589064,-0.0126513674463481,0.00104500000000032));
#9243=CARTESIAN_POINT('',(0.0039746363409947,-0.0126137808943064,0.000912835762995834));
#9244=CARTESIAN_POINT('',(0.00397463634099322,-0.0126137808943054,0.00091283576299584));
#9245=CARTESIAN_POINT('',(0.0037998176407419,-0.012486954123837,0.000933419333498848));
#9246=CARTESIAN_POINT('',(0.00356779530475642,-0.0124558913988792,0.000846701846428477));
#9247=CARTESIAN_POINT('',(0.00340531734829299,-0.012517487399008,0.000716813159620608));
#9248=CARTESIAN_POINT('',(0.00339324161390906,-0.0121019392753771,-0.0002207150013886));
#9249=CARTESIAN_POINT('',(0.0041855116557526,-0.0115814335391257,1.35231149744508E-5));
#9250=CARTESIAN_POINT('',(0.0041855116557526,-0.0124718869926651,-0.000387198961919848));
#9251=CARTESIAN_POINT('',(0.00339883392584377,-0.012284893877602,0.000195650049529419));
#9252=CARTESIAN_POINT('',(0.00418551165565449,-0.0117810783362968,0.000417269275948143));
#9253=CARTESIAN_POINT('',(0.0041855116557526,-0.0126581070759726,2.66048328639406E-5));
#9254=CARTESIAN_POINT('',(0.00340409540728843,-0.0124696856286081,0.000611052847408835));
#9255=CARTESIAN_POINT('',(0.00418551165573437,-0.0119834277281686,0.000826923880745797));
#9256=CARTESIAN_POINT('',(0.00418551165575248,-0.0128458364202108,0.000439728936920471));
#9257=CARTESIAN_POINT('',(0.00340908270614947,-0.0126558456160755,0.00102573428056122));
#9258=CARTESIAN_POINT('',(0.00418551165575248,-0.0121874359639002,0.00124012466761463));
#9259=CARTESIAN_POINT('',(0.00418551165575248,-0.0130346874056323,0.000852338968321362));
#9260=CARTESIAN_POINT('',(0.00413667908906948,-0.0124092233812487,-1.95956373913172E-6));
#9261=CARTESIAN_POINT('',(0.00400914857047078,-0.0121645740749922,0.000104965216871744));
#9262=CARTESIAN_POINT('',(0.00363573192649144,-0.0121062129198389,0.000201915260813152));
#9263=CARTESIAN_POINT('',(0.00339863442845774,-0.012282372640132,0.000188294905319041));
#9264=CARTESIAN_POINT('',(0.00418551165575246,-0.0125014943068625,-0.000321441970160836));
#9265=CARTESIAN_POINT('',(0.00418551165575245,-0.0124601700684599,-0.000329619928863195));
#9266=CARTESIAN_POINT('',(0.00418188697833655,-0.0124186430337005,-0.000333122232525268));
#9267=CARTESIAN_POINT('',(0.00417388251801596,-0.0123774352767339,-0.000335837940708665));
#9268=CARTESIAN_POINT('',(0.00420515772146663,-0.0122095759845373,-0.000389142592947791));
#9269=CARTESIAN_POINT('',(0.00424257079447296,-0.0122480858366774,-0.000399953842464));
#9270=CARTESIAN_POINT('',(0.00427412930808376,-0.0122875310339938,-0.000421114336009295));
#9271=CARTESIAN_POINT('',(0.00418259640266634,-0.0123046801580759,-0.000361999180163901));
#9272=CARTESIAN_POINT('',(0.00422007497772652,-0.0123453347571342,-0.000378089279214212));
#9273=CARTESIAN_POINT('',(0.00424963805847873,-0.0123869449394962,-0.00040469255722799));
#9274=CARTESIAN_POINT('',(0.00415131726188168,-0.0124886423629322,-0.00029598680838993));
#9275=CARTESIAN_POINT('',(0.00418508038418752,-0.0125344755033867,-0.000323161394895441));
#9276=CARTESIAN_POINT('',(0.00420617505925058,-0.0125813341390054,-0.00036003609028118));
#9277=CARTESIAN_POINT('',(0.00415778157083894,-0.0126289808283076,-0.000226975095005657));
#9278=CARTESIAN_POINT('',(0.00418024028355573,-0.0126847692050284,-0.000257029840518352));
#9279=CARTESIAN_POINT('',(0.00418525759086138,-0.0127425044895161,-0.000291785097233015));
#9280=CARTESIAN_POINT('',(0.00416737460268065,-0.0126779612208799,-0.000199182067582429));
#9281=CARTESIAN_POINT('',(0.00418570397531791,-0.0127384733665838,-0.000225963263335043));
#9282=CARTESIAN_POINT('',(0.00418551625475014,-0.0128013118650392,-0.000253643689592047));
#9283=CARTESIAN_POINT('',(0.00408269598149956,0.0147164811813787,0.001045));
#9284=CARTESIAN_POINT('',(0.00393229441918543,0.0144244153627344,0.001045));
#9285=CARTESIAN_POINT('',(0.00387259278625214,0.014308480354954,0.000743474111620599));
#9286=CARTESIAN_POINT('',(0.00260783274868521,0.0154759734599773,0.001045));
#9287=CARTESIAN_POINT('',(0.00250367117202705,0.015160096001522,0.00104499999999914));
#9288=CARTESIAN_POINT('',(0.00246232441959239,0.0150347090063085,0.000743474111289819));
#9289=CARTESIAN_POINT('',(-0.000704447747629378,0.0162798944669461,0.001045));
#9290=CARTESIAN_POINT('',(-0.000704762540910844,0.015938812436962,0.00104500000000011));
#9291=CARTESIAN_POINT('',(-0.000704887497539039,0.0158034205304893,0.000743474111962704));
#9292=CARTESIAN_POINT('',(-0.00402239775631202,0.015480645119792,0.001045));
#9293=CARTESIAN_POINT('',(-0.00391868801540072,0.0151646211952498,0.00104500000000065));
#9294=CARTESIAN_POINT('',(-0.00387752061837411,0.0150391760606008,0.000743474111267171));
#9295=CARTESIAN_POINT('',(-0.00549799950997478,0.0147235095955509,0.001045));
#9296=CARTESIAN_POINT('',(-0.00534802662925576,0.0144312234217148,0.001045));
#9297=CARTESIAN_POINT('',(-0.00528849516071998,0.0143152009443326,0.000743474111620597));
#9298=CARTESIAN_POINT('',(-0.00120718299002988,0.0166595922529415,-0.00567162542205273));
#9299=CARTESIAN_POINT('',(-0.00116231258498714,0.016804271324472,-0.00563053243151642));
#9300=CARTESIAN_POINT('',(-0.00128534804652091,0.0167981088202391,-0.00572778632401223));
#9301=CARTESIAN_POINT('',(-0.000912000117627561,0.0166619267016674,-0.00604547732777137));
#9302=CARTESIAN_POINT('',(-0.000840841798224708,0.0168162664417218,-0.00601006217540887));
#9303=CARTESIAN_POINT('',(-0.000969507589005272,0.0168120473625894,-0.00611650524930228));
#9304=CARTESIAN_POINT('',(-0.0002473276822157,0.0166615132483033,-0.00644399129659328));
#9305=CARTESIAN_POINT('',(-0.00018840007746589,0.0168159843376197,-0.00631145150672105));
#9306=CARTESIAN_POINT('',(-0.000258319828041975,0.0168249299558354,-0.00652943347626939));
#9307=CARTESIAN_POINT('',(0.000706784761713007,0.0165691285375546,-0.00625472943804404));
#9308=CARTESIAN_POINT('',(0.000660069498306875,0.0167349243480059,-0.00614637503851248));
#9309=CARTESIAN_POINT('',(0.000762563627557343,0.0167238981611744,-0.00633030962749227));
#9310=CARTESIAN_POINT('',(0.00145567490694574,0.016459366229961,-0.00563509351352211));
#9311=CARTESIAN_POINT('',(0.00136223518877576,0.0166306567824937,-0.00564238198736011));
#9312=CARTESIAN_POINT('',(0.00156386284988108,0.0165912886452824,-0.00568409972406436));
#9313=CARTESIAN_POINT('',(0.00179301476282214,0.0164062669608983,-0.0044092116519506));
#9314=CARTESIAN_POINT('',(0.0017987135578088,0.0165307543875296,-0.00455761343820383));
#9315=CARTESIAN_POINT('',(0.00192481053478959,0.0165002899697239,-0.00440704599819752));
#9316=CARTESIAN_POINT('',(0.00141260717995481,0.0165325881802348,-0.00322149595318763));
#9317=CARTESIAN_POINT('',(0.00147489053072987,0.0166075858338582,-0.00325435141451361));
#9318=CARTESIAN_POINT('',(0.00151778114301824,0.0165997686337178,-0.00316824111025571));
#9319=CARTESIAN_POINT('',(0.00071801148489768,0.0166661826295783,-0.00255628047910497));
#9320=CARTESIAN_POINT('',(0.000751873514773281,0.0167239455257442,-0.00253993356632354));
#9321=CARTESIAN_POINT('',(0.00077457602298595,0.016721414775306,-0.00247420040906676));
#9322=CARTESIAN_POINT('',(2.68665902189262E-5,0.0167446083058571,-0.00232802898825438));
#9323=CARTESIAN_POINT('',(3.47872804353047E-5,0.0167961812949339,-0.00229752448675061));
#9324=CARTESIAN_POINT('',(3.50631983820224E-5,0.0167968447642599,-0.00223650837739811));
#9325=CARTESIAN_POINT('',(-0.000692177227367342,0.0167634224256766,-0.00248595121258424));
#9326=CARTESIAN_POINT('',(-0.000713967208851659,0.0168192431898794,-0.0024634955467141));
#9327=CARTESIAN_POINT('',(-0.000734300980752025,0.0168196834089695,-0.00240261247820436));
#9328=CARTESIAN_POINT('',(-0.00143062686441119,0.0167219532826504,-0.00312410968310573));
#9329=CARTESIAN_POINT('',(-0.00148262057376769,0.0167939931842597,-0.00314605632390527));
#9330=CARTESIAN_POINT('',(-0.00152442904380004,0.0167918050530621,-0.00307077576376339));
#9331=CARTESIAN_POINT('',(-0.00179686743815898,0.0166473687381602,-0.00433371785188872));
#9332=CARTESIAN_POINT('',(-0.00180370041365874,0.0167586387972977,-0.00446014176127115));
#9333=CARTESIAN_POINT('',(-0.00191629998614805,0.0167455928994825,-0.00433476266685146));
#9334=CARTESIAN_POINT('',(-0.00150236586243219,0.0166572578042157,-0.00529777351633409));
#9335=CARTESIAN_POINT('',(-0.0014382785410158,0.0167939741399817,-0.00530472587948282));
#9336=CARTESIAN_POINT('',(-0.00160118850403655,0.0167841702778889,-0.00533906739872218));
#9337=CARTESIAN_POINT('',(-0.00120718299002988,0.0166595922529415,-0.00567162542205273));
#9338=CARTESIAN_POINT('',(-0.00116231258498714,0.016804271324472,-0.00563053243151642));
#9339=CARTESIAN_POINT('',(-0.00128534804652091,0.0167981088202391,-0.00572778632401223));
#9340=CARTESIAN_POINT('',(0.000542227813452241,0.0143153931617998,-0.00839466079952075));
#9341=CARTESIAN_POINT('',(0.00049223173590148,0.0142048519482216,-0.008555));
#9342=CARTESIAN_POINT('',(0.00057509010517662,0.0143880516139451,-0.008555));
#9343=CARTESIAN_POINT('',(0.000323131231734033,0.0144162406189111,-0.00839136367553461));
#9344=CARTESIAN_POINT('',(0.000278316514306089,0.014292189812187,-0.008555));
#9345=CARTESIAN_POINT('',(0.000342714942748216,0.0144921148752414,-0.008555));
#9346=CARTESIAN_POINT('',(-0.000168167272037961,0.0145007210859957,-0.00838854247392696));
#9347=CARTESIAN_POINT('',(-0.000132355825129734,0.0143440473756886,-0.008555));
#9348=CARTESIAN_POINT('',(-0.000178359227919052,0.0145791631883404,-0.008555));
#9349=CARTESIAN_POINT('',(-0.000854053821567769,0.0141899310075797,-0.0083988373903954));
#9350=CARTESIAN_POINT('',(-0.000745943918482909,0.0141339004912128,-0.008555));
#9351=CARTESIAN_POINT('',(-0.000905814659238543,0.0142587435275757,-0.008555));
#9352=CARTESIAN_POINT('',(-0.00133398519943917,0.0136226833953564,-0.00841691044599748));
#9353=CARTESIAN_POINT('',(-0.00126389856721011,0.0136307238974128,-0.008555));
#9354=CARTESIAN_POINT('',(-0.00141483278728397,0.0136724457728957,-0.008555));
#9355=CARTESIAN_POINT('',(-0.00170117291056976,0.0127071057745405,-0.00844456924615057));
#9356=CARTESIAN_POINT('',(-0.00166984406772679,0.0127810867865254,-0.008555));
#9357=CARTESIAN_POINT('',(-0.00180427429908914,0.012723353357742,-0.008555));
#9358=CARTESIAN_POINT('',(-0.00166387813852842,0.0114367399776562,-0.00847934834860639));
#9359=CARTESIAN_POINT('',(-0.00171891642647809,0.0115055649650145,-0.008555));
#9360=CARTESIAN_POINT('',(-0.00176471923783317,0.0114007926318337,-0.00855499999999999));
#9361=CARTESIAN_POINT('',(-0.000825059316291234,0.0104303489954565,-0.00850322322980284));
#9362=CARTESIAN_POINT('',(-0.00085490566244558,0.0104068890569743,-0.008555));
#9363=CARTESIAN_POINT('',(-0.000875062911217974,0.0103483983172875,-0.00855500000000001));
#9364=CARTESIAN_POINT('',(0.000160767623515966,0.0102799402366833,-0.00850665944725885));
#9365=CARTESIAN_POINT('',(0.000165968054982322,0.0102491590143045,-0.008555));
#9366=CARTESIAN_POINT('',(0.000170511115850267,0.010190981699936,-0.008555));
#9367=CARTESIAN_POINT('',(0.00109180118399563,0.0106410953464416,-0.0084983290830025));
#9368=CARTESIAN_POINT('',(0.00113075374038039,0.0106290455301677,-0.008555));
#9369=CARTESIAN_POINT('',(0.00115797095272264,0.0105688864095651,-0.008555));
#9370=CARTESIAN_POINT('',(0.00174775421819872,0.0117663531518392,-0.00847088216593002));
#9371=CARTESIAN_POINT('',(0.00178878276481356,0.0118563084734337,-0.008555));
#9372=CARTESIAN_POINT('',(0.00185367871627138,0.0117447101439638,-0.008555));
#9373=CARTESIAN_POINT('',(0.00163349672483126,0.0130353416020708,-0.0084349793271041));
#9374=CARTESIAN_POINT('',(0.00157775295904832,0.0131089360457883,-0.008555));
#9375=CARTESIAN_POINT('',(0.00173249652633617,0.0130641679863449,-0.008555));
#9376=CARTESIAN_POINT('',(0.00114641221827129,0.0138956363433279,-0.00840832521784379));
#9377=CARTESIAN_POINT('',(0.00105545666292712,0.0138835325330346,-0.008555));
#9378=CARTESIAN_POINT('',(0.00121589174665137,0.0139547836205626,-0.008555));
#9379=CARTESIAN_POINT('',(0.00076132439517045,0.0142145457046885,-0.00839795792350689));
#9380=CARTESIAN_POINT('',(0.000689292428694457,0.0141243954951851,-0.008555));
#9381=CARTESIAN_POINT('',(0.000807465267605024,0.0142839883526488,-0.008555));
#9382=CARTESIAN_POINT('',(0.000542227813452241,0.0143153931617998,-0.00839466079952075));
#9383=CARTESIAN_POINT('',(0.00049223173590148,0.0142048519482216,-0.008555));
#9384=CARTESIAN_POINT('',(0.00057509010517662,0.0143880516139451,-0.008555));
#9385=CARTESIAN_POINT('',(-0.00564415897976781,0.0144892308675523,-7.00292709807811E-5));
#9386=CARTESIAN_POINT('',(-0.00570487597182913,0.0143878997955309,-4.56154843323775E-5));
#9387=CARTESIAN_POINT('',(-0.00571502192008639,0.0144459529891556,5.96340225758887E-5));
#9388=CARTESIAN_POINT('',(-0.00545495049002196,0.0143927062091688,1.38704678279637E-6));
#9389=CARTESIAN_POINT('',(-0.00551607998180531,0.0142923460575682,2.57640756574061E-5));
#9390=CARTESIAN_POINT('',(-0.00552548799479983,0.0143495047047308,0.000130873142093409));
#9391=CARTESIAN_POINT('',(-0.00526573657752725,0.0142957042398673,7.2229486722323E-5));
#9392=CARTESIAN_POINT('',(-0.00532686747731708,0.0141961260723296,9.6737240887681E-5));
#9393=CARTESIAN_POINT('',(-0.00533596400649063,0.014252601586382,0.000201526829907415));
#9394=CARTESIAN_POINT('',(-0.00507667194580263,0.0141980676923748,0.000142267182645663));
#9395=CARTESIAN_POINT('',(-0.00513683498113945,0.0140990043962634,0.000167358286947156));
#9396=CARTESIAN_POINT('',(-0.0051464253794649,0.0141551419625181,0.000271374097704069));
#9397=CARTESIAN_POINT('',(-0.00514847242939247,0.0141508468523699,0.000256221067844743));
#9398=CARTESIAN_POINT('',(-0.00513880022295774,0.0141304998115916,0.000203792512887202));
#9399=CARTESIAN_POINT('',(-0.00512825824214614,0.0141702497325966,0.000142920001780466));
#9400=CARTESIAN_POINT('',(-0.00512533199213816,0.0142231804571824,0.000124223710764212));
#9401=CARTESIAN_POINT('',(-0.0052183997427638,0.0141759536032047,0.000124046401592285));
#9402=CARTESIAN_POINT('',(-0.0051752881813251,0.0140919690792842,0.000162481398044414));
#9403=CARTESIAN_POINT('',(-0.00519382322776464,0.0141276755934033,0.000256133695630002));
#9404=CARTESIAN_POINT('',(-0.00457945108607264,0.014504468358897,0.000125250687619436));
#9405=CARTESIAN_POINT('',(-0.00454248624529072,0.0144173420859822,0.000163691215046805));
#9406=CARTESIAN_POINT('',(-0.00455856254347732,0.0144543222531414,0.000257334667493012));
#9407=CARTESIAN_POINT('',(-0.00324958361119706,0.0150143521284323,0.000123202762009776));
#9408=CARTESIAN_POINT('',(-0.0032250417252212,0.0149223299228277,0.000161634834302152));
#9409=CARTESIAN_POINT('',(-0.00323537041125589,0.0149616453458328,0.000255291819572819));
#9410=CARTESIAN_POINT('',(-0.00034154206482325,0.0154480121889981,0.000124752353100323));
#9411=CARTESIAN_POINT('',(-0.000346172019290036,0.0153519432500561,0.000163180978240581));
#9412=CARTESIAN_POINT('',(-0.000343834363900937,0.0153927731973721,0.000256844396533441));
#9413=CARTESIAN_POINT('',(0.00183603383691472,0.0150391261309032,0.000125719670163566));
#9414=CARTESIAN_POINT('',(0.00181211443435994,0.0149470683033046,0.000164308140940889));
#9415=CARTESIAN_POINT('',(0.00182227633967825,0.0149863844127183,0.000257703356032042));
#9416=CARTESIAN_POINT('',(0.0031696009043081,0.0144670212710695,0.000123885705262069));
#9417=CARTESIAN_POINT('',(0.00313253533640156,0.0143805121707383,0.00016244162218152));
#9418=CARTESIAN_POINT('',(0.0031484704935575,0.0144173569637893,0.000255890921190623));
#9419=CARTESIAN_POINT('',(0.00309813634399013,0.014434426743274,0.000244834269151953));
#9420=CARTESIAN_POINT('',(0.00309145652757695,0.0144218116852842,0.000196726060006486));
#9421=CARTESIAN_POINT('',(0.00309192544951415,0.0144516866512006,0.00014220179931122));
#9422=CARTESIAN_POINT('',(0.00309849664492338,0.0144971995160397,0.000123982618313573));
#9423=CARTESIAN_POINT('',(0.00421676506709907,0.0144760645877364,3.42607355775128E-5));
#9424=CARTESIAN_POINT('',(0.00420068968344367,0.0144540108322353,-5.24718853545277E-5));
#9425=CARTESIAN_POINT('',(0.00419217830575953,0.0145396816107722,-8.17192404470463E-5));
#9426=CARTESIAN_POINT('',(0.00384204540679568,0.0144637127037639,0.000107235885331879));
#9427=CARTESIAN_POINT('',(0.003826445411707,0.0144413984515613,2.06840716380254E-5));
#9428=CARTESIAN_POINT('',(0.00381736031459099,0.0145266947593994,-8.88934728049965E-6));
#9429=CARTESIAN_POINT('',(0.00346726814783267,0.0144503208515779,0.000179868831109234));
#9430=CARTESIAN_POINT('',(0.00345241271258979,0.014427765442211,9.34957877180835E-5));
#9431=CARTESIAN_POINT('',(0.0034431736403202,0.0145126358482377,6.34793767684215E-5));
#9432=CARTESIAN_POINT('',(0.00309145196611806,0.0144341392160805,0.000246011371867448));
#9433=CARTESIAN_POINT('',(0.00307734747340752,0.0144113363529703,0.000159782670385797));
#9434=CARTESIAN_POINT('',(0.00306835065715781,0.0144958555902932,0.000129289194697075));
#9435=CARTESIAN_POINT('',(0.0033986344284573,-0.0122823726401321,0.000188294905318648));
#9436=CARTESIAN_POINT('',(0.00337864424623368,-0.0122564194862804,9.70250303450541E-5));
#9437=CARTESIAN_POINT('',(0.00343364076678497,-0.0123279381746481,6.14747335909596E-5));
#9438=CARTESIAN_POINT('',(0.00352950645645236,-0.0121851367735772,0.000195813001123061));
#9439=CARTESIAN_POINT('',(0.00350719887426459,-0.0121480309357354,9.99604446082825E-5));
#9440=CARTESIAN_POINT('',(0.00353780437506791,-0.0122478156357484,6.14440490705227E-5));
#9441=CARTESIAN_POINT('',(0.00387676776893926,-0.0121104573683539,0.000150243636792465));
#9442=CARTESIAN_POINT('',(0.003868469980922,-0.0120485100095072,3.88658783084045E-5));
#9443=CARTESIAN_POINT('',(0.00381491785247094,-0.0121827489305377,1.18435753617904E-5));
#9444=CARTESIAN_POINT('',(0.00412911962190247,-0.0123460751358502,2.04726292126866E-5));
#9445=CARTESIAN_POINT('',(0.00413065936602759,-0.0122856964351524,-9.95462456203236E-5));
#9446=CARTESIAN_POINT('',(0.00401673925398851,-0.0123695431714263,-9.58299354277654E-5));
#9447=CARTESIAN_POINT('',(0.00416970871786914,-0.0124932665370903,-3.64895904775764E-5));
#9448=CARTESIAN_POINT('',(0.00417188499528832,-0.012447357303989,-0.000158551896903027));
#9449=CARTESIAN_POINT('',(0.0040493433494238,-0.0124879018170813,-0.000139809218220973));
#9450=CARTESIAN_POINT('',(0.00345600987391668,-0.0123569835859896,0.000154512291201474));
#9451=CARTESIAN_POINT('',(0.00343364076678496,-0.0123279381746481,6.14747335909598E-5));
#9452=CARTESIAN_POINT('',(0.00337864424623379,-0.0122564194862799,9.70250303452021E-5));
#9453=CARTESIAN_POINT('',(0.00339863442845774,-0.012282372640132,0.000188294905319039));
#9454=CARTESIAN_POINT('',(0.00309408228228837,-0.0125891267142232,6.15746023726337E-5));
#9455=CARTESIAN_POINT('',(0.00304261265027904,-0.0125149787503333,9.70786851899392E-5));
#9456=CARTESIAN_POINT('',(0.00306082638349809,-0.0125421512517803,0.000188307955507771));
#9457=CARTESIAN_POINT('',(0.00238533285470457,-0.0130597408825171,5.81913728638124E-5));
#9458=CARTESIAN_POINT('',(0.00234146683029032,-0.0129801021078982,9.33103931565113E-5));
#9459=CARTESIAN_POINT('',(0.00235719584662026,-0.0130085213280649,0.000184821829458032));
#9460=CARTESIAN_POINT('',(0.00119711426053883,-0.0135648282745027,5.94326948312721E-5));
#9461=CARTESIAN_POINT('',(0.00117034800079776,-0.013477782090274,9.47183195092689E-5));
#9462=CARTESIAN_POINT('',(0.00117996158697758,-0.0135091574992692,0.000185996392455967));
#9463=CARTESIAN_POINT('',(-5.05870334931688E-5,-0.0138096779436169,5.24681396002086E-5));
#9464=CARTESIAN_POINT('',(-5.61766178926592E-5,-0.0137184774437254,8.66243293116339E-5));
#9465=CARTESIAN_POINT('',(-5.56525933689464E-5,-0.0137500409396053,0.000178338999783528));
#9466=CARTESIAN_POINT('',(-0.000915355942195805,-0.0137431746334923,6.81996109094428E-5));
#9467=CARTESIAN_POINT('',(-0.000911556131093733,-0.0136534315667825,0.000104775440553761));
#9468=CARTESIAN_POINT('',(-0.000913428878333692,-0.0136871918892823,0.000195676270619082));
#9469=CARTESIAN_POINT('',(-0.00134579856803958,-0.0137247814211809,6.81775219154748E-5));
#9470=CARTESIAN_POINT('',(-0.00134196481272454,-0.0136350384461075,0.000104750033410439));
#9471=CARTESIAN_POINT('',(-0.00134341269470295,-0.0136688135763103,0.000195652134978328));
#9472=CARTESIAN_POINT('',(-0.00134579856803958,-0.0137247814211809,6.81775219154755E-5));
#9473=CARTESIAN_POINT('',(-0.00134376914571632,-0.0136772754167534,8.75374093226414E-5));
#9474=CARTESIAN_POINT('',(-0.0013426462493336,-0.0136509345001637,0.000147532539700563));
#9475=CARTESIAN_POINT('',(-0.00134341269470295,-0.0136688135763103,0.000195652134978327));
#9476=CARTESIAN_POINT('',(-0.00134584305565686,-0.0137247795342793,6.81775564542938E-5));
#9477=CARTESIAN_POINT('',(-0.00134200666146584,-0.0136350366702929,0.000104750066715998));
#9478=CARTESIAN_POINT('',(-0.00134336825546336,-0.0136688154756561,0.00019565213728502));
#9479=CARTESIAN_POINT('',(-0.00148614894383362,-0.013718807446023,6.82958359611695E-5));
#9480=CARTESIAN_POINT('',(-0.00148229523790723,-0.0136290926121592,0.000104878920563066));
#9481=CARTESIAN_POINT('',(-0.00148377791388112,-0.0136628577730208,0.000195761562229763));
#9482=CARTESIAN_POINT('',(-0.00162652968437391,-0.0137127091861007,6.82151131385985E-5));
#9483=CARTESIAN_POINT('',(-0.00162266232450248,-0.0136229674902437,0.000104794559908047));
#9484=CARTESIAN_POINT('',(-0.00162415990600658,-0.0136567500058422,0.000195696075214397));
#9485=CARTESIAN_POINT('',(-0.00176699014135984,-0.0137066571839656,6.82231715482444E-5));
#9486=CARTESIAN_POINT('',(-0.00176312227896662,-0.0136169170799704,0.000104803277691217));
#9487=CARTESIAN_POINT('',(-0.00176457274247164,-0.013650701205105,0.000195703661818589));
#9488=CARTESIAN_POINT('',(-0.00176236144737434,-0.0137068566274315,6.82229417925328E-5));
#9489=CARTESIAN_POINT('',(-0.0017600117391134,-0.0136619747410628,8.65250632831092E-5));
#9490=CARTESIAN_POINT('',(-0.00175844601339247,-0.0136353213430432,0.000140928898260407));
#9491=CARTESIAN_POINT('',(-0.00175859051317491,-0.0136483497637267,0.000187674082593773));
#9492=CARTESIAN_POINT('',(-0.00482778828995524,-0.0122818079531213,0.000188767558217992));
#9493=CARTESIAN_POINT('',(-0.00480772432387229,-0.0122558003579533,9.76787105598699E-5));
#9494=CARTESIAN_POINT('',(-0.00486257211636822,-0.0123271364967894,6.19154491962065E-5));
#9495=CARTESIAN_POINT('',(-0.00391670711513527,-0.012982501578815,0.0001891381263767));
#9496=CARTESIAN_POINT('',(-0.00390357693959872,-0.0129517119242549,9.85871568283755E-5));
#9497=CARTESIAN_POINT('',(-0.00394592962082841,-0.0130316861850923,6.26754764257337E-5));
#9498=CARTESIAN_POINT('',(-0.00286096538315062,-0.0134915223807266,0.000178306730433126));
#9499=CARTESIAN_POINT('',(-0.00285054614114822,-0.0134615846868197,8.65008632808294E-5));
#9500=CARTESIAN_POINT('',(-0.00287657216396141,-0.0135496444785118,5.24793583857271E-5));
#9501=CARTESIAN_POINT('',(-0.0017326638992453,-0.0136520835313148,0.000187894921830284));
#9502=CARTESIAN_POINT('',(-0.00172743782652031,-0.0136197613195346,9.65126334226439E-5));
#9503=CARTESIAN_POINT('',(-0.00173987889023018,-0.0137092724495415,6.10762483957555E-5));
#9504=CARTESIAN_POINT('',(-0.00488512830081365,-0.0123563825934419,0.000154844908324366));
#9505=CARTESIAN_POINT('',(-0.00486257211636816,-0.0123271364967894,6.19154491962045E-5));
#9506=CARTESIAN_POINT('',(-0.00480772432387316,-0.0122558003579537,9.76787105595361E-5));
#9507=CARTESIAN_POINT('',(-0.00482778828995543,-0.0122818079531208,0.000188767558217122));
#9508=CARTESIAN_POINT('',(-0.00496688666435293,-0.0122469584118149,6.18289086934613E-5));
#9509=CARTESIAN_POINT('',(-0.00493639513887394,-0.0121472525032109,0.000100553650337907));
#9510=CARTESIAN_POINT('',(-0.0049587300017101,-0.0121845470455481,0.000196284717845437));
#9511=CARTESIAN_POINT('',(-0.00524427646459737,-0.0121819213008037,1.18509805871284E-5));
#9512=CARTESIAN_POINT('',(-0.00529786896781079,-0.0120468013838614,3.89463283031554E-5));
#9513=CARTESIAN_POINT('',(-0.00530621788636195,-0.0121097291912873,0.00015046504763782));
#9514=CARTESIAN_POINT('',(-0.00544652820240614,-0.012369125403106,-9.53160585440292E-5));
#9515=CARTESIAN_POINT('',(-0.00556014737190981,-0.0122860707475242,-9.83083470676696E-5));
#9516=CARTESIAN_POINT('',(-0.00555851721998604,-0.0123460990743375,2.10831373731384E-5));
#9517=CARTESIAN_POINT('',(-0.00547899830759128,-0.0124874018217166,-0.000139557373365596));
#9518=CARTESIAN_POINT('',(-0.00560103703628476,-0.0124474467308578,-0.000157495002562802));
#9519=CARTESIAN_POINT('',(-0.005598882381571,-0.0124933270534137,-3.62433114690305E-5));
#9520=CARTESIAN_POINT('',(0.00176231165575545,0.00086828184427966,-0.008));
#9521=CARTESIAN_POINT('',(0.00969711165575245,0.000868281844279659,-0.007555));
#9522=CARTESIAN_POINT('',(0.00969711165575245,0.000868281844279659,-0.008255));
#9523=CARTESIAN_POINT('',(-0.0111260883442475,0.000868281844279662,-0.008255));
#9524=CARTESIAN_POINT('',(-0.0111260883442475,0.000868281844279662,-0.008255));
#9525=CARTESIAN_POINT('',(-0.0111260883442475,0.000868281844279662,-0.007555));
#9526=CARTESIAN_POINT('',(-0.0117995512861908,0.00616828184427966,-0.007555));
#9527=CARTESIAN_POINT('',(-0.011816230447388,0.00586874586049514,-0.0076));
#9528=CARTESIAN_POINT('',(-0.0119134322047625,0.00587415837808122,-0.0076));
#9529=CARTESIAN_POINT('',(-0.0120719907996007,0.00598078816743418,-0.00750300118495149));
#9530=CARTESIAN_POINT('',(-0.0121035382422329,0.00612106982928223,-0.00736719482450351));
#9531=CARTESIAN_POINT('',(-0.0120988348171479,0.00618900304351733,-0.0073));
#9532=CARTESIAN_POINT('',(-0.0117995512861908,0.00616828184427966,-0.00769638517741994));
#9533=CARTESIAN_POINT('',(-0.000714488344247546,0.00540079625278184,-0.0073));
#9534=CARTESIAN_POINT('',(-0.0118260883442475,0.00540079625278184,-0.0073));
#9535=CARTESIAN_POINT('',(-0.0117783566659488,0.00586828184427966,-0.00780905912009814));
#9536=CARTESIAN_POINT('',(-0.0120579002324067,0.00586828184427966,-0.00791794160014571));
#9537=CARTESIAN_POINT('',(-0.0120579002323922,0.00616828184429522,-0.00791794160014006));
#9538=CARTESIAN_POINT('',(-0.0117924690987901,0.00586828184427966,-0.00777282682593547));
#9539=CARTESIAN_POINT('',(-0.0120926875295938,0.00586828184427914,-0.00784854883572901));
#9540=CARTESIAN_POINT('',(-0.0120856168375321,0.00617542560914186,-0.00784678232228708));
#9541=CARTESIAN_POINT('',(-0.0117995512058872,0.00586828184427966,-0.0077352720867546));
#9542=CARTESIAN_POINT('',(-0.0121139294558963,0.00586828184427898,-0.00777479079533768));
#9543=CARTESIAN_POINT('',(-0.0120992975008234,0.0061823203413009,-0.00777293449011387));
#9544=CARTESIAN_POINT('',(-0.0117995512861908,0.00586828184427966,-0.00769638517741994));
#9545=CARTESIAN_POINT('',(-0.0121210402751226,0.00586828184427966,-0.00769638517741931));
#9546=CARTESIAN_POINT('',(-0.0120988348171479,0.00618900304351745,-0.00769638517741935));
#9547=CARTESIAN_POINT('',(-0.0117783566659485,0.00616828184427966,-0.00780905912009884));
#9548=CARTESIAN_POINT('',(-0.0118260883442475,0.000768281844279657,-0.0073));
#9549=CARTESIAN_POINT('',(-0.0118260883442475,0.000568281844279662,-0.0073));
#9550=CARTESIAN_POINT('',(-0.0119841231505403,0.000823281844279661,-0.007555));
#9551=CARTESIAN_POINT('',(-0.0118260883442475,0.000868278364520032,-0.0076));
#9552=CARTESIAN_POINT('',(-0.0118847366898408,0.000867996465872687,-0.0076));
#9553=CARTESIAN_POINT('',(-0.0119404332951295,0.00085035838481616,-0.0075820765405365));
#9554=CARTESIAN_POINT('',(-0.0119841231505403,0.00082328184427966,-0.007555));
#9555=CARTESIAN_POINT('',(-0.0118260883442475,0.000568281844279662,-0.008));
#9556=CARTESIAN_POINT('',(-0.0118260883442475,0.000568281844279662,-0.007555));
#9557=CARTESIAN_POINT('',(-0.0111260883442475,0.00616828184427966,-0.007555));
#9558=CARTESIAN_POINT('',(-0.0111260883442475,0.00616828184427966,-0.008255));
#9559=CARTESIAN_POINT('',(-0.0111260883442475,0.000568281844279662,-0.007555));
#9560=CARTESIAN_POINT('',(-0.0111260883442475,0.000568281844279662,-0.008255));
#9561=CARTESIAN_POINT('',(-0.000714488344247549,0.00616828184427965,-0.008255));
#9562=CARTESIAN_POINT('',(0.00969711165575245,0.00616828184427965,-0.008255));
#9563=CARTESIAN_POINT('',(0.00176231165575545,0.00056828184427966,-0.008255));
#9564=CARTESIAN_POINT('',(0.00969711165575245,0.000568281844279659,-0.008255));
#9565=CARTESIAN_POINT('',(0.00969711165575245,0.00616828184427965,-0.007555));
#9566=CARTESIAN_POINT('',(0.0103493799774549,0.00616828184427965,-0.00780905912009501));
#9567=CARTESIAN_POINT('',(0.00969711165575245,0.000568281844279659,-0.007555));
#9568=CARTESIAN_POINT('',(0.0103971116557524,0.000568281844279659,-0.007555));
#9569=CARTESIAN_POINT('',(0.0105551464620452,0.000823281844279659,-0.007555));
#9570=CARTESIAN_POINT('',(0.0105551464620452,0.000823281844279661,-0.007555));
#9571=CARTESIAN_POINT('',(0.0105112790814714,0.000850468405030891,-0.00758218656075123));
#9572=CARTESIAN_POINT('',(0.0104557171235723,0.000867996671968633,-0.0076));
#9573=CARTESIAN_POINT('',(0.0103971116557524,0.000868278364520029,-0.0076));
#9574=CARTESIAN_POINT('',(0.0103971116557524,0.000568281844279659,-0.008));
#9575=CARTESIAN_POINT('',(0.0103971116557524,0.000568281844279659,-0.0073));
#9576=CARTESIAN_POINT('',(0.0106289235439005,0.00616828184428138,-0.00791794160013139));
#9577=CARTESIAN_POINT('',(0.0106289235439021,0.00586828184427965,-0.00791794160013201));
#9578=CARTESIAN_POINT('',(0.0103493799774549,0.00586828184427965,-0.00780905912009501));
#9579=CARTESIAN_POINT('',(0.0106566401490099,0.00617542560997799,-0.00784678232235359));
#9580=CARTESIAN_POINT('',(0.0106637108419093,0.00586828184427957,-0.00784854883600566));
#9581=CARTESIAN_POINT('',(0.0103634924103118,0.00586828184427965,-0.00777282682589231));
#9582=CARTESIAN_POINT('',(0.0106703208123282,0.00618232034130128,-0.00777293449003526));
#9583=CARTESIAN_POINT('',(0.0106849527674028,0.00586828184427964,-0.0077747907952573));
#9584=CARTESIAN_POINT('',(0.0103705745173936,0.00586828184427965,-0.00773527208671515));
#9585=CARTESIAN_POINT('',(0.0106698581286528,0.00618900304351704,-0.00769638517741946));
#9586=CARTESIAN_POINT('',(0.0106920635866271,0.00586828184427965,-0.00769638517741944));
#9587=CARTESIAN_POINT('',(0.0103705745976957,0.00586828184427965,-0.00769638517741974));
#9588=CARTESIAN_POINT('',(0.0103705745976957,0.00616828184427965,-0.00769638517741908));
#9589=CARTESIAN_POINT('',(0.0103971116557524,0.000768281844279657,-0.0073));
#9590=CARTESIAN_POINT('',(0.0103971116557524,0.00540079625278184,-0.0073));
#9591=CARTESIAN_POINT('',(0.0103705745976957,0.00616828184427965,-0.007555));
#9592=CARTESIAN_POINT('',(0.0103872537588929,0.00586874586049514,-0.0076));
#9593=CARTESIAN_POINT('',(0.0104844555162674,0.00587415837808123,-0.00759999999999999));
#9594=CARTESIAN_POINT('',(0.0106430141111056,0.00598078816743364,-0.00750300118495096));
#9595=CARTESIAN_POINT('',(0.0106745615537377,0.00612106982928329,-0.00736719482450458));
#9596=CARTESIAN_POINT('',(0.0106698581286528,0.00618900304351733,-0.0073));
#9597=CARTESIAN_POINT('',(-0.000714488344247546,0.00540079625278184,-0.0073));
#9598=MECHANICAL_DESIGN_GEOMETRIC_PRESENTATION_REPRESENTATION('',(#4465),
#9600);
#9599=MECHANICAL_DESIGN_GEOMETRIC_PRESENTATION_REPRESENTATION('',(#4466),
#9601);
#9600=(
GEOMETRIC_REPRESENTATION_CONTEXT(3)
GLOBAL_UNCERTAINTY_ASSIGNED_CONTEXT((#9602))
GLOBAL_UNIT_ASSIGNED_CONTEXT((#9608,#9606,#9604))
REPRESENTATION_CONTEXT('Part 3','TOP_LEVEL_ASSEMBLY_PART')
);
#9601=(
GEOMETRIC_REPRESENTATION_CONTEXT(3)
GLOBAL_UNCERTAINTY_ASSIGNED_CONTEXT((#9603))
GLOBAL_UNIT_ASSIGNED_CONTEXT((#9609,#9607,#9605))
REPRESENTATION_CONTEXT('Part 4','TOP_LEVEL_ASSEMBLY_PART')
);
#9602=UNCERTAINTY_MEASURE_WITH_UNIT(LENGTH_MEASURE(2.E-5),#9608,
'DISTANCE_ACCURACY_VALUE','Maximum Tolerance applied to model');
#9603=UNCERTAINTY_MEASURE_WITH_UNIT(LENGTH_MEASURE(2.E-5),#9609,
'DISTANCE_ACCURACY_VALUE','Maximum Tolerance applied to model');
#9604=(
NAMED_UNIT(*)
SI_UNIT($,.STERADIAN.)
SOLID_ANGLE_UNIT()
);
#9605=(
NAMED_UNIT(*)
SI_UNIT($,.STERADIAN.)
SOLID_ANGLE_UNIT()
);
#9606=(
NAMED_UNIT(*)
PLANE_ANGLE_UNIT()
SI_UNIT($,.RADIAN.)
);
#9607=(
NAMED_UNIT(*)
PLANE_ANGLE_UNIT()
SI_UNIT($,.RADIAN.)
);
#9608=(
LENGTH_UNIT()
NAMED_UNIT(*)
SI_UNIT($,.METRE.)
);
#9609=(
LENGTH_UNIT()
NAMED_UNIT(*)
SI_UNIT($,.METRE.)
);
#9610=PRODUCT_DEFINITION_SHAPE('','',#9612);
#9611=PRODUCT_DEFINITION_SHAPE('','',#9613);
#9612=PRODUCT_DEFINITION('','',#9616,#9614);
#9613=PRODUCT_DEFINITION('','',#9617,#9615);
#9614=PRODUCT_DEFINITION_CONTEXT('',#9628,'design');
#9615=PRODUCT_DEFINITION_CONTEXT('',#9629,'design');
#9616=PRODUCT_DEFINITION_FORMATION_WITH_SPECIFIED_SOURCE('','',#9620,
 .NOT_KNOWN.);
#9617=PRODUCT_DEFINITION_FORMATION_WITH_SPECIFIED_SOURCE('','',#9621,
 .NOT_KNOWN.);
#9618=PRODUCT_RELATED_PRODUCT_CATEGORY('','',(#9620));
#9619=PRODUCT_RELATED_PRODUCT_CATEGORY('','',(#9621));
#9620=PRODUCT('Part 3','Part 3','Part 3',(#9624));
#9621=PRODUCT('Part 4','Part 4','Part 4',(#9625));
#9622=PRODUCT_CATEGORY('','');
#9623=PRODUCT_CATEGORY('','');
#9624=PRODUCT_CONTEXT('',#9628,'mechanical');
#9625=PRODUCT_CONTEXT('',#9629,'mechanical');
#9626=APPLICATION_PROTOCOL_DEFINITION('international standard',
'ap242_managed_model_based_3d_engineering',2020,#9628);
#9627=APPLICATION_PROTOCOL_DEFINITION('international standard',
'ap242_managed_model_based_3d_engineering',2020,#9629);
#9628=APPLICATION_CONTEXT('managed model based 3d engineering');
#9629=APPLICATION_CONTEXT('managed model based 3d engineering');
ENDSEC;
END-ISO-10303-21;
