ISO-10303-21;
HEADER;
/* Generated by software containing ST-Developer
 * from STEP Tools, Inc. (www.steptools.com) 
 */
/* OPTION: using custom renumber hook */

FILE_DESCRIPTION(
/* description */ ('STEP AP242 Edition 2',
'CAx-IF Rec.Pracs.---Representation and Presentation of Product Manufa
cturing Information (PMI)---4.0---2014-10-13',
'CAx-IF Rec.Pracs.---3D Tessellated Geometry---0.4---2014-09-14','2;1',
'CAx-IF Rec.Pracs.---User Defined Attributes---1.5---2016-08-15'),
/* implementation_level */ '2;1');

FILE_NAME(
/* name */ 'Flat case',
/* time_stamp */ '2026-08-10T18:39:47Z',
/* author */ (''),
/* organization */ (''),
/* preprocessor_version */ 'ST-DEVELOPER v20',
/* originating_system */ 'ONSHAPE BY PTC INC, 1.219',
/* authorisation */ '  ');

FILE_SCHEMA (('AP242_MANAGED_MODEL_BASED_3D_ENGINEERING_MIM_LF { 1 0 10303 442 3 1 4 }'));
ENDSEC;

DATA;
#10=SHAPE_REPRESENTATION_RELATIONSHIP('','',#1099,#12);
#11=SHAPE_REPRESENTATION_RELATIONSHIP('','',#1100,#13);
#12=ADVANCED_BREP_SHAPE_REPRESENTATION('',(#1095),#1995);
#13=ADVANCED_BREP_SHAPE_REPRESENTATION('',(#1096),#1996);
#14=(
BOUNDED_SURFACE()
B_SPLINE_SURFACE(3,2,((#1695,#1696,#1697),(#1698,#1699,#1700),(#1701,#1702,
#1703),(#1704,#1705,#1706),(#1707,#1708,#1709)),.UNSPECIFIED.,.F.,.F.,.F.)
B_SPLINE_SURFACE_WITH_KNOTS((4,1,4),(3,3),(2.26553460299159,2.70356362829069,
3.14159265358979),(0.,1.),.UNSPECIFIED.)
GEOMETRIC_REPRESENTATION_ITEM()
RATIONAL_B_SPLINE_SURFACE(((1.,0.504081700377767,1.),(1.,0.461345729175242,
1.),(1.,0.3792515888281,1.),(1.,0.340425264044183,1.),(1.,0.34042526375302,
1.)))
REPRESENTATION_ITEM('')
SURFACE()
);
#15=(
BOUNDED_SURFACE()
B_SPLINE_SURFACE(3,2,((#1711,#1712,#1713),(#1714,#1715,#1716),(#1717,#1718,
#1719),(#1720,#1721,#1722)),.UNSPECIFIED.,.F.,.F.,.F.)
B_SPLINE_SURFACE_WITH_KNOTS((4,4),(3,3),(1.5707963267949,2.26553460299159),
(0.,1.),.PIECEWISE_BEZIER_KNOTS.)
GEOMETRIC_REPRESENTATION_ITEM()
RATIONAL_B_SPLINE_SURFACE(((1.,0.707106781186541,1.),(1.,0.644208124525683,
1.),(1.,0.571863315788254,1.),(1.,0.504081700377763,1.)))
REPRESENTATION_ITEM('')
SURFACE()
);
#16=(
BOUNDED_SURFACE()
B_SPLINE_SURFACE(3,2,((#1728,#1729,#1730),(#1731,#1732,#1733),(#1734,#1735,
#1736),(#1737,#1738,#1739),(#1740,#1741,#1742)),.UNSPECIFIED.,.F.,.F.,.F.)
B_SPLINE_SURFACE_WITH_KNOTS((4,1,4),(3,3),(3.14159265358979,3.57962167888889,
4.01765070418798),(0.,1.),.UNSPECIFIED.)
GEOMETRIC_REPRESENTATION_ITEM()
RATIONAL_B_SPLINE_SURFACE(((1.,0.34042526375302,1.),(1.,0.340425264044183,
1.),(1.,0.379251588828026,1.),(1.,0.461345729175385,1.),(1.,0.504081700377764,
1.)))
REPRESENTATION_ITEM('')
SURFACE()
);
#17=(
BOUNDED_SURFACE()
B_SPLINE_SURFACE(3,2,((#1746,#1747,#1748),(#1749,#1750,#1751),(#1752,#1753,
#1754),(#1755,#1756,#1757)),.UNSPECIFIED.,.F.,.F.,.F.)
B_SPLINE_SURFACE_WITH_KNOTS((4,4),(3,3),(0.876058050598201,1.5707963267949),
(0.,1.),.PIECEWISE_BEZIER_KNOTS.)
GEOMETRIC_REPRESENTATION_ITEM()
RATIONAL_B_SPLINE_SURFACE(((1.,0.50408170037777,1.),(1.,0.571863315786426,
1.),(1.,0.644208124525336,1.),(1.,0.707106781186541,1.)))
REPRESENTATION_ITEM('')
SURFACE()
);
#18=(
BOUNDED_SURFACE()
B_SPLINE_SURFACE(3,2,((#1889,#1890,#1891),(#1892,#1893,#1894),(#1895,#1896,
#1897),(#1898,#1899,#1900),(#1901,#1902,#1903)),.UNSPECIFIED.,.F.,.F.,.F.)
B_SPLINE_SURFACE_WITH_KNOTS((4,1,4),(3,3),(0.,0.438029025299096,0.876058050598192),
(0.,1.),.UNSPECIFIED.)
GEOMETRIC_REPRESENTATION_ITEM()
RATIONAL_B_SPLINE_SURFACE(((1.,0.340425263753014,1.),(1.,0.340425264045046,
1.),(1.,0.379251588828069,1.),(1.,0.461345729174421,1.),(1.,0.504081700377765,
1.)))
REPRESENTATION_ITEM('')
SURFACE()
);
#19=(
BOUNDED_SURFACE()
B_SPLINE_SURFACE(3,2,((#1911,#1912,#1913),(#1914,#1915,#1916),(#1917,#1918,
#1919),(#1920,#1921,#1922),(#1923,#1924,#1925)),.UNSPECIFIED.,.F.,.F.,.F.)
B_SPLINE_SURFACE_WITH_KNOTS((4,1,4),(3,3),(5.40712725658139,5.84515628188049,
6.28318530717959),(0.,1.),.UNSPECIFIED.)
GEOMETRIC_REPRESENTATION_ITEM()
RATIONAL_B_SPLINE_SURFACE(((1.,0.504081700377765,1.),(1.,0.46134572917474,
1.),(1.,0.379251588827911,1.),(1.,0.340425264045046,1.),(1.,0.340425263753014,
1.)))
REPRESENTATION_ITEM('')
SURFACE()
);
#20=(
BOUNDED_SURFACE()
B_SPLINE_SURFACE(3,2,((#1947,#1948,#1949),(#1950,#1951,#1952),(#1953,#1954,
#1955),(#1956,#1957,#1958)),.UNSPECIFIED.,.F.,.F.,.F.)
B_SPLINE_SURFACE_WITH_KNOTS((4,4),(3,3),(4.01765070418797,4.71238898038469),
(0.,1.),.PIECEWISE_BEZIER_KNOTS.)
GEOMETRIC_REPRESENTATION_ITEM()
RATIONAL_B_SPLINE_SURFACE(((1.,0.504081700377759,1.),(1.,0.571863315788534,
1.),(1.,0.644208124525628,1.),(1.,0.707106781186549,1.)))
REPRESENTATION_ITEM('')
SURFACE()
);
#21=(
BOUNDED_SURFACE()
B_SPLINE_SURFACE(3,2,((#1962,#1963,#1964),(#1965,#1966,#1967),(#1968,#1969,
#1970),(#1971,#1972,#1973)),.UNSPECIFIED.,.F.,.F.,.F.)
B_SPLINE_SURFACE_WITH_KNOTS((4,4),(3,3),(4.71238898038469,5.4071272565814),
(0.,1.),.PIECEWISE_BEZIER_KNOTS.)
GEOMETRIC_REPRESENTATION_ITEM()
RATIONAL_B_SPLINE_SURFACE(((1.,0.70710678118655,1.),(1.,0.644208124526367,
1.),(1.,0.571863315788665,1.),(1.,0.50408170037776,1.)))
REPRESENTATION_ITEM('')
SURFACE()
);
#22=SPHERICAL_SURFACE('',#1119,0.001);
#23=SPHERICAL_SURFACE('',#1126,0.001);
#24=SPHERICAL_SURFACE('',#1133,0.001);
#25=SPHERICAL_SURFACE('',#1140,0.001);
#26=SPHERICAL_SURFACE('',#1187,0.001);
#27=SPHERICAL_SURFACE('',#1191,0.001);
#28=SPHERICAL_SURFACE('',#1217,0.001);
#29=SPHERICAL_SURFACE('',#1219,0.001);
#30=CIRCLE('',#1114,0.001);
#31=CIRCLE('',#1115,0.001);
#32=CIRCLE('',#1118,0.001);
#33=CIRCLE('',#1120,0.001);
#34=CIRCLE('',#1122,0.001);
#35=CIRCLE('',#1125,0.001);
#36=CIRCLE('',#1127,0.001);
#37=CIRCLE('',#1129,0.001);
#38=CIRCLE('',#1132,0.001);
#39=CIRCLE('',#1134,0.001);
#40=CIRCLE('',#1136,0.001);
#41=CIRCLE('',#1137,0.001);
#42=CIRCLE('',#1139,0.001);
#43=CIRCLE('',#1141,0.001);
#44=CIRCLE('',#1145,0.00025);
#45=CIRCLE('',#1146,0.00025);
#46=CIRCLE('',#1147,0.00025);
#47=CIRCLE('',#1148,0.00025);
#48=CIRCLE('',#1150,0.00025);
#49=CIRCLE('',#1152,0.00025);
#50=CIRCLE('',#1153,0.00025);
#51=CIRCLE('',#1155,0.00025);
#52=CIRCLE('',#1156,0.00025);
#53=CIRCLE('',#1158,0.00025);
#54=CIRCLE('',#1161,0.0103616);
#55=CIRCLE('',#1162,0.0103616);
#56=CIRCLE('',#1169,0.0103616);
#57=CIRCLE('',#1173,0.0103616);
#58=CIRCLE('',#1176,0.001);
#59=CIRCLE('',#1177,0.001);
#60=CIRCLE('',#1178,0.00025);
#61=CIRCLE('',#1179,0.00025);
#62=CIRCLE('',#1182,0.001);
#63=CIRCLE('',#1185,0.001);
#64=CIRCLE('',#1188,0.001);
#65=CIRCLE('',#1189,0.001);
#66=CIRCLE('',#1192,0.001);
#67=CIRCLE('',#1193,0.001);
#68=CIRCLE('',#1197,0.001);
#69=CIRCLE('',#1200,0.001);
#70=CIRCLE('',#1202,0.00025);
#71=CIRCLE('',#1203,0.00025);
#72=CIRCLE('',#1205,0.00025);
#73=CIRCLE('',#1207,0.00025);
#74=CIRCLE('',#1209,0.00025);
#75=CIRCLE('',#1211,0.00025);
#76=CIRCLE('',#1213,0.001);
#77=CIRCLE('',#1216,0.001);
#78=CIRCLE('',#1218,0.001);
#79=CIRCLE('',#1220,0.001);
#80=CIRCLE('',#1221,0.00025);
#81=CIRCLE('',#1223,0.00025);
#82=CYLINDRICAL_SURFACE('',#1113,0.001);
#83=CYLINDRICAL_SURFACE('',#1116,0.001);
#84=CYLINDRICAL_SURFACE('',#1121,0.001);
#85=CYLINDRICAL_SURFACE('',#1123,0.001);
#86=CYLINDRICAL_SURFACE('',#1128,0.001);
#87=CYLINDRICAL_SURFACE('',#1130,0.001);
#88=CYLINDRICAL_SURFACE('',#1135,0.001);
#89=CYLINDRICAL_SURFACE('',#1138,0.001);
#90=CYLINDRICAL_SURFACE('',#1142,0.001);
#91=CYLINDRICAL_SURFACE('',#1144,0.00025);
#92=CYLINDRICAL_SURFACE('',#1149,0.00025);
#93=CYLINDRICAL_SURFACE('',#1151,0.00025);
#94=CYLINDRICAL_SURFACE('',#1154,0.00025);
#95=CYLINDRICAL_SURFACE('',#1157,0.00025);
#96=CYLINDRICAL_SURFACE('',#1160,0.0103616);
#97=CYLINDRICAL_SURFACE('',#1174,0.0103616);
#98=CYLINDRICAL_SURFACE('',#1180,0.001);
#99=CYLINDRICAL_SURFACE('',#1183,0.001);
#100=CYLINDRICAL_SURFACE('',#1195,0.001);
#101=CYLINDRICAL_SURFACE('',#1198,0.001);
#102=CYLINDRICAL_SURFACE('',#1201,0.00025);
#103=CYLINDRICAL_SURFACE('',#1206,0.00025);
#104=CYLINDRICAL_SURFACE('',#1210,0.00025);
#105=CYLINDRICAL_SURFACE('',#1212,0.001);
#106=CYLINDRICAL_SURFACE('',#1214,0.001);
#107=CYLINDRICAL_SURFACE('',#1215,0.001);
#108=CYLINDRICAL_SURFACE('',#1225,0.001);
#109=CYLINDRICAL_SURFACE('',#1226,0.001);
#110=CYLINDRICAL_SURFACE('',#1228,0.00025);
#111=CYLINDRICAL_SURFACE('',#1229,0.00025);
#112=ELLIPSE('',#1105,0.001171537451386,0.00075);
#113=ELLIPSE('',#1106,0.001171537451386,0.00075);
#114=ELLIPSE('',#1107,0.001171537451386,0.00075);
#115=ELLIPSE('',#1108,0.001171537451386,0.00075);
#116=ELLIPSE('',#1117,0.00134536240470737,0.001);
#117=ELLIPSE('',#1124,0.00134536240470737,0.001);
#118=ELLIPSE('',#1131,0.00134536240470737,0.001);
#119=ELLIPSE('',#1143,0.00134536240470737,0.001);
#120=ELLIPSE('',#1181,0.00134536240470737,0.001);
#121=ELLIPSE('',#1184,0.00134536240470737,0.001);
#122=ELLIPSE('',#1196,0.00134536240470737,0.001);
#123=ELLIPSE('',#1199,0.00134536240470737,0.001);
#124=ELLIPSE('',#1204,0.001171537451386,0.00075);
#125=ELLIPSE('',#1208,0.001171537451386,0.00075);
#126=ELLIPSE('',#1222,0.001171537451386,0.00075);
#127=ELLIPSE('',#1224,0.001171537451386,0.00075);
#128=ORIENTED_EDGE('',*,*,#432,.F.);
#129=ORIENTED_EDGE('',*,*,#433,.T.);
#130=ORIENTED_EDGE('',*,*,#434,.T.);
#131=ORIENTED_EDGE('',*,*,#435,.T.);
#132=ORIENTED_EDGE('',*,*,#436,.T.);
#133=ORIENTED_EDGE('',*,*,#437,.T.);
#134=ORIENTED_EDGE('',*,*,#438,.T.);
#135=ORIENTED_EDGE('',*,*,#439,.T.);
#136=ORIENTED_EDGE('',*,*,#440,.F.);
#137=ORIENTED_EDGE('',*,*,#441,.T.);
#138=ORIENTED_EDGE('',*,*,#442,.T.);
#139=ORIENTED_EDGE('',*,*,#443,.T.);
#140=ORIENTED_EDGE('',*,*,#444,.T.);
#141=ORIENTED_EDGE('',*,*,#445,.T.);
#142=ORIENTED_EDGE('',*,*,#446,.T.);
#143=ORIENTED_EDGE('',*,*,#447,.T.);
#144=ORIENTED_EDGE('',*,*,#448,.T.);
#145=ORIENTED_EDGE('',*,*,#449,.T.);
#146=ORIENTED_EDGE('',*,*,#450,.F.);
#147=ORIENTED_EDGE('',*,*,#451,.T.);
#148=ORIENTED_EDGE('',*,*,#452,.T.);
#149=ORIENTED_EDGE('',*,*,#453,.T.);
#150=ORIENTED_EDGE('',*,*,#454,.T.);
#151=ORIENTED_EDGE('',*,*,#455,.T.);
#152=ORIENTED_EDGE('',*,*,#456,.T.);
#153=ORIENTED_EDGE('',*,*,#457,.T.);
#154=ORIENTED_EDGE('',*,*,#458,.T.);
#155=ORIENTED_EDGE('',*,*,#459,.T.);
#156=ORIENTED_EDGE('',*,*,#460,.T.);
#157=ORIENTED_EDGE('',*,*,#461,.T.);
#158=ORIENTED_EDGE('',*,*,#462,.T.);
#159=ORIENTED_EDGE('',*,*,#463,.T.);
#160=ORIENTED_EDGE('',*,*,#464,.T.);
#161=ORIENTED_EDGE('',*,*,#465,.T.);
#162=ORIENTED_EDGE('',*,*,#466,.T.);
#163=ORIENTED_EDGE('',*,*,#467,.T.);
#164=ORIENTED_EDGE('',*,*,#468,.F.);
#165=ORIENTED_EDGE('',*,*,#455,.F.);
#166=ORIENTED_EDGE('',*,*,#469,.F.);
#167=ORIENTED_EDGE('',*,*,#438,.F.);
#168=ORIENTED_EDGE('',*,*,#462,.F.);
#169=ORIENTED_EDGE('',*,*,#470,.T.);
#170=ORIENTED_EDGE('',*,*,#439,.F.);
#171=ORIENTED_EDGE('',*,*,#471,.F.);
#172=ORIENTED_EDGE('',*,*,#471,.T.);
#173=ORIENTED_EDGE('',*,*,#469,.T.);
#174=ORIENTED_EDGE('',*,*,#472,.F.);
#175=ORIENTED_EDGE('',*,*,#472,.T.);
#176=ORIENTED_EDGE('',*,*,#454,.F.);
#177=ORIENTED_EDGE('',*,*,#473,.F.);
#178=ORIENTED_EDGE('',*,*,#463,.F.);
#179=ORIENTED_EDGE('',*,*,#458,.F.);
#180=ORIENTED_EDGE('',*,*,#474,.T.);
#181=ORIENTED_EDGE('',*,*,#460,.F.);
#182=ORIENTED_EDGE('',*,*,#475,.F.);
#183=ORIENTED_EDGE('',*,*,#475,.T.);
#184=ORIENTED_EDGE('',*,*,#473,.T.);
#185=ORIENTED_EDGE('',*,*,#476,.F.);
#186=ORIENTED_EDGE('',*,*,#476,.T.);
#187=ORIENTED_EDGE('',*,*,#453,.F.);
#188=ORIENTED_EDGE('',*,*,#477,.F.);
#189=ORIENTED_EDGE('',*,*,#459,.F.);
#190=ORIENTED_EDGE('',*,*,#466,.F.);
#191=ORIENTED_EDGE('',*,*,#478,.T.);
#192=ORIENTED_EDGE('',*,*,#456,.F.);
#193=ORIENTED_EDGE('',*,*,#479,.F.);
#194=ORIENTED_EDGE('',*,*,#479,.T.);
#195=ORIENTED_EDGE('',*,*,#477,.T.);
#196=ORIENTED_EDGE('',*,*,#480,.F.);
#197=ORIENTED_EDGE('',*,*,#481,.F.);
#198=ORIENTED_EDGE('',*,*,#435,.F.);
#199=ORIENTED_EDGE('',*,*,#482,.F.);
#200=ORIENTED_EDGE('',*,*,#451,.F.);
#201=ORIENTED_EDGE('',*,*,#480,.T.);
#202=ORIENTED_EDGE('',*,*,#452,.F.);
#203=ORIENTED_EDGE('',*,*,#483,.F.);
#204=ORIENTED_EDGE('',*,*,#467,.F.);
#205=ORIENTED_EDGE('',*,*,#483,.T.);
#206=ORIENTED_EDGE('',*,*,#482,.T.);
#207=ORIENTED_EDGE('',*,*,#484,.F.);
#208=ORIENTED_EDGE('',*,*,#434,.F.);
#209=ORIENTED_EDGE('',*,*,#485,.T.);
#210=ORIENTED_EDGE('',*,*,#464,.F.);
#211=ORIENTED_EDGE('',*,*,#484,.T.);
#212=ORIENTED_EDGE('',*,*,#486,.F.);
#213=ORIENTED_EDGE('',*,*,#461,.F.);
#214=ORIENTED_EDGE('',*,*,#487,.F.);
#215=ORIENTED_EDGE('',*,*,#443,.F.);
#216=ORIENTED_EDGE('',*,*,#487,.T.);
#217=ORIENTED_EDGE('',*,*,#474,.F.);
#218=ORIENTED_EDGE('',*,*,#488,.F.);
#219=ORIENTED_EDGE('',*,*,#444,.F.);
#220=ORIENTED_EDGE('',*,*,#486,.T.);
#221=ORIENTED_EDGE('',*,*,#442,.F.);
#222=ORIENTED_EDGE('',*,*,#489,.F.);
#223=ORIENTED_EDGE('',*,*,#470,.F.);
#224=ORIENTED_EDGE('',*,*,#488,.T.);
#225=ORIENTED_EDGE('',*,*,#457,.F.);
#226=ORIENTED_EDGE('',*,*,#490,.F.);
#227=ORIENTED_EDGE('',*,*,#445,.F.);
#228=ORIENTED_EDGE('',*,*,#491,.F.);
#229=ORIENTED_EDGE('',*,*,#436,.F.);
#230=ORIENTED_EDGE('',*,*,#489,.T.);
#231=ORIENTED_EDGE('',*,*,#441,.F.);
#232=ORIENTED_EDGE('',*,*,#490,.T.);
#233=ORIENTED_EDGE('',*,*,#478,.F.);
#234=ORIENTED_EDGE('',*,*,#492,.F.);
#235=ORIENTED_EDGE('',*,*,#446,.F.);
#236=ORIENTED_EDGE('',*,*,#492,.T.);
#237=ORIENTED_EDGE('',*,*,#465,.F.);
#238=ORIENTED_EDGE('',*,*,#493,.F.);
#239=ORIENTED_EDGE('',*,*,#447,.F.);
#240=ORIENTED_EDGE('',*,*,#493,.T.);
#241=ORIENTED_EDGE('',*,*,#485,.F.);
#242=ORIENTED_EDGE('',*,*,#494,.F.);
#243=ORIENTED_EDGE('',*,*,#448,.F.);
#244=ORIENTED_EDGE('',*,*,#495,.F.);
#245=ORIENTED_EDGE('',*,*,#449,.F.);
#246=ORIENTED_EDGE('',*,*,#494,.T.);
#247=ORIENTED_EDGE('',*,*,#433,.F.);
#248=ORIENTED_EDGE('',*,*,#468,.T.);
#249=ORIENTED_EDGE('',*,*,#437,.F.);
#250=ORIENTED_EDGE('',*,*,#491,.T.);
#251=ORIENTED_EDGE('',*,*,#440,.T.);
#252=ORIENTED_EDGE('',*,*,#495,.T.);
#253=ORIENTED_EDGE('',*,*,#432,.T.);
#254=ORIENTED_EDGE('',*,*,#481,.T.);
#255=ORIENTED_EDGE('',*,*,#450,.T.);
#256=ORIENTED_EDGE('',*,*,#496,.T.);
#257=ORIENTED_EDGE('',*,*,#497,.F.);
#258=ORIENTED_EDGE('',*,*,#498,.T.);
#259=ORIENTED_EDGE('',*,*,#499,.F.);
#260=ORIENTED_EDGE('',*,*,#500,.F.);
#261=ORIENTED_EDGE('',*,*,#501,.T.);
#262=ORIENTED_EDGE('',*,*,#502,.T.);
#263=ORIENTED_EDGE('',*,*,#503,.F.);
#264=ORIENTED_EDGE('',*,*,#504,.F.);
#265=ORIENTED_EDGE('',*,*,#497,.T.);
#266=ORIENTED_EDGE('',*,*,#505,.F.);
#267=ORIENTED_EDGE('',*,*,#501,.F.);
#268=ORIENTED_EDGE('',*,*,#498,.F.);
#269=ORIENTED_EDGE('',*,*,#504,.T.);
#270=ORIENTED_EDGE('',*,*,#500,.T.);
#271=ORIENTED_EDGE('',*,*,#506,.F.);
#272=ORIENTED_EDGE('',*,*,#496,.F.);
#273=ORIENTED_EDGE('',*,*,#507,.F.);
#274=ORIENTED_EDGE('',*,*,#502,.F.);
#275=ORIENTED_EDGE('',*,*,#505,.T.);
#276=ORIENTED_EDGE('',*,*,#507,.T.);
#277=ORIENTED_EDGE('',*,*,#499,.T.);
#278=ORIENTED_EDGE('',*,*,#506,.T.);
#279=ORIENTED_EDGE('',*,*,#503,.T.);
#280=ORIENTED_EDGE('',*,*,#508,.F.);
#281=ORIENTED_EDGE('',*,*,#509,.T.);
#282=ORIENTED_EDGE('',*,*,#510,.T.);
#283=ORIENTED_EDGE('',*,*,#511,.T.);
#284=ORIENTED_EDGE('',*,*,#509,.F.);
#285=ORIENTED_EDGE('',*,*,#512,.T.);
#286=ORIENTED_EDGE('',*,*,#513,.T.);
#287=ORIENTED_EDGE('',*,*,#514,.T.);
#288=ORIENTED_EDGE('',*,*,#515,.T.);
#289=ORIENTED_EDGE('',*,*,#516,.T.);
#290=ORIENTED_EDGE('',*,*,#511,.F.);
#291=ORIENTED_EDGE('',*,*,#517,.F.);
#292=ORIENTED_EDGE('',*,*,#518,.F.);
#293=ORIENTED_EDGE('',*,*,#515,.F.);
#294=ORIENTED_EDGE('',*,*,#519,.F.);
#295=ORIENTED_EDGE('',*,*,#513,.F.);
#296=ORIENTED_EDGE('',*,*,#514,.F.);
#297=ORIENTED_EDGE('',*,*,#519,.T.);
#298=ORIENTED_EDGE('',*,*,#517,.T.);
#299=ORIENTED_EDGE('',*,*,#510,.F.);
#300=ORIENTED_EDGE('',*,*,#520,.F.);
#301=ORIENTED_EDGE('',*,*,#521,.F.);
#302=ORIENTED_EDGE('',*,*,#522,.F.);
#303=ORIENTED_EDGE('',*,*,#523,.F.);
#304=ORIENTED_EDGE('',*,*,#524,.F.);
#305=ORIENTED_EDGE('',*,*,#525,.F.);
#306=ORIENTED_EDGE('',*,*,#526,.F.);
#307=ORIENTED_EDGE('',*,*,#527,.T.);
#308=ORIENTED_EDGE('',*,*,#512,.F.);
#309=ORIENTED_EDGE('',*,*,#508,.T.);
#310=ORIENTED_EDGE('',*,*,#516,.F.);
#311=ORIENTED_EDGE('',*,*,#518,.T.);
#312=ORIENTED_EDGE('',*,*,#528,.F.);
#313=ORIENTED_EDGE('',*,*,#529,.T.);
#314=ORIENTED_EDGE('',*,*,#530,.F.);
#315=ORIENTED_EDGE('',*,*,#531,.F.);
#316=ORIENTED_EDGE('',*,*,#532,.F.);
#317=ORIENTED_EDGE('',*,*,#533,.T.);
#318=ORIENTED_EDGE('',*,*,#534,.F.);
#319=ORIENTED_EDGE('',*,*,#535,.F.);
#320=ORIENTED_EDGE('',*,*,#534,.T.);
#321=ORIENTED_EDGE('',*,*,#536,.T.);
#322=ORIENTED_EDGE('',*,*,#537,.T.);
#323=ORIENTED_EDGE('',*,*,#538,.T.);
#324=ORIENTED_EDGE('',*,*,#539,.T.);
#325=ORIENTED_EDGE('',*,*,#535,.T.);
#326=ORIENTED_EDGE('',*,*,#540,.F.);
#327=ORIENTED_EDGE('',*,*,#530,.T.);
#328=ORIENTED_EDGE('',*,*,#541,.T.);
#329=ORIENTED_EDGE('',*,*,#532,.T.);
#330=ORIENTED_EDGE('',*,*,#542,.T.);
#331=ORIENTED_EDGE('',*,*,#543,.T.);
#332=ORIENTED_EDGE('',*,*,#531,.T.);
#333=ORIENTED_EDGE('',*,*,#544,.F.);
#334=ORIENTED_EDGE('',*,*,#545,.T.);
#335=ORIENTED_EDGE('',*,*,#546,.T.);
#336=ORIENTED_EDGE('',*,*,#528,.T.);
#337=ORIENTED_EDGE('',*,*,#547,.T.);
#338=ORIENTED_EDGE('',*,*,#537,.F.);
#339=ORIENTED_EDGE('',*,*,#548,.T.);
#340=ORIENTED_EDGE('',*,*,#549,.F.);
#341=ORIENTED_EDGE('',*,*,#550,.F.);
#342=ORIENTED_EDGE('',*,*,#551,.F.);
#343=ORIENTED_EDGE('',*,*,#552,.T.);
#344=ORIENTED_EDGE('',*,*,#545,.F.);
#345=ORIENTED_EDGE('',*,*,#553,.F.);
#346=ORIENTED_EDGE('',*,*,#554,.T.);
#347=ORIENTED_EDGE('',*,*,#555,.F.);
#348=ORIENTED_EDGE('',*,*,#556,.F.);
#349=ORIENTED_EDGE('',*,*,#546,.F.);
#350=ORIENTED_EDGE('',*,*,#556,.T.);
#351=ORIENTED_EDGE('',*,*,#557,.F.);
#352=ORIENTED_EDGE('',*,*,#558,.F.);
#353=ORIENTED_EDGE('',*,*,#529,.F.);
#354=ORIENTED_EDGE('',*,*,#558,.T.);
#355=ORIENTED_EDGE('',*,*,#559,.F.);
#356=ORIENTED_EDGE('',*,*,#560,.F.);
#357=ORIENTED_EDGE('',*,*,#541,.F.);
#358=ORIENTED_EDGE('',*,*,#560,.T.);
#359=ORIENTED_EDGE('',*,*,#561,.F.);
#360=ORIENTED_EDGE('',*,*,#562,.F.);
#361=ORIENTED_EDGE('',*,*,#533,.F.);
#362=ORIENTED_EDGE('',*,*,#563,.T.);
#363=ORIENTED_EDGE('',*,*,#536,.F.);
#364=ORIENTED_EDGE('',*,*,#562,.T.);
#365=ORIENTED_EDGE('',*,*,#564,.F.);
#366=ORIENTED_EDGE('',*,*,#540,.T.);
#367=ORIENTED_EDGE('',*,*,#538,.F.);
#368=ORIENTED_EDGE('',*,*,#565,.F.);
#369=ORIENTED_EDGE('',*,*,#566,.F.);
#370=ORIENTED_EDGE('',*,*,#544,.T.);
#371=ORIENTED_EDGE('',*,*,#542,.F.);
#372=ORIENTED_EDGE('',*,*,#539,.F.);
#373=ORIENTED_EDGE('',*,*,#567,.F.);
#374=ORIENTED_EDGE('',*,*,#568,.T.);
#375=ORIENTED_EDGE('',*,*,#547,.F.);
#376=ORIENTED_EDGE('',*,*,#543,.F.);
#377=ORIENTED_EDGE('',*,*,#569,.F.);
#378=ORIENTED_EDGE('',*,*,#570,.F.);
#379=ORIENTED_EDGE('',*,*,#553,.T.);
#380=ORIENTED_EDGE('',*,*,#568,.F.);
#381=ORIENTED_EDGE('',*,*,#565,.T.);
#382=ORIENTED_EDGE('',*,*,#550,.T.);
#383=ORIENTED_EDGE('',*,*,#571,.F.);
#384=ORIENTED_EDGE('',*,*,#572,.T.);
#385=ORIENTED_EDGE('',*,*,#573,.F.);
#386=ORIENTED_EDGE('',*,*,#554,.F.);
#387=ORIENTED_EDGE('',*,*,#552,.F.);
#388=ORIENTED_EDGE('',*,*,#574,.T.);
#389=ORIENTED_EDGE('',*,*,#548,.F.);
#390=ORIENTED_EDGE('',*,*,#563,.F.);
#391=ORIENTED_EDGE('',*,*,#575,.F.);
#392=ORIENTED_EDGE('',*,*,#576,.F.);
#393=ORIENTED_EDGE('',*,*,#520,.T.);
#394=ORIENTED_EDGE('',*,*,#577,.F.);
#395=ORIENTED_EDGE('',*,*,#570,.T.);
#396=ORIENTED_EDGE('',*,*,#578,.F.);
#397=ORIENTED_EDGE('',*,*,#522,.T.);
#398=ORIENTED_EDGE('',*,*,#579,.F.);
#399=ORIENTED_EDGE('',*,*,#571,.T.);
#400=ORIENTED_EDGE('',*,*,#579,.T.);
#401=ORIENTED_EDGE('',*,*,#521,.T.);
#402=ORIENTED_EDGE('',*,*,#576,.T.);
#403=ORIENTED_EDGE('',*,*,#569,.T.);
#404=ORIENTED_EDGE('',*,*,#567,.T.);
#405=ORIENTED_EDGE('',*,*,#566,.T.);
#406=ORIENTED_EDGE('',*,*,#580,.F.);
#407=ORIENTED_EDGE('',*,*,#524,.T.);
#408=ORIENTED_EDGE('',*,*,#581,.F.);
#409=ORIENTED_EDGE('',*,*,#574,.F.);
#410=ORIENTED_EDGE('',*,*,#582,.F.);
#411=ORIENTED_EDGE('',*,*,#526,.T.);
#412=ORIENTED_EDGE('',*,*,#583,.F.);
#413=ORIENTED_EDGE('',*,*,#572,.F.);
#414=ORIENTED_EDGE('',*,*,#583,.T.);
#415=ORIENTED_EDGE('',*,*,#525,.T.);
#416=ORIENTED_EDGE('',*,*,#580,.T.);
#417=ORIENTED_EDGE('',*,*,#575,.T.);
#418=ORIENTED_EDGE('',*,*,#564,.T.);
#419=ORIENTED_EDGE('',*,*,#561,.T.);
#420=ORIENTED_EDGE('',*,*,#559,.T.);
#421=ORIENTED_EDGE('',*,*,#557,.T.);
#422=ORIENTED_EDGE('',*,*,#555,.T.);
#423=ORIENTED_EDGE('',*,*,#573,.T.);
#424=ORIENTED_EDGE('',*,*,#527,.F.);
#425=ORIENTED_EDGE('',*,*,#582,.T.);
#426=ORIENTED_EDGE('',*,*,#551,.T.);
#427=ORIENTED_EDGE('',*,*,#577,.T.);
#428=ORIENTED_EDGE('',*,*,#581,.T.);
#429=ORIENTED_EDGE('',*,*,#523,.T.);
#430=ORIENTED_EDGE('',*,*,#578,.T.);
#431=ORIENTED_EDGE('',*,*,#549,.T.);
#432=EDGE_CURVE('',#584,#585,#672,.T.);
#433=EDGE_CURVE('',#584,#586,#673,.T.);
#434=EDGE_CURVE('',#586,#587,#674,.F.);
#435=EDGE_CURVE('',#587,#585,#675,.F.);
#436=EDGE_CURVE('',#588,#589,#676,.F.);
#437=EDGE_CURVE('',#589,#590,#677,.T.);
#438=EDGE_CURVE('',#590,#591,#678,.T.);
#439=EDGE_CURVE('',#591,#588,#679,.T.);
#440=EDGE_CURVE('',#592,#593,#680,.T.);
#441=EDGE_CURVE('',#592,#594,#681,.T.);
#442=EDGE_CURVE('',#594,#595,#112,.T.);
#443=EDGE_CURVE('',#595,#596,#682,.T.);
#444=EDGE_CURVE('',#596,#597,#113,.T.);
#445=EDGE_CURVE('',#597,#598,#683,.T.);
#446=EDGE_CURVE('',#598,#599,#114,.T.);
#447=EDGE_CURVE('',#599,#600,#684,.F.);
#448=EDGE_CURVE('',#600,#601,#115,.T.);
#449=EDGE_CURVE('',#601,#593,#685,.F.);
#450=EDGE_CURVE('',#602,#603,#686,.T.);
#451=EDGE_CURVE('',#602,#604,#687,.T.);
#452=EDGE_CURVE('',#604,#605,#688,.F.);
#453=EDGE_CURVE('',#605,#606,#689,.T.);
#454=EDGE_CURVE('',#606,#607,#690,.T.);
#455=EDGE_CURVE('',#607,#603,#691,.F.);
#456=EDGE_CURVE('',#608,#609,#692,.F.);
#457=EDGE_CURVE('',#609,#610,#693,.F.);
#458=EDGE_CURVE('',#610,#611,#694,.T.);
#459=EDGE_CURVE('',#611,#608,#695,.F.);
#460=EDGE_CURVE('',#612,#613,#696,.F.);
#461=EDGE_CURVE('',#613,#614,#697,.F.);
#462=EDGE_CURVE('',#614,#615,#698,.F.);
#463=EDGE_CURVE('',#615,#612,#699,.F.);
#464=EDGE_CURVE('',#616,#617,#700,.F.);
#465=EDGE_CURVE('',#617,#618,#701,.F.);
#466=EDGE_CURVE('',#618,#619,#702,.F.);
#467=EDGE_CURVE('',#619,#616,#703,.F.);
#468=EDGE_CURVE('',#603,#590,#30,.F.);
#469=EDGE_CURVE('',#591,#607,#31,.T.);
#470=EDGE_CURVE('',#614,#588,#116,.T.);
#471=EDGE_CURVE('',#615,#591,#32,.T.);
#472=EDGE_CURVE('',#615,#607,#33,.F.);
#473=EDGE_CURVE('',#612,#606,#34,.T.);
#474=EDGE_CURVE('',#610,#613,#117,.T.);
#475=EDGE_CURVE('',#611,#612,#35,.T.);
#476=EDGE_CURVE('',#611,#606,#36,.F.);
#477=EDGE_CURVE('',#608,#605,#37,.T.);
#478=EDGE_CURVE('',#618,#609,#118,.T.);
#479=EDGE_CURVE('',#619,#608,#38,.T.);
#480=EDGE_CURVE('',#619,#605,#39,.F.);
#481=EDGE_CURVE('',#585,#602,#40,.F.);
#482=EDGE_CURVE('',#604,#587,#41,.T.);
#483=EDGE_CURVE('',#616,#604,#42,.T.);
#484=EDGE_CURVE('',#616,#587,#43,.F.);
#485=EDGE_CURVE('',#586,#617,#119,.T.);
#486=EDGE_CURVE('',#614,#595,#44,.T.);
#487=EDGE_CURVE('',#596,#613,#45,.T.);
#488=EDGE_CURVE('',#597,#610,#46,.T.);
#489=EDGE_CURVE('',#588,#594,#47,.T.);
#490=EDGE_CURVE('',#598,#609,#48,.T.);
#491=EDGE_CURVE('',#589,#592,#49,.F.);
#492=EDGE_CURVE('',#599,#618,#50,.T.);
#493=EDGE_CURVE('',#600,#617,#51,.T.);
#494=EDGE_CURVE('',#601,#586,#52,.T.);
#495=EDGE_CURVE('',#593,#584,#53,.F.);
#496=EDGE_CURVE('',#620,#621,#704,.T.);
#497=EDGE_CURVE('',#622,#621,#705,.T.);
#498=EDGE_CURVE('',#622,#623,#706,.T.);
#499=EDGE_CURVE('',#620,#623,#707,.T.);
#500=EDGE_CURVE('',#624,#625,#708,.T.);
#501=EDGE_CURVE('',#624,#626,#54,.T.);
#502=EDGE_CURVE('',#626,#627,#709,.T.);
#503=EDGE_CURVE('',#625,#627,#55,.T.);
#504=EDGE_CURVE('',#622,#624,#710,.T.);
#505=EDGE_CURVE('',#626,#621,#711,.T.);
#506=EDGE_CURVE('',#623,#625,#712,.T.);
#507=EDGE_CURVE('',#627,#620,#713,.T.);
#508=EDGE_CURVE('',#628,#629,#714,.T.);
#509=EDGE_CURVE('',#628,#630,#715,.T.);
#510=EDGE_CURVE('',#630,#631,#56,.T.);
#511=EDGE_CURVE('',#631,#629,#716,.T.);
#512=EDGE_CURVE('',#628,#632,#717,.T.);
#513=EDGE_CURVE('',#632,#633,#718,.T.);
#514=EDGE_CURVE('',#633,#630,#719,.T.);
#515=EDGE_CURVE('',#634,#635,#720,.T.);
#516=EDGE_CURVE('',#635,#629,#721,.T.);
#517=EDGE_CURVE('',#634,#631,#722,.T.);
#518=EDGE_CURVE('',#635,#632,#723,.T.);
#519=EDGE_CURVE('',#633,#634,#57,.T.);
#520=EDGE_CURVE('',#636,#637,#58,.F.);
#521=EDGE_CURVE('',#638,#636,#724,.T.);
#522=EDGE_CURVE('',#639,#638,#59,.F.);
#523=EDGE_CURVE('',#640,#639,#725,.T.);
#524=EDGE_CURVE('',#641,#640,#60,.F.);
#525=EDGE_CURVE('',#642,#641,#726,.T.);
#526=EDGE_CURVE('',#643,#642,#61,.F.);
#527=EDGE_CURVE('',#643,#637,#727,.T.);
#528=EDGE_CURVE('',#644,#645,#728,.T.);
#529=EDGE_CURVE('',#644,#646,#120,.T.);
#530=EDGE_CURVE('',#647,#646,#729,.F.);
#531=EDGE_CURVE('',#645,#647,#62,.T.);
#532=EDGE_CURVE('',#648,#649,#730,.T.);
#533=EDGE_CURVE('',#648,#650,#121,.T.);
#534=EDGE_CURVE('',#651,#650,#731,.T.);
#535=EDGE_CURVE('',#649,#651,#63,.T.);
#536=EDGE_CURVE('',#650,#652,#732,.F.);
#537=EDGE_CURVE('',#652,#653,#733,.F.);
#538=EDGE_CURVE('',#653,#651,#734,.F.);
#539=EDGE_CURVE('',#654,#649,#64,.T.);
#540=EDGE_CURVE('',#654,#651,#65,.F.);
#541=EDGE_CURVE('',#646,#648,#735,.F.);
#542=EDGE_CURVE('',#649,#647,#736,.F.);
#543=EDGE_CURVE('',#655,#645,#66,.T.);
#544=EDGE_CURVE('',#655,#647,#67,.F.);
#545=EDGE_CURVE('',#656,#657,#737,.F.);
#546=EDGE_CURVE('',#657,#644,#738,.F.);
#547=EDGE_CURVE('',#645,#656,#739,.F.);
#548=EDGE_CURVE('',#652,#658,#122,.T.);
#549=EDGE_CURVE('',#659,#658,#740,.T.);
#550=EDGE_CURVE('',#653,#659,#68,.T.);
#551=EDGE_CURVE('',#660,#661,#741,.F.);
#552=EDGE_CURVE('',#660,#657,#123,.T.);
#553=EDGE_CURVE('',#661,#656,#69,.T.);
#554=EDGE_CURVE('',#657,#662,#70,.T.);
#555=EDGE_CURVE('',#663,#662,#742,.F.);
#556=EDGE_CURVE('',#644,#663,#71,.T.);
#557=EDGE_CURVE('',#664,#663,#124,.T.);
#558=EDGE_CURVE('',#646,#664,#72,.T.);
#559=EDGE_CURVE('',#665,#664,#743,.F.);
#560=EDGE_CURVE('',#648,#665,#73,.T.);
#561=EDGE_CURVE('',#666,#665,#125,.T.);
#562=EDGE_CURVE('',#650,#666,#74,.T.);
#563=EDGE_CURVE('',#667,#652,#75,.T.);
#564=EDGE_CURVE('',#667,#666,#744,.T.);
#565=EDGE_CURVE('',#668,#653,#76,.T.);
#566=EDGE_CURVE('',#654,#668,#745,.T.);
#567=EDGE_CURVE('',#655,#654,#746,.F.);
#568=EDGE_CURVE('',#669,#656,#77,.F.);
#569=EDGE_CURVE('',#669,#655,#747,.F.);
#570=EDGE_CURVE('',#661,#669,#78,.F.);
#571=EDGE_CURVE('',#668,#659,#79,.F.);
#572=EDGE_CURVE('',#660,#670,#80,.T.);
#573=EDGE_CURVE('',#662,#670,#126,.T.);
#574=EDGE_CURVE('',#671,#658,#81,.T.);
#575=EDGE_CURVE('',#671,#667,#127,.T.);
#576=EDGE_CURVE('',#636,#669,#748,.F.);
#577=EDGE_CURVE('',#661,#637,#749,.T.);
#578=EDGE_CURVE('',#639,#659,#750,.F.);
#579=EDGE_CURVE('',#668,#638,#751,.T.);
#580=EDGE_CURVE('',#641,#671,#752,.F.);
#581=EDGE_CURVE('',#658,#640,#753,.T.);
#582=EDGE_CURVE('',#643,#660,#754,.F.);
#583=EDGE_CURVE('',#670,#642,#755,.T.);
#584=VERTEX_POINT('',#1584);
#585=VERTEX_POINT('',#1585);
#586=VERTEX_POINT('',#1587);
#587=VERTEX_POINT('',#1589);
#588=VERTEX_POINT('',#1593);
#589=VERTEX_POINT('',#1594);
#590=VERTEX_POINT('',#1596);
#591=VERTEX_POINT('',#1598);
#592=VERTEX_POINT('',#1602);
#593=VERTEX_POINT('',#1603);
#594=VERTEX_POINT('',#1605);
#595=VERTEX_POINT('',#1607);
#596=VERTEX_POINT('',#1609);
#597=VERTEX_POINT('',#1611);
#598=VERTEX_POINT('',#1613);
#599=VERTEX_POINT('',#1615);
#600=VERTEX_POINT('',#1617);
#601=VERTEX_POINT('',#1619);
#602=VERTEX_POINT('',#1623);
#603=VERTEX_POINT('',#1624);
#604=VERTEX_POINT('',#1626);
#605=VERTEX_POINT('',#1628);
#606=VERTEX_POINT('',#1630);
#607=VERTEX_POINT('',#1632);
#608=VERTEX_POINT('',#1636);
#609=VERTEX_POINT('',#1637);
#610=VERTEX_POINT('',#1639);
#611=VERTEX_POINT('',#1641);
#612=VERTEX_POINT('',#1645);
#613=VERTEX_POINT('',#1646);
#614=VERTEX_POINT('',#1648);
#615=VERTEX_POINT('',#1650);
#616=VERTEX_POINT('',#1654);
#617=VERTEX_POINT('',#1655);
#618=VERTEX_POINT('',#1657);
#619=VERTEX_POINT('',#1659);
#620=VERTEX_POINT('',#1763);
#621=VERTEX_POINT('',#1764);
#622=VERTEX_POINT('',#1766);
#623=VERTEX_POINT('',#1768);
#624=VERTEX_POINT('',#1772);
#625=VERTEX_POINT('',#1773);
#626=VERTEX_POINT('',#1775);
#627=VERTEX_POINT('',#1777);
#628=VERTEX_POINT('',#1790);
#629=VERTEX_POINT('',#1791);
#630=VERTEX_POINT('',#1793);
#631=VERTEX_POINT('',#1795);
#632=VERTEX_POINT('',#1799);
#633=VERTEX_POINT('',#1801);
#634=VERTEX_POINT('',#1805);
#635=VERTEX_POINT('',#1806);
#636=VERTEX_POINT('',#1815);
#637=VERTEX_POINT('',#1816);
#638=VERTEX_POINT('',#1818);
#639=VERTEX_POINT('',#1820);
#640=VERTEX_POINT('',#1822);
#641=VERTEX_POINT('',#1824);
#642=VERTEX_POINT('',#1826);
#643=VERTEX_POINT('',#1828);
#644=VERTEX_POINT('',#1832);
#645=VERTEX_POINT('',#1833);
#646=VERTEX_POINT('',#1835);
#647=VERTEX_POINT('',#1837);
#648=VERTEX_POINT('',#1841);
#649=VERTEX_POINT('',#1842);
#650=VERTEX_POINT('',#1844);
#651=VERTEX_POINT('',#1846);
#652=VERTEX_POINT('',#1850);
#653=VERTEX_POINT('',#1852);
#654=VERTEX_POINT('',#1856);
#655=VERTEX_POINT('',#1863);
#656=VERTEX_POINT('',#1867);
#657=VERTEX_POINT('',#1868);
#658=VERTEX_POINT('',#1873);
#659=VERTEX_POINT('',#1875);
#660=VERTEX_POINT('',#1879);
#661=VERTEX_POINT('',#1880);
#662=VERTEX_POINT('',#1885);
#663=VERTEX_POINT('',#1887);
#664=VERTEX_POINT('',#1905);
#665=VERTEX_POINT('',#1909);
#666=VERTEX_POINT('',#1927);
#667=VERTEX_POINT('',#1931);
#668=VERTEX_POINT('',#1935);
#669=VERTEX_POINT('',#1941);
#670=VERTEX_POINT('',#1960);
#671=VERTEX_POINT('',#1975);
#672=LINE('',#1583,#756);
#673=LINE('',#1586,#757);
#674=LINE('',#1588,#758);
#675=LINE('',#1590,#759);
#676=LINE('',#1592,#760);
#677=LINE('',#1595,#761);
#678=LINE('',#1597,#762);
#679=LINE('',#1599,#763);
#680=LINE('',#1601,#764);
#681=LINE('',#1604,#765);
#682=LINE('',#1608,#766);
#683=LINE('',#1612,#767);
#684=LINE('',#1616,#768);
#685=LINE('',#1620,#769);
#686=LINE('',#1622,#770);
#687=LINE('',#1625,#771);
#688=LINE('',#1627,#772);
#689=LINE('',#1629,#773);
#690=LINE('',#1631,#774);
#691=LINE('',#1633,#775);
#692=LINE('',#1635,#776);
#693=LINE('',#1638,#777);
#694=LINE('',#1640,#778);
#695=LINE('',#1642,#779);
#696=LINE('',#1644,#780);
#697=LINE('',#1647,#781);
#698=LINE('',#1649,#782);
#699=LINE('',#1651,#783);
#700=LINE('',#1653,#784);
#701=LINE('',#1656,#785);
#702=LINE('',#1658,#786);
#703=LINE('',#1660,#787);
#704=LINE('',#1762,#788);
#705=LINE('',#1765,#789);
#706=LINE('',#1767,#790);
#707=LINE('',#1769,#791);
#708=LINE('',#1771,#792);
#709=LINE('',#1776,#793);
#710=LINE('',#1780,#794);
#711=LINE('',#1781,#795);
#712=LINE('',#1783,#796);
#713=LINE('',#1785,#797);
#714=LINE('',#1789,#798);
#715=LINE('',#1792,#799);
#716=LINE('',#1796,#800);
#717=LINE('',#1798,#801);
#718=LINE('',#1800,#802);
#719=LINE('',#1802,#803);
#720=LINE('',#1804,#804);
#721=LINE('',#1807,#805);
#722=LINE('',#1808,#806);
#723=LINE('',#1810,#807);
#724=LINE('',#1817,#808);
#725=LINE('',#1821,#809);
#726=LINE('',#1825,#810);
#727=LINE('',#1829,#811);
#728=LINE('',#1831,#812);
#729=LINE('',#1836,#813);
#730=LINE('',#1840,#814);
#731=LINE('',#1845,#815);
#732=LINE('',#1849,#816);
#733=LINE('',#1851,#817);
#734=LINE('',#1853,#818);
#735=LINE('',#1859,#819);
#736=LINE('',#1860,#820);
#737=LINE('',#1866,#821);
#738=LINE('',#1869,#822);
#739=LINE('',#1870,#823);
#740=LINE('',#1874,#824);
#741=LINE('',#1878,#825);
#742=LINE('',#1886,#826);
#743=LINE('',#1908,#827);
#744=LINE('',#1932,#828);
#745=LINE('',#1936,#829);
#746=LINE('',#1938,#830);
#747=LINE('',#1942,#831);
#748=LINE('',#1978,#832);
#749=LINE('',#1979,#833);
#750=LINE('',#1981,#834);
#751=LINE('',#1982,#835);
#752=LINE('',#1985,#836);
#753=LINE('',#1986,#837);
#754=LINE('',#1988,#838);
#755=LINE('',#1989,#839);
#756=VECTOR('',#1237,1.);
#757=VECTOR('',#1238,1.);
#758=VECTOR('',#1239,1.);
#759=VECTOR('',#1240,1.);
#760=VECTOR('',#1243,1.);
#761=VECTOR('',#1244,1.);
#762=VECTOR('',#1245,1.);
#763=VECTOR('',#1246,1.);
#764=VECTOR('',#1249,1.);
#765=VECTOR('',#1250,1.);
#766=VECTOR('',#1253,1.);
#767=VECTOR('',#1256,1.);
#768=VECTOR('',#1259,1.);
#769=VECTOR('',#1262,1.);
#770=VECTOR('',#1265,1.);
#771=VECTOR('',#1266,1.);
#772=VECTOR('',#1267,1.);
#773=VECTOR('',#1268,1.);
#774=VECTOR('',#1269,1.);
#775=VECTOR('',#1270,1.);
#776=VECTOR('',#1273,1.);
#777=VECTOR('',#1274,1.);
#778=VECTOR('',#1275,1.);
#779=VECTOR('',#1276,1.);
#780=VECTOR('',#1279,1.);
#781=VECTOR('',#1280,1.);
#782=VECTOR('',#1281,1.);
#783=VECTOR('',#1282,1.);
#784=VECTOR('',#1285,1.);
#785=VECTOR('',#1286,1.);
#786=VECTOR('',#1287,1.);
#787=VECTOR('',#1288,1.);
#788=VECTOR('',#1383,1.);
#789=VECTOR('',#1384,1.);
#790=VECTOR('',#1385,1.);
#791=VECTOR('',#1386,1.);
#792=VECTOR('',#1389,1.);
#793=VECTOR('',#1392,1.);
#794=VECTOR('',#1397,1.);
#795=VECTOR('',#1398,1.);
#796=VECTOR('',#1401,1.);
#797=VECTOR('',#1404,1.);
#798=VECTOR('',#1411,1.);
#799=VECTOR('',#1412,1.);
#800=VECTOR('',#1415,1.);
#801=VECTOR('',#1418,1.);
#802=VECTOR('',#1419,1.);
#803=VECTOR('',#1420,1.);
#804=VECTOR('',#1423,1.);
#805=VECTOR('',#1424,1.);
#806=VECTOR('',#1425,1.);
#807=VECTOR('',#1428,1.);
#808=VECTOR('',#1437,1.);
#809=VECTOR('',#1440,1.);
#810=VECTOR('',#1443,1.);
#811=VECTOR('',#1446,1.);
#812=VECTOR('',#1449,1.);
#813=VECTOR('',#1452,1.);
#814=VECTOR('',#1457,1.);
#815=VECTOR('',#1460,1.);
#816=VECTOR('',#1465,1.);
#817=VECTOR('',#1466,1.);
#818=VECTOR('',#1467,1.);
#819=VECTOR('',#1476,1.);
#820=VECTOR('',#1477,1.);
#821=VECTOR('',#1486,1.);
#822=VECTOR('',#1487,1.);
#823=VECTOR('',#1488,1.);
#824=VECTOR('',#1493,1.);
#825=VECTOR('',#1498,1.);
#826=VECTOR('',#1507,1.);
#827=VECTOR('',#1516,1.);
#828=VECTOR('',#1527,1.);
#829=VECTOR('',#1532,1.);
#830=VECTOR('',#1535,1.);
#831=VECTOR('',#1540,1.);
#832=VECTOR('',#1559,1.);
#833=VECTOR('',#1560,1.);
#834=VECTOR('',#1563,1.);
#835=VECTOR('',#1564,1.);
#836=VECTOR('',#1569,1.);
#837=VECTOR('',#1570,1.);
#838=VECTOR('',#1573,1.);
#839=VECTOR('',#1574,1.);
#840=EDGE_LOOP('',(#128,#129,#130,#131));
#841=EDGE_LOOP('',(#132,#133,#134,#135));
#842=EDGE_LOOP('',(#136,#137,#138,#139,#140,#141,#142,#143,#144,#145));
#843=EDGE_LOOP('',(#146,#147,#148,#149,#150,#151));
#844=EDGE_LOOP('',(#152,#153,#154,#155));
#845=EDGE_LOOP('',(#156,#157,#158,#159));
#846=EDGE_LOOP('',(#160,#161,#162,#163));
#847=EDGE_LOOP('',(#164,#165,#166,#167));
#848=EDGE_LOOP('',(#168,#169,#170,#171));
#849=EDGE_LOOP('',(#172,#173,#174));
#850=EDGE_LOOP('',(#175,#176,#177,#178));
#851=EDGE_LOOP('',(#179,#180,#181,#182));
#852=EDGE_LOOP('',(#183,#184,#185));
#853=EDGE_LOOP('',(#186,#187,#188,#189));
#854=EDGE_LOOP('',(#190,#191,#192,#193));
#855=EDGE_LOOP('',(#194,#195,#196));
#856=EDGE_LOOP('',(#197,#198,#199,#200));
#857=EDGE_LOOP('',(#201,#202,#203,#204));
#858=EDGE_LOOP('',(#205,#206,#207));
#859=EDGE_LOOP('',(#208,#209,#210,#211));
#860=EDGE_LOOP('',(#212,#213,#214,#215));
#861=EDGE_LOOP('',(#216,#217,#218,#219));
#862=EDGE_LOOP('',(#220,#221,#222,#223));
#863=EDGE_LOOP('',(#224,#225,#226,#227));
#864=EDGE_LOOP('',(#228,#229,#230,#231));
#865=EDGE_LOOP('',(#232,#233,#234,#235));
#866=EDGE_LOOP('',(#236,#237,#238,#239));
#867=EDGE_LOOP('',(#240,#241,#242,#243));
#868=EDGE_LOOP('',(#244,#245,#246,#247));
#869=EDGE_LOOP('',(#248,#249,#250,#251,#252,#253,#254,#255));
#870=EDGE_LOOP('',(#256,#257,#258,#259));
#871=EDGE_LOOP('',(#260,#261,#262,#263));
#872=EDGE_LOOP('',(#264,#265,#266,#267));
#873=EDGE_LOOP('',(#268,#269,#270,#271));
#874=EDGE_LOOP('',(#272,#273,#274,#275));
#875=EDGE_LOOP('',(#276,#277,#278,#279));
#876=EDGE_LOOP('',(#280,#281,#282,#283));
#877=EDGE_LOOP('',(#284,#285,#286,#287));
#878=EDGE_LOOP('',(#288,#289,#290,#291));
#879=EDGE_LOOP('',(#292,#293,#294,#295));
#880=EDGE_LOOP('',(#296,#297,#298,#299));
#881=EDGE_LOOP('',(#300,#301,#302,#303,#304,#305,#306,#307));
#882=EDGE_LOOP('',(#308,#309,#310,#311));
#883=EDGE_LOOP('',(#312,#313,#314,#315));
#884=EDGE_LOOP('',(#316,#317,#318,#319));
#885=EDGE_LOOP('',(#320,#321,#322,#323));
#886=EDGE_LOOP('',(#324,#325,#326));
#887=EDGE_LOOP('',(#327,#328,#329,#330));
#888=EDGE_LOOP('',(#331,#332,#333));
#889=EDGE_LOOP('',(#334,#335,#336,#337));
#890=EDGE_LOOP('',(#338,#339,#340,#341));
#891=EDGE_LOOP('',(#342,#343,#344,#345));
#892=EDGE_LOOP('',(#346,#347,#348,#349));
#893=EDGE_LOOP('',(#350,#351,#352,#353));
#894=EDGE_LOOP('',(#354,#355,#356,#357));
#895=EDGE_LOOP('',(#358,#359,#360,#361));
#896=EDGE_LOOP('',(#362,#363,#364,#365));
#897=EDGE_LOOP('',(#366,#367,#368,#369));
#898=EDGE_LOOP('',(#370,#371,#372,#373));
#899=EDGE_LOOP('',(#374,#375,#376,#377));
#900=EDGE_LOOP('',(#378,#379,#380));
#901=EDGE_LOOP('',(#381,#382,#383));
#902=EDGE_LOOP('',(#384,#385,#386,#387));
#903=EDGE_LOOP('',(#388,#389,#390,#391));
#904=EDGE_LOOP('',(#392,#393,#394,#395));
#905=EDGE_LOOP('',(#396,#397,#398,#399));
#906=EDGE_LOOP('',(#400,#401,#402,#403,#404,#405));
#907=EDGE_LOOP('',(#406,#407,#408,#409));
#908=EDGE_LOOP('',(#410,#411,#412,#413));
#909=EDGE_LOOP('',(#414,#415,#416,#417,#418,#419,#420,#421,#422,#423));
#910=EDGE_LOOP('',(#424,#425,#426,#427));
#911=EDGE_LOOP('',(#428,#429,#430,#431));
#912=FACE_BOUND('',#840,.T.);
#913=FACE_BOUND('',#841,.T.);
#914=FACE_BOUND('',#842,.T.);
#915=FACE_BOUND('',#843,.T.);
#916=FACE_BOUND('',#844,.T.);
#917=FACE_BOUND('',#845,.T.);
#918=FACE_BOUND('',#846,.T.);
#919=FACE_BOUND('',#847,.T.);
#920=FACE_BOUND('',#848,.T.);
#921=FACE_BOUND('',#849,.T.);
#922=FACE_BOUND('',#850,.T.);
#923=FACE_BOUND('',#851,.T.);
#924=FACE_BOUND('',#852,.T.);
#925=FACE_BOUND('',#853,.T.);
#926=FACE_BOUND('',#854,.T.);
#927=FACE_BOUND('',#855,.T.);
#928=FACE_BOUND('',#856,.T.);
#929=FACE_BOUND('',#857,.T.);
#930=FACE_BOUND('',#858,.T.);
#931=FACE_BOUND('',#859,.T.);
#932=FACE_BOUND('',#860,.T.);
#933=FACE_BOUND('',#861,.T.);
#934=FACE_BOUND('',#862,.T.);
#935=FACE_BOUND('',#863,.T.);
#936=FACE_BOUND('',#864,.T.);
#937=FACE_BOUND('',#865,.T.);
#938=FACE_BOUND('',#866,.T.);
#939=FACE_BOUND('',#867,.T.);
#940=FACE_BOUND('',#868,.T.);
#941=FACE_BOUND('',#869,.T.);
#942=FACE_BOUND('',#870,.T.);
#943=FACE_BOUND('',#871,.T.);
#944=FACE_BOUND('',#872,.T.);
#945=FACE_BOUND('',#873,.T.);
#946=FACE_BOUND('',#874,.T.);
#947=FACE_BOUND('',#875,.T.);
#948=FACE_BOUND('',#876,.T.);
#949=FACE_BOUND('',#877,.T.);
#950=FACE_BOUND('',#878,.T.);
#951=FACE_BOUND('',#879,.T.);
#952=FACE_BOUND('',#880,.T.);
#953=FACE_BOUND('',#881,.T.);
#954=FACE_BOUND('',#882,.T.);
#955=FACE_BOUND('',#883,.T.);
#956=FACE_BOUND('',#884,.T.);
#957=FACE_BOUND('',#885,.T.);
#958=FACE_BOUND('',#886,.T.);
#959=FACE_BOUND('',#887,.T.);
#960=FACE_BOUND('',#888,.T.);
#961=FACE_BOUND('',#889,.T.);
#962=FACE_BOUND('',#890,.T.);
#963=FACE_BOUND('',#891,.T.);
#964=FACE_BOUND('',#892,.T.);
#965=FACE_BOUND('',#893,.T.);
#966=FACE_BOUND('',#894,.T.);
#967=FACE_BOUND('',#895,.T.);
#968=FACE_BOUND('',#896,.T.);
#969=FACE_BOUND('',#897,.T.);
#970=FACE_BOUND('',#898,.T.);
#971=FACE_BOUND('',#899,.T.);
#972=FACE_BOUND('',#900,.T.);
#973=FACE_BOUND('',#901,.T.);
#974=FACE_BOUND('',#902,.T.);
#975=FACE_BOUND('',#903,.T.);
#976=FACE_BOUND('',#904,.T.);
#977=FACE_BOUND('',#905,.T.);
#978=FACE_BOUND('',#906,.T.);
#979=FACE_BOUND('',#907,.T.);
#980=FACE_BOUND('',#908,.T.);
#981=FACE_BOUND('',#909,.T.);
#982=FACE_BOUND('',#910,.T.);
#983=FACE_BOUND('',#911,.T.);
#984=PLANE('',#1102);
#985=PLANE('',#1103);
#986=PLANE('',#1104);
#987=PLANE('',#1109);
#988=PLANE('',#1110);
#989=PLANE('',#1111);
#990=PLANE('',#1112);
#991=PLANE('',#1159);
#992=PLANE('',#1163);
#993=PLANE('',#1164);
#994=PLANE('',#1165);
#995=PLANE('',#1166);
#996=PLANE('',#1168);
#997=PLANE('',#1170);
#998=PLANE('',#1171);
#999=PLANE('',#1172);
#1000=PLANE('',#1175);
#1001=PLANE('',#1186);
#1002=PLANE('',#1190);
#1003=PLANE('',#1194);
#1004=PLANE('',#1227);
#1005=PLANE('',#1230);
#1006=PLANE('',#1231);
#1007=PLANE('',#1232);
#1008=ADVANCED_FACE('',(#912),#984,.T.);
#1009=ADVANCED_FACE('',(#913),#985,.F.);
#1010=ADVANCED_FACE('',(#914),#986,.T.);
#1011=ADVANCED_FACE('',(#915),#987,.T.);
#1012=ADVANCED_FACE('',(#916),#988,.T.);
#1013=ADVANCED_FACE('',(#917),#989,.T.);
#1014=ADVANCED_FACE('',(#918),#990,.F.);
#1015=ADVANCED_FACE('',(#919),#82,.T.);
#1016=ADVANCED_FACE('',(#920),#83,.T.);
#1017=ADVANCED_FACE('',(#921),#22,.T.);
#1018=ADVANCED_FACE('',(#922),#84,.T.);
#1019=ADVANCED_FACE('',(#923),#85,.T.);
#1020=ADVANCED_FACE('',(#924),#23,.T.);
#1021=ADVANCED_FACE('',(#925),#86,.T.);
#1022=ADVANCED_FACE('',(#926),#87,.T.);
#1023=ADVANCED_FACE('',(#927),#24,.T.);
#1024=ADVANCED_FACE('',(#928),#88,.T.);
#1025=ADVANCED_FACE('',(#929),#89,.T.);
#1026=ADVANCED_FACE('',(#930),#25,.T.);
#1027=ADVANCED_FACE('',(#931),#90,.T.);
#1028=ADVANCED_FACE('',(#932),#91,.T.);
#1029=ADVANCED_FACE('',(#933),#14,.T.);
#1030=ADVANCED_FACE('',(#934),#15,.T.);
#1031=ADVANCED_FACE('',(#935),#92,.T.);
#1032=ADVANCED_FACE('',(#936),#93,.T.);
#1033=ADVANCED_FACE('',(#937),#16,.T.);
#1034=ADVANCED_FACE('',(#938),#94,.T.);
#1035=ADVANCED_FACE('',(#939),#17,.T.);
#1036=ADVANCED_FACE('',(#940),#95,.T.);
#1037=ADVANCED_FACE('',(#941,#942),#991,.F.);
#1038=ADVANCED_FACE('',(#943),#96,.F.);
#1039=ADVANCED_FACE('',(#944),#992,.F.);
#1040=ADVANCED_FACE('',(#945),#993,.T.);
#1041=ADVANCED_FACE('',(#946),#994,.T.);
#1042=ADVANCED_FACE('',(#947),#995,.F.);
#1043=ADVANCED_FACE('',(#948),#996,.F.);
#1044=ADVANCED_FACE('',(#949),#997,.T.);
#1045=ADVANCED_FACE('',(#950),#998,.T.);
#1046=ADVANCED_FACE('',(#951),#999,.F.);
#1047=ADVANCED_FACE('',(#952),#97,.F.);
#1048=ADVANCED_FACE('',(#953,#954),#1000,.T.);
#1049=ADVANCED_FACE('',(#955),#98,.T.);
#1050=ADVANCED_FACE('',(#956),#99,.T.);
#1051=ADVANCED_FACE('',(#957),#1001,.T.);
#1052=ADVANCED_FACE('',(#958),#26,.T.);
#1053=ADVANCED_FACE('',(#959),#1002,.F.);
#1054=ADVANCED_FACE('',(#960),#27,.T.);
#1055=ADVANCED_FACE('',(#961),#1003,.F.);
#1056=ADVANCED_FACE('',(#962),#100,.T.);
#1057=ADVANCED_FACE('',(#963),#101,.T.);
#1058=ADVANCED_FACE('',(#964),#102,.T.);
#1059=ADVANCED_FACE('',(#965),#18,.T.);
#1060=ADVANCED_FACE('',(#966),#103,.T.);
#1061=ADVANCED_FACE('',(#967),#19,.T.);
#1062=ADVANCED_FACE('',(#968),#104,.T.);
#1063=ADVANCED_FACE('',(#969),#105,.T.);
#1064=ADVANCED_FACE('',(#970),#106,.T.);
#1065=ADVANCED_FACE('',(#971),#107,.T.);
#1066=ADVANCED_FACE('',(#972),#28,.T.);
#1067=ADVANCED_FACE('',(#973),#29,.T.);
#1068=ADVANCED_FACE('',(#974),#20,.T.);
#1069=ADVANCED_FACE('',(#975),#21,.T.);
#1070=ADVANCED_FACE('',(#976),#108,.T.);
#1071=ADVANCED_FACE('',(#977),#109,.T.);
#1072=ADVANCED_FACE('',(#978),#1004,.T.);
#1073=ADVANCED_FACE('',(#979),#110,.T.);
#1074=ADVANCED_FACE('',(#980),#111,.T.);
#1075=ADVANCED_FACE('',(#981),#1005,.T.);
#1076=ADVANCED_FACE('',(#982),#1006,.F.);
#1077=ADVANCED_FACE('',(#983),#1007,.T.);
#1078=CLOSED_SHELL('',(#1008,#1009,#1010,#1011,#1012,#1013,#1014,#1015,
#1016,#1017,#1018,#1019,#1020,#1021,#1022,#1023,#1024,#1025,#1026,#1027,
#1028,#1029,#1030,#1031,#1032,#1033,#1034,#1035,#1036,#1037,#1038,#1039,
#1040,#1041,#1042));
#1079=CLOSED_SHELL('',(#1043,#1044,#1045,#1046,#1047,#1048,#1049,#1050,
#1051,#1052,#1053,#1054,#1055,#1056,#1057,#1058,#1059,#1060,#1061,#1062,
#1063,#1064,#1065,#1066,#1067,#1068,#1069,#1070,#1071,#1072,#1073,#1074,
#1075,#1076,#1077));
#1080=STYLED_ITEM('',(#1082),#1095);
#1081=STYLED_ITEM('',(#1083),#1096);
#1082=PRESENTATION_STYLE_ASSIGNMENT((#1084));
#1083=PRESENTATION_STYLE_ASSIGNMENT((#1085));
#1084=SURFACE_STYLE_USAGE(.BOTH.,#1086);
#1085=SURFACE_STYLE_USAGE(.BOTH.,#1087);
#1086=SURFACE_SIDE_STYLE('',(#1088));
#1087=SURFACE_SIDE_STYLE('',(#1089));
#1088=SURFACE_STYLE_FILL_AREA(#1090);
#1089=SURFACE_STYLE_FILL_AREA(#1091);
#1090=FILL_AREA_STYLE('',(#1092));
#1091=FILL_AREA_STYLE('',(#1093));
#1092=FILL_AREA_STYLE_COLOUR('',#1094);
#1093=FILL_AREA_STYLE_COLOUR('',#1094);
#1094=COLOUR_RGB('',0.972549019607843,0.529411764705882,0.00392156862745098);
#1095=MANIFOLD_SOLID_BREP('Part 3',#1078);
#1096=MANIFOLD_SOLID_BREP('Part 4',#1079);
#1097=SHAPE_DEFINITION_REPRESENTATION(#2005,#1099);
#1098=SHAPE_DEFINITION_REPRESENTATION(#2006,#1100);
#1099=SHAPE_REPRESENTATION('Part 3',(#1101),#1995);
#1100=SHAPE_REPRESENTATION('Part 4',(#1167),#1996);
#1101=AXIS2_PLACEMENT_3D('',#1581,#1233,#1234);
#1102=AXIS2_PLACEMENT_3D('',#1582,#1235,#1236);
#1103=AXIS2_PLACEMENT_3D('',#1591,#1241,#1242);
#1104=AXIS2_PLACEMENT_3D('',#1600,#1247,#1248);
#1105=AXIS2_PLACEMENT_3D('',#1606,#1251,#1252);
#1106=AXIS2_PLACEMENT_3D('',#1610,#1254,#1255);
#1107=AXIS2_PLACEMENT_3D('',#1614,#1257,#1258);
#1108=AXIS2_PLACEMENT_3D('',#1618,#1260,#1261);
#1109=AXIS2_PLACEMENT_3D('',#1621,#1263,#1264);
#1110=AXIS2_PLACEMENT_3D('',#1634,#1271,#1272);
#1111=AXIS2_PLACEMENT_3D('',#1643,#1277,#1278);
#1112=AXIS2_PLACEMENT_3D('',#1652,#1283,#1284);
#1113=AXIS2_PLACEMENT_3D('',#1661,#1289,#1290);
#1114=AXIS2_PLACEMENT_3D('',#1662,#1291,#1292);
#1115=AXIS2_PLACEMENT_3D('',#1663,#1293,#1294);
#1116=AXIS2_PLACEMENT_3D('',#1664,#1295,#1296);
#1117=AXIS2_PLACEMENT_3D('',#1665,#1297,#1298);
#1118=AXIS2_PLACEMENT_3D('',#1666,#1299,#1300);
#1119=AXIS2_PLACEMENT_3D('',#1667,#1301,#1302);
#1120=AXIS2_PLACEMENT_3D('',#1668,#1303,#1304);
#1121=AXIS2_PLACEMENT_3D('',#1669,#1305,#1306);
#1122=AXIS2_PLACEMENT_3D('',#1670,#1307,#1308);
#1123=AXIS2_PLACEMENT_3D('',#1671,#1309,#1310);
#1124=AXIS2_PLACEMENT_3D('',#1672,#1311,#1312);
#1125=AXIS2_PLACEMENT_3D('',#1673,#1313,#1314);
#1126=AXIS2_PLACEMENT_3D('',#1674,#1315,#1316);
#1127=AXIS2_PLACEMENT_3D('',#1675,#1317,#1318);
#1128=AXIS2_PLACEMENT_3D('',#1676,#1319,#1320);
#1129=AXIS2_PLACEMENT_3D('',#1677,#1321,#1322);
#1130=AXIS2_PLACEMENT_3D('',#1678,#1323,#1324);
#1131=AXIS2_PLACEMENT_3D('',#1679,#1325,#1326);
#1132=AXIS2_PLACEMENT_3D('',#1680,#1327,#1328);
#1133=AXIS2_PLACEMENT_3D('',#1681,#1329,#1330);
#1134=AXIS2_PLACEMENT_3D('',#1682,#1331,#1332);
#1135=AXIS2_PLACEMENT_3D('',#1683,#1333,#1334);
#1136=AXIS2_PLACEMENT_3D('',#1684,#1335,#1336);
#1137=AXIS2_PLACEMENT_3D('',#1685,#1337,#1338);
#1138=AXIS2_PLACEMENT_3D('',#1686,#1339,#1340);
#1139=AXIS2_PLACEMENT_3D('',#1687,#1341,#1342);
#1140=AXIS2_PLACEMENT_3D('',#1688,#1343,#1344);
#1141=AXIS2_PLACEMENT_3D('',#1689,#1345,#1346);
#1142=AXIS2_PLACEMENT_3D('',#1690,#1347,#1348);
#1143=AXIS2_PLACEMENT_3D('',#1691,#1349,#1350);
#1144=AXIS2_PLACEMENT_3D('',#1692,#1351,#1352);
#1145=AXIS2_PLACEMENT_3D('',#1693,#1353,#1354);
#1146=AXIS2_PLACEMENT_3D('',#1694,#1355,#1356);
#1147=AXIS2_PLACEMENT_3D('',#1710,#1357,#1358);
#1148=AXIS2_PLACEMENT_3D('',#1723,#1359,#1360);
#1149=AXIS2_PLACEMENT_3D('',#1724,#1361,#1362);
#1150=AXIS2_PLACEMENT_3D('',#1725,#1363,#1364);
#1151=AXIS2_PLACEMENT_3D('',#1726,#1365,#1366);
#1152=AXIS2_PLACEMENT_3D('',#1727,#1367,#1368);
#1153=AXIS2_PLACEMENT_3D('',#1743,#1369,#1370);
#1154=AXIS2_PLACEMENT_3D('',#1744,#1371,#1372);
#1155=AXIS2_PLACEMENT_3D('',#1745,#1373,#1374);
#1156=AXIS2_PLACEMENT_3D('',#1758,#1375,#1376);
#1157=AXIS2_PLACEMENT_3D('',#1759,#1377,#1378);
#1158=AXIS2_PLACEMENT_3D('',#1760,#1379,#1380);
#1159=AXIS2_PLACEMENT_3D('',#1761,#1381,#1382);
#1160=AXIS2_PLACEMENT_3D('',#1770,#1387,#1388);
#1161=AXIS2_PLACEMENT_3D('',#1774,#1390,#1391);
#1162=AXIS2_PLACEMENT_3D('',#1778,#1393,#1394);
#1163=AXIS2_PLACEMENT_3D('',#1779,#1395,#1396);
#1164=AXIS2_PLACEMENT_3D('',#1782,#1399,#1400);
#1165=AXIS2_PLACEMENT_3D('',#1784,#1402,#1403);
#1166=AXIS2_PLACEMENT_3D('',#1786,#1405,#1406);
#1167=AXIS2_PLACEMENT_3D('',#1787,#1407,#1408);
#1168=AXIS2_PLACEMENT_3D('',#1788,#1409,#1410);
#1169=AXIS2_PLACEMENT_3D('',#1794,#1413,#1414);
#1170=AXIS2_PLACEMENT_3D('',#1797,#1416,#1417);
#1171=AXIS2_PLACEMENT_3D('',#1803,#1421,#1422);
#1172=AXIS2_PLACEMENT_3D('',#1809,#1426,#1427);
#1173=AXIS2_PLACEMENT_3D('',#1811,#1429,#1430);
#1174=AXIS2_PLACEMENT_3D('',#1812,#1431,#1432);
#1175=AXIS2_PLACEMENT_3D('',#1813,#1433,#1434);
#1176=AXIS2_PLACEMENT_3D('',#1814,#1435,#1436);
#1177=AXIS2_PLACEMENT_3D('',#1819,#1438,#1439);
#1178=AXIS2_PLACEMENT_3D('',#1823,#1441,#1442);
#1179=AXIS2_PLACEMENT_3D('',#1827,#1444,#1445);
#1180=AXIS2_PLACEMENT_3D('',#1830,#1447,#1448);
#1181=AXIS2_PLACEMENT_3D('',#1834,#1450,#1451);
#1182=AXIS2_PLACEMENT_3D('',#1838,#1453,#1454);
#1183=AXIS2_PLACEMENT_3D('',#1839,#1455,#1456);
#1184=AXIS2_PLACEMENT_3D('',#1843,#1458,#1459);
#1185=AXIS2_PLACEMENT_3D('',#1847,#1461,#1462);
#1186=AXIS2_PLACEMENT_3D('',#1848,#1463,#1464);
#1187=AXIS2_PLACEMENT_3D('',#1854,#1468,#1469);
#1188=AXIS2_PLACEMENT_3D('',#1855,#1470,#1471);
#1189=AXIS2_PLACEMENT_3D('',#1857,#1472,#1473);
#1190=AXIS2_PLACEMENT_3D('',#1858,#1474,#1475);
#1191=AXIS2_PLACEMENT_3D('',#1861,#1478,#1479);
#1192=AXIS2_PLACEMENT_3D('',#1862,#1480,#1481);
#1193=AXIS2_PLACEMENT_3D('',#1864,#1482,#1483);
#1194=AXIS2_PLACEMENT_3D('',#1865,#1484,#1485);
#1195=AXIS2_PLACEMENT_3D('',#1871,#1489,#1490);
#1196=AXIS2_PLACEMENT_3D('',#1872,#1491,#1492);
#1197=AXIS2_PLACEMENT_3D('',#1876,#1494,#1495);
#1198=AXIS2_PLACEMENT_3D('',#1877,#1496,#1497);
#1199=AXIS2_PLACEMENT_3D('',#1881,#1499,#1500);
#1200=AXIS2_PLACEMENT_3D('',#1882,#1501,#1502);
#1201=AXIS2_PLACEMENT_3D('',#1883,#1503,#1504);
#1202=AXIS2_PLACEMENT_3D('',#1884,#1505,#1506);
#1203=AXIS2_PLACEMENT_3D('',#1888,#1508,#1509);
#1204=AXIS2_PLACEMENT_3D('',#1904,#1510,#1511);
#1205=AXIS2_PLACEMENT_3D('',#1906,#1512,#1513);
#1206=AXIS2_PLACEMENT_3D('',#1907,#1514,#1515);
#1207=AXIS2_PLACEMENT_3D('',#1910,#1517,#1518);
#1208=AXIS2_PLACEMENT_3D('',#1926,#1519,#1520);
#1209=AXIS2_PLACEMENT_3D('',#1928,#1521,#1522);
#1210=AXIS2_PLACEMENT_3D('',#1929,#1523,#1524);
#1211=AXIS2_PLACEMENT_3D('',#1930,#1525,#1526);
#1212=AXIS2_PLACEMENT_3D('',#1933,#1528,#1529);
#1213=AXIS2_PLACEMENT_3D('',#1934,#1530,#1531);
#1214=AXIS2_PLACEMENT_3D('',#1937,#1533,#1534);
#1215=AXIS2_PLACEMENT_3D('',#1939,#1536,#1537);
#1216=AXIS2_PLACEMENT_3D('',#1940,#1538,#1539);
#1217=AXIS2_PLACEMENT_3D('',#1943,#1541,#1542);
#1218=AXIS2_PLACEMENT_3D('',#1944,#1543,#1544);
#1219=AXIS2_PLACEMENT_3D('',#1945,#1545,#1546);
#1220=AXIS2_PLACEMENT_3D('',#1946,#1547,#1548);
#1221=AXIS2_PLACEMENT_3D('',#1959,#1549,#1550);
#1222=AXIS2_PLACEMENT_3D('',#1961,#1551,#1552);
#1223=AXIS2_PLACEMENT_3D('',#1974,#1553,#1554);
#1224=AXIS2_PLACEMENT_3D('',#1976,#1555,#1556);
#1225=AXIS2_PLACEMENT_3D('',#1977,#1557,#1558);
#1226=AXIS2_PLACEMENT_3D('',#1980,#1561,#1562);
#1227=AXIS2_PLACEMENT_3D('',#1983,#1565,#1566);
#1228=AXIS2_PLACEMENT_3D('',#1984,#1567,#1568);
#1229=AXIS2_PLACEMENT_3D('',#1987,#1571,#1572);
#1230=AXIS2_PLACEMENT_3D('',#1990,#1575,#1576);
#1231=AXIS2_PLACEMENT_3D('',#1991,#1577,#1578);
#1232=AXIS2_PLACEMENT_3D('',#1992,#1579,#1580);
#1233=DIRECTION('',(0.,0.,1.));
#1234=DIRECTION('',(1.,0.,0.));
#1235=DIRECTION('',(-1.,2.26064667914753E-16,0.));
#1236=DIRECTION('',(-2.26064667914753E-16,-1.,0.));
#1237=DIRECTION('',(1.38424685981056E-32,6.12323399573677E-17,1.));
#1238=DIRECTION('',(-2.26064667914753E-16,-1.,0.));
#1239=DIRECTION('',(-1.73667688457227E-16,-0.768221279597376,-0.64018439966448));
#1240=DIRECTION('',(-2.26064667914753E-16,-1.,0.));
#1241=DIRECTION('',(-1.,0.,0.));
#1242=DIRECTION('',(0.,0.,1.));
#1243=DIRECTION('',(0.,-1.,0.));
#1244=DIRECTION('',(0.,6.12323399573677E-17,1.));
#1245=DIRECTION('',(0.,-1.,0.));
#1246=DIRECTION('',(0.,-0.768221279597376,-0.64018439966448));
#1247=DIRECTION('',(0.,0.,-1.));
#1248=DIRECTION('',(1.,0.,0.));
#1249=DIRECTION('',(-1.,0.,0.));
#1250=DIRECTION('',(0.,-1.,0.));
#1251=DIRECTION('',(0.,0.,-1.));
#1252=DIRECTION('',(0.,1.,0.));
#1253=DIRECTION('',(-0.470693786773821,-0.882296638944364,0.));
#1254=DIRECTION('',(0.,0.,-1.));
#1255=DIRECTION('',(0.,1.,0.));
#1256=DIRECTION('',(-1.,0.,0.));
#1257=DIRECTION('',(0.,0.,-1.));
#1258=DIRECTION('',(2.82181685425561E-16,1.,0.));
#1259=DIRECTION('',(0.470693786773821,-0.882296638944364,0.));
#1260=DIRECTION('',(0.,0.,-1.));
#1261=DIRECTION('',(-2.26064667914753E-16,-1.,0.));
#1262=DIRECTION('',(-2.26064667914753E-16,-1.,0.));
#1263=DIRECTION('',(0.,0.,1.));
#1264=DIRECTION('',(1.,0.,0.));
#1265=DIRECTION('',(1.,0.,0.));
#1266=DIRECTION('',(-2.26064667914753E-16,-1.,0.));
#1267=DIRECTION('',(-0.470693786773821,0.882296638944364,0.));
#1268=DIRECTION('',(1.,0.,0.));
#1269=DIRECTION('',(0.470693786773821,0.882296638944364,0.));
#1270=DIRECTION('',(0.,-1.,0.));
#1271=DIRECTION('',(0.,-0.64018439966448,0.768221279597376));
#1272=DIRECTION('',(1.,0.,0.));
#1273=DIRECTION('',(2.16777975456569E-16,0.768221279597376,0.64018439966448));
#1274=DIRECTION('',(-1.,0.,0.));
#1275=DIRECTION('',(0.,0.768221279597376,0.64018439966448));
#1276=DIRECTION('',(1.,0.,0.));
#1277=DIRECTION('',(0.768221279597376,-0.409836065573771,0.491803278688524));
#1278=DIRECTION('',(0.,0.768221279597376,0.64018439966448));
#1279=DIRECTION('',(4.84036766261244E-17,0.768221279597376,0.64018439966448));
#1280=DIRECTION('',(-0.470693786773821,-0.882296638944364,-5.08951611754896E-18));
#1281=DIRECTION('',(0.,-0.768221279597376,-0.64018439966448));
#1282=DIRECTION('',(0.470693786773821,0.882296638944364,5.08951611754896E-18));
#1283=DIRECTION('',(0.768221279597376,0.409836065573771,-0.491803278688524));
#1284=DIRECTION('',(1.73667688457227E-16,0.768221279597376,0.64018439966448));
#1285=DIRECTION('',(1.86507231899364E-16,0.768221279597376,0.64018439966448));
#1286=DIRECTION('',(-0.470693786773821,0.882296638944364,2.92564718490268E-17));
#1287=DIRECTION('',(-1.58751656283735E-16,-0.768221279597376,-0.64018439966448));
#1288=DIRECTION('',(0.470693786773821,-0.882296638944364,-2.92564718490268E-17));
#1289=DIRECTION('',(0.,1.,0.));
#1290=DIRECTION('',(0.,0.,1.));
#1291=DIRECTION('',(0.,-1.,6.12323399573677E-17));
#1292=DIRECTION('',(0.,-6.12323399573677E-17,-1.));
#1293=DIRECTION('',(0.,-1.,-1.73472347597681E-14));
#1294=DIRECTION('',(0.,1.73472347597681E-14,-1.));
#1295=DIRECTION('',(0.,0.768221279597376,0.64018439966448));
#1296=DIRECTION('',(0.,-0.64018439966448,0.768221279597376));
#1297=DIRECTION('',(0.,0.14275359503681,0.989758258921878));
#1298=DIRECTION('',(0.,0.989758258921878,-0.14275359503681));
#1299=DIRECTION('',(-5.60824168061306E-15,0.768221279597373,0.640184399664484));
#1300=DIRECTION('',(0.,-0.640184399664484,0.768221279597373));
#1301=DIRECTION('',(0.768221279597379,-0.409836065573766,0.491803278688525));
#1302=DIRECTION('',(0.539163866017191,0.,-0.842200881964272));
#1303=DIRECTION('',(0.47069378677381,0.88229663894437,0.));
#1304=DIRECTION('',(-0.88229663894437,0.47069378677381,0.));
#1305=DIRECTION('',(0.470693786773821,0.882296638944364,0.));
#1306=DIRECTION('',(-0.882296638944364,0.470693786773821,0.));
#1307=DIRECTION('',(-0.470693786773824,-0.882296638944362,2.44957068573892E-15));
#1308=DIRECTION('',(0.882296638944362,-0.470693786773824,0.));
#1309=DIRECTION('',(0.,0.768221279597376,0.64018439966448));
#1310=DIRECTION('',(0.,-0.64018439966448,0.768221279597376));
#1311=DIRECTION('',(0.,0.142753595036809,0.989758258921878));
#1312=DIRECTION('',(0.,0.989758258921878,-0.142753595036809));
#1313=DIRECTION('',(6.06424390162725E-15,0.768221279597377,0.640184399664478));
#1314=DIRECTION('',(0.,-0.640184399664478,0.768221279597377));
#1315=DIRECTION('',(0.768221279597378,-0.409836065573767,0.491803278688525));
#1316=DIRECTION('',(0.539163866017191,0.,-0.842200881964271));
#1317=DIRECTION('',(1.,-8.12917407962135E-15,0.));
#1318=DIRECTION('',(8.12917407962135E-15,1.,0.));
#1319=DIRECTION('',(1.,0.,0.));
#1320=DIRECTION('',(0.,0.,-1.));
#1321=DIRECTION('',(-1.,-3.12250225675828E-15,-2.60208521396522E-15));
#1322=DIRECTION('',(3.12250225675828E-15,-1.,0.));
#1323=DIRECTION('',(2.16777975456569E-16,0.768221279597376,0.64018439966448));
#1324=DIRECTION('',(0.,-0.64018439966448,0.768221279597376));
#1325=DIRECTION('',(4.02824500480447E-17,0.142753595036809,0.989758258921878));
#1326=DIRECTION('',(0.,0.989758258921878,-0.142753595036809));
#1327=DIRECTION('',(-5.71968458903477E-15,0.768221279597379,0.640184399664477));
#1328=DIRECTION('',(0.,-0.640184399664477,0.768221279597379));
#1329=DIRECTION('',(-0.768221279597378,-0.409836065573766,0.491803278688524));
#1330=DIRECTION('',(0.539163866017191,0.,0.842200881964272));
#1331=DIRECTION('',(0.470693786773825,-0.882296638944362,0.));
#1332=DIRECTION('',(0.882296638944362,0.470693786773825,0.));
#1333=DIRECTION('',(-2.26064667914753E-16,-1.,0.));
#1334=DIRECTION('',(1.,-2.26064667914753E-16,0.));
#1335=DIRECTION('',(0.,-1.,6.12323399573677E-17));
#1336=DIRECTION('',(0.,-6.12323399573677E-17,-1.));
#1337=DIRECTION('',(0.,-1.,0.));
#1338=DIRECTION('',(0.,0.,-1.));
#1339=DIRECTION('',(-0.470693786773821,0.882296638944364,0.));
#1340=DIRECTION('',(-0.882296638944364,-0.470693786773821,0.));
#1341=DIRECTION('',(-0.47069378677382,0.882296638944364,0.));
#1342=DIRECTION('',(-0.882296638944364,-0.47069378677382,0.));
#1343=DIRECTION('',(-0.768221279597376,-0.409836065573769,0.491803278688525));
#1344=DIRECTION('',(0.539163866017192,0.,0.842200881964271));
#1345=DIRECTION('',(0.,0.768221279597377,0.640184399664478));
#1346=DIRECTION('',(0.,-0.640184399664478,0.768221279597377));
#1347=DIRECTION('',(-1.73667688457227E-16,-0.768221279597376,-0.64018439966448));
#1348=DIRECTION('',(0.,0.64018439966448,-0.768221279597376));
#1349=DIRECTION('',(3.22715440556333E-17,0.142753595036809,0.989758258921878));
#1350=DIRECTION('',(0.,-0.989758258921878,0.142753595036809));
#1351=DIRECTION('',(-0.470693786773821,-0.882296638944364,0.));
#1352=DIRECTION('',(0.882296638944364,-0.470693786773821,0.));
#1353=DIRECTION('',(0.470693786773814,0.882296638944368,3.26609424765185E-15));
#1354=DIRECTION('',(-0.882296638944368,0.470693786773814,0.));
#1355=DIRECTION('',(-0.470693786773818,-0.882296638944365,0.));
#1356=DIRECTION('',(0.882296638944365,-0.470693786773818,0.));
#1357=DIRECTION('',(-1.,0.,0.));
#1358=DIRECTION('',(0.,0.,1.));
#1359=DIRECTION('',(0.,1.,0.));
#1360=DIRECTION('',(0.,0.,1.));
#1361=DIRECTION('',(-1.,0.,0.));
#1362=DIRECTION('',(0.,0.,1.));
#1363=DIRECTION('',(-1.,0.,0.));
#1364=DIRECTION('',(0.,0.,1.));
#1365=DIRECTION('',(0.,1.,0.));
#1366=DIRECTION('',(0.,0.,1.));
#1367=DIRECTION('',(0.,-1.,6.12323399573677E-17));
#1368=DIRECTION('',(0.,-6.12323399573677E-17,-1.));
#1369=DIRECTION('',(-0.470693786773817,0.882296638944366,0.));
#1370=DIRECTION('',(-0.882296638944366,-0.470693786773817,0.));
#1371=DIRECTION('',(0.470693786773821,-0.882296638944364,0.));
#1372=DIRECTION('',(0.882296638944364,0.470693786773821,0.));
#1373=DIRECTION('',(-0.470693786773818,0.882296638944365,0.));
#1374=DIRECTION('',(-0.882296638944365,-0.470693786773818,0.));
#1375=DIRECTION('',(0.,1.,0.));
#1376=DIRECTION('',(0.,0.,1.));
#1377=DIRECTION('',(-2.26064667914753E-16,-1.,0.));
#1378=DIRECTION('',(1.,-2.26064667914753E-16,0.));
#1379=DIRECTION('',(0.,-1.,6.12323399573677E-17));
#1380=DIRECTION('',(0.,-6.12323399573677E-17,-1.));
#1381=DIRECTION('',(0.,-1.,6.12323399573677E-17));
#1382=DIRECTION('',(1.,0.,0.));
#1383=DIRECTION('',(0.,6.12323399573677E-17,1.));
#1384=DIRECTION('',(1.,0.,0.));
#1385=DIRECTION('',(-1.38424685981056E-32,-6.12323399573677E-17,-1.));
#1386=DIRECTION('',(-1.,0.,0.));
#1387=DIRECTION('',(0.,0.,-1.));
#1388=DIRECTION('',(-1.,0.,0.));
#1389=DIRECTION('',(0.,0.,-1.));
#1390=DIRECTION('',(0.,0.,1.));
#1391=DIRECTION('',(1.,0.,0.));
#1392=DIRECTION('',(0.,0.,-1.));
#1393=DIRECTION('',(0.,0.,1.));
#1394=DIRECTION('',(1.,0.,0.));
#1395=DIRECTION('',(0.,0.,1.));
#1396=DIRECTION('',(1.,0.,0.));
#1397=DIRECTION('',(-2.26064667914753E-16,-1.,0.));
#1398=DIRECTION('',(0.,1.,0.));
#1399=DIRECTION('',(1.,-2.26064667914753E-16,0.));
#1400=DIRECTION('',(2.26064667914753E-16,1.,0.));
#1401=DIRECTION('',(-2.26064667914753E-16,-1.,0.));
#1402=DIRECTION('',(-1.,0.,0.));
#1403=DIRECTION('',(0.,0.,1.));
#1404=DIRECTION('',(0.,1.,0.));
#1405=DIRECTION('',(0.,0.,-1.));
#1406=DIRECTION('',(1.,0.,0.));
#1407=DIRECTION('',(0.,0.,1.));
#1408=DIRECTION('',(1.,0.,0.));
#1409=DIRECTION('',(0.,0.,-1.));
#1410=DIRECTION('',(1.,0.,0.));
#1411=DIRECTION('',(-1.,0.,0.));
#1412=DIRECTION('',(0.,1.,0.));
#1413=DIRECTION('',(0.,0.,1.));
#1414=DIRECTION('',(1.,0.,0.));
#1415=DIRECTION('',(-2.26064667914753E-16,-1.,0.));
#1416=DIRECTION('',(-1.,0.,0.));
#1417=DIRECTION('',(0.,0.,1.));
#1418=DIRECTION('',(0.,6.12323399573677E-17,1.));
#1419=DIRECTION('',(0.,1.,0.));
#1420=DIRECTION('',(0.,0.,-1.));
#1421=DIRECTION('',(1.,-2.26064667914753E-16,0.));
#1422=DIRECTION('',(2.26064667914753E-16,1.,0.));
#1423=DIRECTION('',(-2.26064667914753E-16,-1.,0.));
#1424=DIRECTION('',(-1.38424685981056E-32,-6.12323399573677E-17,-1.));
#1425=DIRECTION('',(0.,0.,-1.));
#1426=DIRECTION('',(0.,0.,1.));
#1427=DIRECTION('',(1.,0.,0.));
#1428=DIRECTION('',(1.,0.,0.));
#1429=DIRECTION('',(0.,0.,1.));
#1430=DIRECTION('',(1.,0.,0.));
#1431=DIRECTION('',(0.,0.,-1.));
#1432=DIRECTION('',(-1.,0.,0.));
#1433=DIRECTION('',(0.,-1.,6.12323399573677E-17));
#1434=DIRECTION('',(1.,0.,0.));
#1435=DIRECTION('',(0.,-1.,6.12323399573677E-17));
#1436=DIRECTION('',(0.,-6.12323399573677E-17,-1.));
#1437=DIRECTION('',(1.,0.,0.));
#1438=DIRECTION('',(0.,-1.,6.12323399573677E-17));
#1439=DIRECTION('',(0.,-6.12323399573677E-17,-1.));
#1440=DIRECTION('',(1.38424685981056E-32,6.12323399573677E-17,1.));
#1441=DIRECTION('',(0.,-1.,6.12323399573677E-17));
#1442=DIRECTION('',(0.,-6.12323399573677E-17,-1.));
#1443=DIRECTION('',(-1.,0.,0.));
#1444=DIRECTION('',(0.,-1.,6.12323399573677E-17));
#1445=DIRECTION('',(0.,-6.12323399573677E-17,-1.));
#1446=DIRECTION('',(0.,6.12323399573677E-17,1.));
#1447=DIRECTION('',(2.77555756156289E-17,0.768221279597376,-0.64018439966448));
#1448=DIRECTION('',(0.,0.64018439966448,0.768221279597376));
#1449=DIRECTION('',(-4.84036766261244E-17,-0.768221279597376,0.64018439966448));
#1450=DIRECTION('',(-5.15763922020439E-18,-0.142753595036809,0.989758258921878));
#1451=DIRECTION('',(0.,0.989758258921878,0.142753595036809));
#1452=DIRECTION('',(-2.77555756156289E-17,-0.768221279597376,0.64018439966448));
#1453=DIRECTION('',(-4.13471175110947E-16,-0.768221279597375,0.640184399664481));
#1454=DIRECTION('',(0.,-0.640184399664481,-0.768221279597375));
#1455=DIRECTION('',(1.89022399840939E-16,0.768221279597376,-0.64018439966448));
#1456=DIRECTION('',(0.,0.64018439966448,0.768221279597376));
#1457=DIRECTION('',(-1.89022399840939E-16,-0.768221279597376,0.64018439966448));
#1458=DIRECTION('',(-3.51248108278402E-17,-0.142753595036808,0.989758258921878));
#1459=DIRECTION('',(0.,0.989758258921878,0.142753595036808));
#1460=DIRECTION('',(2.22044604925032E-16,0.768221279597376,-0.64018439966448));
#1461=DIRECTION('',(1.03367793777737E-15,-0.768221279597376,0.640184399664481));
#1462=DIRECTION('',(0.,-0.64018439966448,-0.768221279597375));
#1463=DIRECTION('',(-0.768221279597376,0.409836065573771,0.491803278688524));
#1464=DIRECTION('',(-1.73667688457227E-16,-0.768221279597376,0.64018439966448));
#1465=DIRECTION('',(0.470693786773822,0.882296638944363,1.51368451705904E-18));
#1466=DIRECTION('',(1.87181554704269E-16,0.768221279597376,-0.64018439966448));
#1467=DIRECTION('',(-0.470693786773822,-0.882296638944363,-1.51368451705904E-18));
#1468=DIRECTION('',(-0.768221279597376,0.40983606557377,0.491803278688524));
#1469=DIRECTION('',(0.539163866017192,0.,0.842200881964271));
#1470=DIRECTION('',(-1.,-1.35486234660355E-15,0.));
#1471=DIRECTION('',(1.35486234660355E-15,-1.,0.));
#1472=DIRECTION('',(0.470693786773821,0.882296638944364,-8.16523561912969E-16));
#1473=DIRECTION('',(-0.882296638944364,0.470693786773821,0.));
#1474=DIRECTION('',(0.,-0.64018439966448,-0.768221279597376));
#1475=DIRECTION('',(-1.,0.,0.));
#1476=DIRECTION('',(1.,0.,0.));
#1477=DIRECTION('',(-1.,0.,0.));
#1478=DIRECTION('',(0.768221279597376,0.409836065573771,0.491803278688525));
#1479=DIRECTION('',(0.539163866017192,0.,-0.842200881964271));
#1480=DIRECTION('',(-0.47069378677382,0.882296638944364,0.));
#1481=DIRECTION('',(-0.882296638944364,-0.47069378677382,0.));
#1482=DIRECTION('',(1.,-2.08166817117216E-15,1.73472347597681E-15));
#1483=DIRECTION('',(2.08166817117216E-15,1.,0.));
#1484=DIRECTION('',(-0.768221279597376,-0.409836065573771,-0.491803278688524));
#1485=DIRECTION('',(0.,-0.768221279597376,0.64018439966448));
#1486=DIRECTION('',(0.,-0.768221279597376,0.64018439966448));
#1487=DIRECTION('',(0.470693786773821,-0.882296638944364,-2.41669557314779E-17));
#1488=DIRECTION('',(-0.470693786773821,0.882296638944364,2.41669557314779E-17));
#1489=DIRECTION('',(1.73667688457227E-16,0.768221279597376,-0.64018439966448));
#1490=DIRECTION('',(0.,0.64018439966448,0.768221279597376));
#1491=DIRECTION('',(-3.22715440556335E-17,-0.14275359503681,0.989758258921878));
#1492=DIRECTION('',(0.,0.989758258921878,0.14275359503681));
#1493=DIRECTION('',(1.73667688457227E-16,0.768221279597376,-0.64018439966448));
#1494=DIRECTION('',(-2.55424868621982E-15,-0.768221279597378,0.640184399664478));
#1495=DIRECTION('',(0.,-0.640184399664478,-0.768221279597378));
#1496=DIRECTION('',(0.,-0.768221279597376,0.64018439966448));
#1497=DIRECTION('',(0.,-0.64018439966448,-0.768221279597376));
#1498=DIRECTION('',(0.,0.768221279597376,-0.64018439966448));
#1499=DIRECTION('',(0.,-0.142753595036809,0.989758258921878));
#1500=DIRECTION('',(0.,-0.989758258921878,-0.142753595036809));
#1501=DIRECTION('',(0.,-0.768221279597377,0.640184399664478));
#1502=DIRECTION('',(0.,-0.640184399664478,-0.768221279597377));
#1503=DIRECTION('',(-0.470693786773821,0.882296638944364,0.));
#1504=DIRECTION('',(-0.882296638944364,-0.470693786773821,0.));
#1505=DIRECTION('',(-0.470693786773815,0.882296638944367,0.));
#1506=DIRECTION('',(-0.882296638944367,-0.470693786773815,0.));
#1507=DIRECTION('',(-0.470693786773821,0.882296638944364,0.));
#1508=DIRECTION('',(-0.470693786773818,0.882296638944365,3.26609424765186E-15));
#1509=DIRECTION('',(-0.882296638944365,-0.470693786773818,0.));
#1510=DIRECTION('',(0.,0.,-1.));
#1511=DIRECTION('',(3.61296625760947E-17,1.,0.));
#1512=DIRECTION('',(-1.,0.,0.));
#1513=DIRECTION('',(0.,0.,1.));
#1514=DIRECTION('',(-1.,0.,0.));
#1515=DIRECTION('',(0.,0.,1.));
#1516=DIRECTION('',(-1.,0.,0.));
#1517=DIRECTION('',(-1.,0.,0.));
#1518=DIRECTION('',(0.,0.,1.));
#1519=DIRECTION('',(0.,0.,-1.));
#1520=DIRECTION('',(2.46052022849466E-16,1.,0.));
#1521=DIRECTION('',(-0.470693786773818,-0.882296638944365,-1.63304712382593E-15));
#1522=DIRECTION('',(0.882296638944366,-0.470693786773818,0.));
#1523=DIRECTION('',(0.470693786773822,0.882296638944363,0.));
#1524=DIRECTION('',(-0.882296638944363,0.470693786773822,0.));
#1525=DIRECTION('',(0.470693786773831,0.882296638944358,0.));
#1526=DIRECTION('',(-0.882296638944359,0.470693786773831,0.));
#1527=DIRECTION('',(0.470693786773822,0.882296638944363,0.));
#1528=DIRECTION('',(-0.470693786773822,-0.882296638944363,0.));
#1529=DIRECTION('',(0.882296638944363,-0.470693786773822,0.));
#1530=DIRECTION('',(-0.470693786773822,-0.882296638944363,0.));
#1531=DIRECTION('',(0.882296638944363,-0.470693786773822,0.));
#1532=DIRECTION('',(-0.470693786773822,-0.882296638944363,0.));
#1533=DIRECTION('',(1.,0.,0.));
#1534=DIRECTION('',(0.,0.,-1.));
#1535=DIRECTION('',(1.,0.,0.));
#1536=DIRECTION('',(0.470693786773821,-0.882296638944364,0.));
#1537=DIRECTION('',(0.882296638944364,0.470693786773821,0.));
#1538=DIRECTION('',(0.470693786773824,-0.882296638944362,-4.59162207705666E-15));
#1539=DIRECTION('',(0.882296638944362,0.470693786773824,0.));
#1540=DIRECTION('',(0.470693786773821,-0.882296638944364,0.));
#1541=DIRECTION('',(0.768221279597376,0.409836065573769,0.491803278688526));
#1542=DIRECTION('',(0.539163866017193,0.,-0.84220088196427));
#1543=DIRECTION('',(-6.07153216591883E-15,1.,0.));
#1544=DIRECTION('',(-1.,-6.07153216591883E-15,0.));
#1545=DIRECTION('',(-0.768221279597376,0.409836065573771,0.491803278688525));
#1546=DIRECTION('',(0.539163866017193,0.,0.842200881964271));
#1547=DIRECTION('',(0.,1.,3.46944695195361E-15));
#1548=DIRECTION('',(0.,-3.46944695195361E-15,1.));
#1549=DIRECTION('',(0.,1.,0.));
#1550=DIRECTION('',(0.,0.,1.));
#1551=DIRECTION('',(0.,0.,-1.));
#1552=DIRECTION('',(0.,-1.,0.));
#1553=DIRECTION('',(-6.93889390390722E-15,1.,0.));
#1554=DIRECTION('',(-1.,-6.93889390390722E-15,0.));
#1555=DIRECTION('',(0.,0.,-1.));
#1556=DIRECTION('',(2.26064667914753E-16,1.,0.));
#1557=DIRECTION('',(0.,1.,0.));
#1558=DIRECTION('',(0.,0.,1.));
#1559=DIRECTION('',(0.,-1.,0.));
#1560=DIRECTION('',(0.,-1.,0.));
#1561=DIRECTION('',(-2.26064667914753E-16,-1.,0.));
#1562=DIRECTION('',(1.,-2.26064667914753E-16,0.));
#1563=DIRECTION('',(-2.26064667914753E-16,-1.,0.));
#1564=DIRECTION('',(-2.26064667914753E-16,-1.,0.));
#1565=DIRECTION('',(0.,0.,1.));
#1566=DIRECTION('',(1.,0.,0.));
#1567=DIRECTION('',(-2.26064667914753E-16,-1.,0.));
#1568=DIRECTION('',(1.,-2.26064667914753E-16,0.));
#1569=DIRECTION('',(-2.26064667914753E-16,-1.,0.));
#1570=DIRECTION('',(-2.26064667914753E-16,-1.,0.));
#1571=DIRECTION('',(0.,1.,0.));
#1572=DIRECTION('',(0.,0.,1.));
#1573=DIRECTION('',(0.,-1.,0.));
#1574=DIRECTION('',(0.,-1.,0.));
#1575=DIRECTION('',(0.,0.,-1.));
#1576=DIRECTION('',(1.,0.,0.));
#1577=DIRECTION('',(-1.,0.,0.));
#1578=DIRECTION('',(0.,0.,1.));
#1579=DIRECTION('',(-1.,2.26064667914753E-16,0.));
#1580=DIRECTION('',(-2.26064667914753E-16,-1.,0.));
#1581=CARTESIAN_POINT('',(0.,0.,0.));
#1582=CARTESIAN_POINT('',(-0.0118760883442475,-0.0099463474824874,-0.0012));
#1583=CARTESIAN_POINT('',(-0.0118760883442475,-0.0147046538042365,-0.0012));
#1584=CARTESIAN_POINT('',(-0.0118760883442475,-0.0147046538042365,-0.00135));
#1585=CARTESIAN_POINT('',(-0.0118760883442475,-0.0147046538042365,0.002092));
#1586=CARTESIAN_POINT('',(-0.0118760883442475,-0.0099463474824874,-0.00135));
#1587=CARTESIAN_POINT('',(-0.0118760883442476,-0.0308476515288863,-0.00135));
#1588=CARTESIAN_POINT('',(-0.0118760883442475,-0.0184386852064213,0.00899080526872074));
#1589=CARTESIAN_POINT('',(-0.0118760883442475,-0.0267172515288863,0.002092));
#1590=CARTESIAN_POINT('',(-0.0118760883442475,-0.0099463474824874,0.002092));
#1591=CARTESIAN_POINT('',(0.0104471116557524,-0.0099463474824874,-0.0012));
#1592=CARTESIAN_POINT('',(0.0104471116557524,0.0112549565639114,-0.00135));
#1593=CARTESIAN_POINT('',(0.0104471116557524,-0.0308476515288863,-0.00135));
#1594=CARTESIAN_POINT('',(0.0104471116557524,-0.0147046538042365,-0.00135));
#1595=CARTESIAN_POINT('',(0.0104471116557524,-0.0147046538042365,-0.0012));
#1596=CARTESIAN_POINT('',(0.0104471116557524,-0.0147046538042365,0.002092));
#1597=CARTESIAN_POINT('',(0.0104471116557524,-0.0260827916066686,0.002092));
#1598=CARTESIAN_POINT('',(0.0104471116557524,-0.0267172515288863,0.002092));
#1599=CARTESIAN_POINT('',(0.0104471116557524,-0.031481412886266,-0.00187813446448315));
#1600=CARTESIAN_POINT('',(-0.000708443685565489,-0.0099463474824874,-0.0016));
#1601=CARTESIAN_POINT('',(-0.000708443685565489,-0.0147046538042365,-0.0016));
#1602=CARTESIAN_POINT('',(0.0101971116557524,-0.0147046538042365,-0.0016));
#1603=CARTESIAN_POINT('',(-0.0116260883442475,-0.0147046538042365,-0.0016));
#1604=CARTESIAN_POINT('',(0.0101971116557524,-0.0311476515288863,-0.0016));
#1605=CARTESIAN_POINT('',(0.0101971116557524,-0.0308476515288863,-0.0016));
#1606=CARTESIAN_POINT('',(0.00944711165575245,-0.0308476515288863,-0.0016));
#1607=CARTESIAN_POINT('',(0.0100232776154505,-0.0315976515288862,-0.0016));
#1608=CARTESIAN_POINT('',(0.0166372399509934,-0.0192000442038544,-0.0016));
#1609=CARTESIAN_POINT('',(0.00555490266946605,-0.0399734412825753,-0.0016));
#1610=CARTESIAN_POINT('',(0.00497873670976801,-0.0392234412825753,-0.0016));
#1611=CARTESIAN_POINT('',(0.00497873670976801,-0.0403949787339613,-0.0016));
#1612=CARTESIAN_POINT('',(-0.000708443685565489,-0.0403949787339613,-0.0016));
#1613=CARTESIAN_POINT('',(-0.00640771339826312,-0.0403949787339613,-0.0016));
#1614=CARTESIAN_POINT('',(-0.00640771339826312,-0.0392234412825753,-0.0016));
#1615=CARTESIAN_POINT('',(-0.00698387935796115,-0.0399734412825753,-0.0016));
#1616=CARTESIAN_POINT('',(-0.0180635382192997,-0.0192050647951531,-0.0016));
#1617=CARTESIAN_POINT('',(-0.0114522543039456,-0.0315976515288862,-0.0016));
#1618=CARTESIAN_POINT('',(-0.0108760883442476,-0.0308476515288863,-0.0016));
#1619=CARTESIAN_POINT('',(-0.0116260883442476,-0.0308476515288863,-0.0016));
#1620=CARTESIAN_POINT('',(-0.0116260883442475,-0.0099463474824874,-0.0016));
#1621=CARTESIAN_POINT('',(-0.00071448834424755,-0.0099463474824874,0.003092));
#1622=CARTESIAN_POINT('',(-0.00071448834424755,-0.0147046538042365,0.003092));
#1623=CARTESIAN_POINT('',(-0.0108760883442475,-0.0147046538042365,0.003092));
#1624=CARTESIAN_POINT('',(0.00944711165575245,-0.0147046538042365,0.003092));
#1625=CARTESIAN_POINT('',(-0.0108760883442475,-0.0099463474824874,0.003092));
#1626=CARTESIAN_POINT('',(-0.0108760883442475,-0.0267172515288863,0.003092));
#1627=CARTESIAN_POINT('',(-0.0155895736983622,-0.0178820121386388,0.003092));
#1628=CARTESIAN_POINT('',(-0.00640771339826312,-0.0350930412825753,0.003092));
#1629=CARTESIAN_POINT('',(-0.00071448834424755,-0.0350930412825753,0.003092));
#1630=CARTESIAN_POINT('',(0.00497873670976802,-0.0350930412825753,0.003092));
#1631=CARTESIAN_POINT('',(0.014160597009867,-0.0178820121386388,0.003092));
#1632=CARTESIAN_POINT('',(0.00944711165575245,-0.0267172515288863,0.003092));
#1633=CARTESIAN_POINT('',(0.00944711165575245,0.00619009664169386,0.003092));
#1634=CARTESIAN_POINT('',(-0.000714488344247561,-0.0414550912177567,-0.001908));
#1635=CARTESIAN_POINT('',(-0.00640771339826312,-0.0414550912177567,-0.001908));
#1636=CARTESIAN_POINT('',(-0.00640771339826311,-0.0357332256822398,0.00286022127959738));
#1637=CARTESIAN_POINT('',(-0.00640771339826312,-0.0405550248338774,-0.00115794468010066));
#1638=CARTESIAN_POINT('',(-0.000714488344247561,-0.0405550248338774,-0.00115794468010066));
#1639=CARTESIAN_POINT('',(0.00497873670976801,-0.0405550248338774,-0.00115794468010066));
#1640=CARTESIAN_POINT('',(0.00497873670976801,-0.0414550912177567,-0.001908));
#1641=CARTESIAN_POINT('',(0.00497873670976801,-0.0357332256822398,0.00286022127959738));
#1642=CARTESIAN_POINT('',(-0.000714488344247561,-0.0357332256822398,0.00286022127959737));
#1643=CARTESIAN_POINT('',(0.0104471116557524,-0.018670463926824,0.00926893973320389));
#1644=CARTESIAN_POINT('',(0.00574695798936539,-0.0222812219907201,0.0136018494098793));
#1645=CARTESIAN_POINT('',(0.00574695798936539,-0.035502877348149,0.00258380327868853));
#1646=CARTESIAN_POINT('',(0.00574695798936539,-0.0400759002989688,-0.00122704918032787));
#1647=CARTESIAN_POINT('',(0.0156777862115275,-0.0214609608020983,-0.00122704918032787));
#1648=CARTESIAN_POINT('',(0.0102153329353498,-0.0317001105452797,-0.00122704918032787));
#1649=CARTESIAN_POINT('',(0.0102153329353498,-0.0262608489518398,0.00330566881420538));
#1650=CARTESIAN_POINT('',(0.0102153329353498,-0.02712708759446,0.00258380327868853));
#1651=CARTESIAN_POINT('',(0.0137786484401937,-0.0204477954904136,0.00258380327868852));
#1652=CARTESIAN_POINT('',(-0.0118760883442475,-0.018670463926824,0.00926893973320389));
#1653=CARTESIAN_POINT('',(-0.0116443096238449,-0.0188485212719952,0.00948260854740926));
#1654=CARTESIAN_POINT('',(-0.0116443096238449,-0.02712708759446,0.00258380327868853));
#1655=CARTESIAN_POINT('',(-0.0116443096238449,-0.0317001105452797,-0.00122704918032787));
#1656=CARTESIAN_POINT('',(-0.0171067629000226,-0.0214609608020983,-0.00122704918032787));
#1657=CARTESIAN_POINT('',(-0.00717593467786049,-0.0400759002989688,-0.00122704918032787));
#1658=CARTESIAN_POINT('',(-0.00717593467786049,-0.0222812219907201,0.0136018494098793));
#1659=CARTESIAN_POINT('',(-0.00717593467786049,-0.035502877348149,0.00258380327868853));
#1660=CARTESIAN_POINT('',(-0.0152076251286887,-0.0204477954904136,0.00258380327868853));
#1661=CARTESIAN_POINT('',(0.00944711165575245,-0.0099463474824874,0.002092));
#1662=CARTESIAN_POINT('',(0.00944711165575245,-0.0147046538042365,0.002092));
#1663=CARTESIAN_POINT('',(0.00944711165575245,-0.0267172515288863,0.002092));
#1664=CARTESIAN_POINT('',(0.00944711165575245,-0.0184386852064213,0.00899080526872074));
#1665=CARTESIAN_POINT('',(0.00944711165575245,-0.0308476515288863,-0.00135));
#1666=CARTESIAN_POINT('',(0.00944711165575246,-0.0267172515288863,0.002092));
#1667=CARTESIAN_POINT('',(0.00944711165575245,-0.0267172515288863,0.002092));
#1668=CARTESIAN_POINT('',(0.00944711165575245,-0.0267172515288863,0.002092));
#1669=CARTESIAN_POINT('',(0.014160597009867,-0.0178820121386388,0.002092));
#1670=CARTESIAN_POINT('',(0.00497873670976801,-0.0350930412825753,0.002092));
#1671=CARTESIAN_POINT('',(0.00497873670976801,-0.0408149068180922,-0.00267622127959738));
#1672=CARTESIAN_POINT('',(0.00497873670976801,-0.0392234412825753,-0.00135));
#1673=CARTESIAN_POINT('',(0.00497873670976801,-0.0350930412825753,0.002092));
#1674=CARTESIAN_POINT('',(0.00497873670976801,-0.0350930412825753,0.002092));
#1675=CARTESIAN_POINT('',(0.00497873670976802,-0.0350930412825753,0.002092));
#1676=CARTESIAN_POINT('',(-0.00071448834424755,-0.0350930412825753,0.002092));
#1677=CARTESIAN_POINT('',(-0.00640771339826311,-0.0350930412825753,0.002092));
#1678=CARTESIAN_POINT('',(-0.00640771339826312,-0.0408149068180922,-0.00267622127959738));
#1679=CARTESIAN_POINT('',(-0.00640771339826312,-0.0392234412825753,-0.00135));
#1680=CARTESIAN_POINT('',(-0.00640771339826311,-0.0350930412825753,0.002092));
#1681=CARTESIAN_POINT('',(-0.00640771339826311,-0.0350930412825753,0.002092));
#1682=CARTESIAN_POINT('',(-0.00640771339826312,-0.0350930412825753,0.002092));
#1683=CARTESIAN_POINT('',(-0.0108760883442475,-0.0099463474824874,0.002092));
#1684=CARTESIAN_POINT('',(-0.0108760883442475,-0.0147046538042365,0.002092));
#1685=CARTESIAN_POINT('',(-0.0108760883442475,-0.0267172515288863,0.002092));
#1686=CARTESIAN_POINT('',(-0.0155895736983622,-0.0178820121386388,0.002092));
#1687=CARTESIAN_POINT('',(-0.0108760883442475,-0.0267172515288863,0.002092));
#1688=CARTESIAN_POINT('',(-0.0108760883442475,-0.0267172515288863,0.002092));
#1689=CARTESIAN_POINT('',(-0.0108760883442475,-0.0267172515288863,0.002092));
#1690=CARTESIAN_POINT('',(-0.0108760883442475,-0.0184386852064213,0.00899080526872074));
#1691=CARTESIAN_POINT('',(-0.0108760883442476,-0.0308476515288863,-0.00135));
#1692=CARTESIAN_POINT('',(0.0166372399509934,-0.0192000442038544,-0.00135));
#1693=CARTESIAN_POINT('',(0.0100232776154505,-0.0315976515288862,-0.00135));
#1694=CARTESIAN_POINT('',(0.00555490266946605,-0.0399734412825753,-0.00135));
#1695=CARTESIAN_POINT('',(0.00574695798936539,-0.0400759002989687,-0.00122704918032787));
#1696=CARTESIAN_POINT('',(0.00593281797636475,-0.0401750541858011,-0.0016));
#1697=CARTESIAN_POINT('',(0.00555490266946605,-0.0399734412825753,-0.0016));
#1698=CARTESIAN_POINT('',(0.0056534848432227,-0.0402252610636237,-0.00120550676233365));
#1699=CARTESIAN_POINT('',(0.00587599186177179,-0.0403945849933393,-0.00159999999999978));
#1700=CARTESIAN_POINT('',(0.00548479780983897,-0.040104850032235,-0.0016));
#1701=CARTESIAN_POINT('',(0.00541666855472827,-0.0404684755714996,-0.00117042774682688));
#1702=CARTESIAN_POINT('',(0.00568434417725582,-0.04083752140406,-0.00160000000000013));
#1703=CARTESIAN_POINT('',(0.0053071855934982,-0.0403188320271886,-0.0016));
#1704=CARTESIAN_POINT('',(0.0051247464713917,-0.040555024833817,-0.00115794468005028));
#1705=CARTESIAN_POINT('',(0.0052457324883065,-0.0410854912158417,-0.00160000000000001));
#1706=CARTESIAN_POINT('',(0.00508824403098583,-0.0403949787338591,-0.0016));
#1707=CARTESIAN_POINT('',(0.00497873670976801,-0.0405550248338774,-0.00115794468010066));
#1708=CARTESIAN_POINT('',(0.00497873670976801,-0.0410854912177566,-0.0016));
#1709=CARTESIAN_POINT('',(0.00497873670976801,-0.0403949787339613,-0.0016));
#1710=CARTESIAN_POINT('',(0.00497873670976801,-0.0403949787339613,-0.00135));
#1711=CARTESIAN_POINT('',(0.0104471116557525,-0.0308476515288863,-0.00135));
#1712=CARTESIAN_POINT('',(0.0104471116557525,-0.0308476515288862,-0.0016));
#1713=CARTESIAN_POINT('',(0.0101971116557525,-0.0308476515288863,-0.0016));
#1714=CARTESIAN_POINT('',(0.0104471116557525,-0.0311560189574584,-0.00130552392857124));
#1715=CARTESIAN_POINT('',(0.0104959301934693,-0.0311861270985643,-0.00159999999999991));
#1716=CARTESIAN_POINT('',(0.0101971116557247,-0.031118955564602,-0.0016));
#1717=CARTESIAN_POINT('',(0.0103635865182661,-0.0314632161063358,-0.0012612166474594));
#1718=CARTESIAN_POINT('',(0.01047390399799,-0.0315183667993068,-0.00159999999999985));
#1719=CARTESIAN_POINT('',(0.0101344678026059,-0.0313892299792183,-0.0016));
#1720=CARTESIAN_POINT('',(0.0102153329353498,-0.0317001105452797,-0.00122704918032787));
#1721=CARTESIAN_POINT('',(0.0104011929223492,-0.031799264432112,-0.0016));
#1722=CARTESIAN_POINT('',(0.0100232776154505,-0.0315976515288862,-0.0016));
#1723=CARTESIAN_POINT('',(0.0101971116557524,-0.0308476515288863,-0.00135));
#1724=CARTESIAN_POINT('',(-0.000708443685565489,-0.0403949787339613,-0.00135));
#1725=CARTESIAN_POINT('',(-0.00640771339826312,-0.0403949787339613,-0.00135));
#1726=CARTESIAN_POINT('',(0.0101971116557524,-0.0099463474824874,-0.00135));
#1727=CARTESIAN_POINT('',(0.0101971116557524,-0.0147046538042365,-0.00135));
#1728=CARTESIAN_POINT('',(-0.00640771339826312,-0.0405550248338774,-0.00115794468010066));
#1729=CARTESIAN_POINT('',(-0.00640771339826312,-0.0410854912177566,-0.0016));
#1730=CARTESIAN_POINT('',(-0.00640771339826312,-0.0403949787339613,-0.0016));
#1731=CARTESIAN_POINT('',(-0.0065537231598869,-0.040555024833817,-0.00115794468005028));
#1732=CARTESIAN_POINT('',(-0.0066747091768019,-0.0410854912158417,-0.00160000000000001));
#1733=CARTESIAN_POINT('',(-0.00651722071948099,-0.0403949787338591,-0.0016));
#1734=CARTESIAN_POINT('',(-0.00684564524322326,-0.0404684755714996,-0.0011704277468268));
#1735=CARTESIAN_POINT('',(-0.00711332086575061,-0.0408375214040593,-0.00160000000000007));
#1736=CARTESIAN_POINT('',(-0.00673616228199321,-0.0403188320271886,-0.0016));
#1737=CARTESIAN_POINT('',(-0.00708246153171795,-0.0402252610636237,-0.00120550676233381));
#1738=CARTESIAN_POINT('',(-0.00730496855026713,-0.0403945849933406,-0.00159999999999987));
#1739=CARTESIAN_POINT('',(-0.00691377449833424,-0.0401048500322351,-0.0016));
#1740=CARTESIAN_POINT('',(-0.0071759346778605,-0.0400759002989687,-0.00122704918032787));
#1741=CARTESIAN_POINT('',(-0.00736179466485986,-0.0401750541858011,-0.0016));
#1742=CARTESIAN_POINT('',(-0.00698387935796115,-0.0399734412825753,-0.0016));
#1743=CARTESIAN_POINT('',(-0.00698387935796115,-0.0399734412825753,-0.00135));
#1744=CARTESIAN_POINT('',(-0.0180635382192997,-0.0192050647951531,-0.00135));
#1745=CARTESIAN_POINT('',(-0.0114522543039456,-0.0315976515288862,-0.00135));
#1746=CARTESIAN_POINT('',(-0.0116443096238449,-0.0317001105452797,-0.00122704918032787));
#1747=CARTESIAN_POINT('',(-0.0118301696108443,-0.031799264432112,-0.0016));
#1748=CARTESIAN_POINT('',(-0.0114522543039456,-0.0315976515288862,-0.0016));
#1749=CARTESIAN_POINT('',(-0.0117925632067607,-0.0314632161063367,-0.00126121664745932));
#1750=CARTESIAN_POINT('',(-0.0119028806864851,-0.0315183667993119,-0.001600000000001));
#1751=CARTESIAN_POINT('',(-0.011563444491101,-0.0313892299792191,-0.0016));
#1752=CARTESIAN_POINT('',(-0.0118760883442476,-0.0311560189574584,-0.00130552392857124));
#1753=CARTESIAN_POINT('',(-0.0119249068819645,-0.0311861270985642,-0.00160000000000017));
#1754=CARTESIAN_POINT('',(-0.0116260883442198,-0.031118955564602,-0.0016));
#1755=CARTESIAN_POINT('',(-0.0118760883442476,-0.0308476515288863,-0.00135));
#1756=CARTESIAN_POINT('',(-0.0118760883442476,-0.0308476515288862,-0.0016));
#1757=CARTESIAN_POINT('',(-0.0116260883442476,-0.0308476515288863,-0.0016));
#1758=CARTESIAN_POINT('',(-0.0116260883442476,-0.0308476515288863,-0.00135));
#1759=CARTESIAN_POINT('',(-0.0116260883442475,-0.0099463474824874,-0.00135));
#1760=CARTESIAN_POINT('',(-0.0116260883442475,-0.0147046538042365,-0.00135));
#1761=CARTESIAN_POINT('',(-0.00471235172642124,-0.0147046538042365,-0.0008));
#1762=CARTESIAN_POINT('',(0.00964711165575245,-0.0147046538042365,0.002094));
#1763=CARTESIAN_POINT('',(0.00964711165575245,-0.0147046538042365,-0.0008));
#1764=CARTESIAN_POINT('',(0.00964711165575245,-0.0147046538042365,0.002292));
#1765=CARTESIAN_POINT('',(-0.00071448834424755,-0.0147046538042365,0.002292));
#1766=CARTESIAN_POINT('',(-0.0110760883442475,-0.0147046538042365,0.002292));
#1767=CARTESIAN_POINT('',(-0.0110760883442475,-0.0147046538042365,0.002094));
#1768=CARTESIAN_POINT('',(-0.0110760883442475,-0.0147046538042365,-0.0008));
#1769=CARTESIAN_POINT('',(-0.000708443685565489,-0.0147046538042365,-0.0008));
#1770=CARTESIAN_POINT('',(-0.00071448834424755,-0.0252934912177567,0.002094));
#1771=CARTESIAN_POINT('',(-0.0110760883442475,-0.0252934912177567,0.002094));
#1772=CARTESIAN_POINT('',(-0.0110760883442475,-0.0252934912177567,0.002292));
#1773=CARTESIAN_POINT('',(-0.0110760883442475,-0.0252934912177567,-0.0008));
#1774=CARTESIAN_POINT('',(-0.00071448834424755,-0.0252934912177567,0.002292));
#1775=CARTESIAN_POINT('',(0.00964711165575245,-0.0252934912177567,0.002292));
#1776=CARTESIAN_POINT('',(0.00964711165575245,-0.0252934912177567,0.002094));
#1777=CARTESIAN_POINT('',(0.00964711165575245,-0.0252934912177567,-0.0008));
#1778=CARTESIAN_POINT('',(-0.00071448834424755,-0.0252934912177567,-0.0008));
#1779=CARTESIAN_POINT('',(-0.00071448834424755,-0.0099463474824874,0.002292));
#1780=CARTESIAN_POINT('',(-0.0110760883442475,-0.00994634748248739,0.002292));
#1781=CARTESIAN_POINT('',(0.00964711165575245,-0.0099463474824874,0.002292));
#1782=CARTESIAN_POINT('',(-0.0110760883442475,-0.00994634748248739,0.002094));
#1783=CARTESIAN_POINT('',(-0.0110760883442475,-0.00994634748248739,-0.0008));
#1784=CARTESIAN_POINT('',(0.00964711165575245,-0.0099463474824874,0.002094));
#1785=CARTESIAN_POINT('',(0.00964711165575245,-0.0099463474824874,-0.0008));
#1786=CARTESIAN_POINT('',(-0.000708443685565489,-0.0099463474824874,-0.0008));
#1787=CARTESIAN_POINT('',(0.,0.,0.));
#1788=CARTESIAN_POINT('',(-0.000708443685565489,-0.0099463474824874,-0.0008));
#1789=CARTESIAN_POINT('',(-0.000708443685565489,-0.0147046538042365,-0.0008));
#1790=CARTESIAN_POINT('',(0.00964711165575245,-0.0147046538042365,-0.0008));
#1791=CARTESIAN_POINT('',(-0.0110760883442475,-0.0147046538042365,-0.0008));
#1792=CARTESIAN_POINT('',(0.00964711165575245,-0.0099463474824874,-0.0008));
#1793=CARTESIAN_POINT('',(0.00964711165575245,0.00540079625278184,-0.0008));
#1794=CARTESIAN_POINT('',(-0.000714488344247546,0.00540079625278184,-0.0008));
#1795=CARTESIAN_POINT('',(-0.0110760883442475,0.00540079625278184,-0.0008));
#1796=CARTESIAN_POINT('',(-0.0110760883442475,-0.00994634748248739,-0.0008));
#1797=CARTESIAN_POINT('',(0.00964711165575245,-0.0099463474824874,0.002094));
#1798=CARTESIAN_POINT('',(0.00964711165575245,-0.0147046538042365,0.002094));
#1799=CARTESIAN_POINT('',(0.00964711165575245,-0.0147046538042365,0.002292));
#1800=CARTESIAN_POINT('',(0.00964711165575245,-0.0099463474824874,0.002292));
#1801=CARTESIAN_POINT('',(0.00964711165575245,0.00540079625278184,0.002292));
#1802=CARTESIAN_POINT('',(0.00964711165575245,0.00540079625278184,0.002094));
#1803=CARTESIAN_POINT('',(-0.0110760883442475,-0.00994634748248739,0.002094));
#1804=CARTESIAN_POINT('',(-0.0110760883442475,-0.00994634748248739,0.002292));
#1805=CARTESIAN_POINT('',(-0.0110760883442475,0.00540079625278184,0.002292));
#1806=CARTESIAN_POINT('',(-0.0110760883442475,-0.0147046538042365,0.002292));
#1807=CARTESIAN_POINT('',(-0.0110760883442475,-0.0147046538042365,0.002094));
#1808=CARTESIAN_POINT('',(-0.0110760883442475,0.00540079625278184,0.002094));
#1809=CARTESIAN_POINT('',(-0.00071448834424755,-0.0099463474824874,0.002292));
#1810=CARTESIAN_POINT('',(-0.00071448834424755,-0.0147046538042365,0.002292));
#1811=CARTESIAN_POINT('',(-0.000714488344247546,0.00540079625278184,0.002292));
#1812=CARTESIAN_POINT('',(-0.000714488344247546,0.00540079625278184,0.002094));
#1813=CARTESIAN_POINT('',(-0.00471235172642124,-0.0147046538042365,-0.0008));
#1814=CARTESIAN_POINT('',(0.00944711165575245,-0.0147046538042365,0.002092));
#1815=CARTESIAN_POINT('',(0.00944711165575245,-0.0147046538042365,0.003092));
#1816=CARTESIAN_POINT('',(0.0104471116557524,-0.0147046538042365,0.002092));
#1817=CARTESIAN_POINT('',(-0.00071448834424755,-0.0147046538042365,0.003092));
#1818=CARTESIAN_POINT('',(-0.0108760883442475,-0.0147046538042365,0.003092));
#1819=CARTESIAN_POINT('',(-0.0108760883442475,-0.0147046538042365,0.002092));
#1820=CARTESIAN_POINT('',(-0.0118760883442475,-0.0147046538042365,0.002092));
#1821=CARTESIAN_POINT('',(-0.0118760883442475,-0.0147046538042365,-0.0012));
#1822=CARTESIAN_POINT('',(-0.0118760883442475,-0.0147046538042365,-0.00135));
#1823=CARTESIAN_POINT('',(-0.0116260883442475,-0.0147046538042365,-0.00135));
#1824=CARTESIAN_POINT('',(-0.0116260883442475,-0.0147046538042365,-0.0016));
#1825=CARTESIAN_POINT('',(-0.000708443685565489,-0.0147046538042365,-0.0016));
#1826=CARTESIAN_POINT('',(0.0101971116557524,-0.0147046538042365,-0.0016));
#1827=CARTESIAN_POINT('',(0.0101971116557524,-0.0147046538042365,-0.00135));
#1828=CARTESIAN_POINT('',(0.0104471116557524,-0.0147046538042365,-0.00135));
#1829=CARTESIAN_POINT('',(0.0104471116557524,-0.0147046538042365,-0.0012));
#1830=CARTESIAN_POINT('',(0.00497873670976801,0.0149222118531174,0.00232377872040263));
#1831=CARTESIAN_POINT('',(0.00574695798936539,0.00238852702574537,0.0136018494098793));
#1832=CARTESIAN_POINT('',(0.00574695798936539,0.0201832053339939,-0.00122704918032787));
#1833=CARTESIAN_POINT('',(0.00574695798936539,0.0156101823831743,0.00258380327868853));
#1834=CARTESIAN_POINT('',(0.00497873670976801,0.0193307463176005,-0.00135));
#1835=CARTESIAN_POINT('',(0.00497873670976801,0.0206623298689026,-0.00115794468010066));
#1836=CARTESIAN_POINT('',(0.00497873670976801,0.0155623962527819,0.003092));
#1837=CARTESIAN_POINT('',(0.00497873670976801,0.015840530717265,0.00286022127959737));
#1838=CARTESIAN_POINT('',(0.00497873670976801,0.0152003463176005,0.002092));
#1839=CARTESIAN_POINT('',(-0.0064077133982631,0.0149222118531174,0.00232377872040263));
#1840=CARTESIAN_POINT('',(-0.0064077133982631,0.0155623962527819,0.003092));
#1841=CARTESIAN_POINT('',(-0.0064077133982631,0.0206623298689026,-0.00115794468010066));
#1842=CARTESIAN_POINT('',(-0.0064077133982631,0.015840530717265,0.00286022127959737));
#1843=CARTESIAN_POINT('',(-0.0064077133982631,0.0193307463176005,-0.00135));
#1844=CARTESIAN_POINT('',(-0.00717593467786047,0.0201832053339939,-0.00122704918032787));
#1845=CARTESIAN_POINT('',(-0.00717593467786048,0.00238852702574537,0.0136018494098793));
#1846=CARTESIAN_POINT('',(-0.00717593467786048,0.0156101823831743,0.00258380327868853));
#1847=CARTESIAN_POINT('',(-0.0064077133982631,0.0152003463176005,0.002092));
#1848=CARTESIAN_POINT('',(-0.0118760883442475,-0.00122223103815081,0.00926893973320389));
#1849=CARTESIAN_POINT('',(-0.0171067629000226,0.0015682658371235,-0.00122704918032787));
#1850=CARTESIAN_POINT('',(-0.0116443096238449,0.0118074155803049,-0.00122704918032787));
#1851=CARTESIAN_POINT('',(-0.0116443096238449,-0.00104417369297966,0.00948260854740927));
#1852=CARTESIAN_POINT('',(-0.0116443096238449,0.00723439262948522,0.00258380327868853));
#1853=CARTESIAN_POINT('',(-0.0152076251286887,0.000555100525438884,0.00258380327868853));
#1854=CARTESIAN_POINT('',(-0.0064077133982631,0.0152003463176005,0.002092));
#1855=CARTESIAN_POINT('',(-0.0064077133982631,0.0152003463176005,0.002092));
#1856=CARTESIAN_POINT('',(-0.0064077133982631,0.0152003463176005,0.003092));
#1857=CARTESIAN_POINT('',(-0.0064077133982631,0.0152003463176005,0.002092));
#1858=CARTESIAN_POINT('',(-0.00071448834424755,0.0155623962527819,0.003092));
#1859=CARTESIAN_POINT('',(-0.00071448834424755,0.0206623298689026,-0.00115794468010066));
#1860=CARTESIAN_POINT('',(-0.00071448834424755,0.015840530717265,0.00286022127959737));
#1861=CARTESIAN_POINT('',(0.00497873670976801,0.0152003463176005,0.002092));
#1862=CARTESIAN_POINT('',(0.00497873670976801,0.0152003463176005,0.002092));
#1863=CARTESIAN_POINT('',(0.00497873670976801,0.0152003463176005,0.003092));
#1864=CARTESIAN_POINT('',(0.00497873670976801,0.0152003463176005,0.002092));
#1865=CARTESIAN_POINT('',(0.0104471116557524,-0.00122223103815081,0.00926893973320389));
#1866=CARTESIAN_POINT('',(0.0102153329353498,0.011998553986865,-0.00138633118579463));
#1867=CARTESIAN_POINT('',(0.0102153329353498,0.00723439262948522,0.00258380327868853));
#1868=CARTESIAN_POINT('',(0.0102153329353498,0.0118074155803049,-0.00122704918032787));
#1869=CARTESIAN_POINT('',(0.0156777862115275,0.00156826583712349,-0.00122704918032787));
#1870=CARTESIAN_POINT('',(0.0137786484401937,0.00055510052543888,0.00258380327868853));
#1871=CARTESIAN_POINT('',(-0.0108760883442475,-0.00145400975855343,0.00899080526872075));
#1872=CARTESIAN_POINT('',(-0.0108760883442475,0.0109549565639114,-0.00135));
#1873=CARTESIAN_POINT('',(-0.0118760883442475,0.0109549565639114,-0.00135));
#1874=CARTESIAN_POINT('',(-0.0118760883442475,-0.00145400975855343,0.00899080526872074));
#1875=CARTESIAN_POINT('',(-0.0118760883442475,0.00682455656391145,0.002092));
#1876=CARTESIAN_POINT('',(-0.0108760883442475,0.00682455656391145,0.002092));
#1877=CARTESIAN_POINT('',(0.00944711165575245,-0.00145400975855344,0.00899080526872075));
#1878=CARTESIAN_POINT('',(0.0104471116557524,0.00595831792129123,0.00281386553551685));
#1879=CARTESIAN_POINT('',(0.0104471116557524,0.0109549565639114,-0.00135));
#1880=CARTESIAN_POINT('',(0.0104471116557524,0.00682455656391145,0.002092));
#1881=CARTESIAN_POINT('',(0.00944711165575245,0.0109549565639114,-0.00135));
#1882=CARTESIAN_POINT('',(0.00944711165575245,0.00682455656391145,0.002092));
#1883=CARTESIAN_POINT('',(0.0166372399509934,-0.000692650761120383,-0.00135));
#1884=CARTESIAN_POINT('',(0.0100232776154505,0.0117049565639114,-0.00135));
#1885=CARTESIAN_POINT('',(0.0100232776154505,0.0117049565639114,-0.0016));
#1886=CARTESIAN_POINT('',(0.0166372399509934,-0.000692650761120385,-0.0016));
#1887=CARTESIAN_POINT('',(0.00555490266946604,0.0200807463176005,-0.0016));
#1888=CARTESIAN_POINT('',(0.00555490266946604,0.0200807463176005,-0.00135));
#1889=CARTESIAN_POINT('',(0.00497873670976801,0.0206623298689026,-0.00115794468010066));
#1890=CARTESIAN_POINT('',(0.00497873670976801,0.0211927962527818,-0.0016));
#1891=CARTESIAN_POINT('',(0.00497873670976801,0.0205022837689865,-0.0016));
#1892=CARTESIAN_POINT('',(0.00512474647139206,0.0206623298688431,-0.00115794468005104));
#1893=CARTESIAN_POINT('',(0.00524573248830689,0.0211927962508669,-0.00159999999999992));
#1894=CARTESIAN_POINT('',(0.00508824403098601,0.0205022837688853,-0.0016));
#1895=CARTESIAN_POINT('',(0.00541666855472835,0.0205757806065237,-0.00117042774682638));
#1896=CARTESIAN_POINT('',(0.00568434417725641,0.0209448264390825,-0.00159999999999981));
#1897=CARTESIAN_POINT('',(0.00530718559349811,0.0204261370622126,-0.0016));
#1898=CARTESIAN_POINT('',(0.00565348484322217,0.0203325660986502,-0.00120550676233389));
#1899=CARTESIAN_POINT('',(0.00587599186177172,0.0205018900283677,-0.00160000000000036));
#1900=CARTESIAN_POINT('',(0.00548479780983897,0.0202121550672615,-0.0016));
#1901=CARTESIAN_POINT('',(0.00574695798936539,0.0201832053339939,-0.00122704918032787));
#1902=CARTESIAN_POINT('',(0.00593281797636475,0.0202823592208263,-0.0016));
#1903=CARTESIAN_POINT('',(0.00555490266946604,0.0200807463176005,-0.0016));
#1904=CARTESIAN_POINT('',(0.00497873670976801,0.0193307463176005,-0.0016));
#1905=CARTESIAN_POINT('',(0.00497873670976801,0.0205022837689865,-0.0016));
#1906=CARTESIAN_POINT('',(0.00497873670976801,0.0205022837689865,-0.00135));
#1907=CARTESIAN_POINT('',(-0.000708443685565489,0.0205022837689865,-0.00135));
#1908=CARTESIAN_POINT('',(-0.000708443685565489,0.0205022837689865,-0.0016));
#1909=CARTESIAN_POINT('',(-0.0064077133982631,0.0205022837689865,-0.0016));
#1910=CARTESIAN_POINT('',(-0.0064077133982631,0.0205022837689865,-0.00135));
#1911=CARTESIAN_POINT('',(-0.00717593467786048,0.0201832053339939,-0.00122704918032787));
#1912=CARTESIAN_POINT('',(-0.00736179466485984,0.0202823592208263,-0.0016));
#1913=CARTESIAN_POINT('',(-0.00698387935796113,0.0200807463176005,-0.0016));
#1914=CARTESIAN_POINT('',(-0.00708246153171803,0.0203325660986484,-0.00120550676233361));
#1915=CARTESIAN_POINT('',(-0.00730496855026773,0.0205018900283637,-0.00159999999999997));
#1916=CARTESIAN_POINT('',(-0.00691377449833422,0.0202121550672605,-0.0016));
#1917=CARTESIAN_POINT('',(-0.00684564524322312,0.0205757806065246,-0.00117042774682652));
#1918=CARTESIAN_POINT('',(-0.00711332086575082,0.0209448264390851,-0.00160000000000005));
#1919=CARTESIAN_POINT('',(-0.00673616228199319,0.0204261370622131,-0.0016));
#1920=CARTESIAN_POINT('',(-0.00655372315988703,0.0206623298688431,-0.00115794468005104));
#1921=CARTESIAN_POINT('',(-0.00667470917680208,0.0211927962508669,-0.00159999999999992));
#1922=CARTESIAN_POINT('',(-0.00651722071948097,0.0205022837688852,-0.0016));
#1923=CARTESIAN_POINT('',(-0.0064077133982631,0.0206623298689026,-0.00115794468010066));
#1924=CARTESIAN_POINT('',(-0.00640771339826311,0.0211927962527818,-0.0016));
#1925=CARTESIAN_POINT('',(-0.0064077133982631,0.0205022837689865,-0.0016));
#1926=CARTESIAN_POINT('',(-0.0064077133982631,0.0193307463176005,-0.0016));
#1927=CARTESIAN_POINT('',(-0.00698387935796113,0.0200807463176005,-0.0016));
#1928=CARTESIAN_POINT('',(-0.00698387935796113,0.0200807463176005,-0.00135));
#1929=CARTESIAN_POINT('',(-0.0180635382192997,-0.000687630169821631,-0.00135));
#1930=CARTESIAN_POINT('',(-0.0114522543039456,0.0117049565639114,-0.00135));
#1931=CARTESIAN_POINT('',(-0.0114522543039456,0.0117049565639114,-0.0016));
#1932=CARTESIAN_POINT('',(-0.0180635382192997,-0.000687630169821631,-0.0016));
#1933=CARTESIAN_POINT('',(-0.0155895736983622,-0.00201068282633594,0.002092));
#1934=CARTESIAN_POINT('',(-0.0108760883442475,0.00682455656391145,0.002092));
#1935=CARTESIAN_POINT('',(-0.0108760883442475,0.00682455656391145,0.003092));
#1936=CARTESIAN_POINT('',(-0.0155895736983622,-0.00201068282633594,0.003092));
#1937=CARTESIAN_POINT('',(-0.00071448834424755,0.0152003463176005,0.002092));
#1938=CARTESIAN_POINT('',(-0.00071448834424755,0.0152003463176005,0.003092));
#1939=CARTESIAN_POINT('',(0.014160597009867,-0.00201068282633595,0.002092));
#1940=CARTESIAN_POINT('',(0.00944711165575245,0.00682455656391145,0.002092));
#1941=CARTESIAN_POINT('',(0.00944711165575245,0.00682455656391145,0.003092));
#1942=CARTESIAN_POINT('',(0.014160597009867,-0.00201068282633595,0.003092));
#1943=CARTESIAN_POINT('',(0.00944711165575245,0.00682455656391145,0.002092));
#1944=CARTESIAN_POINT('',(0.00944711165575245,0.00682455656391145,0.002092));
#1945=CARTESIAN_POINT('',(-0.0108760883442475,0.00682455656391145,0.002092));
#1946=CARTESIAN_POINT('',(-0.0108760883442475,0.00682455656391145,0.002092));
#1947=CARTESIAN_POINT('',(0.0102153329353498,0.0118074155803049,-0.00122704918032787));
#1948=CARTESIAN_POINT('',(0.0104011929223492,0.0119065694671373,-0.0016));
#1949=CARTESIAN_POINT('',(0.0100232776154505,0.0117049565639115,-0.0016));
#1950=CARTESIAN_POINT('',(0.0103635865182661,0.0115705211413614,-0.00126121664745975));
#1951=CARTESIAN_POINT('',(0.0104739039979892,0.0116256718343332,-0.00159999999999991));
#1952=CARTESIAN_POINT('',(0.0101344678026059,0.0114965350142444,-0.0016));
#1953=CARTESIAN_POINT('',(0.0104471116557525,0.0112633239924846,-0.00130552392857122));
#1954=CARTESIAN_POINT('',(0.0104959301934681,0.0112934321335876,-0.00160000000000015));
#1955=CARTESIAN_POINT('',(0.0101971116557247,0.0112262605996272,-0.0016));
#1956=CARTESIAN_POINT('',(0.0104471116557525,0.0109549565639114,-0.00135));
#1957=CARTESIAN_POINT('',(0.0104471116557524,0.0109549565639114,-0.0016));
#1958=CARTESIAN_POINT('',(0.0101971116557525,0.0109549565639114,-0.0016));
#1959=CARTESIAN_POINT('',(0.0101971116557524,0.0109549565639114,-0.00135));
#1960=CARTESIAN_POINT('',(0.0101971116557524,0.0109549565639114,-0.0016));
#1961=CARTESIAN_POINT('',(0.00944711165575245,0.0109549565639114,-0.0016));
#1962=CARTESIAN_POINT('',(-0.0118760883442475,0.0109549565639114,-0.00135));
#1963=CARTESIAN_POINT('',(-0.0118760883442475,0.0109549565639114,-0.0016));
#1964=CARTESIAN_POINT('',(-0.0116260883442475,0.0109549565639114,-0.0016));
#1965=CARTESIAN_POINT('',(-0.0118760883442476,0.0112633239924855,-0.00130552392857151));
#1966=CARTESIAN_POINT('',(-0.011924906881963,0.0112934321335878,-0.00159999999999996));
#1967=CARTESIAN_POINT('',(-0.0116260883442198,0.0112262605996272,-0.0016));
#1968=CARTESIAN_POINT('',(-0.0117925632067607,0.0115705211413619,-0.00126121664745943));
#1969=CARTESIAN_POINT('',(-0.0119028806864834,0.0116256718343362,-0.00159999999999959));
#1970=CARTESIAN_POINT('',(-0.011563444491101,0.0114965350142444,-0.0016));
#1971=CARTESIAN_POINT('',(-0.0116443096238449,0.0118074155803049,-0.00122704918032787));
#1972=CARTESIAN_POINT('',(-0.0118301696108443,0.0119065694671372,-0.0016));
#1973=CARTESIAN_POINT('',(-0.0114522543039456,0.0117049565639115,-0.0016));
#1974=CARTESIAN_POINT('',(-0.0116260883442475,0.0109549565639114,-0.00135));
#1975=CARTESIAN_POINT('',(-0.0116260883442475,0.0109549565639114,-0.0016));
#1976=CARTESIAN_POINT('',(-0.0108760883442475,0.0109549565639114,-0.0016));
#1977=CARTESIAN_POINT('',(0.00944711165575245,-0.0099463474824874,0.002092));
#1978=CARTESIAN_POINT('',(0.00944711165575245,0.00619009664169386,0.003092));
#1979=CARTESIAN_POINT('',(0.0104471116557524,-0.0260827916066686,0.002092));
#1980=CARTESIAN_POINT('',(-0.0108760883442475,-0.0099463474824874,0.002092));
#1981=CARTESIAN_POINT('',(-0.0118760883442475,-0.0099463474824874,0.002092));
#1982=CARTESIAN_POINT('',(-0.0108760883442475,-0.0099463474824874,0.003092));
#1983=CARTESIAN_POINT('',(-0.00071448834424755,-0.0099463474824874,0.003092));
#1984=CARTESIAN_POINT('',(-0.0116260883442475,-0.0099463474824874,-0.00135));
#1985=CARTESIAN_POINT('',(-0.0116260883442475,-0.0099463474824874,-0.0016));
#1986=CARTESIAN_POINT('',(-0.0118760883442475,-0.0099463474824874,-0.00135));
#1987=CARTESIAN_POINT('',(0.0101971116557524,-0.0099463474824874,-0.00135));
#1988=CARTESIAN_POINT('',(0.0104471116557524,0.0112549565639114,-0.00135));
#1989=CARTESIAN_POINT('',(0.0101971116557524,-0.0311476515288863,-0.0016));
#1990=CARTESIAN_POINT('',(-0.000708443685565489,-0.0099463474824874,-0.0016));
#1991=CARTESIAN_POINT('',(0.0104471116557524,-0.0099463474824874,-0.0012));
#1992=CARTESIAN_POINT('',(-0.0118760883442475,-0.0099463474824874,-0.0012));
#1993=MECHANICAL_DESIGN_GEOMETRIC_PRESENTATION_REPRESENTATION('',(#1080),
#1995);
#1994=MECHANICAL_DESIGN_GEOMETRIC_PRESENTATION_REPRESENTATION('',(#1081),
#1996);
#1995=(
GEOMETRIC_REPRESENTATION_CONTEXT(3)
GLOBAL_UNCERTAINTY_ASSIGNED_CONTEXT((#1997))
GLOBAL_UNIT_ASSIGNED_CONTEXT((#2003,#2001,#1999))
REPRESENTATION_CONTEXT('Part 3','TOP_LEVEL_ASSEMBLY_PART')
);
#1996=(
GEOMETRIC_REPRESENTATION_CONTEXT(3)
GLOBAL_UNCERTAINTY_ASSIGNED_CONTEXT((#1998))
GLOBAL_UNIT_ASSIGNED_CONTEXT((#2004,#2002,#2000))
REPRESENTATION_CONTEXT('Part 4','TOP_LEVEL_ASSEMBLY_PART')
);
#1997=UNCERTAINTY_MEASURE_WITH_UNIT(LENGTH_MEASURE(2.E-5),#2003,
'DISTANCE_ACCURACY_VALUE','Maximum Tolerance applied to model');
#1998=UNCERTAINTY_MEASURE_WITH_UNIT(LENGTH_MEASURE(2.E-5),#2004,
'DISTANCE_ACCURACY_VALUE','Maximum Tolerance applied to model');
#1999=(
NAMED_UNIT(*)
SI_UNIT($,.STERADIAN.)
SOLID_ANGLE_UNIT()
);
#2000=(
NAMED_UNIT(*)
SI_UNIT($,.STERADIAN.)
SOLID_ANGLE_UNIT()
);
#2001=(
NAMED_UNIT(*)
PLANE_ANGLE_UNIT()
SI_UNIT($,.RADIAN.)
);
#2002=(
NAMED_UNIT(*)
PLANE_ANGLE_UNIT()
SI_UNIT($,.RADIAN.)
);
#2003=(
LENGTH_UNIT()
NAMED_UNIT(*)
SI_UNIT($,.METRE.)
);
#2004=(
LENGTH_UNIT()
NAMED_UNIT(*)
SI_UNIT($,.METRE.)
);
#2005=PRODUCT_DEFINITION_SHAPE('','',#2007);
#2006=PRODUCT_DEFINITION_SHAPE('','',#2008);
#2007=PRODUCT_DEFINITION('','',#2011,#2009);
#2008=PRODUCT_DEFINITION('','',#2012,#2010);
#2009=PRODUCT_DEFINITION_CONTEXT('',#2023,'design');
#2010=PRODUCT_DEFINITION_CONTEXT('',#2024,'design');
#2011=PRODUCT_DEFINITION_FORMATION_WITH_SPECIFIED_SOURCE('','',#2015,
 .NOT_KNOWN.);
#2012=PRODUCT_DEFINITION_FORMATION_WITH_SPECIFIED_SOURCE('','',#2016,
 .NOT_KNOWN.);
#2013=PRODUCT_RELATED_PRODUCT_CATEGORY('','',(#2015));
#2014=PRODUCT_RELATED_PRODUCT_CATEGORY('','',(#2016));
#2015=PRODUCT('Part 3','Part 3','Part 3',(#2019));
#2016=PRODUCT('Part 4','Part 4','Part 4',(#2020));
#2017=PRODUCT_CATEGORY('','');
#2018=PRODUCT_CATEGORY('','');
#2019=PRODUCT_CONTEXT('',#2023,'mechanical');
#2020=PRODUCT_CONTEXT('',#2024,'mechanical');
#2021=APPLICATION_PROTOCOL_DEFINITION('international standard',
'ap242_managed_model_based_3d_engineering',2020,#2023);
#2022=APPLICATION_PROTOCOL_DEFINITION('international standard',
'ap242_managed_model_based_3d_engineering',2020,#2024);
#2023=APPLICATION_CONTEXT('managed model based 3d engineering');
#2024=APPLICATION_CONTEXT('managed model based 3d engineering');
ENDSEC;
END-ISO-10303-21;
