ISO-10303-21;
HEADER;
FILE_DESCRIPTION(('FreeCAD Model'),'2;1');
FILE_NAME('Open CASCADE Shape Model','2025-07-23T16:19:06',(''),(''),
  'Open CASCADE STEP processor 7.6','FreeCAD','Unknown');
FILE_SCHEMA(('AUTOMOTIVE_DESIGN { 1 0 10303 214 1 1 1 1 }'));
ENDSEC;
DATA;
#1 = APPLICATION_PROTOCOL_DEFINITION('international standard',
  'automotive_design',2000,#2);
#2 = APPLICATION_CONTEXT(
  'core data for automotive mechanical design processes');
#3 = SHAPE_DEFINITION_REPRESENTATION(#4,#10);
#4 = PRODUCT_DEFINITION_SHAPE('','',#5);
#5 = PRODUCT_DEFINITION('design','',#6,#9);
#6 = PRODUCT_DEFINITION_FORMATION('','',#7);
#7 = PRODUCT('CR2032','CR2032','',(#8));
#8 = PRODUCT_CONTEXT('',#2,'mechanical');
#9 = PRODUCT_DEFINITION_CONTEXT('part definition',#2,'design');
#10 = SHAPE_REPRESENTATION('',(#11,#15,#19,#23,#27),#31);
#11 = AXIS2_PLACEMENT_3D('',#12,#13,#14);
#12 = CARTESIAN_POINT('',(0.,0.,0.));
#13 = DIRECTION('',(0.,0.,1.));
#14 = DIRECTION('',(1.,0.,-0.));
#15 = AXIS2_PLACEMENT_3D('',#16,#17,#18);
#16 = CARTESIAN_POINT('',(0.,0.,0.));
#17 = DIRECTION('',(0.,0.,1.));
#18 = DIRECTION('',(1.,0.,0.));
#19 = AXIS2_PLACEMENT_3D('',#20,#21,#22);
#20 = CARTESIAN_POINT('',(0.,0.,-0.1));
#21 = DIRECTION('',(0.,0.,1.));
#22 = DIRECTION('',(1.,0.,0.));
#23 = AXIS2_PLACEMENT_3D('',#24,#25,#26);
#24 = CARTESIAN_POINT('',(0.,0.,0.));
#25 = DIRECTION('',(0.,0.,1.));
#26 = DIRECTION('',(1.,0.,0.));
#27 = AXIS2_PLACEMENT_3D('',#28,#29,#30);
#28 = CARTESIAN_POINT('',(0.,0.,0.));
#29 = DIRECTION('',(0.,0.,1.));
#30 = DIRECTION('',(1.,0.,0.));
#31 = ( GEOMETRIC_REPRESENTATION_CONTEXT(3) 
GLOBAL_UNCERTAINTY_ASSIGNED_CONTEXT((#35)) GLOBAL_UNIT_ASSIGNED_CONTEXT(
(#32,#33,#34)) REPRESENTATION_CONTEXT('Context #1',
  '3D Context with UNIT and UNCERTAINTY') );
#32 = ( LENGTH_UNIT() NAMED_UNIT(*) SI_UNIT(.MILLI.,.METRE.) );
#33 = ( NAMED_UNIT(*) PLANE_ANGLE_UNIT() SI_UNIT($,.RADIAN.) );
#34 = ( NAMED_UNIT(*) SI_UNIT($,.STERADIAN.) SOLID_ANGLE_UNIT() );
#35 = UNCERTAINTY_MEASURE_WITH_UNIT(LENGTH_MEASURE(1.E-07),#32,
  'distance_accuracy_value','confusion accuracy');
#36 = PRODUCT_RELATED_PRODUCT_CATEGORY('part',$,(#7));
#37 = SHAPE_DEFINITION_REPRESENTATION(#38,#44);
#38 = PRODUCT_DEFINITION_SHAPE('','',#39);
#39 = PRODUCT_DEFINITION('design','',#40,#43);
#40 = PRODUCT_DEFINITION_FORMATION('','',#41);
#41 = PRODUCT('conn_pos','conn_pos','',(#42));
#42 = PRODUCT_CONTEXT('',#2,'mechanical');
#43 = PRODUCT_DEFINITION_CONTEXT('part definition',#2,'design');
#44 = ADVANCED_BREP_SHAPE_REPRESENTATION('',(#11,#45),#258);
#45 = MANIFOLD_SOLID_BREP('',#46);
#46 = CLOSED_SHELL('',(#47,#80,#105,#130,#155,#164,#181,#211,#236));
#47 = ADVANCED_FACE('',(#48),#75,.T.);
#48 = FACE_BOUND('',#49,.T.);
#49 = EDGE_LOOP('',(#50,#59,#67,#74));
#50 = ORIENTED_EDGE('',*,*,#51,.T.);
#51 = EDGE_CURVE('',#52,#52,#54,.T.);
#52 = VERTEX_POINT('',#53);
#53 = CARTESIAN_POINT('',(-9.92036300463,4.796187403675E-16,
    2.160010780399));
#54 = CIRCLE('',#55,9.92036300463);
#55 = AXIS2_PLACEMENT_3D('',#56,#57,#58);
#56 = CARTESIAN_POINT('',(0.,4.796187403675E-16,2.160010780399));
#57 = DIRECTION('',(0.,2.22044604925E-16,1.));
#58 = DIRECTION('',(-1.,0.,0.));
#59 = ORIENTED_EDGE('',*,*,#60,.T.);
#60 = EDGE_CURVE('',#52,#61,#63,.T.);
#61 = VERTEX_POINT('',#62);
#62 = CARTESIAN_POINT('',(-9.601886553514,5.329070518201E-16,2.4));
#63 = LINE('',#64,#65);
#64 = CARTESIAN_POINT('',(-9.92036300463,4.796187403675E-16,
    2.160010780399));
#65 = VECTOR('',#66,1.);
#66 = DIRECTION('',(0.798635510047,1.336297790537E-16,0.601815023152));
#67 = ORIENTED_EDGE('',*,*,#68,.F.);
#68 = EDGE_CURVE('',#61,#61,#69,.T.);
#69 = CIRCLE('',#70,9.601886553514);
#70 = AXIS2_PLACEMENT_3D('',#71,#72,#73);
#71 = CARTESIAN_POINT('',(0.,5.329070518201E-16,2.4));
#72 = DIRECTION('',(0.,2.22044604925E-16,1.));
#73 = DIRECTION('',(-1.,0.,0.));
#74 = ORIENTED_EDGE('',*,*,#60,.F.);
#75 = CONICAL_SURFACE('',#76,9.92036300463,0.925024503557);
#76 = AXIS2_PLACEMENT_3D('',#77,#78,#79);
#77 = CARTESIAN_POINT('',(0.,4.796187403675E-16,2.160010780399));
#78 = DIRECTION('',(-0.,-2.22044604925E-16,-1.));
#79 = DIRECTION('',(-1.,0.,0.));
#80 = ADVANCED_FACE('',(#81),#100,.F.);
#81 = FACE_BOUND('',#82,.T.);
#82 = EDGE_LOOP('',(#83,#84,#92,#99));
#83 = ORIENTED_EDGE('',*,*,#68,.T.);
#84 = ORIENTED_EDGE('',*,*,#85,.T.);
#85 = EDGE_CURVE('',#61,#86,#88,.T.);
#86 = VERTEX_POINT('',#87);
#87 = CARTESIAN_POINT('',(-9.601886553514,4.773010583145E-16,
    2.149572868369));
#88 = LINE('',#89,#90);
#89 = CARTESIAN_POINT('',(-9.601886553514,5.329070518201E-16,2.4));
#90 = VECTOR('',#91,1.);
#91 = DIRECTION('',(0.,-2.22044604925E-16,-1.));
#92 = ORIENTED_EDGE('',*,*,#93,.F.);
#93 = EDGE_CURVE('',#86,#86,#94,.T.);
#94 = CIRCLE('',#95,9.601886553514);
#95 = AXIS2_PLACEMENT_3D('',#96,#97,#98);
#96 = CARTESIAN_POINT('',(0.,4.773010583145E-16,2.149572868369));
#97 = DIRECTION('',(0.,2.22044604925E-16,1.));
#98 = DIRECTION('',(-1.,0.,0.));
#99 = ORIENTED_EDGE('',*,*,#85,.F.);
#100 = CYLINDRICAL_SURFACE('',#101,9.601886553514);
#101 = AXIS2_PLACEMENT_3D('',#102,#103,#104);
#102 = CARTESIAN_POINT('',(0.,5.329070518201E-16,2.4));
#103 = DIRECTION('',(-0.,-2.22044604925E-16,-1.));
#104 = DIRECTION('',(-1.,0.,0.));
#105 = ADVANCED_FACE('',(#106),#125,.F.);
#106 = FACE_BOUND('',#107,.T.);
#107 = EDGE_LOOP('',(#108,#109,#117,#124));
#108 = ORIENTED_EDGE('',*,*,#93,.T.);
#109 = ORIENTED_EDGE('',*,*,#110,.T.);
#110 = EDGE_CURVE('',#86,#111,#113,.T.);
#111 = VERTEX_POINT('',#112);
#112 = CARTESIAN_POINT('',(-9.8,4.441521991059E-16,2.000283678389));
#113 = LINE('',#114,#115);
#114 = CARTESIAN_POINT('',(-9.601886553514,4.773010583145E-16,
    2.149572868369));
#115 = VECTOR('',#116,1.);
#116 = DIRECTION('',(-0.798635510047,-1.336297790537E-16,-0.601815023152
    ));
#117 = ORIENTED_EDGE('',*,*,#118,.F.);
#118 = EDGE_CURVE('',#111,#111,#119,.T.);
#119 = CIRCLE('',#120,9.8);
#120 = AXIS2_PLACEMENT_3D('',#121,#122,#123);
#121 = CARTESIAN_POINT('',(0.,4.441521991059E-16,2.000283678389));
#122 = DIRECTION('',(0.,2.22044604925E-16,1.));
#123 = DIRECTION('',(-1.,0.,0.));
#124 = ORIENTED_EDGE('',*,*,#110,.F.);
#125 = CONICAL_SURFACE('',#126,9.601886553514,0.925024503557);
#126 = AXIS2_PLACEMENT_3D('',#127,#128,#129);
#127 = CARTESIAN_POINT('',(0.,4.773010583145E-16,2.149572868369));
#128 = DIRECTION('',(-0.,-2.22044604925E-16,-1.));
#129 = DIRECTION('',(-1.,0.,0.));
#130 = ADVANCED_FACE('',(#131),#150,.F.);
#131 = FACE_BOUND('',#132,.T.);
#132 = EDGE_LOOP('',(#133,#134,#142,#149));
#133 = ORIENTED_EDGE('',*,*,#118,.T.);
#134 = ORIENTED_EDGE('',*,*,#135,.T.);
#135 = EDGE_CURVE('',#111,#136,#138,.T.);
#136 = VERTEX_POINT('',#137);
#137 = CARTESIAN_POINT('',(-9.8,4.440892098501E-17,0.2));
#138 = LINE('',#139,#140);
#139 = CARTESIAN_POINT('',(-9.8,4.441521991059E-16,2.000283678389));
#140 = VECTOR('',#141,1.);
#141 = DIRECTION('',(0.,-2.22044604925E-16,-1.));
#142 = ORIENTED_EDGE('',*,*,#143,.F.);
#143 = EDGE_CURVE('',#136,#136,#144,.T.);
#144 = CIRCLE('',#145,9.8);
#145 = AXIS2_PLACEMENT_3D('',#146,#147,#148);
#146 = CARTESIAN_POINT('',(0.,4.440892098501E-17,0.2));
#147 = DIRECTION('',(0.,2.22044604925E-16,1.));
#148 = DIRECTION('',(-1.,0.,0.));
#149 = ORIENTED_EDGE('',*,*,#135,.F.);
#150 = CYLINDRICAL_SURFACE('',#151,9.8);
#151 = AXIS2_PLACEMENT_3D('',#152,#153,#154);
#152 = CARTESIAN_POINT('',(0.,4.441521991059E-16,2.000283678389));
#153 = DIRECTION('',(-0.,-2.22044604925E-16,-1.));
#154 = DIRECTION('',(-1.,0.,0.));
#155 = ADVANCED_FACE('',(#156),#159,.T.);
#156 = FACE_BOUND('',#157,.T.);
#157 = EDGE_LOOP('',(#158));
#158 = ORIENTED_EDGE('',*,*,#143,.T.);
#159 = PLANE('',#160);
#160 = AXIS2_PLACEMENT_3D('',#161,#162,#163);
#161 = CARTESIAN_POINT('',(0.,4.440892098501E-17,0.2));
#162 = DIRECTION('',(0.,2.22044604925E-16,1.));
#163 = DIRECTION('',(-1.,0.,0.));
#164 = ADVANCED_FACE('',(#165),#176,.F.);
#165 = FACE_BOUND('',#166,.T.);
#166 = EDGE_LOOP('',(#167));
#167 = ORIENTED_EDGE('',*,*,#168,.F.);
#168 = EDGE_CURVE('',#169,#169,#171,.T.);
#169 = VERTEX_POINT('',#170);
#170 = CARTESIAN_POINT('',(-9.9,0.,0.));
#171 = CIRCLE('',#172,9.9);
#172 = AXIS2_PLACEMENT_3D('',#173,#174,#175);
#173 = CARTESIAN_POINT('',(0.,0.,0.));
#174 = DIRECTION('',(0.,2.22044604925E-16,1.));
#175 = DIRECTION('',(-1.,0.,0.));
#176 = PLANE('',#177);
#177 = AXIS2_PLACEMENT_3D('',#178,#179,#180);
#178 = CARTESIAN_POINT('',(0.,0.,0.));
#179 = DIRECTION('',(0.,2.22044604925E-16,1.));
#180 = DIRECTION('',(-1.,-0.,-0.));
#181 = ADVANCED_FACE('',(#182),#202,.F.);
#182 = FACE_BOUND('',#183,.F.);
#183 = EDGE_LOOP('',(#184,#193,#200,#201));
#184 = ORIENTED_EDGE('',*,*,#185,.T.);
#185 = EDGE_CURVE('',#186,#186,#188,.T.);
#186 = VERTEX_POINT('',#187);
#187 = CARTESIAN_POINT('',(-10.,2.22044604925E-17,0.1));
#188 = CIRCLE('',#189,10.);
#189 = AXIS2_PLACEMENT_3D('',#190,#191,#192);
#190 = CARTESIAN_POINT('',(0.,2.22044604925E-17,0.1));
#191 = DIRECTION('',(0.,2.22044604925E-16,1.));
#192 = DIRECTION('',(-1.,0.,0.));
#193 = ORIENTED_EDGE('',*,*,#194,.T.);
#194 = EDGE_CURVE('',#186,#169,#195,.T.);
#195 = CIRCLE('',#196,0.1);
#196 = AXIS2_PLACEMENT_3D('',#197,#198,#199);
#197 = CARTESIAN_POINT('',(-9.9,2.22044604925E-17,0.1));
#198 = DIRECTION('',(0.,-1.,2.22044604925E-16));
#199 = DIRECTION('',(1.,0.,0.));
#200 = ORIENTED_EDGE('',*,*,#168,.F.);
#201 = ORIENTED_EDGE('',*,*,#194,.F.);
#202 = SURFACE_OF_REVOLUTION('',#203,#208);
#203 = CIRCLE('',#204,0.1);
#204 = AXIS2_PLACEMENT_3D('',#205,#206,#207);
#205 = CARTESIAN_POINT('',(-9.9,2.22044604925E-17,0.1));
#206 = DIRECTION('',(0.,-1.,2.22044604925E-16));
#207 = DIRECTION('',(1.,0.,0.));
#208 = AXIS1_PLACEMENT('',#209,#210);
#209 = CARTESIAN_POINT('',(0.,0.,0.));
#210 = DIRECTION('',(0.,2.22044604925E-16,1.));
#211 = ADVANCED_FACE('',(#212),#231,.T.);
#212 = FACE_BOUND('',#213,.T.);
#213 = EDGE_LOOP('',(#214,#215,#223,#230));
#214 = ORIENTED_EDGE('',*,*,#185,.T.);
#215 = ORIENTED_EDGE('',*,*,#216,.T.);
#216 = EDGE_CURVE('',#186,#217,#219,.T.);
#217 = VERTEX_POINT('',#218);
#218 = CARTESIAN_POINT('',(-10.,4.441521991059E-16,2.000283678389));
#219 = LINE('',#220,#221);
#220 = CARTESIAN_POINT('',(-10.,2.22044604925E-17,0.1));
#221 = VECTOR('',#222,1.);
#222 = DIRECTION('',(0.,2.22044604925E-16,1.));
#223 = ORIENTED_EDGE('',*,*,#224,.F.);
#224 = EDGE_CURVE('',#217,#217,#225,.T.);
#225 = CIRCLE('',#226,10.);
#226 = AXIS2_PLACEMENT_3D('',#227,#228,#229);
#227 = CARTESIAN_POINT('',(0.,4.441521991059E-16,2.000283678389));
#228 = DIRECTION('',(0.,2.22044604925E-16,1.));
#229 = DIRECTION('',(-1.,0.,0.));
#230 = ORIENTED_EDGE('',*,*,#216,.F.);
#231 = CYLINDRICAL_SURFACE('',#232,10.);
#232 = AXIS2_PLACEMENT_3D('',#233,#234,#235);
#233 = CARTESIAN_POINT('',(0.,2.22044604925E-17,0.1));
#234 = DIRECTION('',(0.,2.22044604925E-16,1.));
#235 = DIRECTION('',(-1.,0.,0.));
#236 = ADVANCED_FACE('',(#237),#249,.F.);
#237 = FACE_BOUND('',#238,.F.);
#238 = EDGE_LOOP('',(#239,#240,#247,#248));
#239 = ORIENTED_EDGE('',*,*,#51,.T.);
#240 = ORIENTED_EDGE('',*,*,#241,.T.);
#241 = EDGE_CURVE('',#52,#217,#242,.T.);
#242 = CIRCLE('',#243,0.2);
#243 = AXIS2_PLACEMENT_3D('',#244,#245,#246);
#244 = CARTESIAN_POINT('',(-9.8,4.441521991059E-16,2.000283678389));
#245 = DIRECTION('',(0.,-1.,2.22044604925E-16));
#246 = DIRECTION('',(1.,0.,0.));
#247 = ORIENTED_EDGE('',*,*,#224,.F.);
#248 = ORIENTED_EDGE('',*,*,#241,.F.);
#249 = SURFACE_OF_REVOLUTION('',#250,#255);
#250 = CIRCLE('',#251,0.2);
#251 = AXIS2_PLACEMENT_3D('',#252,#253,#254);
#252 = CARTESIAN_POINT('',(-9.8,4.441521991059E-16,2.000283678389));
#253 = DIRECTION('',(0.,-1.,2.22044604925E-16));
#254 = DIRECTION('',(1.,0.,0.));
#255 = AXIS1_PLACEMENT('',#256,#257);
#256 = CARTESIAN_POINT('',(0.,0.,0.));
#257 = DIRECTION('',(0.,2.22044604925E-16,1.));
#258 = ( GEOMETRIC_REPRESENTATION_CONTEXT(3) 
GLOBAL_UNCERTAINTY_ASSIGNED_CONTEXT((#262)) GLOBAL_UNIT_ASSIGNED_CONTEXT
((#259,#260,#261)) REPRESENTATION_CONTEXT('Context #1',
  '3D Context with UNIT and UNCERTAINTY') );
#259 = ( LENGTH_UNIT() NAMED_UNIT(*) SI_UNIT(.MILLI.,.METRE.) );
#260 = ( NAMED_UNIT(*) PLANE_ANGLE_UNIT() SI_UNIT($,.RADIAN.) );
#261 = ( NAMED_UNIT(*) SI_UNIT($,.STERADIAN.) SOLID_ANGLE_UNIT() );
#262 = UNCERTAINTY_MEASURE_WITH_UNIT(LENGTH_MEASURE(1.E-07),#259,
  'distance_accuracy_value','confusion accuracy');
#263 = CONTEXT_DEPENDENT_SHAPE_REPRESENTATION(#264,#266);
#264 = ( REPRESENTATION_RELATIONSHIP('','',#44,#10) 
REPRESENTATION_RELATIONSHIP_WITH_TRANSFORMATION(#265) 
SHAPE_REPRESENTATION_RELATIONSHIP() );
#265 = ITEM_DEFINED_TRANSFORMATION('','',#11,#15);
#266 = PRODUCT_DEFINITION_SHAPE('Placement','Placement of an item',#267
  );
#267 = NEXT_ASSEMBLY_USAGE_OCCURRENCE('1','=>[0:1:1:1]','',#5,#39,$);
#268 = PRODUCT_RELATED_PRODUCT_CATEGORY('part',$,(#41));
#269 = SHAPE_DEFINITION_REPRESENTATION(#270,#276);
#270 = PRODUCT_DEFINITION_SHAPE('','',#271);
#271 = PRODUCT_DEFINITION('design','',#272,#275);
#272 = PRODUCT_DEFINITION_FORMATION('','',#273);
#273 = PRODUCT('conn_neg','conn_neg','',(#274));
#274 = PRODUCT_CONTEXT('',#2,'mechanical');
#275 = PRODUCT_DEFINITION_CONTEXT('part definition',#2,'design');
#276 = ADVANCED_BREP_SHAPE_REPRESENTATION('',(#11,#277),#540);
#277 = MANIFOLD_SOLID_BREP('',#278);
#278 = CLOSED_SHELL('',(#279,#307,#332,#352,#382,#407,#437,#446,#463,
    #493,#518));
#279 = ADVANCED_FACE('',(#280,#291),#302,.F.);
#280 = FACE_BOUND('',#281,.F.);
#281 = EDGE_LOOP('',(#282));
#282 = ORIENTED_EDGE('',*,*,#283,.T.);
#283 = EDGE_CURVE('',#284,#284,#286,.T.);
#284 = VERTEX_POINT('',#285);
#285 = CARTESIAN_POINT('',(-9.24,1.E-15,1.23));
#286 = CIRCLE('',#287,9.24);
#287 = AXIS2_PLACEMENT_3D('',#288,#289,#290);
#288 = CARTESIAN_POINT('',(0.,8.2E-16,1.23));
#289 = DIRECTION('',(0.,6.6E-16,1.));
#290 = DIRECTION('',(-1.,0.,0.));
#291 = FACE_BOUND('',#292,.F.);
#292 = EDGE_LOOP('',(#293));
#293 = ORIENTED_EDGE('',*,*,#294,.F.);
#294 = EDGE_CURVE('',#295,#295,#297,.T.);
#295 = VERTEX_POINT('',#296);
#296 = CARTESIAN_POINT('',(-8.92,1.E-15,1.23));
#297 = CIRCLE('',#298,8.92);
#298 = AXIS2_PLACEMENT_3D('',#299,#300,#301);
#299 = CARTESIAN_POINT('',(0.,8.2E-16,1.23));
#300 = DIRECTION('',(0.,6.6E-16,1.));
#301 = DIRECTION('',(-1.,0.,0.));
#302 = PLANE('',#303);
#303 = AXIS2_PLACEMENT_3D('',#304,#305,#306);
#304 = CARTESIAN_POINT('',(0.,8.2E-16,1.23));
#305 = DIRECTION('',(0.,6.6E-16,1.));
#306 = DIRECTION('',(-1.,0.,0.));
#307 = ADVANCED_FACE('',(#308),#327,.T.);
#308 = FACE_BOUND('',#309,.T.);
#309 = EDGE_LOOP('',(#310,#311,#319,#326));
#310 = ORIENTED_EDGE('',*,*,#283,.T.);
#311 = ORIENTED_EDGE('',*,*,#312,.T.);
#312 = EDGE_CURVE('',#284,#313,#315,.T.);
#313 = VERTEX_POINT('',#314);
#314 = CARTESIAN_POINT('',(-9.24,1.E-15,1.43));
#315 = LINE('',#316,#317);
#316 = CARTESIAN_POINT('',(-9.24,2.7E-16,1.23));
#317 = VECTOR('',#318,1.);
#318 = DIRECTION('',(0.,2.2E-16,1.));
#319 = ORIENTED_EDGE('',*,*,#320,.F.);
#320 = EDGE_CURVE('',#313,#313,#321,.T.);
#321 = CIRCLE('',#322,9.24);
#322 = AXIS2_PLACEMENT_3D('',#323,#324,#325);
#323 = CARTESIAN_POINT('',(0.,9.6E-16,1.43));
#324 = DIRECTION('',(0.,6.6E-16,1.));
#325 = DIRECTION('',(-1.,0.,0.));
#326 = ORIENTED_EDGE('',*,*,#312,.F.);
#327 = CYLINDRICAL_SURFACE('',#328,9.24);
#328 = AXIS2_PLACEMENT_3D('',#329,#330,#331);
#329 = CARTESIAN_POINT('',(0.,8.2E-16,1.23));
#330 = DIRECTION('',(0.,6.6E-16,1.));
#331 = DIRECTION('',(-1.,0.,0.));
#332 = ADVANCED_FACE('',(#333,#336),#347,.T.);
#333 = FACE_BOUND('',#334,.T.);
#334 = EDGE_LOOP('',(#335));
#335 = ORIENTED_EDGE('',*,*,#320,.T.);
#336 = FACE_BOUND('',#337,.T.);
#337 = EDGE_LOOP('',(#338));
#338 = ORIENTED_EDGE('',*,*,#339,.F.);
#339 = EDGE_CURVE('',#340,#340,#342,.T.);
#340 = VERTEX_POINT('',#341);
#341 = CARTESIAN_POINT('',(-8.92,1.E-15,1.43));
#342 = CIRCLE('',#343,8.92);
#343 = AXIS2_PLACEMENT_3D('',#344,#345,#346);
#344 = CARTESIAN_POINT('',(0.,9.6E-16,1.43));
#345 = DIRECTION('',(0.,6.6E-16,1.));
#346 = DIRECTION('',(-1.,0.,0.));
#347 = PLANE('',#348);
#348 = AXIS2_PLACEMENT_3D('',#349,#350,#351);
#349 = CARTESIAN_POINT('',(0.,9.6E-16,1.43));
#350 = DIRECTION('',(0.,6.6E-16,1.));
#351 = DIRECTION('',(-1.,0.,0.));
#352 = ADVANCED_FACE('',(#353),#373,.T.);
#353 = FACE_BOUND('',#354,.T.);
#354 = EDGE_LOOP('',(#355,#356,#365,#372));
#355 = ORIENTED_EDGE('',*,*,#339,.T.);
#356 = ORIENTED_EDGE('',*,*,#357,.T.);
#357 = EDGE_CURVE('',#340,#358,#360,.T.);
#358 = VERTEX_POINT('',#359);
#359 = CARTESIAN_POINT('',(-8.8,1.E-15,1.55));
#360 = CIRCLE('',#361,0.12);
#361 = AXIS2_PLACEMENT_3D('',#362,#363,#364);
#362 = CARTESIAN_POINT('',(-8.92,3.4E-16,1.55));
#363 = DIRECTION('',(0.,-1.,2.2E-16));
#364 = DIRECTION('',(1.,0.,0.));
#365 = ORIENTED_EDGE('',*,*,#366,.F.);
#366 = EDGE_CURVE('',#358,#358,#367,.T.);
#367 = CIRCLE('',#368,8.8);
#368 = AXIS2_PLACEMENT_3D('',#369,#370,#371);
#369 = CARTESIAN_POINT('',(0.,1.03E-15,1.55));
#370 = DIRECTION('',(0.,6.6E-16,1.));
#371 = DIRECTION('',(-1.,0.,0.));
#372 = ORIENTED_EDGE('',*,*,#357,.F.);
#373 = SURFACE_OF_REVOLUTION('',#374,#379);
#374 = CIRCLE('',#375,0.12);
#375 = AXIS2_PLACEMENT_3D('',#376,#377,#378);
#376 = CARTESIAN_POINT('',(-8.92,1.03E-15,1.55));
#377 = DIRECTION('',(0.,-1.,6.6E-16));
#378 = DIRECTION('',(1.,0.,0.));
#379 = AXIS1_PLACEMENT('',#380,#381);
#380 = CARTESIAN_POINT('',(0.,0.,0.));
#381 = DIRECTION('',(0.,6.6E-16,1.));
#382 = ADVANCED_FACE('',(#383),#402,.T.);
#383 = FACE_BOUND('',#384,.T.);
#384 = EDGE_LOOP('',(#385,#386,#394,#401));
#385 = ORIENTED_EDGE('',*,*,#366,.T.);
#386 = ORIENTED_EDGE('',*,*,#387,.T.);
#387 = EDGE_CURVE('',#358,#388,#390,.T.);
#388 = VERTEX_POINT('',#389);
#389 = CARTESIAN_POINT('',(-8.8,1.E-15,2.3));
#390 = LINE('',#391,#392);
#391 = CARTESIAN_POINT('',(-8.8,3.4E-16,1.55));
#392 = VECTOR('',#393,1.);
#393 = DIRECTION('',(0.,2.2E-16,1.));
#394 = ORIENTED_EDGE('',*,*,#395,.F.);
#395 = EDGE_CURVE('',#388,#388,#396,.T.);
#396 = CIRCLE('',#397,8.8);
#397 = AXIS2_PLACEMENT_3D('',#398,#399,#400);
#398 = CARTESIAN_POINT('',(0.,1.53E-15,2.3));
#399 = DIRECTION('',(0.,6.6E-16,1.));
#400 = DIRECTION('',(-1.,0.,0.));
#401 = ORIENTED_EDGE('',*,*,#387,.F.);
#402 = CYLINDRICAL_SURFACE('',#403,8.8);
#403 = AXIS2_PLACEMENT_3D('',#404,#405,#406);
#404 = CARTESIAN_POINT('',(0.,1.03E-15,1.55));
#405 = DIRECTION('',(0.,6.6E-16,1.));
#406 = DIRECTION('',(-1.,0.,0.));
#407 = ADVANCED_FACE('',(#408),#428,.F.);
#408 = FACE_BOUND('',#409,.F.);
#409 = EDGE_LOOP('',(#410,#419,#426,#427));
#410 = ORIENTED_EDGE('',*,*,#411,.T.);
#411 = EDGE_CURVE('',#412,#412,#414,.T.);
#412 = VERTEX_POINT('',#413);
#413 = CARTESIAN_POINT('',(-7.9,1.E-15,3.1));
#414 = CIRCLE('',#415,7.9);
#415 = AXIS2_PLACEMENT_3D('',#416,#417,#418);
#416 = CARTESIAN_POINT('',(0.,2.07E-15,3.1));
#417 = DIRECTION('',(0.,6.6E-16,1.));
#418 = DIRECTION('',(-1.,0.,0.));
#419 = ORIENTED_EDGE('',*,*,#420,.T.);
#420 = EDGE_CURVE('',#412,#388,#421,.T.);
#421 = CIRCLE('',#422,0.824960281255);
#422 = AXIS2_PLACEMENT_3D('',#423,#424,#425);
#423 = CARTESIAN_POINT('',(-7.975320313339,5.1E-16,2.278485352506));
#424 = DIRECTION('',(0.,-1.,2.2E-16));
#425 = DIRECTION('',(1.,0.,0.));
#426 = ORIENTED_EDGE('',*,*,#395,.F.);
#427 = ORIENTED_EDGE('',*,*,#420,.F.);
#428 = SURFACE_OF_REVOLUTION('',#429,#434);
#429 = CIRCLE('',#430,0.824960281255);
#430 = AXIS2_PLACEMENT_3D('',#431,#432,#433);
#431 = CARTESIAN_POINT('',(-7.975320313339,1.52E-15,2.278485352506));
#432 = DIRECTION('',(0.,-1.,6.6E-16));
#433 = DIRECTION('',(1.,0.,0.));
#434 = AXIS1_PLACEMENT('',#435,#436);
#435 = CARTESIAN_POINT('',(0.,0.,0.));
#436 = DIRECTION('',(0.,6.6E-16,1.));
#437 = ADVANCED_FACE('',(#438),#441,.T.);
#438 = FACE_BOUND('',#439,.T.);
#439 = EDGE_LOOP('',(#440));
#440 = ORIENTED_EDGE('',*,*,#411,.T.);
#441 = PLANE('',#442);
#442 = AXIS2_PLACEMENT_3D('',#443,#444,#445);
#443 = CARTESIAN_POINT('',(0.,2.07E-15,3.1));
#444 = DIRECTION('',(0.,6.6E-16,1.));
#445 = DIRECTION('',(-1.,0.,0.));
#446 = ADVANCED_FACE('',(#447),#458,.F.);
#447 = FACE_BOUND('',#448,.F.);
#448 = EDGE_LOOP('',(#449));
#449 = ORIENTED_EDGE('',*,*,#450,.T.);
#450 = EDGE_CURVE('',#451,#451,#453,.T.);
#451 = VERTEX_POINT('',#452);
#452 = CARTESIAN_POINT('',(-7.9,1.E-15,2.9));
#453 = CIRCLE('',#454,7.9);
#454 = AXIS2_PLACEMENT_3D('',#455,#456,#457);
#455 = CARTESIAN_POINT('',(0.,1.93E-15,2.9));
#456 = DIRECTION('',(0.,6.6E-16,1.));
#457 = DIRECTION('',(-1.,0.,0.));
#458 = PLANE('',#459);
#459 = AXIS2_PLACEMENT_3D('',#460,#461,#462);
#460 = CARTESIAN_POINT('',(0.,1.93E-15,2.9));
#461 = DIRECTION('',(0.,6.6E-16,1.));
#462 = DIRECTION('',(-1.,0.,0.));
#463 = ADVANCED_FACE('',(#464),#484,.T.);
#464 = FACE_BOUND('',#465,.T.);
#465 = EDGE_LOOP('',(#466,#467,#476,#483));
#466 = ORIENTED_EDGE('',*,*,#450,.T.);
#467 = ORIENTED_EDGE('',*,*,#468,.T.);
#468 = EDGE_CURVE('',#451,#469,#471,.T.);
#469 = VERTEX_POINT('',#470);
#470 = CARTESIAN_POINT('',(-8.6,1.E-15,2.236905360639));
#471 = CIRCLE('',#472,0.626061983074);
#472 = AXIS2_PLACEMENT_3D('',#473,#474,#475);
#473 = CARTESIAN_POINT('',(-7.975320313339,5.1E-16,2.278485352506));
#474 = DIRECTION('',(0.,-1.,2.2E-16));
#475 = DIRECTION('',(1.,0.,0.));
#476 = ORIENTED_EDGE('',*,*,#477,.F.);
#477 = EDGE_CURVE('',#469,#469,#478,.T.);
#478 = CIRCLE('',#479,8.6);
#479 = AXIS2_PLACEMENT_3D('',#480,#481,#482);
#480 = CARTESIAN_POINT('',(0.,1.49E-15,2.236905360639));
#481 = DIRECTION('',(0.,6.6E-16,1.));
#482 = DIRECTION('',(-1.,0.,0.));
#483 = ORIENTED_EDGE('',*,*,#468,.F.);
#484 = SURFACE_OF_REVOLUTION('',#485,#490);
#485 = CIRCLE('',#486,0.626061983074);
#486 = AXIS2_PLACEMENT_3D('',#487,#488,#489);
#487 = CARTESIAN_POINT('',(-7.975320313339,1.52E-15,2.278485352506));
#488 = DIRECTION('',(0.,-1.,6.6E-16));
#489 = DIRECTION('',(1.,0.,0.));
#490 = AXIS1_PLACEMENT('',#491,#492);
#491 = CARTESIAN_POINT('',(0.,0.,0.));
#492 = DIRECTION('',(0.,6.6E-16,1.));
#493 = ADVANCED_FACE('',(#494),#513,.F.);
#494 = FACE_BOUND('',#495,.F.);
#495 = EDGE_LOOP('',(#496,#505,#511,#512));
#496 = ORIENTED_EDGE('',*,*,#497,.T.);
#497 = EDGE_CURVE('',#498,#498,#500,.T.);
#498 = VERTEX_POINT('',#499);
#499 = CARTESIAN_POINT('',(-8.6,1.E-15,1.55));
#500 = CIRCLE('',#501,8.6);
#501 = AXIS2_PLACEMENT_3D('',#502,#503,#504);
#502 = CARTESIAN_POINT('',(0.,1.03E-15,1.55));
#503 = DIRECTION('',(0.,6.6E-16,1.));
#504 = DIRECTION('',(-1.,0.,0.));
#505 = ORIENTED_EDGE('',*,*,#506,.T.);
#506 = EDGE_CURVE('',#498,#469,#507,.T.);
#507 = LINE('',#508,#509);
#508 = CARTESIAN_POINT('',(-8.6,3.4E-16,1.55));
#509 = VECTOR('',#510,1.);
#510 = DIRECTION('',(0.,2.2E-16,1.));
#511 = ORIENTED_EDGE('',*,*,#477,.F.);
#512 = ORIENTED_EDGE('',*,*,#506,.F.);
#513 = CYLINDRICAL_SURFACE('',#514,8.6);
#514 = AXIS2_PLACEMENT_3D('',#515,#516,#517);
#515 = CARTESIAN_POINT('',(0.,1.03E-15,1.55));
#516 = DIRECTION('',(0.,6.6E-16,1.));
#517 = DIRECTION('',(-1.,0.,0.));
#518 = ADVANCED_FACE('',(#519),#531,.F.);
#519 = FACE_BOUND('',#520,.F.);
#520 = EDGE_LOOP('',(#521,#522,#529,#530));
#521 = ORIENTED_EDGE('',*,*,#294,.T.);
#522 = ORIENTED_EDGE('',*,*,#523,.T.);
#523 = EDGE_CURVE('',#295,#498,#524,.T.);
#524 = CIRCLE('',#525,0.32);
#525 = AXIS2_PLACEMENT_3D('',#526,#527,#528);
#526 = CARTESIAN_POINT('',(-8.92,3.4E-16,1.55));
#527 = DIRECTION('',(0.,-1.,2.2E-16));
#528 = DIRECTION('',(1.,0.,0.));
#529 = ORIENTED_EDGE('',*,*,#497,.F.);
#530 = ORIENTED_EDGE('',*,*,#523,.F.);
#531 = SURFACE_OF_REVOLUTION('',#532,#537);
#532 = CIRCLE('',#533,0.32);
#533 = AXIS2_PLACEMENT_3D('',#534,#535,#536);
#534 = CARTESIAN_POINT('',(-8.92,1.03E-15,1.55));
#535 = DIRECTION('',(0.,-1.,6.6E-16));
#536 = DIRECTION('',(1.,0.,0.));
#537 = AXIS1_PLACEMENT('',#538,#539);
#538 = CARTESIAN_POINT('',(0.,0.,0.));
#539 = DIRECTION('',(0.,6.6E-16,1.));
#540 = ( GEOMETRIC_REPRESENTATION_CONTEXT(3) 
GLOBAL_UNCERTAINTY_ASSIGNED_CONTEXT((#544)) GLOBAL_UNIT_ASSIGNED_CONTEXT
((#541,#542,#543)) REPRESENTATION_CONTEXT('Context #1',
  '3D Context with UNIT and UNCERTAINTY') );
#541 = ( LENGTH_UNIT() NAMED_UNIT(*) SI_UNIT(.MILLI.,.METRE.) );
#542 = ( NAMED_UNIT(*) PLANE_ANGLE_UNIT() SI_UNIT($,.RADIAN.) );
#543 = ( NAMED_UNIT(*) SI_UNIT($,.STERADIAN.) SOLID_ANGLE_UNIT() );
#544 = UNCERTAINTY_MEASURE_WITH_UNIT(LENGTH_MEASURE(1.E-07),#541,
  'distance_accuracy_value','confusion accuracy');
#545 = CONTEXT_DEPENDENT_SHAPE_REPRESENTATION(#546,#548);
#546 = ( REPRESENTATION_RELATIONSHIP('','',#276,#10) 
REPRESENTATION_RELATIONSHIP_WITH_TRANSFORMATION(#547) 
SHAPE_REPRESENTATION_RELATIONSHIP() );
#547 = ITEM_DEFINED_TRANSFORMATION('','',#11,#19);
#548 = PRODUCT_DEFINITION_SHAPE('Placement','Placement of an item',#549
  );
#549 = NEXT_ASSEMBLY_USAGE_OCCURRENCE('2','=>[0:1:1:2]','',#5,#271,$);
#550 = PRODUCT_RELATED_PRODUCT_CATEGORY('part',$,(#273));
#551 = SHAPE_DEFINITION_REPRESENTATION(#552,#558);
#552 = PRODUCT_DEFINITION_SHAPE('','',#553);
#553 = PRODUCT_DEFINITION('design','',#554,#557);
#554 = PRODUCT_DEFINITION_FORMATION('','',#555);
#555 = PRODUCT('insulator','insulator','',(#556));
#556 = PRODUCT_CONTEXT('',#2,'mechanical');
#557 = PRODUCT_DEFINITION_CONTEXT('part definition',#2,'design');
#558 = ADVANCED_BREP_SHAPE_REPRESENTATION('',(#11,#559),#866);
#559 = MANIFOLD_SOLID_BREP('',#560);
#560 = CLOSED_SHELL('',(#561,#589,#619,#644,#669,#694,#724,#749,#774,
    #799,#819,#844));
#561 = ADVANCED_FACE('',(#562,#573),#584,.F.);
#562 = FACE_BOUND('',#563,.F.);
#563 = EDGE_LOOP('',(#564));
#564 = ORIENTED_EDGE('',*,*,#565,.T.);
#565 = EDGE_CURVE('',#566,#566,#568,.T.);
#566 = VERTEX_POINT('',#567);
#567 = CARTESIAN_POINT('',(-9.219379918031,-1.E-15,1.450729944268));
#568 = CIRCLE('',#569,9.219379918031);
#569 = AXIS2_PLACEMENT_3D('',#570,#571,#572);
#570 = CARTESIAN_POINT('',(0.,-3.2E-16,1.450729944268));
#571 = DIRECTION('',(0.,-2.2E-16,1.));
#572 = DIRECTION('',(-1.,0.,0.));
#573 = FACE_BOUND('',#574,.F.);
#574 = EDGE_LOOP('',(#575));
#575 = ORIENTED_EDGE('',*,*,#576,.F.);
#576 = EDGE_CURVE('',#577,#577,#579,.T.);
#577 = VERTEX_POINT('',#578);
#578 = CARTESIAN_POINT('',(-8.909069438475,-1.E-15,1.450729944268));
#579 = CIRCLE('',#580,8.909069438475);
#580 = AXIS2_PLACEMENT_3D('',#581,#582,#583);
#581 = CARTESIAN_POINT('',(0.,-3.2E-16,1.450729944268));
#582 = DIRECTION('',(0.,-2.2E-16,1.));
#583 = DIRECTION('',(-1.,0.,0.));
#584 = PLANE('',#585);
#585 = AXIS2_PLACEMENT_3D('',#586,#587,#588);
#586 = CARTESIAN_POINT('',(0.,-3.2E-16,1.450729944268));
#587 = DIRECTION('',(0.,-2.2E-16,1.));
#588 = DIRECTION('',(-1.,0.,0.));
#589 = ADVANCED_FACE('',(#590),#610,.F.);
#590 = FACE_BOUND('',#591,.F.);
#591 = EDGE_LOOP('',(#592,#593,#602,#609));
#592 = ORIENTED_EDGE('',*,*,#576,.T.);
#593 = ORIENTED_EDGE('',*,*,#594,.T.);
#594 = EDGE_CURVE('',#577,#595,#597,.T.);
#595 = VERTEX_POINT('',#596);
#596 = CARTESIAN_POINT('',(-8.8193644468,-1.E-15,1.540434935943));
#597 = CIRCLE('',#598,8.970499167478E-02);
#598 = AXIS2_PLACEMENT_3D('',#599,#600,#601);
#599 = CARTESIAN_POINT('',(-8.909069438475,-3.4E-16,1.540434935943));
#600 = DIRECTION('',(0.,-1.,-2.2E-16));
#601 = DIRECTION('',(1.,0.,0.));
#602 = ORIENTED_EDGE('',*,*,#603,.F.);
#603 = EDGE_CURVE('',#595,#595,#604,.T.);
#604 = CIRCLE('',#605,8.8193644468);
#605 = AXIS2_PLACEMENT_3D('',#606,#607,#608);
#606 = CARTESIAN_POINT('',(0.,-3.4E-16,1.540434935943));
#607 = DIRECTION('',(0.,-2.2E-16,1.));
#608 = DIRECTION('',(-1.,0.,0.));
#609 = ORIENTED_EDGE('',*,*,#594,.F.);
#610 = SURFACE_OF_REVOLUTION('',#611,#616);
#611 = CIRCLE('',#612,8.970499167478E-02);
#612 = AXIS2_PLACEMENT_3D('',#613,#614,#615);
#613 = CARTESIAN_POINT('',(-8.909069438475,-3.4E-16,1.540434935943));
#614 = DIRECTION('',(0.,-1.,-2.2E-16));
#615 = DIRECTION('',(1.,0.,0.));
#616 = AXIS1_PLACEMENT('',#617,#618);
#617 = CARTESIAN_POINT('',(0.,0.,0.));
#618 = DIRECTION('',(0.,-2.2E-16,1.));
#619 = ADVANCED_FACE('',(#620),#639,.F.);
#620 = FACE_BOUND('',#621,.F.);
#621 = EDGE_LOOP('',(#622,#623,#631,#638));
#622 = ORIENTED_EDGE('',*,*,#603,.T.);
#623 = ORIENTED_EDGE('',*,*,#624,.T.);
#624 = EDGE_CURVE('',#595,#625,#627,.T.);
#625 = VERTEX_POINT('',#626);
#626 = CARTESIAN_POINT('',(-8.8193644468,-1.E-15,2.276293));
#627 = LINE('',#628,#629);
#628 = CARTESIAN_POINT('',(-8.8193644468,-3.4E-16,1.540434935943));
#629 = VECTOR('',#630,1.);
#630 = DIRECTION('',(0.,-2.2E-16,1.));
#631 = ORIENTED_EDGE('',*,*,#632,.F.);
#632 = EDGE_CURVE('',#625,#625,#633,.T.);
#633 = CIRCLE('',#634,8.8193644468);
#634 = AXIS2_PLACEMENT_3D('',#635,#636,#637);
#635 = CARTESIAN_POINT('',(0.,-5.1E-16,2.276293));
#636 = DIRECTION('',(0.,-2.2E-16,1.));
#637 = DIRECTION('',(-1.,0.,0.));
#638 = ORIENTED_EDGE('',*,*,#624,.F.);
#639 = CYLINDRICAL_SURFACE('',#640,8.8193644468);
#640 = AXIS2_PLACEMENT_3D('',#641,#642,#643);
#641 = CARTESIAN_POINT('',(0.,-3.4E-16,1.540434935943));
#642 = DIRECTION('',(0.,-2.2E-16,1.));
#643 = DIRECTION('',(-1.,0.,0.));
#644 = ADVANCED_FACE('',(#645),#664,.F.);
#645 = FACE_BOUND('',#646,.F.);
#646 = EDGE_LOOP('',(#647,#648,#656,#663));
#647 = ORIENTED_EDGE('',*,*,#632,.T.);
#648 = ORIENTED_EDGE('',*,*,#649,.T.);
#649 = EDGE_CURVE('',#625,#650,#652,.T.);
#650 = VERTEX_POINT('',#651);
#651 = CARTESIAN_POINT('',(-8.797148,-1.E-15,2.420572));
#652 = LINE('',#653,#654);
#653 = CARTESIAN_POINT('',(-8.8193644468,-5.1E-16,2.276293));
#654 = VECTOR('',#655,1.);
#655 = DIRECTION('',(0.15218886306,-2.2E-16,0.988351430393));
#656 = ORIENTED_EDGE('',*,*,#657,.F.);
#657 = EDGE_CURVE('',#650,#650,#658,.T.);
#658 = CIRCLE('',#659,8.797148);
#659 = AXIS2_PLACEMENT_3D('',#660,#661,#662);
#660 = CARTESIAN_POINT('',(0.,-5.4E-16,2.420572));
#661 = DIRECTION('',(0.,-2.2E-16,1.));
#662 = DIRECTION('',(-1.,0.,0.));
#663 = ORIENTED_EDGE('',*,*,#649,.F.);
#664 = CONICAL_SURFACE('',#665,8.8193644468,0.152782557783);
#665 = AXIS2_PLACEMENT_3D('',#666,#667,#668);
#666 = CARTESIAN_POINT('',(0.,-5.1E-16,2.276293));
#667 = DIRECTION('',(-0.,2.2E-16,-1.));
#668 = DIRECTION('',(-1.,0.,0.));
#669 = ADVANCED_FACE('',(#670),#689,.T.);
#670 = FACE_BOUND('',#671,.F.);
#671 = EDGE_LOOP('',(#672,#673,#681,#688));
#672 = ORIENTED_EDGE('',*,*,#657,.T.);
#673 = ORIENTED_EDGE('',*,*,#674,.T.);
#674 = EDGE_CURVE('',#650,#675,#677,.T.);
#675 = VERTEX_POINT('',#676);
#676 = CARTESIAN_POINT('',(-9.556026758686,-1.E-15,2.410703207816));
#677 = LINE('',#678,#679);
#678 = CARTESIAN_POINT('',(-8.797148,-5.4E-16,2.420572));
#679 = VECTOR('',#680,1.);
#680 = DIRECTION('',(-0.999915453012,0.,-1.300333906424E-02));
#681 = ORIENTED_EDGE('',*,*,#682,.F.);
#682 = EDGE_CURVE('',#675,#675,#683,.T.);
#683 = CIRCLE('',#684,9.556026758686);
#684 = AXIS2_PLACEMENT_3D('',#685,#686,#687);
#685 = CARTESIAN_POINT('',(0.,-5.4E-16,2.410703207816));
#686 = DIRECTION('',(0.,-2.2E-16,1.));
#687 = DIRECTION('',(-1.,0.,0.));
#688 = ORIENTED_EDGE('',*,*,#674,.F.);
#689 = CONICAL_SURFACE('',#690,8.797148,1.557792621254);
#690 = AXIS2_PLACEMENT_3D('',#691,#692,#693);
#691 = CARTESIAN_POINT('',(0.,-5.4E-16,2.420572));
#692 = DIRECTION('',(-0.,2.2E-16,-1.));
#693 = DIRECTION('',(-1.,-0.,0.));
#694 = ADVANCED_FACE('',(#695),#715,.F.);
#695 = FACE_BOUND('',#696,.F.);
#696 = EDGE_LOOP('',(#697,#698,#707,#714));
#697 = ORIENTED_EDGE('',*,*,#682,.T.);
#698 = ORIENTED_EDGE('',*,*,#699,.T.);
#699 = EDGE_CURVE('',#675,#700,#702,.T.);
#700 = VERTEX_POINT('',#701);
#701 = CARTESIAN_POINT('',(-9.592683814673,-1.E-15,2.373566347891));
#702 = CIRCLE('',#703,3.714E-02);
#703 = AXIS2_PLACEMENT_3D('',#704,#705,#706);
#704 = CARTESIAN_POINT('',(-9.555543814673,-5.3E-16,2.373566347891));
#705 = DIRECTION('',(0.,-1.,-2.2E-16));
#706 = DIRECTION('',(1.,0.,0.));
#707 = ORIENTED_EDGE('',*,*,#708,.F.);
#708 = EDGE_CURVE('',#700,#700,#709,.T.);
#709 = CIRCLE('',#710,9.592683814673);
#710 = AXIS2_PLACEMENT_3D('',#711,#712,#713);
#711 = CARTESIAN_POINT('',(0.,-5.3E-16,2.373566347891));
#712 = DIRECTION('',(0.,-2.2E-16,1.));
#713 = DIRECTION('',(-1.,0.,0.));
#714 = ORIENTED_EDGE('',*,*,#699,.F.);
#715 = SURFACE_OF_REVOLUTION('',#716,#721);
#716 = CIRCLE('',#717,3.714E-02);
#717 = AXIS2_PLACEMENT_3D('',#718,#719,#720);
#718 = CARTESIAN_POINT('',(-9.555543814673,-5.3E-16,2.373566347891));
#719 = DIRECTION('',(0.,-1.,-2.2E-16));
#720 = DIRECTION('',(1.,0.,0.));
#721 = AXIS1_PLACEMENT('',#722,#723);
#722 = CARTESIAN_POINT('',(0.,0.,0.));
#723 = DIRECTION('',(0.,-2.2E-16,1.));
#724 = ADVANCED_FACE('',(#725),#744,.T.);
#725 = FACE_BOUND('',#726,.F.);
#726 = EDGE_LOOP('',(#727,#728,#736,#743));
#727 = ORIENTED_EDGE('',*,*,#708,.T.);
#728 = ORIENTED_EDGE('',*,*,#729,.T.);
#729 = EDGE_CURVE('',#700,#730,#732,.T.);
#730 = VERTEX_POINT('',#731);
#731 = CARTESIAN_POINT('',(-9.592683814673,-1.E-15,2.123566347891));
#732 = LINE('',#733,#734);
#733 = CARTESIAN_POINT('',(-9.592683814673,-5.3E-16,2.373566347891));
#734 = VECTOR('',#735,1.);
#735 = DIRECTION('',(0.,2.2E-16,-1.));
#736 = ORIENTED_EDGE('',*,*,#737,.F.);
#737 = EDGE_CURVE('',#730,#730,#738,.T.);
#738 = CIRCLE('',#739,9.592683814673);
#739 = AXIS2_PLACEMENT_3D('',#740,#741,#742);
#740 = CARTESIAN_POINT('',(0.,-4.7E-16,2.123566347891));
#741 = DIRECTION('',(0.,-2.2E-16,1.));
#742 = DIRECTION('',(-1.,0.,0.));
#743 = ORIENTED_EDGE('',*,*,#729,.F.);
#744 = CYLINDRICAL_SURFACE('',#745,9.592683814673);
#745 = AXIS2_PLACEMENT_3D('',#746,#747,#748);
#746 = CARTESIAN_POINT('',(0.,-5.3E-16,2.373566347891));
#747 = DIRECTION('',(-0.,2.2E-16,-1.));
#748 = DIRECTION('',(-1.,-0.,0.));
#749 = ADVANCED_FACE('',(#750),#769,.T.);
#750 = FACE_BOUND('',#751,.F.);
#751 = EDGE_LOOP('',(#752,#753,#761,#768));
#752 = ORIENTED_EDGE('',*,*,#737,.T.);
#753 = ORIENTED_EDGE('',*,*,#754,.T.);
#754 = EDGE_CURVE('',#730,#755,#757,.T.);
#755 = VERTEX_POINT('',#756);
#756 = CARTESIAN_POINT('',(-9.768383626884,-1.E-15,1.991167042797));
#757 = LINE('',#758,#759);
#758 = CARTESIAN_POINT('',(-9.592683814673,-4.7E-16,2.123566347891));
#759 = VECTOR('',#760,1.);
#760 = DIRECTION('',(-0.798635510047,1.3E-16,-0.601815023152));
#761 = ORIENTED_EDGE('',*,*,#762,.F.);
#762 = EDGE_CURVE('',#755,#755,#763,.T.);
#763 = CIRCLE('',#764,9.768383626884);
#764 = AXIS2_PLACEMENT_3D('',#765,#766,#767);
#765 = CARTESIAN_POINT('',(0.,-4.4E-16,1.991167042797));
#766 = DIRECTION('',(0.,-2.2E-16,1.));
#767 = DIRECTION('',(-1.,0.,0.));
#768 = ORIENTED_EDGE('',*,*,#754,.F.);
#769 = CONICAL_SURFACE('',#770,9.592683814673,0.925024503557);
#770 = AXIS2_PLACEMENT_3D('',#771,#772,#773);
#771 = CARTESIAN_POINT('',(0.,-4.7E-16,2.123566347891));
#772 = DIRECTION('',(-0.,2.2E-16,-1.));
#773 = DIRECTION('',(-1.,-0.,0.));
#774 = ADVANCED_FACE('',(#775),#794,.T.);
#775 = FACE_BOUND('',#776,.F.);
#776 = EDGE_LOOP('',(#777,#778,#786,#793));
#777 = ORIENTED_EDGE('',*,*,#762,.T.);
#778 = ORIENTED_EDGE('',*,*,#779,.T.);
#779 = EDGE_CURVE('',#755,#780,#782,.T.);
#780 = VERTEX_POINT('',#781);
#781 = CARTESIAN_POINT('',(-9.768383626884,-1.E-15,1.191167042797));
#782 = LINE('',#783,#784);
#783 = CARTESIAN_POINT('',(-9.768383626884,-4.4E-16,1.991167042797));
#784 = VECTOR('',#785,1.);
#785 = DIRECTION('',(0.,2.2E-16,-1.));
#786 = ORIENTED_EDGE('',*,*,#787,.F.);
#787 = EDGE_CURVE('',#780,#780,#788,.T.);
#788 = CIRCLE('',#789,9.768383626884);
#789 = AXIS2_PLACEMENT_3D('',#790,#791,#792);
#790 = CARTESIAN_POINT('',(0.,-2.6E-16,1.191167042797));
#791 = DIRECTION('',(0.,-2.2E-16,1.));
#792 = DIRECTION('',(-1.,0.,0.));
#793 = ORIENTED_EDGE('',*,*,#779,.F.);
#794 = CYLINDRICAL_SURFACE('',#795,9.768383626884);
#795 = AXIS2_PLACEMENT_3D('',#796,#797,#798);
#796 = CARTESIAN_POINT('',(0.,-4.4E-16,1.991167042797));
#797 = DIRECTION('',(-0.,2.2E-16,-1.));
#798 = DIRECTION('',(-1.,-0.,0.));
#799 = ADVANCED_FACE('',(#800,#803),#814,.F.);
#800 = FACE_BOUND('',#801,.F.);
#801 = EDGE_LOOP('',(#802));
#802 = ORIENTED_EDGE('',*,*,#787,.T.);
#803 = FACE_BOUND('',#804,.F.);
#804 = EDGE_LOOP('',(#805));
#805 = ORIENTED_EDGE('',*,*,#806,.F.);
#806 = EDGE_CURVE('',#807,#807,#809,.T.);
#807 = VERTEX_POINT('',#808);
#808 = CARTESIAN_POINT('',(-9.258942819502,-1.E-15,1.191167042797));
#809 = CIRCLE('',#810,9.258942819502);
#810 = AXIS2_PLACEMENT_3D('',#811,#812,#813);
#811 = CARTESIAN_POINT('',(0.,-2.6E-16,1.191167042797));
#812 = DIRECTION('',(0.,-2.2E-16,1.));
#813 = DIRECTION('',(-1.,0.,0.));
#814 = PLANE('',#815);
#815 = AXIS2_PLACEMENT_3D('',#816,#817,#818);
#816 = CARTESIAN_POINT('',(0.,-2.6E-16,1.191167042797));
#817 = DIRECTION('',(0.,-2.2E-16,1.));
#818 = DIRECTION('',(-1.,0.,0.));
#819 = ADVANCED_FACE('',(#820),#839,.F.);
#820 = FACE_BOUND('',#821,.F.);
#821 = EDGE_LOOP('',(#822,#823,#831,#838));
#822 = ORIENTED_EDGE('',*,*,#806,.T.);
#823 = ORIENTED_EDGE('',*,*,#824,.T.);
#824 = EDGE_CURVE('',#807,#825,#827,.T.);
#825 = VERTEX_POINT('',#826);
#826 = CARTESIAN_POINT('',(-9.258942819502,-1.E-15,1.411167042797));
#827 = LINE('',#828,#829);
#828 = CARTESIAN_POINT('',(-9.258942819502,-2.6E-16,1.191167042797));
#829 = VECTOR('',#830,1.);
#830 = DIRECTION('',(0.,-2.2E-16,1.));
#831 = ORIENTED_EDGE('',*,*,#832,.F.);
#832 = EDGE_CURVE('',#825,#825,#833,.T.);
#833 = CIRCLE('',#834,9.258942819502);
#834 = AXIS2_PLACEMENT_3D('',#835,#836,#837);
#835 = CARTESIAN_POINT('',(0.,-3.1E-16,1.411167042797));
#836 = DIRECTION('',(0.,-2.2E-16,1.));
#837 = DIRECTION('',(-1.,0.,0.));
#838 = ORIENTED_EDGE('',*,*,#824,.F.);
#839 = CYLINDRICAL_SURFACE('',#840,9.258942819502);
#840 = AXIS2_PLACEMENT_3D('',#841,#842,#843);
#841 = CARTESIAN_POINT('',(0.,-2.6E-16,1.191167042797));
#842 = DIRECTION('',(0.,-2.2E-16,1.));
#843 = DIRECTION('',(-1.,0.,0.));
#844 = ADVANCED_FACE('',(#845),#857,.T.);
#845 = FACE_BOUND('',#846,.T.);
#846 = EDGE_LOOP('',(#847,#848,#855,#856));
#847 = ORIENTED_EDGE('',*,*,#565,.T.);
#848 = ORIENTED_EDGE('',*,*,#849,.T.);
#849 = EDGE_CURVE('',#566,#825,#850,.T.);
#850 = CIRCLE('',#851,3.956290147073E-02);
#851 = AXIS2_PLACEMENT_3D('',#852,#853,#854);
#852 = CARTESIAN_POINT('',(-9.219379918031,-3.1E-16,1.411167042797));
#853 = DIRECTION('',(0.,-1.,-2.2E-16));
#854 = DIRECTION('',(1.,0.,0.));
#855 = ORIENTED_EDGE('',*,*,#832,.F.);
#856 = ORIENTED_EDGE('',*,*,#849,.F.);
#857 = SURFACE_OF_REVOLUTION('',#858,#863);
#858 = CIRCLE('',#859,3.956290147073E-02);
#859 = AXIS2_PLACEMENT_3D('',#860,#861,#862);
#860 = CARTESIAN_POINT('',(-9.219379918031,-3.1E-16,1.411167042797));
#861 = DIRECTION('',(0.,-1.,-2.2E-16));
#862 = DIRECTION('',(1.,0.,0.));
#863 = AXIS1_PLACEMENT('',#864,#865);
#864 = CARTESIAN_POINT('',(0.,0.,0.));
#865 = DIRECTION('',(0.,-2.2E-16,1.));
#866 = ( GEOMETRIC_REPRESENTATION_CONTEXT(3) 
GLOBAL_UNCERTAINTY_ASSIGNED_CONTEXT((#870)) GLOBAL_UNIT_ASSIGNED_CONTEXT
((#867,#868,#869)) REPRESENTATION_CONTEXT('Context #1',
  '3D Context with UNIT and UNCERTAINTY') );
#867 = ( LENGTH_UNIT() NAMED_UNIT(*) SI_UNIT(.MILLI.,.METRE.) );
#868 = ( NAMED_UNIT(*) PLANE_ANGLE_UNIT() SI_UNIT($,.RADIAN.) );
#869 = ( NAMED_UNIT(*) SI_UNIT($,.STERADIAN.) SOLID_ANGLE_UNIT() );
#870 = UNCERTAINTY_MEASURE_WITH_UNIT(LENGTH_MEASURE(1.E-07),#867,
  'distance_accuracy_value','confusion accuracy');
#871 = CONTEXT_DEPENDENT_SHAPE_REPRESENTATION(#872,#874);
#872 = ( REPRESENTATION_RELATIONSHIP('','',#558,#10) 
REPRESENTATION_RELATIONSHIP_WITH_TRANSFORMATION(#873) 
SHAPE_REPRESENTATION_RELATIONSHIP() );
#873 = ITEM_DEFINED_TRANSFORMATION('','',#11,#23);
#874 = PRODUCT_DEFINITION_SHAPE('Placement','Placement of an item',#875
  );
#875 = NEXT_ASSEMBLY_USAGE_OCCURRENCE('3','=>[0:1:1:3]','',#5,#553,$);
#876 = PRODUCT_RELATED_PRODUCT_CATEGORY('part',$,(#555));
#877 = SHAPE_DEFINITION_REPRESENTATION(#878,#884);
#878 = PRODUCT_DEFINITION_SHAPE('','',#879);
#879 = PRODUCT_DEFINITION('design','',#880,#883);
#880 = PRODUCT_DEFINITION_FORMATION('','',#881);
#881 = PRODUCT('text','text','',(#882));
#882 = PRODUCT_CONTEXT('',#2,'mechanical');
#883 = PRODUCT_DEFINITION_CONTEXT('part definition',#2,'design');
#884 = SHAPE_REPRESENTATION('',(#11,#885,#889,#893),#897);
#885 = AXIS2_PLACEMENT_3D('',#886,#887,#888);
#886 = CARTESIAN_POINT('',(3.59,6.58,-1.E-02));
#887 = DIRECTION('',(1.224646799147E-16,0.,-1.));
#888 = DIRECTION('',(-1.,0.,-1.224646799147E-16));
#889 = AXIS2_PLACEMENT_3D('',#890,#891,#892);
#890 = CARTESIAN_POINT('',(-1.890000235439,2.310006309152,-1.E-02));
#891 = DIRECTION('',(1.824865936716E-23,-1.224646799147E-16,-1.));
#892 = DIRECTION('',(1.,2.98023224E-07,-1.824865936716E-23));
#893 = AXIS2_PLACEMENT_3D('',#894,#895,#896);
#894 = CARTESIAN_POINT('',(5.390003823637,-7.349994775652,-1.E-02));
#895 = DIRECTION('',(1.224646799147E-16,1.824865936716E-23,-1.));
#896 = DIRECTION('',(-1.,-2.98023224E-07,-1.224646799147E-16));
#897 = ( GEOMETRIC_REPRESENTATION_CONTEXT(3) 
GLOBAL_UNCERTAINTY_ASSIGNED_CONTEXT((#901)) GLOBAL_UNIT_ASSIGNED_CONTEXT
((#898,#899,#900)) REPRESENTATION_CONTEXT('Context #1',
  '3D Context with UNIT and UNCERTAINTY') );
#898 = ( LENGTH_UNIT() NAMED_UNIT(*) SI_UNIT(.MILLI.,.METRE.) );
#899 = ( NAMED_UNIT(*) PLANE_ANGLE_UNIT() SI_UNIT($,.RADIAN.) );
#900 = ( NAMED_UNIT(*) SI_UNIT($,.STERADIAN.) SOLID_ANGLE_UNIT() );
#901 = UNCERTAINTY_MEASURE_WITH_UNIT(LENGTH_MEASURE(1.E-07),#898,
  'distance_accuracy_value','confusion accuracy');
#902 = CONTEXT_DEPENDENT_SHAPE_REPRESENTATION(#903,#905);
#903 = ( REPRESENTATION_RELATIONSHIP('','',#884,#10) 
REPRESENTATION_RELATIONSHIP_WITH_TRANSFORMATION(#904) 
SHAPE_REPRESENTATION_RELATIONSHIP() );
#904 = ITEM_DEFINED_TRANSFORMATION('','',#11,#27);
#905 = PRODUCT_DEFINITION_SHAPE('Placement','Placement of an item',#906
  );
#906 = NEXT_ASSEMBLY_USAGE_OCCURRENCE('7','=>[0:1:1:7]','',#5,#879,$);
#907 = PRODUCT_RELATED_PRODUCT_CATEGORY('part',$,(#881));
#908 = SHAPE_DEFINITION_REPRESENTATION(#909,#915);
#909 = PRODUCT_DEFINITION_SHAPE('','',#910);
#910 = PRODUCT_DEFINITION('design','',#911,#914);
#911 = PRODUCT_DEFINITION_FORMATION('','',#912);
#912 = PRODUCT('ShapeString','ShapeString','',(#913));
#913 = PRODUCT_CONTEXT('',#2,'mechanical');
#914 = PRODUCT_DEFINITION_CONTEXT('part definition',#2,'design');
#915 = SHAPE_REPRESENTATION('',(#11,#916,#1046,#1202,#1372,#1512,#1746),
  #1916);
#916 = SHELL_BASED_SURFACE_MODEL('',(#917));
#917 = OPEN_SHELL('',(#918));
#918 = ADVANCED_FACE('',(#919),#1041,.T.);
#919 = FACE_BOUND('',#920,.T.);
#920 = EDGE_LOOP('',(#921,#931,#939,#947,#955,#963,#971,#979,#987,#995,
    #1003,#1011,#1019,#1027,#1035));
#921 = ORIENTED_EDGE('',*,*,#922,.F.);
#922 = EDGE_CURVE('',#923,#925,#927,.T.);
#923 = VERTEX_POINT('',#924);
#924 = CARTESIAN_POINT('',(0.890068124776,1.43363212621,0.));
#925 = VERTEX_POINT('',#926);
#926 = CARTESIAN_POINT('',(0.480458945859,1.26052348512,0.));
#927 = B_SPLINE_CURVE_WITH_KNOTS('',2,(#928,#929,#930),.UNSPECIFIED.,.F.
  ,.F.,(3,3),(0.,1.),.PIECEWISE_BEZIER_KNOTS.);
#928 = CARTESIAN_POINT('',(0.890068124776,1.43363212621,0.));
#929 = CARTESIAN_POINT('',(0.630620294012,1.43363212621,0.));
#930 = CARTESIAN_POINT('',(0.480458945859,1.26052348512,0.));
#931 = ORIENTED_EDGE('',*,*,#932,.F.);
#932 = EDGE_CURVE('',#933,#923,#935,.T.);
#933 = VERTEX_POINT('',#934);
#934 = CARTESIAN_POINT('',(1.247400501972,1.349731086411,0.));
#935 = B_SPLINE_CURVE_WITH_KNOTS('',2,(#936,#937,#938),.UNSPECIFIED.,.F.
  ,.F.,(3,3),(0.,1.),.PIECEWISE_BEZIER_KNOTS.);
#936 = CARTESIAN_POINT('',(1.247400501972,1.349731086411,0.));
#937 = CARTESIAN_POINT('',(1.068698458229,1.43363212621,0.));
#938 = CARTESIAN_POINT('',(0.890068124776,1.43363212621,0.));
#939 = ORIENTED_EDGE('',*,*,#940,.F.);
#940 = EDGE_CURVE('',#941,#933,#943,.T.);
#941 = VERTEX_POINT('',#942);
#942 = CARTESIAN_POINT('',(1.324919325923,1.506776622445,0.));
#943 = LINE('',#944,#945);
#944 = CARTESIAN_POINT('',(1.324919325923,1.506776622445,0.));
#945 = VECTOR('',#946,1.);
#946 = DIRECTION('',(-0.44262181134,-0.896708387452,0.));
#947 = ORIENTED_EDGE('',*,*,#948,.F.);
#948 = EDGE_CURVE('',#949,#941,#951,.T.);
#949 = VERTEX_POINT('',#950);
#950 = CARTESIAN_POINT('',(0.892219433489,1.597131588383,0.));
#951 = B_SPLINE_CURVE_WITH_KNOTS('',2,(#952,#953,#954),.UNSPECIFIED.,.F.
  ,.F.,(3,3),(0.,1.),.PIECEWISE_BEZIER_KNOTS.);
#952 = CARTESIAN_POINT('',(0.892219433489,1.597131588383,0.));
#953 = CARTESIAN_POINT('',(1.139763356042,1.597131588383,0.));
#954 = CARTESIAN_POINT('',(1.324919325923,1.506776622445,0.));
#955 = ORIENTED_EDGE('',*,*,#956,.F.);
#956 = EDGE_CURVE('',#957,#949,#959,.T.);
#957 = VERTEX_POINT('',#958);
#958 = CARTESIAN_POINT('',(0.488060236644,1.497956256723,0.));
#959 = B_SPLINE_CURVE_WITH_KNOTS('',2,(#960,#961,#962),.UNSPECIFIED.,.F.
  ,.F.,(3,3),(0.,1.),.PIECEWISE_BEZIER_KNOTS.);
#960 = CARTESIAN_POINT('',(0.488060236644,1.497956256723,0.));
#961 = CARTESIAN_POINT('',(0.659734671925,1.597131588383,0.));
#962 = CARTESIAN_POINT('',(0.892219433489,1.597131588383,0.));
#963 = ORIENTED_EDGE('',*,*,#964,.F.);
#964 = EDGE_CURVE('',#965,#957,#967,.T.);
#965 = VERTEX_POINT('',#966);
#966 = CARTESIAN_POINT('',(0.225457153101,1.215561133023,0.));
#967 = B_SPLINE_CURVE_WITH_KNOTS('',2,(#968,#969,#970),.UNSPECIFIED.,.F.
  ,.F.,(3,3),(0.,1.),.PIECEWISE_BEZIER_KNOTS.);
#968 = CARTESIAN_POINT('',(0.225457153101,1.215561133023,0.));
#969 = CARTESIAN_POINT('',(0.316457511653,1.398780925063,0.));
#970 = CARTESIAN_POINT('',(0.488060236644,1.497956256723,0.));
#971 = ORIENTED_EDGE('',*,*,#972,.F.);
#972 = EDGE_CURVE('',#973,#965,#975,.T.);
#973 = VERTEX_POINT('',#974);
#974 = CARTESIAN_POINT('',(0.13452850484,0.788741484403,0.));
#975 = B_SPLINE_CURVE_WITH_KNOTS('',2,(#976,#977,#978),.UNSPECIFIED.,.F.
  ,.F.,(3,3),(0.,1.),.PIECEWISE_BEZIER_KNOTS.);
#976 = CARTESIAN_POINT('',(0.13452850484,0.788741484403,0.));
#977 = CARTESIAN_POINT('',(0.13452850484,1.032341340982,0.));
#978 = CARTESIAN_POINT('',(0.225457153101,1.215561133023,0.));
#979 = ORIENTED_EDGE('',*,*,#980,.F.);
#980 = EDGE_CURVE('',#981,#973,#983,.T.);
#981 = VERTEX_POINT('',#982);
#982 = CARTESIAN_POINT('',(0.323413409824,0.18831122266,0.));
#983 = B_SPLINE_CURVE_WITH_KNOTS('',2,(#984,#985,#986),.UNSPECIFIED.,.F.
  ,.F.,(3,3),(0.,1.),.PIECEWISE_BEZIER_KNOTS.);
#984 = CARTESIAN_POINT('',(0.323413409824,0.18831122266,0.));
#985 = CARTESIAN_POINT('',(0.13452850484,0.399569738257,0.));
#986 = CARTESIAN_POINT('',(0.13452850484,0.788741484403,0.));
#987 = ORIENTED_EDGE('',*,*,#988,.F.);
#988 = EDGE_CURVE('',#989,#981,#991,.T.);
#989 = VERTEX_POINT('',#990);
#990 = CARTESIAN_POINT('',(0.859949802797,-2.294729293654E-02,0.));
#991 = B_SPLINE_CURVE_WITH_KNOTS('',2,(#992,#993,#994),.UNSPECIFIED.,.F.
  ,.F.,(3,3),(0.,1.),.PIECEWISE_BEZIER_KNOTS.);
#992 = CARTESIAN_POINT('',(0.859949802797,-2.294729293654E-02,0.));
#993 = CARTESIAN_POINT('',(0.512298314808,-2.294729293654E-02,0.));
#994 = CARTESIAN_POINT('',(0.323413409824,0.18831122266,0.));
#995 = ORIENTED_EDGE('',*,*,#996,.F.);
#996 = EDGE_CURVE('',#997,#989,#999,.T.);
#997 = VERTEX_POINT('',#998);
#998 = CARTESIAN_POINT('',(1.263607027608,3.836500537827E-02,0.));
#999 = B_SPLINE_CURVE_WITH_KNOTS('',2,(#1000,#1001,#1002),
  .UNSPECIFIED.,.F.,.F.,(3,3),(0.,1.),.PIECEWISE_BEZIER_KNOTS.);
#1000 = CARTESIAN_POINT('',(1.263607027608,3.836500537827E-02,0.));
#1001 = CARTESIAN_POINT('',(1.100035855145,-2.294729293654E-02,0.));
#1002 = CARTESIAN_POINT('',(0.859949802797,-2.294729293654E-02,0.));
#1003 = ORIENTED_EDGE('',*,*,#1004,.F.);
#1004 = EDGE_CURVE('',#1005,#997,#1007,.T.);
#1005 = VERTEX_POINT('',#1006);
#1006 = CARTESIAN_POINT('',(1.263607027608,0.198637504482,0.));
#1007 = LINE('',#1008,#1009);
#1008 = CARTESIAN_POINT('',(1.263607027608,0.198637504482,0.));
#1009 = VECTOR('',#1010,1.);
#1010 = DIRECTION('',(0.,-1.,-0.));
#1011 = ORIENTED_EDGE('',*,*,#1012,.F.);
#1012 = EDGE_CURVE('',#1013,#1005,#1015,.T.);
#1013 = VERTEX_POINT('',#1014);
#1014 = CARTESIAN_POINT('',(0.887916816063,0.13947651488,0.));
#1015 = B_SPLINE_CURVE_WITH_KNOTS('',2,(#1016,#1017,#1018),
  .UNSPECIFIED.,.F.,.F.,(3,3),(0.,1.),.PIECEWISE_BEZIER_KNOTS.);
#1016 = CARTESIAN_POINT('',(0.887916816063,0.13947651488,0.));
#1017 = CARTESIAN_POINT('',(1.052635353173,0.13947651488,0.));
#1018 = CARTESIAN_POINT('',(1.263607027608,0.198637504482,0.));
#1019 = ORIENTED_EDGE('',*,*,#1020,.F.);
#1020 = EDGE_CURVE('',#1021,#1013,#1023,.T.);
#1021 = VERTEX_POINT('',#1022);
#1022 = CARTESIAN_POINT('',(0.475080674077,0.308210828254,0.));
#1023 = B_SPLINE_CURVE_WITH_KNOTS('',2,(#1024,#1025,#1026),
  .UNSPECIFIED.,.F.,.F.,(3,3),(0.,1.),.PIECEWISE_BEZIER_KNOTS.);
#1024 = CARTESIAN_POINT('',(0.475080674077,0.308210828254,0.));
#1025 = CARTESIAN_POINT('',(0.619863750448,0.13947651488,0.));
#1026 = CARTESIAN_POINT('',(0.887916816063,0.13947651488,0.));
#1027 = ORIENTED_EDGE('',*,*,#1028,.F.);
#1028 = EDGE_CURVE('',#1029,#1021,#1031,.T.);
#1029 = VERTEX_POINT('',#1030);
#1030 = CARTESIAN_POINT('',(0.330297597705,0.78659017569,0.));
#1031 = B_SPLINE_CURVE_WITH_KNOTS('',2,(#1032,#1033,#1034),
  .UNSPECIFIED.,.F.,.F.,(3,3),(0.,1.),.PIECEWISE_BEZIER_KNOTS.);
#1032 = CARTESIAN_POINT('',(0.330297597705,0.78659017569,0.));
#1033 = CARTESIAN_POINT('',(0.330297597705,0.477016851918,0.));
#1034 = CARTESIAN_POINT('',(0.475080674077,0.308210828254,0.));
#1035 = ORIENTED_EDGE('',*,*,#1036,.F.);
#1036 = EDGE_CURVE('',#925,#1029,#1037,.T.);
#1037 = B_SPLINE_CURVE_WITH_KNOTS('',2,(#1038,#1039,#1040),
  .UNSPECIFIED.,.F.,.F.,(3,3),(0.,1.),.PIECEWISE_BEZIER_KNOTS.);
#1038 = CARTESIAN_POINT('',(0.480458945859,1.26052348512,0.));
#1039 = CARTESIAN_POINT('',(0.330297597705,1.08741484403,0.));
#1040 = CARTESIAN_POINT('',(0.330297597705,0.78659017569,0.));
#1041 = PLANE('',#1042);
#1042 = AXIS2_PLACEMENT_3D('',#1043,#1044,#1045);
#1043 = CARTESIAN_POINT('',(0.651423118651,0.79157718425,0.));
#1044 = DIRECTION('',(0.,0.,1.));
#1045 = DIRECTION('',(1.,0.,-0.));
#1046 = SHELL_BASED_SURFACE_MODEL('',(#1047));
#1047 = OPEN_SHELL('',(#1048));
#1048 = ADVANCED_FACE('',(#1049,#1139),#1197,.T.);
#1049 = FACE_BOUND('',#1050,.T.);
#1050 = EDGE_LOOP('',(#1051,#1061,#1069,#1077,#1085,#1093,#1101,#1109,
    #1117,#1125,#1133));
#1051 = ORIENTED_EDGE('',*,*,#1052,.F.);
#1052 = EDGE_CURVE('',#1053,#1055,#1057,.T.);
#1053 = VERTEX_POINT('',#1054);
#1054 = CARTESIAN_POINT('',(1.78988884905,0.655288633919,0.));
#1055 = VERTEX_POINT('',#1056);
#1056 = CARTESIAN_POINT('',(1.78988884905,0.,0.));
#1057 = LINE('',#1058,#1059);
#1058 = CARTESIAN_POINT('',(1.78988884905,0.655288633919,0.));
#1059 = VECTOR('',#1060,1.);
#1060 = DIRECTION('',(0.,-1.,0.));
#1061 = ORIENTED_EDGE('',*,*,#1062,.F.);
#1062 = EDGE_CURVE('',#1063,#1053,#1065,.T.);
#1063 = VERTEX_POINT('',#1064);
#1064 = CARTESIAN_POINT('',(2.118608820366,0.655288633919,0.));
#1065 = LINE('',#1066,#1067);
#1066 = CARTESIAN_POINT('',(2.118608820366,0.655288633919,0.));
#1067 = VECTOR('',#1068,1.);
#1068 = DIRECTION('',(-1.,0.,0.));
#1069 = ORIENTED_EDGE('',*,*,#1070,.F.);
#1070 = EDGE_CURVE('',#1071,#1063,#1073,.T.);
#1071 = VERTEX_POINT('',#1072);
#1072 = CARTESIAN_POINT('',(2.499820724274,0.,0.));
#1073 = LINE('',#1074,#1075);
#1074 = CARTESIAN_POINT('',(2.499820724274,0.,0.));
#1075 = VECTOR('',#1076,1.);
#1076 = DIRECTION('',(-0.502847321529,0.864375249085,0.));
#1077 = ORIENTED_EDGE('',*,*,#1078,.F.);
#1078 = EDGE_CURVE('',#1079,#1071,#1081,.T.);
#1079 = VERTEX_POINT('',#1080);
#1080 = CARTESIAN_POINT('',(2.71602724991,0.,0.));
#1081 = LINE('',#1082,#1083);
#1082 = CARTESIAN_POINT('',(2.71602724991,0.,0.));
#1083 = VECTOR('',#1084,1.);
#1084 = DIRECTION('',(-1.,0.,0.));
#1085 = ORIENTED_EDGE('',*,*,#1086,.F.);
#1086 = EDGE_CURVE('',#1087,#1079,#1089,.T.);
#1087 = VERTEX_POINT('',#1088);
#1088 = CARTESIAN_POINT('',(2.288562208677,0.707995697383,0.));
#1089 = LINE('',#1090,#1091);
#1090 = CARTESIAN_POINT('',(2.288562208677,0.707995697383,0.));
#1091 = VECTOR('',#1092,1.);
#1092 = DIRECTION('',(0.516865502226,-0.856066616922,0.));
#1093 = ORIENTED_EDGE('',*,*,#1094,.F.);
#1094 = EDGE_CURVE('',#1095,#1087,#1097,.T.);
#1095 = VERTEX_POINT('',#1096);
#1096 = CARTESIAN_POINT('',(2.60509143062,1.129795625672,0.));
#1097 = B_SPLINE_CURVE_WITH_KNOTS('',2,(#1098,#1099,#1100),
  .UNSPECIFIED.,.F.,.F.,(3,3),(0.,1.),.PIECEWISE_BEZIER_KNOTS.);
#1098 = CARTESIAN_POINT('',(2.60509143062,1.129795625672,0.));
#1099 = CARTESIAN_POINT('',(2.60509143062,0.817784152026,0.));
#1100 = CARTESIAN_POINT('',(2.288562208677,0.707995697383,0.));
#1101 = ORIENTED_EDGE('',*,*,#1102,.F.);
#1102 = EDGE_CURVE('',#1103,#1095,#1105,.T.);
#1103 = VERTEX_POINT('',#1104);
#1104 = CARTESIAN_POINT('',(2.466690570097,1.463320186447,0.));
#1105 = B_SPLINE_CURVE_WITH_KNOTS('',2,(#1106,#1107,#1108),
  .UNSPECIFIED.,.F.,.F.,(3,3),(0.,1.),.PIECEWISE_BEZIER_KNOTS.);
#1106 = CARTESIAN_POINT('',(2.466690570097,1.463320186447,0.));
#1107 = CARTESIAN_POINT('',(2.60509143062,1.352527787738,0.));
#1108 = CARTESIAN_POINT('',(2.60509143062,1.129795625672,0.));
#1109 = ORIENTED_EDGE('',*,*,#1110,.F.);
#1110 = EDGE_CURVE('',#1111,#1103,#1113,.T.);
#1111 = VERTEX_POINT('',#1112);
#1112 = CARTESIAN_POINT('',(2.038795267121,1.574184295446,0.));
#1113 = B_SPLINE_CURVE_WITH_KNOTS('',2,(#1114,#1115,#1116),
  .UNSPECIFIED.,.F.,.F.,(3,3),(0.,1.),.PIECEWISE_BEZIER_KNOTS.);
#1114 = CARTESIAN_POINT('',(2.038795267121,1.574184295446,0.));
#1115 = CARTESIAN_POINT('',(2.328361419864,1.574184295446,0.));
#1116 = CARTESIAN_POINT('',(2.466690570097,1.463320186447,0.));
#1117 = ORIENTED_EDGE('',*,*,#1118,.F.);
#1118 = EDGE_CURVE('',#1119,#1111,#1121,.T.);
#1119 = VERTEX_POINT('',#1120);
#1120 = CARTESIAN_POINT('',(1.607027608462,1.574184295446,0.));
#1121 = LINE('',#1122,#1123);
#1122 = CARTESIAN_POINT('',(1.607027608462,1.574184295446,0.));
#1123 = VECTOR('',#1124,1.);
#1124 = DIRECTION('',(1.,0.,0.));
#1125 = ORIENTED_EDGE('',*,*,#1126,.F.);
#1126 = EDGE_CURVE('',#1127,#1119,#1129,.T.);
#1127 = VERTEX_POINT('',#1128);
#1128 = CARTESIAN_POINT('',(1.607027608462,0.,0.));
#1129 = LINE('',#1130,#1131);
#1130 = CARTESIAN_POINT('',(1.607027608462,0.,0.));
#1131 = VECTOR('',#1132,1.);
#1132 = DIRECTION('',(0.,1.,0.));
#1133 = ORIENTED_EDGE('',*,*,#1134,.F.);
#1134 = EDGE_CURVE('',#1055,#1127,#1135,.T.);
#1135 = LINE('',#1136,#1137);
#1136 = CARTESIAN_POINT('',(1.78988884905,0.,0.));
#1137 = VECTOR('',#1138,1.);
#1138 = DIRECTION('',(-1.,0.,0.));
#1139 = FACE_BOUND('',#1140,.T.);
#1140 = EDGE_LOOP('',(#1141,#1151,#1159,#1167,#1175,#1183,#1191));
#1141 = ORIENTED_EDGE('',*,*,#1142,.F.);
#1142 = EDGE_CURVE('',#1143,#1145,#1147,.T.);
#1143 = VERTEX_POINT('',#1144);
#1144 = CARTESIAN_POINT('',(1.78988884905,0.812334169953,0.));
#1145 = VERTEX_POINT('',#1146);
#1146 = CARTESIAN_POINT('',(2.040874865543,0.812334169953,0.));
#1147 = LINE('',#1148,#1149);
#1148 = CARTESIAN_POINT('',(1.78988884905,0.812334169953,0.));
#1149 = VECTOR('',#1150,1.);
#1150 = DIRECTION('',(1.,0.,0.));
#1151 = ORIENTED_EDGE('',*,*,#1152,.F.);
#1152 = EDGE_CURVE('',#1153,#1143,#1155,.T.);
#1153 = VERTEX_POINT('',#1154);
#1154 = CARTESIAN_POINT('',(1.78988884905,1.413911796343,0.));
#1155 = LINE('',#1156,#1157);
#1156 = CARTESIAN_POINT('',(1.78988884905,1.413911796343,0.));
#1157 = VECTOR('',#1158,1.);
#1158 = DIRECTION('',(0.,-1.,0.));
#1159 = ORIENTED_EDGE('',*,*,#1160,.F.);
#1160 = EDGE_CURVE('',#1161,#1153,#1163,.T.);
#1161 = VERTEX_POINT('',#1162);
#1162 = CARTESIAN_POINT('',(2.027967013266,1.413911796343,0.));
#1163 = LINE('',#1164,#1165);
#1164 = CARTESIAN_POINT('',(2.027967013266,1.413911796343,0.));
#1165 = VECTOR('',#1166,1.);
#1166 = DIRECTION('',(-1.,0.,0.));
#1167 = ORIENTED_EDGE('',*,*,#1168,.F.);
#1168 = EDGE_CURVE('',#1169,#1161,#1171,.T.);
#1169 = VERTEX_POINT('',#1170);
#1170 = CARTESIAN_POINT('',(2.323628540696,1.344998207243,0.));
#1171 = B_SPLINE_CURVE_WITH_KNOTS('',2,(#1172,#1173,#1174),
  .UNSPECIFIED.,.F.,.F.,(3,3),(0.,1.),.PIECEWISE_BEZIER_KNOTS.);
#1172 = CARTESIAN_POINT('',(2.323628540696,1.344998207243,0.));
#1173 = CARTESIAN_POINT('',(2.231552527788,1.413911796343,0.));
#1174 = CARTESIAN_POINT('',(2.027967013266,1.413911796343,0.));
#1175 = ORIENTED_EDGE('',*,*,#1176,.F.);
#1176 = EDGE_CURVE('',#1177,#1169,#1179,.T.);
#1177 = VERTEX_POINT('',#1178);
#1178 = CARTESIAN_POINT('',(2.415776263894,1.120114736465,0.));
#1179 = B_SPLINE_CURVE_WITH_KNOTS('',2,(#1180,#1181,#1182),
  .UNSPECIFIED.,.F.,.F.,(3,3),(0.,1.),.PIECEWISE_BEZIER_KNOTS.);
#1180 = CARTESIAN_POINT('',(2.415776263894,1.120114736465,0.));
#1181 = CARTESIAN_POINT('',(2.415776263894,1.276156328433,0.));
#1182 = CARTESIAN_POINT('',(2.323628540696,1.344998207243,0.));
#1183 = ORIENTED_EDGE('',*,*,#1184,.F.);
#1184 = EDGE_CURVE('',#1185,#1177,#1187,.T.);
#1185 = VERTEX_POINT('',#1186);
#1186 = CARTESIAN_POINT('',(2.325277877375,0.889279311581,0.));
#1187 = B_SPLINE_CURVE_WITH_KNOTS('',2,(#1188,#1189,#1190),
  .UNSPECIFIED.,.F.,.F.,(3,3),(0.,1.),.PIECEWISE_BEZIER_KNOTS.);
#1188 = CARTESIAN_POINT('',(2.325277877375,0.889279311581,0.));
#1189 = CARTESIAN_POINT('',(2.415776263894,0.966224453209,0.));
#1190 = CARTESIAN_POINT('',(2.415776263894,1.120114736465,0.));
#1191 = ORIENTED_EDGE('',*,*,#1192,.F.);
#1192 = EDGE_CURVE('',#1145,#1185,#1193,.T.);
#1193 = B_SPLINE_CURVE_WITH_KNOTS('',2,(#1194,#1195,#1196),
  .UNSPECIFIED.,.F.,.F.,(3,3),(0.,1.),.PIECEWISE_BEZIER_KNOTS.);
#1194 = CARTESIAN_POINT('',(2.040874865543,0.812334169953,0.));
#1195 = CARTESIAN_POINT('',(2.234779490857,0.812334169953,0.));
#1196 = CARTESIAN_POINT('',(2.325277877375,0.889279311581,0.));
#1197 = PLANE('',#1198);
#1198 = AXIS2_PLACEMENT_3D('',#1199,#1200,#1201);
#1199 = CARTESIAN_POINT('',(2.070826132726,0.819863647889,0.));
#1200 = DIRECTION('',(0.,0.,1.));
#1201 = DIRECTION('',(1.,0.,-0.));
#1202 = SHELL_BASED_SURFACE_MODEL('',(#1203));
#1203 = OPEN_SHELL('',(#1204));
#1204 = ADVANCED_FACE('',(#1205),#1367,.T.);
#1205 = FACE_BOUND('',#1206,.T.);
#1206 = EDGE_LOOP('',(#1207,#1217,#1225,#1233,#1241,#1249,#1257,#1265,
    #1273,#1281,#1289,#1297,#1305,#1313,#1321,#1329,#1337,#1345,#1353,
    #1361));
#1207 = ORIENTED_EDGE('',*,*,#1208,.F.);
#1208 = EDGE_CURVE('',#1209,#1211,#1213,.T.);
#1209 = VERTEX_POINT('',#1210);
#1210 = CARTESIAN_POINT('',(3.893079956974,0.,0.));
#1211 = VERTEX_POINT('',#1212);
#1212 = CARTESIAN_POINT('',(2.861097167444,0.,0.));
#1213 = LINE('',#1214,#1215);
#1214 = CARTESIAN_POINT('',(3.893079956974,0.,0.));
#1215 = VECTOR('',#1216,1.);
#1216 = DIRECTION('',(-1.,0.,0.));
#1217 = ORIENTED_EDGE('',*,*,#1218,.F.);
#1218 = EDGE_CURVE('',#1219,#1209,#1221,.T.);
#1219 = VERTEX_POINT('',#1220);
#1220 = CARTESIAN_POINT('',(3.893079956974,0.165650770886,0.));
#1221 = LINE('',#1222,#1223);
#1222 = CARTESIAN_POINT('',(3.893079956974,0.165650770886,0.));
#1223 = VECTOR('',#1224,1.);
#1224 = DIRECTION('',(0.,-1.,0.));
#1225 = ORIENTED_EDGE('',*,*,#1226,.F.);
#1226 = EDGE_CURVE('',#1227,#1219,#1229,.T.);
#1227 = VERTEX_POINT('',#1228);
#1228 = CARTESIAN_POINT('',(3.085908927931,0.165650770886,0.));
#1229 = LINE('',#1230,#1231);
#1230 = CARTESIAN_POINT('',(3.085908927931,0.165650770886,0.));
#1231 = VECTOR('',#1232,1.);
#1232 = DIRECTION('',(1.,0.,0.));
#1233 = ORIENTED_EDGE('',*,*,#1234,.F.);
#1234 = EDGE_CURVE('',#1235,#1227,#1237,.T.);
#1235 = VERTEX_POINT('',#1236);
#1236 = CARTESIAN_POINT('',(3.085908927931,0.174256005737,0.));
#1237 = LINE('',#1238,#1239);
#1238 = CARTESIAN_POINT('',(3.085908927931,0.174256005737,0.));
#1239 = VECTOR('',#1240,1.);
#1240 = DIRECTION('',(0.,-1.,0.));
#1241 = ORIENTED_EDGE('',*,*,#1242,.F.);
#1242 = EDGE_CURVE('',#1243,#1235,#1245,.T.);
#1243 = VERTEX_POINT('',#1244);
#1244 = CARTESIAN_POINT('',(3.429329508785,0.511437791323,0.));
#1245 = LINE('',#1246,#1247);
#1246 = CARTESIAN_POINT('',(3.429329508785,0.511437791323,0.));
#1247 = VECTOR('',#1248,1.);
#1248 = DIRECTION('',(-0.713558553096,-0.700595597548,0.));
#1249 = ORIENTED_EDGE('',*,*,#1250,.F.);
#1250 = EDGE_CURVE('',#1251,#1243,#1253,.T.);
#1251 = VERTEX_POINT('',#1252);
#1252 = CARTESIAN_POINT('',(3.742703477949,0.881893151667,0.));
#1253 = B_SPLINE_CURVE_WITH_KNOTS('',2,(#1254,#1255,#1256),
  .UNSPECIFIED.,.F.,.F.,(3,3),(0.,1.),.PIECEWISE_BEZIER_KNOTS.);
#1254 = CARTESIAN_POINT('',(3.742703477949,0.881893151667,0.));
#1255 = CARTESIAN_POINT('',(3.659017569021,0.735460738616,0.));
#1256 = CARTESIAN_POINT('',(3.429329508785,0.511437791323,0.));
#1257 = ORIENTED_EDGE('',*,*,#1258,.F.);
#1258 = EDGE_CURVE('',#1259,#1251,#1261,.T.);
#1259 = VERTEX_POINT('',#1260);
#1260 = CARTESIAN_POINT('',(3.826461097167,1.17812836142,0.));
#1261 = B_SPLINE_CURVE_WITH_KNOTS('',2,(#1262,#1263,#1264),
  .UNSPECIFIED.,.F.,.F.,(3,3),(0.,1.),.PIECEWISE_BEZIER_KNOTS.);
#1262 = CARTESIAN_POINT('',(3.826461097167,1.17812836142,0.));
#1263 = CARTESIAN_POINT('',(3.826461097167,1.028397275009,0.));
#1264 = CARTESIAN_POINT('',(3.742703477949,0.881893151667,0.));
#1265 = ORIENTED_EDGE('',*,*,#1266,.F.);
#1266 = EDGE_CURVE('',#1267,#1259,#1269,.T.);
#1267 = VERTEX_POINT('',#1268);
#1268 = CARTESIAN_POINT('',(3.70082466834,1.483470778057,0.));
#1269 = B_SPLINE_CURVE_WITH_KNOTS('',2,(#1270,#1271,#1272),
  .UNSPECIFIED.,.F.,.F.,(3,3),(0.,1.),.PIECEWISE_BEZIER_KNOTS.);
#1270 = CARTESIAN_POINT('',(3.70082466834,1.483470778057,0.));
#1271 = CARTESIAN_POINT('',(3.826461097167,1.369881678021,0.));
#1272 = CARTESIAN_POINT('',(3.826461097167,1.17812836142,0.));
#1273 = ORIENTED_EDGE('',*,*,#1274,.F.);
#1274 = EDGE_CURVE('',#1275,#1267,#1277,.T.);
#1275 = VERTEX_POINT('',#1276);
#1276 = CARTESIAN_POINT('',(3.353961993546,1.597131588383,0.));
#1277 = B_SPLINE_CURVE_WITH_KNOTS('',2,(#1278,#1279,#1280),
  .UNSPECIFIED.,.F.,.F.,(3,3),(0.,1.),.PIECEWISE_BEZIER_KNOTS.);
#1278 = CARTESIAN_POINT('',(3.353961993546,1.597131588383,0.));
#1279 = CARTESIAN_POINT('',(3.575188239512,1.597131588383,0.));
#1280 = CARTESIAN_POINT('',(3.70082466834,1.483470778057,0.));
#1281 = ORIENTED_EDGE('',*,*,#1282,.F.);
#1282 = EDGE_CURVE('',#1283,#1275,#1285,.T.);
#1283 = VERTEX_POINT('',#1284);
#1284 = CARTESIAN_POINT('',(2.881462889925,1.416421656508,0.));
#1285 = B_SPLINE_CURVE_WITH_KNOTS('',2,(#1286,#1287,#1288),
  .UNSPECIFIED.,.F.,.F.,(3,3),(0.,1.),.PIECEWISE_BEZIER_KNOTS.);
#1286 = CARTESIAN_POINT('',(2.881462889925,1.416421656508,0.));
#1287 = CARTESIAN_POINT('',(3.098386518465,1.597131588383,0.));
#1288 = CARTESIAN_POINT('',(3.353961993546,1.597131588383,0.));
#1289 = ORIENTED_EDGE('',*,*,#1290,.F.);
#1290 = EDGE_CURVE('',#1291,#1283,#1293,.T.);
#1291 = VERTEX_POINT('',#1292);
#1292 = CARTESIAN_POINT('',(2.975905342417,1.294872714234,0.));
#1293 = LINE('',#1294,#1295);
#1294 = CARTESIAN_POINT('',(2.975905342417,1.294872714234,0.));
#1295 = VECTOR('',#1296,1.);
#1296 = DIRECTION('',(-0.61355350754,0.789653147518,0.));
#1297 = ORIENTED_EDGE('',*,*,#1298,.F.);
#1298 = EDGE_CURVE('',#1299,#1291,#1301,.T.);
#1299 = VERTEX_POINT('',#1300);
#1300 = CARTESIAN_POINT('',(3.170742201506,1.412119039082,0.));
#1301 = B_SPLINE_CURVE_WITH_KNOTS('',2,(#1302,#1303,#1304),
  .UNSPECIFIED.,.F.,.F.,(3,3),(0.,1.),.PIECEWISE_BEZIER_KNOTS.);
#1302 = CARTESIAN_POINT('',(3.170742201506,1.412119039082,0.));
#1303 = CARTESIAN_POINT('',(3.083255647185,1.37984940839,0.));
#1304 = CARTESIAN_POINT('',(2.975905342417,1.294872714234,0.));
#1305 = ORIENTED_EDGE('',*,*,#1306,.F.);
#1306 = EDGE_CURVE('',#1307,#1299,#1309,.T.);
#1307 = VERTEX_POINT('',#1308);
#1308 = CARTESIAN_POINT('',(3.355898171388,1.444388669774,0.));
#1309 = B_SPLINE_CURVE_WITH_KNOTS('',2,(#1310,#1311,#1312),
  .UNSPECIFIED.,.F.,.F.,(3,3),(0.,1.),.PIECEWISE_BEZIER_KNOTS.);
#1310 = CARTESIAN_POINT('',(3.355898171388,1.444388669774,0.));
#1311 = CARTESIAN_POINT('',(3.258228755826,1.444388669774,0.));
#1312 = CARTESIAN_POINT('',(3.170742201506,1.412119039082,0.));
#1313 = ORIENTED_EDGE('',*,*,#1314,.F.);
#1314 = EDGE_CURVE('',#1315,#1307,#1317,.T.);
#1315 = VERTEX_POINT('',#1316);
#1316 = CARTESIAN_POINT('',(3.567371817856,1.370598780925,0.));
#1317 = B_SPLINE_CURVE_WITH_KNOTS('',2,(#1318,#1319,#1320),
  .UNSPECIFIED.,.F.,.F.,(3,3),(0.,1.),.PIECEWISE_BEZIER_KNOTS.);
#1318 = CARTESIAN_POINT('',(3.567371817856,1.370598780925,0.));
#1319 = CARTESIAN_POINT('',(3.491143779132,1.444388669774,0.));
#1320 = CARTESIAN_POINT('',(3.355898171388,1.444388669774,0.));
#1321 = ORIENTED_EDGE('',*,*,#1322,.F.);
#1322 = EDGE_CURVE('',#1323,#1315,#1325,.T.);
#1323 = VERTEX_POINT('',#1324);
#1324 = CARTESIAN_POINT('',(3.643599856579,1.170813911796,0.));
#1325 = B_SPLINE_CURVE_WITH_KNOTS('',2,(#1326,#1327,#1328),
  .UNSPECIFIED.,.F.,.F.,(3,3),(0.,1.),.PIECEWISE_BEZIER_KNOTS.);
#1326 = CARTESIAN_POINT('',(3.643599856579,1.170813911796,0.));
#1327 = CARTESIAN_POINT('',(3.643599856579,1.296808892076,0.));
#1328 = CARTESIAN_POINT('',(3.567371817856,1.370598780925,0.));
#1329 = ORIENTED_EDGE('',*,*,#1330,.F.);
#1330 = EDGE_CURVE('',#1331,#1323,#1333,.T.);
#1331 = VERTEX_POINT('',#1332);
#1332 = CARTESIAN_POINT('',(3.613553244891,1.003800645393,0.));
#1333 = B_SPLINE_CURVE_WITH_KNOTS('',2,(#1334,#1335,#1336),
  .UNSPECIFIED.,.F.,.F.,(3,3),(0.,1.),.PIECEWISE_BEZIER_KNOTS.);
#1334 = CARTESIAN_POINT('',(3.613553244891,1.003800645393,0.));
#1335 = CARTESIAN_POINT('',(3.643599856579,1.081391179634,0.));
#1336 = CARTESIAN_POINT('',(3.643599856579,1.170813911796,0.));
#1337 = ORIENTED_EDGE('',*,*,#1338,.F.);
#1338 = EDGE_CURVE('',#1339,#1331,#1341,.T.);
#1339 = VERTEX_POINT('',#1340);
#1340 = CARTESIAN_POINT('',(3.523341699534,0.844388669774,0.));
#1341 = B_SPLINE_CURVE_WITH_KNOTS('',2,(#1342,#1343,#1344),
  .UNSPECIFIED.,.F.,.F.,(3,3),(0.,1.),.PIECEWISE_BEZIER_KNOTS.);
#1342 = CARTESIAN_POINT('',(3.523341699534,0.844388669774,0.));
#1343 = CARTESIAN_POINT('',(3.583506633202,0.926281821441,0.));
#1344 = CARTESIAN_POINT('',(3.613553244891,1.003800645393,0.));
#1345 = ORIENTED_EDGE('',*,*,#1346,.F.);
#1346 = EDGE_CURVE('',#1347,#1339,#1349,.T.);
#1347 = VERTEX_POINT('',#1348);
#1348 = CARTESIAN_POINT('',(3.274363571172,0.570885622087,0.));
#1349 = B_SPLINE_CURVE_WITH_KNOTS('',2,(#1350,#1351,#1352),
  .UNSPECIFIED.,.F.,.F.,(3,3),(0.,1.),.PIECEWISE_BEZIER_KNOTS.);
#1350 = CARTESIAN_POINT('',(3.274363571172,0.570885622087,0.));
#1351 = CARTESIAN_POINT('',(3.463248476156,0.762567228397,0.));
#1352 = CARTESIAN_POINT('',(3.523341699534,0.844388669774,0.));
#1353 = ORIENTED_EDGE('',*,*,#1354,.F.);
#1354 = EDGE_CURVE('',#1355,#1347,#1357,.T.);
#1355 = VERTEX_POINT('',#1356);
#1356 = CARTESIAN_POINT('',(2.861097167444,0.154033703837,0.));
#1357 = LINE('',#1358,#1359);
#1358 = CARTESIAN_POINT('',(2.861097167444,0.154033703837,0.));
#1359 = VECTOR('',#1360,1.);
#1360 = DIRECTION('',(0.704046020732,0.710154349907,0.));
#1361 = ORIENTED_EDGE('',*,*,#1362,.F.);
#1362 = EDGE_CURVE('',#1211,#1355,#1363,.T.);
#1363 = LINE('',#1364,#1365);
#1364 = CARTESIAN_POINT('',(2.861097167444,0.,0.));
#1365 = VECTOR('',#1366,1.);
#1366 = DIRECTION('',(0.,1.,0.));
#1367 = PLANE('',#1368);
#1368 = AXIS2_PLACEMENT_3D('',#1369,#1370,#1371);
#1369 = CARTESIAN_POINT('',(3.397937624084,0.716904288327,0.));
#1370 = DIRECTION('',(0.,0.,1.));
#1371 = DIRECTION('',(1.,0.,-0.));
#1372 = SHELL_BASED_SURFACE_MODEL('',(#1373));
#1373 = OPEN_SHELL('',(#1374));
#1374 = ADVANCED_FACE('',(#1375,#1441),#1507,.T.);
#1375 = FACE_BOUND('',#1376,.T.);
#1376 = EDGE_LOOP('',(#1377,#1387,#1395,#1403,#1411,#1419,#1427,#1435));
#1377 = ORIENTED_EDGE('',*,*,#1378,.F.);
#1378 = EDGE_CURVE('',#1379,#1381,#1383,.T.);
#1379 = VERTEX_POINT('',#1380);
#1380 = CARTESIAN_POINT('',(5.159196844747,0.787665830047,0.));
#1381 = VERTEX_POINT('',#1382);
#1382 = CARTESIAN_POINT('',(5.030835424883,0.178343492291,0.));
#1383 = B_SPLINE_CURVE_WITH_KNOTS('',2,(#1384,#1385,#1386),
  .UNSPECIFIED.,.F.,.F.,(3,3),(0.,1.),.PIECEWISE_BEZIER_KNOTS.);
#1384 = CARTESIAN_POINT('',(5.159196844747,0.787665830047,0.));
#1385 = CARTESIAN_POINT('',(5.159196844747,0.379634277519,0.));
#1386 = CARTESIAN_POINT('',(5.030835424883,0.178343492291,0.));
#1387 = ORIENTED_EDGE('',*,*,#1388,.F.);
#1388 = EDGE_CURVE('',#1389,#1379,#1391,.T.);
#1389 = VERTEX_POINT('',#1390);
#1390 = CARTESIAN_POINT('',(5.026532807458,1.389386877017,0.));
#1391 = B_SPLINE_CURVE_WITH_KNOTS('',2,(#1392,#1393,#1394),
  .UNSPECIFIED.,.F.,.F.,(3,3),(0.,1.),.PIECEWISE_BEZIER_KNOTS.);
#1392 = CARTESIAN_POINT('',(5.026532807458,1.389386877017,0.));
#1393 = CARTESIAN_POINT('',(5.159196844747,1.181642165651,0.));
#1394 = CARTESIAN_POINT('',(5.159196844747,0.787665830047,0.));
#1395 = ORIENTED_EDGE('',*,*,#1396,.F.);
#1396 = EDGE_CURVE('',#1397,#1389,#1399,.T.);
#1397 = VERTEX_POINT('',#1398);
#1398 = CARTESIAN_POINT('',(4.638365005378,1.597131588383,0.));
#1399 = B_SPLINE_CURVE_WITH_KNOTS('',2,(#1400,#1401,#1402),
  .UNSPECIFIED.,.F.,.F.,(3,3),(0.,1.),.PIECEWISE_BEZIER_KNOTS.);
#1400 = CARTESIAN_POINT('',(4.638365005378,1.597131588383,0.));
#1401 = CARTESIAN_POINT('',(4.893940480459,1.597131588383,0.));
#1402 = CARTESIAN_POINT('',(5.026532807458,1.389386877017,0.));
#1403 = ORIENTED_EDGE('',*,*,#1404,.F.);
#1404 = EDGE_CURVE('',#1405,#1397,#1407,.T.);
#1405 = VERTEX_POINT('',#1406);
#1406 = CARTESIAN_POINT('',(4.248476156328,1.397992111868,0.));
#1407 = B_SPLINE_CURVE_WITH_KNOTS('',2,(#1408,#1409,#1410),
  .UNSPECIFIED.,.F.,.F.,(3,3),(0.,1.),.PIECEWISE_BEZIER_KNOTS.);
#1408 = CARTESIAN_POINT('',(4.248476156328,1.397992111868,0.));
#1409 = CARTESIAN_POINT('',(4.376263893869,1.597131588383,0.));
#1410 = CARTESIAN_POINT('',(4.638365005378,1.597131588383,0.));
#1411 = ORIENTED_EDGE('',*,*,#1412,.F.);
#1412 = EDGE_CURVE('',#1413,#1405,#1415,.T.);
#1413 = VERTEX_POINT('',#1414);
#1414 = CARTESIAN_POINT('',(4.120688418788,0.787665830047,0.));
#1415 = B_SPLINE_CURVE_WITH_KNOTS('',2,(#1416,#1417,#1418),
  .UNSPECIFIED.,.F.,.F.,(3,3),(0.,1.),.PIECEWISE_BEZIER_KNOTS.);
#1416 = CARTESIAN_POINT('',(4.120688418788,0.787665830047,0.));
#1417 = CARTESIAN_POINT('',(4.120688418788,1.198852635353,0.));
#1418 = CARTESIAN_POINT('',(4.248476156328,1.397992111868,0.));
#1419 = ORIENTED_EDGE('',*,*,#1420,.F.);
#1420 = EDGE_CURVE('',#1421,#1413,#1423,.T.);
#1421 = VERTEX_POINT('',#1422);
#1422 = CARTESIAN_POINT('',(4.252778773754,0.18314808175,0.));
#1423 = B_SPLINE_CURVE_WITH_KNOTS('',2,(#1424,#1425,#1426),
  .UNSPECIFIED.,.F.,.F.,(3,3),(0.,1.),.PIECEWISE_BEZIER_KNOTS.);
#1424 = CARTESIAN_POINT('',(4.252778773754,0.18314808175,0.));
#1425 = CARTESIAN_POINT('',(4.120688418788,0.389315166726,0.));
#1426 = CARTESIAN_POINT('',(4.120688418788,0.787665830047,0.));
#1427 = ORIENTED_EDGE('',*,*,#1428,.F.);
#1428 = EDGE_CURVE('',#1429,#1421,#1431,.T.);
#1429 = VERTEX_POINT('',#1430);
#1430 = CARTESIAN_POINT('',(4.638365005378,-2.294729293654E-02,0.));
#1431 = B_SPLINE_CURVE_WITH_KNOTS('',2,(#1432,#1433,#1434),
  .UNSPECIFIED.,.F.,.F.,(3,3),(0.,1.),.PIECEWISE_BEZIER_KNOTS.);
#1432 = CARTESIAN_POINT('',(4.638365005378,-2.294729293654E-02,0.));
#1433 = CARTESIAN_POINT('',(4.38486912872,-2.294729293654E-02,0.));
#1434 = CARTESIAN_POINT('',(4.252778773754,0.18314808175,0.));
#1435 = ORIENTED_EDGE('',*,*,#1436,.F.);
#1436 = EDGE_CURVE('',#1381,#1429,#1437,.T.);
#1437 = B_SPLINE_CURVE_WITH_KNOTS('',2,(#1438,#1439,#1440),
  .UNSPECIFIED.,.F.,.F.,(3,3),(0.,1.),.PIECEWISE_BEZIER_KNOTS.);
#1438 = CARTESIAN_POINT('',(5.030835424883,0.178343492291,0.));
#1439 = CARTESIAN_POINT('',(4.90254571531,-2.294729293654E-02,0.));
#1440 = CARTESIAN_POINT('',(4.638365005378,-2.294729293654E-02,0.));
#1441 = FACE_BOUND('',#1442,.T.);
#1442 = EDGE_LOOP('',(#1443,#1453,#1461,#1469,#1477,#1485,#1493,#1501));
#1443 = ORIENTED_EDGE('',*,*,#1444,.F.);
#1444 = EDGE_CURVE('',#1445,#1447,#1449,.T.);
#1445 = VERTEX_POINT('',#1446);
#1446 = CARTESIAN_POINT('',(4.301398350663,0.787665830047,0.));
#1447 = VERTEX_POINT('',#1448);
#1448 = CARTESIAN_POINT('',(4.381857296522,0.287486554321,0.));
#1449 = B_SPLINE_CURVE_WITH_KNOTS('',2,(#1450,#1451,#1452),
  .UNSPECIFIED.,.F.,.F.,(3,3),(0.,1.),.PIECEWISE_BEZIER_KNOTS.);
#1450 = CARTESIAN_POINT('',(4.301398350663,0.787665830047,0.));
#1451 = CARTESIAN_POINT('',(4.301398350663,0.444173538903,0.));
#1452 = CARTESIAN_POINT('',(4.381857296522,0.287486554321,0.));
#1453 = ORIENTED_EDGE('',*,*,#1454,.F.);
#1454 = EDGE_CURVE('',#1455,#1445,#1457,.T.);
#1455 = VERTEX_POINT('',#1456);
#1456 = CARTESIAN_POINT('',(4.381857296522,1.286626030835,0.));
#1457 = B_SPLINE_CURVE_WITH_KNOTS('',2,(#1458,#1459,#1460),
  .UNSPECIFIED.,.F.,.F.,(3,3),(0.,1.),.PIECEWISE_BEZIER_KNOTS.);
#1458 = CARTESIAN_POINT('',(4.381857296522,1.286626030835,0.));
#1459 = CARTESIAN_POINT('',(4.301398350663,1.1310864109,0.));
#1460 = CARTESIAN_POINT('',(4.301398350663,0.787665830047,0.));
#1461 = ORIENTED_EDGE('',*,*,#1462,.F.);
#1462 = EDGE_CURVE('',#1463,#1455,#1465,.T.);
#1463 = VERTEX_POINT('',#1464);
#1464 = CARTESIAN_POINT('',(4.638365005378,1.442237361061,0.));
#1465 = B_SPLINE_CURVE_WITH_KNOTS('',2,(#1466,#1467,#1468),
  .UNSPECIFIED.,.F.,.F.,(3,3),(0.,1.),.PIECEWISE_BEZIER_KNOTS.);
#1466 = CARTESIAN_POINT('',(4.638365005378,1.442237361061,0.));
#1467 = CARTESIAN_POINT('',(4.462387952671,1.442237361061,0.));
#1468 = CARTESIAN_POINT('',(4.381857296522,1.286626030835,0.));
#1469 = ORIENTED_EDGE('',*,*,#1470,.F.);
#1470 = EDGE_CURVE('',#1471,#1463,#1473,.T.);
#1471 = VERTEX_POINT('',#1472);
#1472 = CARTESIAN_POINT('',(4.896378630333,1.284474722123,0.));
#1473 = B_SPLINE_CURVE_WITH_KNOTS('',2,(#1474,#1475,#1476),
  .UNSPECIFIED.,.F.,.F.,(3,3),(0.,1.),.PIECEWISE_BEZIER_KNOTS.);
#1474 = CARTESIAN_POINT('',(4.896378630333,1.284474722123,0.));
#1475 = CARTESIAN_POINT('',(4.816421656508,1.442237361061,0.));
#1476 = CARTESIAN_POINT('',(4.638365005378,1.442237361061,0.));
#1477 = ORIENTED_EDGE('',*,*,#1478,.F.);
#1478 = EDGE_CURVE('',#1479,#1471,#1481,.T.);
#1479 = VERTEX_POINT('',#1480);
#1480 = CARTESIAN_POINT('',(4.976335604159,0.787665830047,0.));
#1481 = B_SPLINE_CURVE_WITH_KNOTS('',2,(#1482,#1483,#1484),
  .UNSPECIFIED.,.F.,.F.,(3,3),(0.,1.),.PIECEWISE_BEZIER_KNOTS.);
#1482 = CARTESIAN_POINT('',(4.976335604159,0.787665830047,0.));
#1483 = CARTESIAN_POINT('',(4.976335604159,1.126783793474,0.));
#1484 = CARTESIAN_POINT('',(4.896378630333,1.284474722123,0.));
#1485 = ORIENTED_EDGE('',*,*,#1486,.F.);
#1486 = EDGE_CURVE('',#1487,#1479,#1489,.T.);
#1487 = VERTEX_POINT('',#1488);
#1488 = CARTESIAN_POINT('',(4.896378630333,0.289637863033,0.));
#1489 = B_SPLINE_CURVE_WITH_KNOTS('',2,(#1490,#1491,#1492),
  .UNSPECIFIED.,.F.,.F.,(3,3),(0.,1.),.PIECEWISE_BEZIER_KNOTS.);
#1490 = CARTESIAN_POINT('',(4.896378630333,0.289637863033,0.));
#1491 = CARTESIAN_POINT('',(4.976335604159,0.448476156328,0.));
#1492 = CARTESIAN_POINT('',(4.976335604159,0.787665830047,0.));
#1493 = ORIENTED_EDGE('',*,*,#1494,.F.);
#1494 = EDGE_CURVE('',#1495,#1487,#1497,.T.);
#1495 = VERTEX_POINT('',#1496);
#1496 = CARTESIAN_POINT('',(4.638365005378,0.130871280029,0.));
#1497 = B_SPLINE_CURVE_WITH_KNOTS('',2,(#1498,#1499,#1500),
  .UNSPECIFIED.,.F.,.F.,(3,3),(0.,1.),.PIECEWISE_BEZIER_KNOTS.);
#1498 = CARTESIAN_POINT('',(4.638365005378,0.130871280029,0.));
#1499 = CARTESIAN_POINT('',(4.816421656508,0.130871280029,0.));
#1500 = CARTESIAN_POINT('',(4.896378630333,0.289637863033,0.));
#1501 = ORIENTED_EDGE('',*,*,#1502,.F.);
#1502 = EDGE_CURVE('',#1447,#1495,#1503,.T.);
#1503 = B_SPLINE_CURVE_WITH_KNOTS('',2,(#1504,#1505,#1506),
  .UNSPECIFIED.,.F.,.F.,(3,3),(0.,1.),.PIECEWISE_BEZIER_KNOTS.);
#1504 = CARTESIAN_POINT('',(4.381857296522,0.287486554321,0.));
#1505 = CARTESIAN_POINT('',(4.462387952671,0.130871280029,0.));
#1506 = CARTESIAN_POINT('',(4.638365005378,0.130871280029,0.));
#1507 = PLANE('',#1508);
#1508 = AXIS2_PLACEMENT_3D('',#1509,#1510,#1511);
#1509 = CARTESIAN_POINT('',(4.639114012638,0.78696791111,0.));
#1510 = DIRECTION('',(0.,0.,1.));
#1511 = DIRECTION('',(1.,0.,-0.));
#1512 = SHELL_BASED_SURFACE_MODEL('',(#1513));
#1513 = OPEN_SHELL('',(#1514));
#1514 = ADVANCED_FACE('',(#1515),#1741,.T.);
#1515 = FACE_BOUND('',#1516,.T.);
#1516 = EDGE_LOOP('',(#1517,#1527,#1535,#1543,#1551,#1559,#1567,#1575,
    #1583,#1591,#1599,#1607,#1615,#1623,#1631,#1639,#1647,#1655,#1663,
    #1671,#1679,#1687,#1695,#1703,#1711,#1719,#1727,#1735));
#1517 = ORIENTED_EDGE('',*,*,#1518,.F.);
#1518 = EDGE_CURVE('',#1519,#1521,#1523,.T.);
#1519 = VERTEX_POINT('',#1520);
#1520 = CARTESIAN_POINT('',(6.349013983507,1.203944065973,0.));
#1521 = VERTEX_POINT('',#1522);
#1522 = CARTESIAN_POINT('',(6.264682681965,0.957260666906,0.));
#1523 = B_SPLINE_CURVE_WITH_KNOTS('',2,(#1524,#1525,#1526),
  .UNSPECIFIED.,.F.,.F.,(3,3),(0.,1.),.PIECEWISE_BEZIER_KNOTS.);
#1524 = CARTESIAN_POINT('',(6.349013983507,1.203944065973,0.));
#1525 = CARTESIAN_POINT('',(6.349013983507,1.053137325206,0.));
#1526 = CARTESIAN_POINT('',(6.264682681965,0.957260666906,0.));
#1527 = ORIENTED_EDGE('',*,*,#1528,.F.);
#1528 = EDGE_CURVE('',#1529,#1519,#1531,.T.);
#1529 = VERTEX_POINT('',#1530);
#1530 = CARTESIAN_POINT('',(6.222301900323,1.492076012908,0.));
#1531 = B_SPLINE_CURVE_WITH_KNOTS('',2,(#1532,#1533,#1534),
  .UNSPECIFIED.,.F.,.F.,(3,3),(0.,1.),.PIECEWISE_BEZIER_KNOTS.);
#1532 = CARTESIAN_POINT('',(6.222301900323,1.492076012908,0.));
#1533 = CARTESIAN_POINT('',(6.349013983507,1.387092147723,0.));
#1534 = CARTESIAN_POINT('',(6.349013983507,1.203944065973,0.));
#1535 = ORIENTED_EDGE('',*,*,#1536,.F.);
#1536 = EDGE_CURVE('',#1537,#1529,#1539,.T.);
#1537 = VERTEX_POINT('',#1538);
#1538 = CARTESIAN_POINT('',(5.866833990678,1.597131588383,0.));
#1539 = B_SPLINE_CURVE_WITH_KNOTS('',2,(#1540,#1541,#1542),
  .UNSPECIFIED.,.F.,.F.,(3,3),(0.,1.),.PIECEWISE_BEZIER_KNOTS.);
#1540 = CARTESIAN_POINT('',(5.866833990678,1.597131588383,0.));
#1541 = CARTESIAN_POINT('',(6.095589817139,1.597131588383,0.));
#1542 = CARTESIAN_POINT('',(6.222301900323,1.492076012908,0.));
#1543 = ORIENTED_EDGE('',*,*,#1544,.F.);
#1544 = EDGE_CURVE('',#1545,#1537,#1547,.T.);
#1545 = VERTEX_POINT('',#1546);
#1546 = CARTESIAN_POINT('',(5.601003944066,1.553531731804,0.));
#1547 = B_SPLINE_CURVE_WITH_KNOTS('',2,(#1548,#1549,#1550),
  .UNSPECIFIED.,.F.,.F.,(3,3),(0.,1.),.PIECEWISE_BEZIER_KNOTS.);
#1548 = CARTESIAN_POINT('',(5.601003944066,1.553531731804,0.));
#1549 = CARTESIAN_POINT('',(5.727214055217,1.597131588383,0.));
#1550 = CARTESIAN_POINT('',(5.866833990678,1.597131588383,0.));
#1551 = ORIENTED_EDGE('',*,*,#1552,.F.);
#1552 = EDGE_CURVE('',#1553,#1545,#1555,.T.);
#1553 = VERTEX_POINT('',#1554);
#1554 = CARTESIAN_POINT('',(5.37820007171,1.43363212621,0.));
#1555 = B_SPLINE_CURVE_WITH_KNOTS('',2,(#1556,#1557,#1558),
  .UNSPECIFIED.,.F.,.F.,(3,3),(0.,1.),.PIECEWISE_BEZIER_KNOTS.);
#1556 = CARTESIAN_POINT('',(5.37820007171,1.43363212621,0.));
#1557 = CARTESIAN_POINT('',(5.474865543205,1.510003585515,0.));
#1558 = CARTESIAN_POINT('',(5.601003944066,1.553531731804,0.));
#1559 = ORIENTED_EDGE('',*,*,#1560,.F.);
#1560 = EDGE_CURVE('',#1561,#1553,#1563,.T.);
#1561 = VERTEX_POINT('',#1562);
#1562 = CARTESIAN_POINT('',(5.468339906777,1.313158838293,0.));
#1563 = LINE('',#1564,#1565);
#1564 = CARTESIAN_POINT('',(5.468339906777,1.313158838293,0.));
#1565 = VECTOR('',#1566,1.);
#1566 = DIRECTION('',(-0.59908453803,0.800685778751,0.));
#1567 = ORIENTED_EDGE('',*,*,#1568,.F.);
#1568 = EDGE_CURVE('',#1569,#1561,#1571,.T.);
#1569 = VERTEX_POINT('',#1570);
#1570 = CARTESIAN_POINT('',(5.676586590176,1.416421656508,0.));
#1571 = B_SPLINE_CURVE_WITH_KNOTS('',2,(#1572,#1573,#1574),
  .UNSPECIFIED.,.F.,.F.,(3,3),(0.,1.),.PIECEWISE_BEZIER_KNOTS.);
#1572 = CARTESIAN_POINT('',(5.676586590176,1.416421656508,0.));
#1573 = CARTESIAN_POINT('',(5.585371100753,1.388454643241,0.));
#1574 = CARTESIAN_POINT('',(5.468339906777,1.313158838293,0.));
#1575 = ORIENTED_EDGE('',*,*,#1576,.F.);
#1576 = EDGE_CURVE('',#1577,#1569,#1579,.T.);
#1577 = VERTEX_POINT('',#1578);
#1578 = CARTESIAN_POINT('',(5.870921477232,1.444388669774,0.));
#1579 = B_SPLINE_CURVE_WITH_KNOTS('',2,(#1580,#1581,#1582),
  .UNSPECIFIED.,.F.,.F.,(3,3),(0.,1.),.PIECEWISE_BEZIER_KNOTS.);
#1580 = CARTESIAN_POINT('',(5.870921477232,1.444388669774,0.));
#1581 = CARTESIAN_POINT('',(5.767873789889,1.444388669774,0.));
#1582 = CARTESIAN_POINT('',(5.676586590176,1.416421656508,0.));
#1583 = ORIENTED_EDGE('',*,*,#1584,.F.);
#1584 = EDGE_CURVE('',#1585,#1577,#1587,.T.);
#1585 = VERTEX_POINT('',#1586);
#1586 = CARTESIAN_POINT('',(6.085048404446,1.378630333453,0.));
#1587 = B_SPLINE_CURVE_WITH_KNOTS('',2,(#1588,#1589,#1590),
  .UNSPECIFIED.,.F.,.F.,(3,3),(0.,1.),.PIECEWISE_BEZIER_KNOTS.);
#1588 = CARTESIAN_POINT('',(6.085048404446,1.378630333453,0.));
#1589 = CARTESIAN_POINT('',(6.006167084977,1.444388669774,0.));
#1590 = CARTESIAN_POINT('',(5.870921477232,1.444388669774,0.));
#1591 = ORIENTED_EDGE('',*,*,#1592,.F.);
#1592 = EDGE_CURVE('',#1593,#1585,#1595,.T.);
#1593 = VERTEX_POINT('',#1594);
#1594 = CARTESIAN_POINT('',(6.164001434206,1.197561850125,0.));
#1595 = B_SPLINE_CURVE_WITH_KNOTS('',2,(#1596,#1597,#1598),
  .UNSPECIFIED.,.F.,.F.,(3,3),(0.,1.),.PIECEWISE_BEZIER_KNOTS.);
#1596 = CARTESIAN_POINT('',(6.164001434206,1.197561850125,0.));
#1597 = CARTESIAN_POINT('',(6.164001434206,1.312871997132,0.));
#1598 = CARTESIAN_POINT('',(6.085048404446,1.378630333453,0.));
#1599 = ORIENTED_EDGE('',*,*,#1600,.F.);
#1600 = EDGE_CURVE('',#1601,#1593,#1603,.T.);
#1601 = VERTEX_POINT('',#1602);
#1602 = CARTESIAN_POINT('',(6.056651129437,0.971746145572,0.));
#1603 = B_SPLINE_CURVE_WITH_KNOTS('',2,(#1604,#1605,#1606),
  .UNSPECIFIED.,.F.,.F.,(3,3),(0.,1.),.PIECEWISE_BEZIER_KNOTS.);
#1604 = CARTESIAN_POINT('',(6.056651129437,0.971746145572,0.));
#1605 = CARTESIAN_POINT('',(6.164001434206,1.053137325206,0.));
#1606 = CARTESIAN_POINT('',(6.164001434206,1.197561850125,0.));
#1607 = ORIENTED_EDGE('',*,*,#1608,.F.);
#1608 = EDGE_CURVE('',#1609,#1601,#1611,.T.);
#1609 = VERTEX_POINT('',#1610);
#1610 = CARTESIAN_POINT('',(5.765794191466,0.890354965938,0.));
#1611 = B_SPLINE_CURVE_WITH_KNOTS('',2,(#1612,#1613,#1614),
  .UNSPECIFIED.,.F.,.F.,(3,3),(0.,1.),.PIECEWISE_BEZIER_KNOTS.);
#1612 = CARTESIAN_POINT('',(5.765794191466,0.890354965938,0.));
#1613 = CARTESIAN_POINT('',(5.949372534959,0.890354965938,0.));
#1614 = CARTESIAN_POINT('',(6.056651129437,0.971746145572,0.));
#1615 = ORIENTED_EDGE('',*,*,#1616,.F.);
#1616 = EDGE_CURVE('',#1617,#1609,#1619,.T.);
#1617 = VERTEX_POINT('',#1618);
#1618 = CARTESIAN_POINT('',(5.609107206884,0.890354965938,0.));
#1619 = LINE('',#1620,#1621);
#1620 = CARTESIAN_POINT('',(5.609107206884,0.890354965938,0.));
#1621 = VECTOR('',#1622,1.);
#1622 = DIRECTION('',(1.,0.,0.));
#1623 = ORIENTED_EDGE('',*,*,#1624,.F.);
#1624 = EDGE_CURVE('',#1625,#1617,#1627,.T.);
#1625 = VERTEX_POINT('',#1626);
#1626 = CARTESIAN_POINT('',(5.609107206884,0.736536392972,0.));
#1627 = LINE('',#1628,#1629);
#1628 = CARTESIAN_POINT('',(5.609107206884,0.736536392972,0.));
#1629 = VECTOR('',#1630,1.);
#1630 = DIRECTION('',(0.,1.,0.));
#1631 = ORIENTED_EDGE('',*,*,#1632,.F.);
#1632 = EDGE_CURVE('',#1633,#1625,#1635,.T.);
#1633 = VERTEX_POINT('',#1634);
#1634 = CARTESIAN_POINT('',(5.763642882754,0.736536392972,0.));
#1635 = LINE('',#1636,#1637);
#1636 = CARTESIAN_POINT('',(5.763642882754,0.736536392972,0.));
#1637 = VECTOR('',#1638,1.);
#1638 = DIRECTION('',(-1.,0.,0.));
#1639 = ORIENTED_EDGE('',*,*,#1640,.F.);
#1640 = EDGE_CURVE('',#1641,#1633,#1643,.T.);
#1641 = VERTEX_POINT('',#1642);
#1642 = CARTESIAN_POINT('',(6.212334169953,0.449336679814,0.));
#1643 = B_SPLINE_CURVE_WITH_KNOTS('',2,(#1644,#1645,#1646),
  .UNSPECIFIED.,.F.,.F.,(3,3),(0.,1.),.PIECEWISE_BEZIER_KNOTS.);
#1644 = CARTESIAN_POINT('',(6.212334169953,0.449336679814,0.));
#1645 = CARTESIAN_POINT('',(6.212334169953,0.736536392972,0.));
#1646 = CARTESIAN_POINT('',(5.763642882754,0.736536392972,0.));
#1647 = ORIENTED_EDGE('',*,*,#1648,.F.);
#1648 = EDGE_CURVE('',#1649,#1641,#1651,.T.);
#1649 = VERTEX_POINT('',#1650);
#1650 = CARTESIAN_POINT('',(5.805521692363,0.128719971316,0.));
#1651 = B_SPLINE_CURVE_WITH_KNOTS('',2,(#1652,#1653,#1654),
  .UNSPECIFIED.,.F.,.F.,(3,3),(0.,1.),.PIECEWISE_BEZIER_KNOTS.);
#1652 = CARTESIAN_POINT('',(5.805521692363,0.128719971316,0.));
#1653 = CARTESIAN_POINT('',(6.212334169953,0.128719971316,0.));
#1654 = CARTESIAN_POINT('',(6.212334169953,0.449336679814,0.));
#1655 = ORIENTED_EDGE('',*,*,#1656,.F.);
#1656 = EDGE_CURVE('',#1657,#1649,#1659,.T.);
#1657 = VERTEX_POINT('',#1658);
#1658 = CARTESIAN_POINT('',(5.587020437433,0.155037647902,0.));
#1659 = B_SPLINE_CURVE_WITH_KNOTS('',2,(#1660,#1661,#1662),
  .UNSPECIFIED.,.F.,.F.,(3,3),(0.,1.),.PIECEWISE_BEZIER_KNOTS.);
#1660 = CARTESIAN_POINT('',(5.587020437433,0.155037647902,0.));
#1661 = CARTESIAN_POINT('',(5.70247400502,0.128719971316,0.));
#1662 = CARTESIAN_POINT('',(5.805521692363,0.128719971316,0.));
#1663 = ORIENTED_EDGE('',*,*,#1664,.F.);
#1664 = EDGE_CURVE('',#1665,#1657,#1667,.T.);
#1665 = VERTEX_POINT('',#1666);
#1666 = CARTESIAN_POINT('',(5.36966654715,0.23198278953,0.));
#1667 = B_SPLINE_CURVE_WITH_KNOTS('',2,(#1668,#1669,#1670),
  .UNSPECIFIED.,.F.,.F.,(3,3),(0.,1.),.PIECEWISE_BEZIER_KNOTS.);
#1668 = CARTESIAN_POINT('',(5.36966654715,0.23198278953,0.));
#1669 = CARTESIAN_POINT('',(5.471638580136,0.181427034779,0.));
#1670 = CARTESIAN_POINT('',(5.587020437433,0.155037647902,0.));
#1671 = ORIENTED_EDGE('',*,*,#1672,.F.);
#1672 = EDGE_CURVE('',#1673,#1665,#1675,.T.);
#1673 = VERTEX_POINT('',#1674);
#1674 = CARTESIAN_POINT('',(5.36966654715,6.202940121907E-02,0.));
#1675 = LINE('',#1676,#1677);
#1676 = CARTESIAN_POINT('',(5.36966654715,6.202940121907E-02,0.));
#1677 = VECTOR('',#1678,1.);
#1678 = DIRECTION('',(0.,1.,0.));
#1679 = ORIENTED_EDGE('',*,*,#1680,.F.);
#1680 = EDGE_CURVE('',#1681,#1673,#1683,.T.);
#1681 = VERTEX_POINT('',#1682);
#1682 = CARTESIAN_POINT('',(5.571029042668,-4.087486554321E-03,0.));
#1683 = B_SPLINE_CURVE_WITH_KNOTS('',2,(#1684,#1685,#1686),
  .UNSPECIFIED.,.F.,.F.,(3,3),(0.,1.),.PIECEWISE_BEZIER_KNOTS.);
#1684 = CARTESIAN_POINT('',(5.571029042668,-4.087486554321E-03,0.));
#1685 = CARTESIAN_POINT('',(5.467407673001,1.470060953747E-02,0.));
#1686 = CARTESIAN_POINT('',(5.36966654715,6.202940121907E-02,0.));
#1687 = ORIENTED_EDGE('',*,*,#1688,.F.);
#1688 = EDGE_CURVE('',#1689,#1681,#1691,.T.);
#1689 = VERTEX_POINT('',#1690);
#1690 = CARTESIAN_POINT('',(5.799211186805,-2.294729293654E-02,0.));
#1691 = B_SPLINE_CURVE_WITH_KNOTS('',2,(#1692,#1693,#1694),
  .UNSPECIFIED.,.F.,.F.,(3,3),(0.,1.),.PIECEWISE_BEZIER_KNOTS.);
#1692 = CARTESIAN_POINT('',(5.799211186805,-2.294729293654E-02,0.));
#1693 = CARTESIAN_POINT('',(5.674650412334,-2.294729293654E-02,0.));
#1694 = CARTESIAN_POINT('',(5.571029042668,-4.087486554321E-03,0.));
#1695 = ORIENTED_EDGE('',*,*,#1696,.F.);
#1696 = EDGE_CURVE('',#1697,#1689,#1699,.T.);
#1697 = VERTEX_POINT('',#1698);
#1698 = CARTESIAN_POINT('',(6.241591968447,9.83865184654E-02,0.));
#1699 = B_SPLINE_CURVE_WITH_KNOTS('',2,(#1700,#1701,#1702),
  .UNSPECIFIED.,.F.,.F.,(3,3),(0.,1.),.PIECEWISE_BEZIER_KNOTS.);
#1700 = CARTESIAN_POINT('',(6.241591968447,9.83865184654E-02,0.));
#1701 = CARTESIAN_POINT('',(6.085908927931,-2.294729293654E-02,0.));
#1702 = CARTESIAN_POINT('',(5.799211186805,-2.294729293654E-02,0.));
#1703 = ORIENTED_EDGE('',*,*,#1704,.F.);
#1704 = EDGE_CURVE('',#1705,#1697,#1707,.T.);
#1705 = VERTEX_POINT('',#1706);
#1706 = CARTESIAN_POINT('',(6.397346719254,0.445105772678,0.));
#1707 = B_SPLINE_CURVE_WITH_KNOTS('',2,(#1708,#1709,#1710),
  .UNSPECIFIED.,.F.,.F.,(3,3),(0.,1.),.PIECEWISE_BEZIER_KNOTS.);
#1708 = CARTESIAN_POINT('',(6.397346719254,0.445105772678,0.));
#1709 = CARTESIAN_POINT('',(6.397346719254,0.219720329867,0.));
#1710 = CARTESIAN_POINT('',(6.241591968447,9.83865184654E-02,0.));
#1711 = ORIENTED_EDGE('',*,*,#1712,.F.);
#1712 = EDGE_CURVE('',#1713,#1705,#1715,.T.);
#1713 = VERTEX_POINT('',#1714);
#1714 = CARTESIAN_POINT('',(6.306059519541,0.699605593403,0.));
#1715 = B_SPLINE_CURVE_WITH_KNOTS('',2,(#1716,#1717,#1718),
  .UNSPECIFIED.,.F.,.F.,(3,3),(0.,1.),.PIECEWISE_BEZIER_KNOTS.);
#1716 = CARTESIAN_POINT('',(6.306059519541,0.699605593403,0.));
#1717 = CARTESIAN_POINT('',(6.397346719254,0.602581570455,0.));
#1718 = CARTESIAN_POINT('',(6.397346719254,0.445105772678,0.));
#1719 = ORIENTED_EDGE('',*,*,#1720,.F.);
#1720 = EDGE_CURVE('',#1721,#1713,#1723,.T.);
#1721 = VERTEX_POINT('',#1722);
#1722 = CARTESIAN_POINT('',(6.025815704554,0.820437432772,0.));
#1723 = B_SPLINE_CURVE_WITH_KNOTS('',2,(#1724,#1725,#1726),
  .UNSPECIFIED.,.F.,.F.,(3,3),(0.,1.),.PIECEWISE_BEZIER_KNOTS.);
#1724 = CARTESIAN_POINT('',(6.025815704554,0.820437432772,0.));
#1725 = CARTESIAN_POINT('',(6.214772319828,0.79670132664,0.));
#1726 = CARTESIAN_POINT('',(6.306059519541,0.699605593403,0.));
#1727 = ORIENTED_EDGE('',*,*,#1728,.F.);
#1728 = EDGE_CURVE('',#1729,#1721,#1731,.T.);
#1729 = VERTEX_POINT('',#1730);
#1730 = CARTESIAN_POINT('',(6.025815704554,0.829042667623,0.));
#1731 = LINE('',#1732,#1733);
#1732 = CARTESIAN_POINT('',(6.025815704554,0.829042667623,0.));
#1733 = VECTOR('',#1734,1.);
#1734 = DIRECTION('',(0.,-1.,0.));
#1735 = ORIENTED_EDGE('',*,*,#1736,.F.);
#1736 = EDGE_CURVE('',#1521,#1729,#1737,.T.);
#1737 = B_SPLINE_CURVE_WITH_KNOTS('',2,(#1738,#1739,#1740),
  .UNSPECIFIED.,.F.,.F.,(3,3),(0.,1.),.PIECEWISE_BEZIER_KNOTS.);
#1738 = CARTESIAN_POINT('',(6.264682681965,0.957260666906,0.));
#1739 = CARTESIAN_POINT('',(6.180423090714,0.861384008605,0.));
#1740 = CARTESIAN_POINT('',(6.025815704554,0.829042667623,0.));
#1741 = PLANE('',#1742);
#1742 = AXIS2_PLACEMENT_3D('',#1743,#1744,#1745);
#1743 = CARTESIAN_POINT('',(5.938790772754,0.778869381237,0.));
#1744 = DIRECTION('',(0.,0.,1.));
#1745 = DIRECTION('',(1.,0.,-0.));
#1746 = SHELL_BASED_SURFACE_MODEL('',(#1747));
#1747 = OPEN_SHELL('',(#1748));
#1748 = ADVANCED_FACE('',(#1749),#1911,.T.);
#1749 = FACE_BOUND('',#1750,.T.);
#1750 = EDGE_LOOP('',(#1751,#1761,#1769,#1777,#1785,#1793,#1801,#1809,
    #1817,#1825,#1833,#1841,#1849,#1857,#1865,#1873,#1881,#1889,#1897,
    #1905));
#1751 = ORIENTED_EDGE('',*,*,#1752,.F.);
#1752 = EDGE_CURVE('',#1753,#1755,#1757,.T.);
#1753 = VERTEX_POINT('',#1754);
#1754 = CARTESIAN_POINT('',(7.66561491574,0.,0.));
#1755 = VERTEX_POINT('',#1756);
#1756 = CARTESIAN_POINT('',(6.63363212621,0.,0.));
#1757 = LINE('',#1758,#1759);
#1758 = CARTESIAN_POINT('',(7.66561491574,0.,0.));
#1759 = VECTOR('',#1760,1.);
#1760 = DIRECTION('',(-1.,0.,0.));
#1761 = ORIENTED_EDGE('',*,*,#1762,.F.);
#1762 = EDGE_CURVE('',#1763,#1753,#1765,.T.);
#1763 = VERTEX_POINT('',#1764);
#1764 = CARTESIAN_POINT('',(7.66561491574,0.165650770886,0.));
#1765 = LINE('',#1766,#1767);
#1766 = CARTESIAN_POINT('',(7.66561491574,0.165650770886,0.));
#1767 = VECTOR('',#1768,1.);
#1768 = DIRECTION('',(0.,-1.,0.));
#1769 = ORIENTED_EDGE('',*,*,#1770,.F.);
#1770 = EDGE_CURVE('',#1771,#1763,#1773,.T.);
#1771 = VERTEX_POINT('',#1772);
#1772 = CARTESIAN_POINT('',(6.858443886698,0.165650770886,0.));
#1773 = LINE('',#1774,#1775);
#1774 = CARTESIAN_POINT('',(6.858443886698,0.165650770886,0.));
#1775 = VECTOR('',#1776,1.);
#1776 = DIRECTION('',(1.,0.,0.));
#1777 = ORIENTED_EDGE('',*,*,#1778,.F.);
#1778 = EDGE_CURVE('',#1779,#1771,#1781,.T.);
#1779 = VERTEX_POINT('',#1780);
#1780 = CARTESIAN_POINT('',(6.858443886698,0.174256005737,0.));
#1781 = LINE('',#1782,#1783);
#1782 = CARTESIAN_POINT('',(6.858443886698,0.174256005737,0.));
#1783 = VECTOR('',#1784,1.);
#1784 = DIRECTION('',(0.,-1.,0.));
#1785 = ORIENTED_EDGE('',*,*,#1786,.F.);
#1786 = EDGE_CURVE('',#1787,#1779,#1789,.T.);
#1787 = VERTEX_POINT('',#1788);
#1788 = CARTESIAN_POINT('',(7.201864467551,0.511437791323,0.));
#1789 = LINE('',#1790,#1791);
#1790 = CARTESIAN_POINT('',(7.201864467551,0.511437791323,0.));
#1791 = VECTOR('',#1792,1.);
#1792 = DIRECTION('',(-0.713558553096,-0.700595597548,0.));
#1793 = ORIENTED_EDGE('',*,*,#1794,.F.);
#1794 = EDGE_CURVE('',#1795,#1787,#1797,.T.);
#1795 = VERTEX_POINT('',#1796);
#1796 = CARTESIAN_POINT('',(7.515238436716,0.881893151667,0.));
#1797 = B_SPLINE_CURVE_WITH_KNOTS('',2,(#1798,#1799,#1800),
  .UNSPECIFIED.,.F.,.F.,(3,3),(0.,1.),.PIECEWISE_BEZIER_KNOTS.);
#1798 = CARTESIAN_POINT('',(7.515238436716,0.881893151667,0.));
#1799 = CARTESIAN_POINT('',(7.431552527788,0.735460738616,0.));
#1800 = CARTESIAN_POINT('',(7.201864467551,0.511437791323,0.));
#1801 = ORIENTED_EDGE('',*,*,#1802,.F.);
#1802 = EDGE_CURVE('',#1803,#1795,#1805,.T.);
#1803 = VERTEX_POINT('',#1804);
#1804 = CARTESIAN_POINT('',(7.598996055934,1.17812836142,0.));
#1805 = B_SPLINE_CURVE_WITH_KNOTS('',2,(#1806,#1807,#1808),
  .UNSPECIFIED.,.F.,.F.,(3,3),(0.,1.),.PIECEWISE_BEZIER_KNOTS.);
#1806 = CARTESIAN_POINT('',(7.598996055934,1.17812836142,0.));
#1807 = CARTESIAN_POINT('',(7.598996055934,1.028397275009,0.));
#1808 = CARTESIAN_POINT('',(7.515238436716,0.881893151667,0.));
#1809 = ORIENTED_EDGE('',*,*,#1810,.F.);
#1810 = EDGE_CURVE('',#1811,#1803,#1813,.T.);
#1811 = VERTEX_POINT('',#1812);
#1812 = CARTESIAN_POINT('',(7.473359627106,1.483470778057,0.));
#1813 = B_SPLINE_CURVE_WITH_KNOTS('',2,(#1814,#1815,#1816),
  .UNSPECIFIED.,.F.,.F.,(3,3),(0.,1.),.PIECEWISE_BEZIER_KNOTS.);
#1814 = CARTESIAN_POINT('',(7.473359627106,1.483470778057,0.));
#1815 = CARTESIAN_POINT('',(7.598996055934,1.369881678021,0.));
#1816 = CARTESIAN_POINT('',(7.598996055934,1.17812836142,0.));
#1817 = ORIENTED_EDGE('',*,*,#1818,.F.);
#1818 = EDGE_CURVE('',#1819,#1811,#1821,.T.);
#1819 = VERTEX_POINT('',#1820);
#1820 = CARTESIAN_POINT('',(7.126496952313,1.597131588383,0.));
#1821 = B_SPLINE_CURVE_WITH_KNOTS('',2,(#1822,#1823,#1824),
  .UNSPECIFIED.,.F.,.F.,(3,3),(0.,1.),.PIECEWISE_BEZIER_KNOTS.);
#1822 = CARTESIAN_POINT('',(7.126496952313,1.597131588383,0.));
#1823 = CARTESIAN_POINT('',(7.347723198279,1.597131588383,0.));
#1824 = CARTESIAN_POINT('',(7.473359627106,1.483470778057,0.));
#1825 = ORIENTED_EDGE('',*,*,#1826,.F.);
#1826 = EDGE_CURVE('',#1827,#1819,#1829,.T.);
#1827 = VERTEX_POINT('',#1828);
#1828 = CARTESIAN_POINT('',(6.653997848691,1.416421656508,0.));
#1829 = B_SPLINE_CURVE_WITH_KNOTS('',2,(#1830,#1831,#1832),
  .UNSPECIFIED.,.F.,.F.,(3,3),(0.,1.),.PIECEWISE_BEZIER_KNOTS.);
#1830 = CARTESIAN_POINT('',(6.653997848691,1.416421656508,0.));
#1831 = CARTESIAN_POINT('',(6.870921477232,1.597131588383,0.));
#1832 = CARTESIAN_POINT('',(7.126496952313,1.597131588383,0.));
#1833 = ORIENTED_EDGE('',*,*,#1834,.F.);
#1834 = EDGE_CURVE('',#1835,#1827,#1837,.T.);
#1835 = VERTEX_POINT('',#1836);
#1836 = CARTESIAN_POINT('',(6.748440301183,1.294872714234,0.));
#1837 = LINE('',#1838,#1839);
#1838 = CARTESIAN_POINT('',(6.748440301183,1.294872714234,0.));
#1839 = VECTOR('',#1840,1.);
#1840 = DIRECTION('',(-0.61355350754,0.789653147518,0.));
#1841 = ORIENTED_EDGE('',*,*,#1842,.F.);
#1842 = EDGE_CURVE('',#1843,#1835,#1845,.T.);
#1843 = VERTEX_POINT('',#1844);
#1844 = CARTESIAN_POINT('',(6.943277160272,1.412119039082,0.));
#1845 = B_SPLINE_CURVE_WITH_KNOTS('',2,(#1846,#1847,#1848),
  .UNSPECIFIED.,.F.,.F.,(3,3),(0.,1.),.PIECEWISE_BEZIER_KNOTS.);
#1846 = CARTESIAN_POINT('',(6.943277160272,1.412119039082,0.));
#1847 = CARTESIAN_POINT('',(6.855790605952,1.37984940839,0.));
#1848 = CARTESIAN_POINT('',(6.748440301183,1.294872714234,0.));
#1849 = ORIENTED_EDGE('',*,*,#1850,.F.);
#1850 = EDGE_CURVE('',#1851,#1843,#1853,.T.);
#1851 = VERTEX_POINT('',#1852);
#1852 = CARTESIAN_POINT('',(7.128433130154,1.444388669774,0.));
#1853 = B_SPLINE_CURVE_WITH_KNOTS('',2,(#1854,#1855,#1856),
  .UNSPECIFIED.,.F.,.F.,(3,3),(0.,1.),.PIECEWISE_BEZIER_KNOTS.);
#1854 = CARTESIAN_POINT('',(7.128433130154,1.444388669774,0.));
#1855 = CARTESIAN_POINT('',(7.030763714593,1.444388669774,0.));
#1856 = CARTESIAN_POINT('',(6.943277160272,1.412119039082,0.));
#1857 = ORIENTED_EDGE('',*,*,#1858,.F.);
#1858 = EDGE_CURVE('',#1859,#1851,#1861,.T.);
#1859 = VERTEX_POINT('',#1860);
#1860 = CARTESIAN_POINT('',(7.339906776622,1.370598780925,0.));
#1861 = B_SPLINE_CURVE_WITH_KNOTS('',2,(#1862,#1863,#1864),
  .UNSPECIFIED.,.F.,.F.,(3,3),(0.,1.),.PIECEWISE_BEZIER_KNOTS.);
#1862 = CARTESIAN_POINT('',(7.339906776622,1.370598780925,0.));
#1863 = CARTESIAN_POINT('',(7.263678737899,1.444388669774,0.));
#1864 = CARTESIAN_POINT('',(7.128433130154,1.444388669774,0.));
#1865 = ORIENTED_EDGE('',*,*,#1866,.F.);
#1866 = EDGE_CURVE('',#1867,#1859,#1869,.T.);
#1867 = VERTEX_POINT('',#1868);
#1868 = CARTESIAN_POINT('',(7.416134815346,1.170813911796,0.));
#1869 = B_SPLINE_CURVE_WITH_KNOTS('',2,(#1870,#1871,#1872),
  .UNSPECIFIED.,.F.,.F.,(3,3),(0.,1.),.PIECEWISE_BEZIER_KNOTS.);
#1870 = CARTESIAN_POINT('',(7.416134815346,1.170813911796,0.));
#1871 = CARTESIAN_POINT('',(7.416134815346,1.296808892076,0.));
#1872 = CARTESIAN_POINT('',(7.339906776622,1.370598780925,0.));
#1873 = ORIENTED_EDGE('',*,*,#1874,.F.);
#1874 = EDGE_CURVE('',#1875,#1867,#1877,.T.);
#1875 = VERTEX_POINT('',#1876);
#1876 = CARTESIAN_POINT('',(7.386088203657,1.003800645393,0.));
#1877 = B_SPLINE_CURVE_WITH_KNOTS('',2,(#1878,#1879,#1880),
  .UNSPECIFIED.,.F.,.F.,(3,3),(0.,1.),.PIECEWISE_BEZIER_KNOTS.);
#1878 = CARTESIAN_POINT('',(7.386088203657,1.003800645393,0.));
#1879 = CARTESIAN_POINT('',(7.416134815346,1.081391179634,0.));
#1880 = CARTESIAN_POINT('',(7.416134815346,1.170813911796,0.));
#1881 = ORIENTED_EDGE('',*,*,#1882,.F.);
#1882 = EDGE_CURVE('',#1883,#1875,#1885,.T.);
#1883 = VERTEX_POINT('',#1884);
#1884 = CARTESIAN_POINT('',(7.2958766583,0.844388669774,0.));
#1885 = B_SPLINE_CURVE_WITH_KNOTS('',2,(#1886,#1887,#1888),
  .UNSPECIFIED.,.F.,.F.,(3,3),(0.,1.),.PIECEWISE_BEZIER_KNOTS.);
#1886 = CARTESIAN_POINT('',(7.2958766583,0.844388669774,0.));
#1887 = CARTESIAN_POINT('',(7.356041591968,0.926281821441,0.));
#1888 = CARTESIAN_POINT('',(7.386088203657,1.003800645393,0.));
#1889 = ORIENTED_EDGE('',*,*,#1890,.F.);
#1890 = EDGE_CURVE('',#1891,#1883,#1893,.T.);
#1891 = VERTEX_POINT('',#1892);
#1892 = CARTESIAN_POINT('',(7.046898529939,0.570885622087,0.));
#1893 = B_SPLINE_CURVE_WITH_KNOTS('',2,(#1894,#1895,#1896),
  .UNSPECIFIED.,.F.,.F.,(3,3),(0.,1.),.PIECEWISE_BEZIER_KNOTS.);
#1894 = CARTESIAN_POINT('',(7.046898529939,0.570885622087,0.));
#1895 = CARTESIAN_POINT('',(7.235783434923,0.762567228397,0.));
#1896 = CARTESIAN_POINT('',(7.2958766583,0.844388669774,0.));
#1897 = ORIENTED_EDGE('',*,*,#1898,.F.);
#1898 = EDGE_CURVE('',#1899,#1891,#1901,.T.);
#1899 = VERTEX_POINT('',#1900);
#1900 = CARTESIAN_POINT('',(6.63363212621,0.154033703837,0.));
#1901 = LINE('',#1902,#1903);
#1902 = CARTESIAN_POINT('',(6.63363212621,0.154033703837,0.));
#1903 = VECTOR('',#1904,1.);
#1904 = DIRECTION('',(0.704046020732,0.710154349907,0.));
#1905 = ORIENTED_EDGE('',*,*,#1906,.F.);
#1906 = EDGE_CURVE('',#1755,#1899,#1907,.T.);
#1907 = LINE('',#1908,#1909);
#1908 = CARTESIAN_POINT('',(6.63363212621,0.,0.));
#1909 = VECTOR('',#1910,1.);
#1910 = DIRECTION('',(0.,1.,0.));
#1911 = PLANE('',#1912);
#1912 = AXIS2_PLACEMENT_3D('',#1913,#1914,#1915);
#1913 = CARTESIAN_POINT('',(7.17047258285,0.716904288327,0.));
#1914 = DIRECTION('',(0.,0.,1.));
#1915 = DIRECTION('',(1.,0.,-0.));
#1916 = ( GEOMETRIC_REPRESENTATION_CONTEXT(3) 
GLOBAL_UNCERTAINTY_ASSIGNED_CONTEXT((#1920)) 
GLOBAL_UNIT_ASSIGNED_CONTEXT((#1917,#1918,#1919)) REPRESENTATION_CONTEXT
('Context #1','3D Context with UNIT and UNCERTAINTY') );
#1917 = ( LENGTH_UNIT() NAMED_UNIT(*) SI_UNIT(.MILLI.,.METRE.) );
#1918 = ( NAMED_UNIT(*) PLANE_ANGLE_UNIT() SI_UNIT($,.RADIAN.) );
#1919 = ( NAMED_UNIT(*) SI_UNIT($,.STERADIAN.) SOLID_ANGLE_UNIT() );
#1920 = UNCERTAINTY_MEASURE_WITH_UNIT(LENGTH_MEASURE(1.E-07),#1917,
  'distance_accuracy_value','confusion accuracy');
#1921 = CONTEXT_DEPENDENT_SHAPE_REPRESENTATION(#1922,#1924);
#1922 = ( REPRESENTATION_RELATIONSHIP('','',#915,#884) 
REPRESENTATION_RELATIONSHIP_WITH_TRANSFORMATION(#1923) 
SHAPE_REPRESENTATION_RELATIONSHIP() );
#1923 = ITEM_DEFINED_TRANSFORMATION('','',#11,#885);
#1924 = PRODUCT_DEFINITION_SHAPE('Placement','Placement of an item',
  #1925);
#1925 = NEXT_ASSEMBLY_USAGE_OCCURRENCE('4','=>[0:1:1:4]','',#879,#910,$
  );
#1926 = PRODUCT_RELATED_PRODUCT_CATEGORY('part',$,(#912));
#1927 = SHAPE_DEFINITION_REPRESENTATION(#1928,#1934);
#1928 = PRODUCT_DEFINITION_SHAPE('','',#1929);
#1929 = PRODUCT_DEFINITION('design','',#1930,#1933);
#1930 = PRODUCT_DEFINITION_FORMATION('','',#1931);
#1931 = PRODUCT('ShapeString001','ShapeString001','',(#1932));
#1932 = PRODUCT_CONTEXT('',#2,'mechanical');
#1933 = PRODUCT_DEFINITION_CONTEXT('part definition',#2,'design');
#1934 = MANIFOLD_SURFACE_SHAPE_REPRESENTATION('',(#11,#1935),#2041);
#1935 = SHELL_BASED_SURFACE_MODEL('',(#1936));
#1936 = OPEN_SHELL('',(#1937));
#1937 = ADVANCED_FACE('',(#1938),#2036,.T.);
#1938 = FACE_BOUND('',#1939,.T.);
#1939 = EDGE_LOOP('',(#1940,#1950,#1958,#1966,#1974,#1982,#1990,#1998,
    #2006,#2014,#2022,#2030));
#1940 = ORIENTED_EDGE('',*,*,#1941,.F.);
#1941 = EDGE_CURVE('',#1942,#1944,#1946,.T.);
#1942 = VERTEX_POINT('',#1943);
#1943 = CARTESIAN_POINT('',(2.01685191825,2.464539261384,0.));
#1944 = VERTEX_POINT('',#1945);
#1945 = CARTESIAN_POINT('',(3.417353890283,2.464539261384,0.));
#1946 = LINE('',#1947,#1948);
#1947 = CARTESIAN_POINT('',(2.01685191825,2.464539261384,0.));
#1948 = VECTOR('',#1949,1.);
#1949 = DIRECTION('',(1.,0.,0.));
#1950 = ORIENTED_EDGE('',*,*,#1951,.F.);
#1951 = EDGE_CURVE('',#1952,#1942,#1954,.T.);
#1952 = VERTEX_POINT('',#1953);
#1953 = CARTESIAN_POINT('',(2.01685191825,3.865041233417,0.));
#1954 = LINE('',#1955,#1956);
#1955 = CARTESIAN_POINT('',(2.01685191825,3.865041233417,0.));
#1956 = VECTOR('',#1957,1.);
#1957 = DIRECTION('',(0.,-1.,-0.));
#1958 = ORIENTED_EDGE('',*,*,#1959,.F.);
#1959 = EDGE_CURVE('',#1960,#1952,#1962,.T.);
#1960 = VERTEX_POINT('',#1961);
#1961 = CARTESIAN_POINT('',(1.752240946576,3.865041233417,0.));
#1962 = LINE('',#1963,#1964);
#1963 = CARTESIAN_POINT('',(1.752240946576,3.865041233417,0.));
#1964 = VECTOR('',#1965,1.);
#1965 = DIRECTION('',(1.,0.,0.));
#1966 = ORIENTED_EDGE('',*,*,#1967,.F.);
#1967 = EDGE_CURVE('',#1968,#1960,#1970,.T.);
#1968 = VERTEX_POINT('',#1969);
#1969 = CARTESIAN_POINT('',(1.752240946576,2.464539261384,0.));
#1970 = LINE('',#1971,#1972);
#1971 = CARTESIAN_POINT('',(1.752240946576,2.464539261384,0.));
#1972 = VECTOR('',#1973,1.);
#1973 = DIRECTION('',(0.,1.,0.));
#1974 = ORIENTED_EDGE('',*,*,#1975,.F.);
#1975 = EDGE_CURVE('',#1976,#1968,#1978,.T.);
#1976 = VERTEX_POINT('',#1977);
#1977 = CARTESIAN_POINT('',(0.358192900681,2.464539261384,0.));
#1978 = LINE('',#1979,#1980);
#1979 = CARTESIAN_POINT('',(0.358192900681,2.464539261384,0.));
#1980 = VECTOR('',#1981,1.);
#1981 = DIRECTION('',(1.,0.,0.));
#1982 = ORIENTED_EDGE('',*,*,#1983,.F.);
#1983 = EDGE_CURVE('',#1984,#1976,#1986,.T.);
#1984 = VERTEX_POINT('',#1985);
#1985 = CARTESIAN_POINT('',(0.358192900681,2.19992828971,0.));
#1986 = LINE('',#1987,#1988);
#1987 = CARTESIAN_POINT('',(0.358192900681,2.19992828971,0.));
#1988 = VECTOR('',#1989,1.);
#1989 = DIRECTION('',(0.,1.,0.));
#1990 = ORIENTED_EDGE('',*,*,#1991,.F.);
#1991 = EDGE_CURVE('',#1992,#1984,#1994,.T.);
#1992 = VERTEX_POINT('',#1993);
#1993 = CARTESIAN_POINT('',(1.752240946576,2.19992828971,0.));
#1994 = LINE('',#1995,#1996);
#1995 = CARTESIAN_POINT('',(1.752240946576,2.19992828971,0.));
#1996 = VECTOR('',#1997,1.);
#1997 = DIRECTION('',(-1.,0.,0.));
#1998 = ORIENTED_EDGE('',*,*,#1999,.F.);
#1999 = EDGE_CURVE('',#2000,#1992,#2002,.T.);
#2000 = VERTEX_POINT('',#2001);
#2001 = CARTESIAN_POINT('',(1.752240946576,0.805880243815,0.));
#2002 = LINE('',#2003,#2004);
#2003 = CARTESIAN_POINT('',(1.752240946576,0.805880243815,0.));
#2004 = VECTOR('',#2005,1.);
#2005 = DIRECTION('',(0.,1.,0.));
#2006 = ORIENTED_EDGE('',*,*,#2007,.F.);
#2007 = EDGE_CURVE('',#2008,#2000,#2010,.T.);
#2008 = VERTEX_POINT('',#2009);
#2009 = CARTESIAN_POINT('',(2.01685191825,0.805880243815,0.));
#2010 = LINE('',#2011,#2012);
#2011 = CARTESIAN_POINT('',(2.01685191825,0.805880243815,0.));
#2012 = VECTOR('',#2013,1.);
#2013 = DIRECTION('',(-1.,0.,0.));
#2014 = ORIENTED_EDGE('',*,*,#2015,.F.);
#2015 = EDGE_CURVE('',#2016,#2008,#2018,.T.);
#2016 = VERTEX_POINT('',#2017);
#2017 = CARTESIAN_POINT('',(2.01685191825,2.19992828971,0.));
#2018 = LINE('',#2019,#2020);
#2019 = CARTESIAN_POINT('',(2.01685191825,2.19992828971,0.));
#2020 = VECTOR('',#2021,1.);
#2021 = DIRECTION('',(0.,-1.,-0.));
#2022 = ORIENTED_EDGE('',*,*,#2023,.F.);
#2023 = EDGE_CURVE('',#2024,#2016,#2026,.T.);
#2024 = VERTEX_POINT('',#2025);
#2025 = CARTESIAN_POINT('',(3.417353890283,2.19992828971,0.));
#2026 = LINE('',#2027,#2028);
#2027 = CARTESIAN_POINT('',(3.417353890283,2.19992828971,0.));
#2028 = VECTOR('',#2029,1.);
#2029 = DIRECTION('',(-1.,0.,0.));
#2030 = ORIENTED_EDGE('',*,*,#2031,.F.);
#2031 = EDGE_CURVE('',#1944,#2024,#2032,.T.);
#2032 = LINE('',#2033,#2034);
#2033 = CARTESIAN_POINT('',(3.417353890283,2.464539261384,0.));
#2034 = VECTOR('',#2035,1.);
#2035 = DIRECTION('',(0.,-1.,-0.));
#2036 = PLANE('',#2037);
#2037 = AXIS2_PLACEMENT_3D('',#2038,#2039,#2040);
#2038 = CARTESIAN_POINT('',(1.886299476696,2.33398681983,0.));
#2039 = DIRECTION('',(0.,0.,1.));
#2040 = DIRECTION('',(1.,0.,-0.));
#2041 = ( GEOMETRIC_REPRESENTATION_CONTEXT(3) 
GLOBAL_UNCERTAINTY_ASSIGNED_CONTEXT((#2045)) 
GLOBAL_UNIT_ASSIGNED_CONTEXT((#2042,#2043,#2044)) REPRESENTATION_CONTEXT
('Context #1','3D Context with UNIT and UNCERTAINTY') );
#2042 = ( LENGTH_UNIT() NAMED_UNIT(*) SI_UNIT(.MILLI.,.METRE.) );
#2043 = ( NAMED_UNIT(*) PLANE_ANGLE_UNIT() SI_UNIT($,.RADIAN.) );
#2044 = ( NAMED_UNIT(*) SI_UNIT($,.STERADIAN.) SOLID_ANGLE_UNIT() );
#2045 = UNCERTAINTY_MEASURE_WITH_UNIT(LENGTH_MEASURE(1.E-07),#2042,
  'distance_accuracy_value','confusion accuracy');
#2046 = CONTEXT_DEPENDENT_SHAPE_REPRESENTATION(#2047,#2049);
#2047 = ( REPRESENTATION_RELATIONSHIP('','',#1934,#884) 
REPRESENTATION_RELATIONSHIP_WITH_TRANSFORMATION(#2048) 
SHAPE_REPRESENTATION_RELATIONSHIP() );
#2048 = ITEM_DEFINED_TRANSFORMATION('','',#11,#889);
#2049 = PRODUCT_DEFINITION_SHAPE('Placement','Placement of an item',
  #2050);
#2050 = NEXT_ASSEMBLY_USAGE_OCCURRENCE('5','=>[0:1:1:5]','',#879,#1929,$
  );
#2051 = PRODUCT_RELATED_PRODUCT_CATEGORY('part',$,(#1931));
#2052 = SHAPE_DEFINITION_REPRESENTATION(#2053,#2059);
#2053 = PRODUCT_DEFINITION_SHAPE('','',#2054);
#2054 = PRODUCT_DEFINITION('design','',#2055,#2058);
#2055 = PRODUCT_DEFINITION_FORMATION('','',#2056);
#2056 = PRODUCT('ShapeString002','ShapeString002','',(#2057));
#2057 = PRODUCT_CONTEXT('',#2,'mechanical');
#2058 = PRODUCT_DEFINITION_CONTEXT('part definition',#2,'design');
#2059 = SHAPE_REPRESENTATION('',(#11,#2060,#2294,#2376,#2434,#2476,#2550
    ,#2656,#2698,#2820,#2974,#3188,#3304,#3378,#3452,#3558,#3714,#3870),
  #3952);
#2060 = SHELL_BASED_SURFACE_MODEL('',(#2061));
#2061 = OPEN_SHELL('',(#2062));
#2062 = ADVANCED_FACE('',(#2063),#2289,.T.);
#2063 = FACE_BOUND('',#2064,.T.);
#2064 = EDGE_LOOP('',(#2065,#2075,#2083,#2091,#2099,#2107,#2115,#2123,
    #2131,#2139,#2147,#2155,#2163,#2171,#2179,#2187,#2195,#2203,#2211,
    #2219,#2227,#2235,#2243,#2251,#2259,#2267,#2275,#2283));
#2065 = ORIENTED_EDGE('',*,*,#2066,.F.);
#2066 = EDGE_CURVE('',#2067,#2069,#2071,.T.);
#2067 = VERTEX_POINT('',#2068);
#2068 = CARTESIAN_POINT('',(0.540157762639,0.601972032987,0.));
#2069 = VERTEX_POINT('',#2070);
#2070 = CARTESIAN_POINT('',(0.497992111868,0.478630333453,0.));
#2071 = B_SPLINE_CURVE_WITH_KNOTS('',2,(#2072,#2073,#2074),
  .UNSPECIFIED.,.F.,.F.,(3,3),(0.,1.),.PIECEWISE_BEZIER_KNOTS.);
#2072 = CARTESIAN_POINT('',(0.540157762639,0.601972032987,0.));
#2073 = CARTESIAN_POINT('',(0.540157762639,0.526568662603,0.));
#2074 = CARTESIAN_POINT('',(0.497992111868,0.478630333453,0.));
#2075 = ORIENTED_EDGE('',*,*,#2076,.F.);
#2076 = EDGE_CURVE('',#2077,#2067,#2079,.T.);
#2077 = VERTEX_POINT('',#2078);
#2078 = CARTESIAN_POINT('',(0.476801721047,0.746038006454,0.));
#2079 = B_SPLINE_CURVE_WITH_KNOTS('',2,(#2080,#2081,#2082),
  .UNSPECIFIED.,.F.,.F.,(3,3),(0.,1.),.PIECEWISE_BEZIER_KNOTS.);
#2080 = CARTESIAN_POINT('',(0.476801721047,0.746038006454,0.));
#2081 = CARTESIAN_POINT('',(0.540157762639,0.693546073862,0.));
#2082 = CARTESIAN_POINT('',(0.540157762639,0.601972032987,0.));
#2083 = ORIENTED_EDGE('',*,*,#2084,.F.);
#2084 = EDGE_CURVE('',#2085,#2077,#2087,.T.);
#2085 = VERTEX_POINT('',#2086);
#2086 = CARTESIAN_POINT('',(0.299067766224,0.798565794191,0.));
#2087 = B_SPLINE_CURVE_WITH_KNOTS('',2,(#2088,#2089,#2090),
  .UNSPECIFIED.,.F.,.F.,(3,3),(0.,1.),.PIECEWISE_BEZIER_KNOTS.);
#2088 = CARTESIAN_POINT('',(0.299067766224,0.798565794191,0.));
#2089 = CARTESIAN_POINT('',(0.413445679455,0.798565794191,0.));
#2090 = CARTESIAN_POINT('',(0.476801721047,0.746038006454,0.));
#2091 = ORIENTED_EDGE('',*,*,#2092,.F.);
#2092 = EDGE_CURVE('',#2093,#2085,#2095,.T.);
#2093 = VERTEX_POINT('',#2094);
#2094 = CARTESIAN_POINT('',(0.166152742919,0.776765865902,0.));
#2095 = B_SPLINE_CURVE_WITH_KNOTS('',2,(#2096,#2097,#2098),
  .UNSPECIFIED.,.F.,.F.,(3,3),(0.,1.),.PIECEWISE_BEZIER_KNOTS.);
#2096 = CARTESIAN_POINT('',(0.166152742919,0.776765865902,0.));
#2097 = CARTESIAN_POINT('',(0.229257798494,0.798565794191,0.));
#2098 = CARTESIAN_POINT('',(0.299067766224,0.798565794191,0.));
#2099 = ORIENTED_EDGE('',*,*,#2100,.F.);
#2100 = EDGE_CURVE('',#2101,#2093,#2103,.T.);
#2101 = VERTEX_POINT('',#2102);
#2102 = CARTESIAN_POINT('',(5.475080674077E-02,0.716816063105,0.));
#2103 = B_SPLINE_CURVE_WITH_KNOTS('',2,(#2104,#2105,#2106),
  .UNSPECIFIED.,.F.,.F.,(3,3),(0.,1.),.PIECEWISE_BEZIER_KNOTS.);
#2104 = CARTESIAN_POINT('',(5.475080674077E-02,0.716816063105,0.));
#2105 = CARTESIAN_POINT('',(0.103083542488,0.755001792757,0.));
#2106 = CARTESIAN_POINT('',(0.166152742919,0.776765865902,0.));
#2107 = ORIENTED_EDGE('',*,*,#2108,.F.);
#2108 = EDGE_CURVE('',#2109,#2101,#2111,.T.);
#2109 = VERTEX_POINT('',#2110);
#2110 = CARTESIAN_POINT('',(9.982072427393E-02,0.656579419147,0.));
#2111 = LINE('',#2112,#2113);
#2112 = CARTESIAN_POINT('',(9.982072427393E-02,0.656579419147,0.));
#2113 = VECTOR('',#2114,1.);
#2114 = DIRECTION('',(-0.59908453803,0.800685778751,0.));
#2115 = ORIENTED_EDGE('',*,*,#2116,.F.);
#2116 = EDGE_CURVE('',#2117,#2109,#2119,.T.);
#2117 = VERTEX_POINT('',#2118);
#2118 = CARTESIAN_POINT('',(0.203944065973,0.708210828254,0.));
#2119 = B_SPLINE_CURVE_WITH_KNOTS('',2,(#2120,#2121,#2122),
  .UNSPECIFIED.,.F.,.F.,(3,3),(0.,1.),.PIECEWISE_BEZIER_KNOTS.);
#2120 = CARTESIAN_POINT('',(0.203944065973,0.708210828254,0.));
#2121 = CARTESIAN_POINT('',(0.158336321262,0.694227321621,0.));
#2122 = CARTESIAN_POINT('',(9.982072427393E-02,0.656579419147,0.));
#2123 = ORIENTED_EDGE('',*,*,#2124,.F.);
#2124 = EDGE_CURVE('',#2125,#2117,#2127,.T.);
#2125 = VERTEX_POINT('',#2126);
#2126 = CARTESIAN_POINT('',(0.301111509502,0.722194334887,0.));
#2127 = B_SPLINE_CURVE_WITH_KNOTS('',2,(#2128,#2129,#2130),
  .UNSPECIFIED.,.F.,.F.,(3,3),(0.,1.),.PIECEWISE_BEZIER_KNOTS.);
#2128 = CARTESIAN_POINT('',(0.301111509502,0.722194334887,0.));
#2129 = CARTESIAN_POINT('',(0.24958766583,0.722194334887,0.));
#2130 = CARTESIAN_POINT('',(0.203944065973,0.708210828254,0.));
#2131 = ORIENTED_EDGE('',*,*,#2132,.F.);
#2132 = EDGE_CURVE('',#2133,#2125,#2135,.T.);
#2133 = VERTEX_POINT('',#2134);
#2134 = CARTESIAN_POINT('',(0.408174973109,0.689315166726,0.));
#2135 = B_SPLINE_CURVE_WITH_KNOTS('',2,(#2136,#2137,#2138),
  .UNSPECIFIED.,.F.,.F.,(3,3),(0.,1.),.PIECEWISE_BEZIER_KNOTS.);
#2136 = CARTESIAN_POINT('',(0.408174973109,0.689315166726,0.));
#2137 = CARTESIAN_POINT('',(0.368734313374,0.722194334887,0.));
#2138 = CARTESIAN_POINT('',(0.301111509502,0.722194334887,0.));
#2139 = ORIENTED_EDGE('',*,*,#2140,.F.);
#2140 = EDGE_CURVE('',#2141,#2133,#2143,.T.);
#2141 = VERTEX_POINT('',#2142);
#2142 = CARTESIAN_POINT('',(0.447651487989,0.598780925063,0.));
#2143 = B_SPLINE_CURVE_WITH_KNOTS('',2,(#2144,#2145,#2146),
  .UNSPECIFIED.,.F.,.F.,(3,3),(0.,1.),.PIECEWISE_BEZIER_KNOTS.);
#2144 = CARTESIAN_POINT('',(0.447651487989,0.598780925063,0.));
#2145 = CARTESIAN_POINT('',(0.447651487989,0.656435998566,0.));
#2146 = CARTESIAN_POINT('',(0.408174973109,0.689315166726,0.));
#2147 = ORIENTED_EDGE('',*,*,#2148,.F.);
#2148 = EDGE_CURVE('',#2149,#2141,#2151,.T.);
#2149 = VERTEX_POINT('',#2150);
#2150 = CARTESIAN_POINT('',(0.393976335604,0.485873072786,0.));
#2151 = B_SPLINE_CURVE_WITH_KNOTS('',2,(#2152,#2153,#2154),
  .UNSPECIFIED.,.F.,.F.,(3,3),(0.,1.),.PIECEWISE_BEZIER_KNOTS.);
#2152 = CARTESIAN_POINT('',(0.393976335604,0.485873072786,0.));
#2153 = CARTESIAN_POINT('',(0.447651487989,0.526568662603,0.));
#2154 = CARTESIAN_POINT('',(0.447651487989,0.598780925063,0.));
#2155 = ORIENTED_EDGE('',*,*,#2156,.F.);
#2156 = EDGE_CURVE('',#2157,#2149,#2159,.T.);
#2157 = VERTEX_POINT('',#2158);
#2158 = CARTESIAN_POINT('',(0.248547866619,0.445177482969,0.));
#2159 = B_SPLINE_CURVE_WITH_KNOTS('',2,(#2160,#2161,#2162),
  .UNSPECIFIED.,.F.,.F.,(3,3),(0.,1.),.PIECEWISE_BEZIER_KNOTS.);
#2160 = CARTESIAN_POINT('',(0.248547866619,0.445177482969,0.));
#2161 = CARTESIAN_POINT('',(0.340337038365,0.445177482969,0.));
#2162 = CARTESIAN_POINT('',(0.393976335604,0.485873072786,0.));
#2163 = ORIENTED_EDGE('',*,*,#2164,.F.);
#2164 = EDGE_CURVE('',#2165,#2157,#2167,.T.);
#2165 = VERTEX_POINT('',#2166);
#2166 = CARTESIAN_POINT('',(0.170204374328,0.445177482969,0.));
#2167 = LINE('',#2168,#2169);
#2168 = CARTESIAN_POINT('',(0.170204374328,0.445177482969,0.));
#2169 = VECTOR('',#2170,1.);
#2170 = DIRECTION('',(1.,0.,0.));
#2171 = ORIENTED_EDGE('',*,*,#2172,.F.);
#2172 = EDGE_CURVE('',#2173,#2165,#2175,.T.);
#2173 = VERTEX_POINT('',#2174);
#2174 = CARTESIAN_POINT('',(0.170204374328,0.368268196486,0.));
#2175 = LINE('',#2176,#2177);
#2176 = CARTESIAN_POINT('',(0.170204374328,0.368268196486,0.));
#2177 = VECTOR('',#2178,1.);
#2178 = DIRECTION('',(0.,1.,0.));
#2179 = ORIENTED_EDGE('',*,*,#2180,.F.);
#2180 = EDGE_CURVE('',#2181,#2173,#2183,.T.);
#2181 = VERTEX_POINT('',#2182);
#2182 = CARTESIAN_POINT('',(0.247472212262,0.368268196486,0.));
#2183 = LINE('',#2184,#2185);
#2184 = CARTESIAN_POINT('',(0.247472212262,0.368268196486,0.));
#2185 = VECTOR('',#2186,1.);
#2186 = DIRECTION('',(-1.,0.,0.));
#2187 = ORIENTED_EDGE('',*,*,#2188,.F.);
#2188 = EDGE_CURVE('',#2189,#2181,#2191,.T.);
#2189 = VERTEX_POINT('',#2190);
#2190 = CARTESIAN_POINT('',(0.471817855862,0.224668339907,0.));
#2191 = B_SPLINE_CURVE_WITH_KNOTS('',2,(#2192,#2193,#2194),
  .UNSPECIFIED.,.F.,.F.,(3,3),(0.,1.),.PIECEWISE_BEZIER_KNOTS.);
#2192 = CARTESIAN_POINT('',(0.471817855862,0.224668339907,0.));
#2193 = CARTESIAN_POINT('',(0.471817855862,0.368268196486,0.));
#2194 = CARTESIAN_POINT('',(0.247472212262,0.368268196486,0.));
#2195 = ORIENTED_EDGE('',*,*,#2196,.F.);
#2196 = EDGE_CURVE('',#2197,#2189,#2199,.T.);
#2197 = VERTEX_POINT('',#2198);
#2198 = CARTESIAN_POINT('',(0.268411617067,6.435998565794E-02,0.));
#2199 = B_SPLINE_CURVE_WITH_KNOTS('',2,(#2200,#2201,#2202),
  .UNSPECIFIED.,.F.,.F.,(3,3),(0.,1.),.PIECEWISE_BEZIER_KNOTS.);
#2200 = CARTESIAN_POINT('',(0.268411617067,6.435998565794E-02,0.));
#2201 = CARTESIAN_POINT('',(0.471817855862,6.435998565794E-02,0.));
#2202 = CARTESIAN_POINT('',(0.471817855862,0.224668339907,0.));
#2203 = ORIENTED_EDGE('',*,*,#2204,.F.);
#2204 = EDGE_CURVE('',#2205,#2197,#2207,.T.);
#2205 = VERTEX_POINT('',#2206);
#2206 = CARTESIAN_POINT('',(0.159160989602,7.751882395124E-02,0.));
#2207 = B_SPLINE_CURVE_WITH_KNOTS('',2,(#2208,#2209,#2210),
  .UNSPECIFIED.,.F.,.F.,(3,3),(0.,1.),.PIECEWISE_BEZIER_KNOTS.);
#2208 = CARTESIAN_POINT('',(0.159160989602,7.751882395124E-02,0.));
#2209 = CARTESIAN_POINT('',(0.216887773395,6.435998565794E-02,0.));
#2210 = CARTESIAN_POINT('',(0.268411617067,6.435998565794E-02,0.));
#2211 = ORIENTED_EDGE('',*,*,#2212,.F.);
#2212 = EDGE_CURVE('',#2213,#2205,#2215,.T.);
#2213 = VERTEX_POINT('',#2214);
#2214 = CARTESIAN_POINT('',(5.048404446038E-02,0.115991394765,0.));
#2215 = B_SPLINE_CURVE_WITH_KNOTS('',2,(#2216,#2217,#2218),
  .UNSPECIFIED.,.F.,.F.,(3,3),(0.,1.),.PIECEWISE_BEZIER_KNOTS.);
#2216 = CARTESIAN_POINT('',(5.048404446038E-02,0.115991394765,0.));
#2217 = CARTESIAN_POINT('',(0.101470060954,9.071351738975E-02,0.));
#2218 = CARTESIAN_POINT('',(0.159160989602,7.751882395124E-02,0.));
#2219 = ORIENTED_EDGE('',*,*,#2220,.F.);
#2220 = EDGE_CURVE('',#2221,#2213,#2223,.T.);
#2221 = VERTEX_POINT('',#2222);
#2222 = CARTESIAN_POINT('',(5.048404446038E-02,3.101470060954E-02,0.));
#2223 = LINE('',#2224,#2225);
#2224 = CARTESIAN_POINT('',(5.048404446038E-02,3.101470060954E-02,0.));
#2225 = VECTOR('',#2226,1.);
#2226 = DIRECTION('',(0.,1.,0.));
#2227 = ORIENTED_EDGE('',*,*,#2228,.F.);
#2228 = EDGE_CURVE('',#2229,#2221,#2231,.T.);
#2229 = VERTEX_POINT('',#2230);
#2230 = CARTESIAN_POINT('',(0.151165292219,-2.04374327716E-03,0.));
#2231 = B_SPLINE_CURVE_WITH_KNOTS('',2,(#2232,#2233,#2234),
  .UNSPECIFIED.,.F.,.F.,(3,3),(0.,1.),.PIECEWISE_BEZIER_KNOTS.);
#2232 = CARTESIAN_POINT('',(0.151165292219,-2.04374327716E-03,0.));
#2233 = CARTESIAN_POINT('',(9.935460738616E-02,7.350304768734E-03,0.));
#2234 = CARTESIAN_POINT('',(5.048404446038E-02,3.101470060954E-02,0.));
#2235 = ORIENTED_EDGE('',*,*,#2236,.F.);
#2236 = EDGE_CURVE('',#2237,#2229,#2239,.T.);
#2237 = VERTEX_POINT('',#2238);
#2238 = CARTESIAN_POINT('',(0.265256364288,-1.147364646827E-02,0.));
#2239 = B_SPLINE_CURVE_WITH_KNOTS('',2,(#2240,#2241,#2242),
  .UNSPECIFIED.,.F.,.F.,(3,3),(0.,1.),.PIECEWISE_BEZIER_KNOTS.);
#2240 = CARTESIAN_POINT('',(0.265256364288,-1.147364646827E-02,0.));
#2241 = CARTESIAN_POINT('',(0.202975977053,-1.147364646827E-02,0.));
#2242 = CARTESIAN_POINT('',(0.151165292219,-2.04374327716E-03,0.));
#2243 = ORIENTED_EDGE('',*,*,#2244,.F.);
#2244 = EDGE_CURVE('',#2245,#2237,#2247,.T.);
#2245 = VERTEX_POINT('',#2246);
#2246 = CARTESIAN_POINT('',(0.486446755109,4.91932592327E-02,0.));
#2247 = B_SPLINE_CURVE_WITH_KNOTS('',2,(#2248,#2249,#2250),
  .UNSPECIFIED.,.F.,.F.,(3,3),(0.,1.),.PIECEWISE_BEZIER_KNOTS.);
#2248 = CARTESIAN_POINT('',(0.486446755109,4.91932592327E-02,0.));
#2249 = CARTESIAN_POINT('',(0.408605234851,-1.147364646827E-02,0.));
#2250 = CARTESIAN_POINT('',(0.265256364288,-1.147364646827E-02,0.));
#2251 = ORIENTED_EDGE('',*,*,#2252,.F.);
#2252 = EDGE_CURVE('',#2253,#2245,#2255,.T.);
#2253 = VERTEX_POINT('',#2254);
#2254 = CARTESIAN_POINT('',(0.564324130513,0.222552886339,0.));
#2255 = B_SPLINE_CURVE_WITH_KNOTS('',2,(#2256,#2257,#2258),
  .UNSPECIFIED.,.F.,.F.,(3,3),(0.,1.),.PIECEWISE_BEZIER_KNOTS.);
#2256 = CARTESIAN_POINT('',(0.564324130513,0.222552886339,0.));
#2257 = CARTESIAN_POINT('',(0.564324130513,0.109860164934,0.));
#2258 = CARTESIAN_POINT('',(0.486446755109,4.91932592327E-02,0.));
#2259 = ORIENTED_EDGE('',*,*,#2260,.F.);
#2260 = EDGE_CURVE('',#2261,#2253,#2263,.T.);
#2261 = VERTEX_POINT('',#2262);
#2262 = CARTESIAN_POINT('',(0.518680530656,0.349802796701,0.));
#2263 = B_SPLINE_CURVE_WITH_KNOTS('',2,(#2264,#2265,#2266),
  .UNSPECIFIED.,.F.,.F.,(3,3),(0.,1.),.PIECEWISE_BEZIER_KNOTS.);
#2264 = CARTESIAN_POINT('',(0.518680530656,0.349802796701,0.));
#2265 = CARTESIAN_POINT('',(0.564324130513,0.301290785228,0.));
#2266 = CARTESIAN_POINT('',(0.564324130513,0.222552886339,0.));
#2267 = ORIENTED_EDGE('',*,*,#2268,.F.);
#2268 = EDGE_CURVE('',#2269,#2261,#2271,.T.);
#2269 = VERTEX_POINT('',#2270);
#2270 = CARTESIAN_POINT('',(0.378558623162,0.410218716386,0.));
#2271 = B_SPLINE_CURVE_WITH_KNOTS('',2,(#2272,#2273,#2274),
  .UNSPECIFIED.,.F.,.F.,(3,3),(0.,1.),.PIECEWISE_BEZIER_KNOTS.);
#2272 = CARTESIAN_POINT('',(0.378558623162,0.410218716386,0.));
#2273 = CARTESIAN_POINT('',(0.4730369308,0.39835066332,0.));
#2274 = CARTESIAN_POINT('',(0.518680530656,0.349802796701,0.));
#2275 = ORIENTED_EDGE('',*,*,#2276,.F.);
#2276 = EDGE_CURVE('',#2277,#2269,#2279,.T.);
#2277 = VERTEX_POINT('',#2278);
#2278 = CARTESIAN_POINT('',(0.378558623162,0.414521333811,0.));
#2279 = LINE('',#2280,#2281);
#2280 = CARTESIAN_POINT('',(0.378558623162,0.414521333811,0.));
#2281 = VECTOR('',#2282,1.);
#2282 = DIRECTION('',(0.,-1.,-0.));
#2283 = ORIENTED_EDGE('',*,*,#2284,.F.);
#2284 = EDGE_CURVE('',#2069,#2277,#2285,.T.);
#2285 = B_SPLINE_CURVE_WITH_KNOTS('',2,(#2286,#2287,#2288),
  .UNSPECIFIED.,.F.,.F.,(3,3),(0.,1.),.PIECEWISE_BEZIER_KNOTS.);
#2286 = CARTESIAN_POINT('',(0.497992111868,0.478630333453,0.));
#2287 = CARTESIAN_POINT('',(0.455862316242,0.430692004303,0.));
#2288 = CARTESIAN_POINT('',(0.378558623162,0.414521333811,0.));
#2289 = PLANE('',#2290);
#2290 = AXIS2_PLACEMENT_3D('',#2291,#2292,#2293);
#2291 = CARTESIAN_POINT('',(0.335046157263,0.389434690619,0.));
#2292 = DIRECTION('',(0.,0.,1.));
#2293 = DIRECTION('',(1.,0.,-0.));
#2294 = SHELL_BASED_SURFACE_MODEL('',(#2295));
#2295 = OPEN_SHELL('',(#2296));
#2296 = ADVANCED_FACE('',(#2297),#2371,.T.);
#2297 = FACE_BOUND('',#2298,.T.);
#2298 = EDGE_LOOP('',(#2299,#2309,#2317,#2325,#2333,#2341,#2349,#2357,
    #2365));
#2299 = ORIENTED_EDGE('',*,*,#2300,.F.);
#2300 = EDGE_CURVE('',#2301,#2303,#2305,.T.);
#2301 = VERTEX_POINT('',#2302);
#2302 = CARTESIAN_POINT('',(1.1865184654,0.787092147723,0.));
#2303 = VERTEX_POINT('',#2304);
#2304 = CARTESIAN_POINT('',(1.285048404446,0.787092147723,0.));
#2305 = LINE('',#2306,#2307);
#2306 = CARTESIAN_POINT('',(1.1865184654,0.787092147723,0.));
#2307 = VECTOR('',#2308,1.);
#2308 = DIRECTION('',(1.,0.,0.));
#2309 = ORIENTED_EDGE('',*,*,#2310,.F.);
#2310 = EDGE_CURVE('',#2311,#2301,#2313,.T.);
#2311 = VERTEX_POINT('',#2312);
#2312 = CARTESIAN_POINT('',(1.006704912155,0.281032628182,0.));
#2313 = LINE('',#2314,#2315);
#2314 = CARTESIAN_POINT('',(1.006704912155,0.281032628182,0.));
#2315 = VECTOR('',#2316,1.);
#2316 = DIRECTION('',(0.334813412313,0.942284446935,0.));
#2317 = ORIENTED_EDGE('',*,*,#2318,.F.);
#2318 = EDGE_CURVE('',#2319,#2311,#2321,.T.);
#2319 = VERTEX_POINT('',#2320);
#2320 = CARTESIAN_POINT('',(0.956077447114,0.107135173897,0.));
#2321 = B_SPLINE_CURVE_WITH_KNOTS('',2,(#2322,#2323,#2324),
  .UNSPECIFIED.,.F.,.F.,(3,3),(0.,1.),.PIECEWISE_BEZIER_KNOTS.);
#2322 = CARTESIAN_POINT('',(0.956077447114,0.107135173897,0.));
#2323 = CARTESIAN_POINT('',(0.975475080674,0.194334887056,0.));
#2324 = CARTESIAN_POINT('',(1.006704912155,0.281032628182,0.));
#2325 = ORIENTED_EDGE('',*,*,#2326,.F.);
#2326 = EDGE_CURVE('',#2327,#2319,#2329,.T.);
#2327 = VERTEX_POINT('',#2328);
#2328 = CARTESIAN_POINT('',(0.906561491574,0.277805665113,0.));
#2329 = B_SPLINE_CURVE_WITH_KNOTS('',2,(#2330,#2331,#2332),
  .UNSPECIFIED.,.F.,.F.,(3,3),(0.,1.),.PIECEWISE_BEZIER_KNOTS.);
#2330 = CARTESIAN_POINT('',(0.906561491574,0.277805665113,0.));
#2331 = CARTESIAN_POINT('',(0.937791323055,0.190032269631,0.));
#2332 = CARTESIAN_POINT('',(0.956077447114,0.107135173897,0.));
#2333 = ORIENTED_EDGE('',*,*,#2334,.F.);
#2334 = EDGE_CURVE('',#2335,#2327,#2337,.T.);
#2335 = VERTEX_POINT('',#2336);
#2336 = CARTESIAN_POINT('',(0.725672283973,0.787092147723,0.));
#2337 = LINE('',#2338,#2339);
#2338 = CARTESIAN_POINT('',(0.725672283973,0.787092147723,0.));
#2339 = VECTOR('',#2340,1.);
#2340 = DIRECTION('',(0.334696842833,-0.942325858394,0.));
#2341 = ORIENTED_EDGE('',*,*,#2342,.F.);
#2342 = EDGE_CURVE('',#2343,#2335,#2345,.T.);
#2343 = VERTEX_POINT('',#2344);
#2344 = CARTESIAN_POINT('',(0.628755826461,0.787092147723,0.));
#2345 = LINE('',#2346,#2347);
#2346 = CARTESIAN_POINT('',(0.628755826461,0.787092147723,0.));
#2347 = VECTOR('',#2348,1.);
#2348 = DIRECTION('',(1.,0.,0.));
#2349 = ORIENTED_EDGE('',*,*,#2350,.F.);
#2350 = EDGE_CURVE('',#2351,#2343,#2353,.T.);
#2351 = VERTEX_POINT('',#2352);
#2352 = CARTESIAN_POINT('',(0.910864109,0.,0.));
#2353 = LINE('',#2354,#2355);
#2354 = CARTESIAN_POINT('',(0.910864109,0.,0.));
#2355 = VECTOR('',#2356,1.);
#2356 = DIRECTION('',(-0.337401069974,0.941360992383,0.));
#2357 = ORIENTED_EDGE('',*,*,#2358,.F.);
#2358 = EDGE_CURVE('',#2359,#2351,#2361,.T.);
#2359 = VERTEX_POINT('',#2360);
#2360 = CARTESIAN_POINT('',(1.001326640373,0.,0.));
#2361 = LINE('',#2362,#2363);
#2362 = CARTESIAN_POINT('',(1.001326640373,0.,0.));
#2363 = VECTOR('',#2364,1.);
#2364 = DIRECTION('',(-1.,0.,0.));
#2365 = ORIENTED_EDGE('',*,*,#2366,.F.);
#2366 = EDGE_CURVE('',#2303,#2359,#2367,.T.);
#2367 = LINE('',#2368,#2369);
#2368 = CARTESIAN_POINT('',(1.285048404446,0.787092147723,0.));
#2369 = VECTOR('',#2370,1.);
#2370 = DIRECTION('',(-0.339109441455,-0.940746930219,0.));
#2371 = PLANE('',#2372);
#2372 = AXIS2_PLACEMENT_3D('',#2373,#2374,#2375);
#2373 = CARTESIAN_POINT('',(0.956473533633,0.428919061092,0.));
#2374 = DIRECTION('',(0.,0.,1.));
#2375 = DIRECTION('',(1.,0.,-0.));
#2376 = SHELL_BASED_SURFACE_MODEL('',(#2377));
#2377 = OPEN_SHELL('',(#2378));
#2378 = ADVANCED_FACE('',(#2379),#2429,.T.);
#2379 = FACE_BOUND('',#2380,.T.);
#2380 = EDGE_LOOP('',(#2381,#2391,#2399,#2407,#2415,#2423));
#2381 = ORIENTED_EDGE('',*,*,#2382,.F.);
#2382 = EDGE_CURVE('',#2383,#2385,#2387,.T.);
#2383 = VERTEX_POINT('',#2384);
#2384 = CARTESIAN_POINT('',(1.679921118681,0.,0.));
#2385 = VERTEX_POINT('',#2386);
#2386 = CARTESIAN_POINT('',(1.679921118681,0.787092147723,0.));
#2387 = LINE('',#2388,#2389);
#2388 = CARTESIAN_POINT('',(1.679921118681,0.,0.));
#2389 = VECTOR('',#2390,1.);
#2390 = DIRECTION('',(0.,1.,0.));
#2391 = ORIENTED_EDGE('',*,*,#2392,.F.);
#2392 = EDGE_CURVE('',#2393,#2383,#2395,.T.);
#2393 = VERTEX_POINT('',#2394);
#2394 = CARTESIAN_POINT('',(2.117999282897,0.,0.));
#2395 = LINE('',#2396,#2397);
#2396 = CARTESIAN_POINT('',(2.117999282897,0.,0.));
#2397 = VECTOR('',#2398,1.);
#2398 = DIRECTION('',(-1.,0.,0.));
#2399 = ORIENTED_EDGE('',*,*,#2400,.F.);
#2400 = EDGE_CURVE('',#2401,#2393,#2403,.T.);
#2401 = VERTEX_POINT('',#2402);
#2402 = CARTESIAN_POINT('',(2.117999282897,8.282538544281E-02,0.));
#2403 = LINE('',#2404,#2405);
#2404 = CARTESIAN_POINT('',(2.117999282897,8.282538544281E-02,0.));
#2405 = VECTOR('',#2406,1.);
#2406 = DIRECTION('',(0.,-1.,0.));
#2407 = ORIENTED_EDGE('',*,*,#2408,.F.);
#2408 = EDGE_CURVE('',#2409,#2401,#2411,.T.);
#2409 = VERTEX_POINT('',#2410);
#2410 = CARTESIAN_POINT('',(1.771351738975,8.282538544281E-02,0.));
#2411 = LINE('',#2412,#2413);
#2412 = CARTESIAN_POINT('',(1.771351738975,8.282538544281E-02,0.));
#2413 = VECTOR('',#2414,1.);
#2414 = DIRECTION('',(1.,0.,0.));
#2415 = ORIENTED_EDGE('',*,*,#2416,.F.);
#2416 = EDGE_CURVE('',#2417,#2409,#2419,.T.);
#2417 = VERTEX_POINT('',#2418);
#2418 = CARTESIAN_POINT('',(1.771351738975,0.787092147723,0.));
#2419 = LINE('',#2420,#2421);
#2420 = CARTESIAN_POINT('',(1.771351738975,0.787092147723,0.));
#2421 = VECTOR('',#2422,1.);
#2422 = DIRECTION('',(0.,-1.,0.));
#2423 = ORIENTED_EDGE('',*,*,#2424,.F.);
#2424 = EDGE_CURVE('',#2385,#2417,#2425,.T.);
#2425 = LINE('',#2426,#2427);
#2426 = CARTESIAN_POINT('',(1.679921118681,0.787092147723,0.));
#2427 = VECTOR('',#2428,1.);
#2428 = DIRECTION('',(1.,0.,0.));
#2429 = PLANE('',#2430);
#2430 = AXIS2_PLACEMENT_3D('',#2431,#2432,#2433);
#2431 = CARTESIAN_POINT('',(1.799328198188,0.293914071261,0.));
#2432 = DIRECTION('',(0.,0.,1.));
#2433 = DIRECTION('',(1.,0.,-0.));
#2434 = SHELL_BASED_SURFACE_MODEL('',(#2435));
#2435 = OPEN_SHELL('',(#2436));
#2436 = ADVANCED_FACE('',(#2437),#2471,.T.);
#2437 = FACE_BOUND('',#2438,.T.);
#2438 = EDGE_LOOP('',(#2439,#2449,#2457,#2465));
#2439 = ORIENTED_EDGE('',*,*,#2440,.F.);
#2440 = EDGE_CURVE('',#2441,#2443,#2445,.T.);
#2441 = VERTEX_POINT('',#2442);
#2442 = CARTESIAN_POINT('',(2.251523843672,0.,0.));
#2443 = VERTEX_POINT('',#2444);
#2444 = CARTESIAN_POINT('',(2.251523843672,0.787092147723,0.));
#2445 = LINE('',#2446,#2447);
#2446 = CARTESIAN_POINT('',(2.251523843672,0.,0.));
#2447 = VECTOR('',#2448,1.);
#2448 = DIRECTION('',(0.,1.,0.));
#2449 = ORIENTED_EDGE('',*,*,#2450,.F.);
#2450 = EDGE_CURVE('',#2451,#2441,#2453,.T.);
#2451 = VERTEX_POINT('',#2452);
#2452 = CARTESIAN_POINT('',(2.342954463966,0.,0.));
#2453 = LINE('',#2454,#2455);
#2454 = CARTESIAN_POINT('',(2.342954463966,0.,0.));
#2455 = VECTOR('',#2456,1.);
#2456 = DIRECTION('',(-1.,0.,0.));
#2457 = ORIENTED_EDGE('',*,*,#2458,.F.);
#2458 = EDGE_CURVE('',#2459,#2451,#2461,.T.);
#2459 = VERTEX_POINT('',#2460);
#2460 = CARTESIAN_POINT('',(2.342954463966,0.787092147723,0.));
#2461 = LINE('',#2462,#2463);
#2462 = CARTESIAN_POINT('',(2.342954463966,0.787092147723,0.));
#2463 = VECTOR('',#2464,1.);
#2464 = DIRECTION('',(0.,-1.,0.));
#2465 = ORIENTED_EDGE('',*,*,#2466,.F.);
#2466 = EDGE_CURVE('',#2443,#2459,#2467,.T.);
#2467 = LINE('',#2468,#2469);
#2468 = CARTESIAN_POINT('',(2.251523843672,0.787092147723,0.));
#2469 = VECTOR('',#2470,1.);
#2470 = DIRECTION('',(1.,0.,0.));
#2471 = PLANE('',#2472);
#2472 = AXIS2_PLACEMENT_3D('',#2473,#2474,#2475);
#2473 = CARTESIAN_POINT('',(2.297239153819,0.393546073862,0.));
#2474 = DIRECTION('',(0.,0.,1.));
#2475 = DIRECTION('',(1.,0.,-0.));
#2476 = SHELL_BASED_SURFACE_MODEL('',(#2477));
#2477 = OPEN_SHELL('',(#2478));
#2478 = ADVANCED_FACE('',(#2479),#2545,.T.);
#2479 = FACE_BOUND('',#2480,.T.);
#2480 = EDGE_LOOP('',(#2481,#2491,#2499,#2507,#2515,#2523,#2531,#2539));
#2481 = ORIENTED_EDGE('',*,*,#2482,.F.);
#2482 = EDGE_CURVE('',#2483,#2485,#2487,.T.);
#2483 = VERTEX_POINT('',#2484);
#2484 = CARTESIAN_POINT('',(2.801326640373,0.,0.));
#2485 = VERTEX_POINT('',#2486);
#2486 = CARTESIAN_POINT('',(2.709896020079,0.,0.));
#2487 = LINE('',#2488,#2489);
#2488 = CARTESIAN_POINT('',(2.801326640373,0.,0.));
#2489 = VECTOR('',#2490,1.);
#2490 = DIRECTION('',(-1.,0.,0.));
#2491 = ORIENTED_EDGE('',*,*,#2492,.F.);
#2492 = EDGE_CURVE('',#2493,#2483,#2495,.T.);
#2493 = VERTEX_POINT('',#2494);
#2494 = CARTESIAN_POINT('',(2.801326640373,0.705880243815,0.));
#2495 = LINE('',#2496,#2497);
#2496 = CARTESIAN_POINT('',(2.801326640373,0.705880243815,0.));
#2497 = VECTOR('',#2498,1.);
#2498 = DIRECTION('',(0.,-1.,0.));
#2499 = ORIENTED_EDGE('',*,*,#2500,.F.);
#2500 = EDGE_CURVE('',#2501,#2493,#2503,.T.);
#2501 = VERTEX_POINT('',#2502);
#2502 = CARTESIAN_POINT('',(3.050950161348,0.705880243815,0.));
#2503 = LINE('',#2504,#2505);
#2504 = CARTESIAN_POINT('',(3.050950161348,0.705880243815,0.));
#2505 = VECTOR('',#2506,1.);
#2506 = DIRECTION('',(-1.,0.,0.));
#2507 = ORIENTED_EDGE('',*,*,#2508,.F.);
#2508 = EDGE_CURVE('',#2509,#2501,#2511,.T.);
#2509 = VERTEX_POINT('',#2510);
#2510 = CARTESIAN_POINT('',(3.050950161348,0.787092147723,0.));
#2511 = LINE('',#2512,#2513);
#2512 = CARTESIAN_POINT('',(3.050950161348,0.787092147723,0.));
#2513 = VECTOR('',#2514,1.);
#2514 = DIRECTION('',(0.,-1.,0.));
#2515 = ORIENTED_EDGE('',*,*,#2516,.F.);
#2516 = EDGE_CURVE('',#2517,#2509,#2519,.T.);
#2517 = VERTEX_POINT('',#2518);
#2518 = CARTESIAN_POINT('',(2.46045177483,0.787092147723,0.));
#2519 = LINE('',#2520,#2521);
#2520 = CARTESIAN_POINT('',(2.46045177483,0.787092147723,0.));
#2521 = VECTOR('',#2522,1.);
#2522 = DIRECTION('',(1.,0.,0.));
#2523 = ORIENTED_EDGE('',*,*,#2524,.F.);
#2524 = EDGE_CURVE('',#2525,#2517,#2527,.T.);
#2525 = VERTEX_POINT('',#2526);
#2526 = CARTESIAN_POINT('',(2.46045177483,0.705880243815,0.));
#2527 = LINE('',#2528,#2529);
#2528 = CARTESIAN_POINT('',(2.46045177483,0.705880243815,0.));
#2529 = VECTOR('',#2530,1.);
#2530 = DIRECTION('',(0.,1.,0.));
#2531 = ORIENTED_EDGE('',*,*,#2532,.F.);
#2532 = EDGE_CURVE('',#2533,#2525,#2535,.T.);
#2533 = VERTEX_POINT('',#2534);
#2534 = CARTESIAN_POINT('',(2.709896020079,0.705880243815,0.));
#2535 = LINE('',#2536,#2537);
#2536 = CARTESIAN_POINT('',(2.709896020079,0.705880243815,0.));
#2537 = VECTOR('',#2538,1.);
#2538 = DIRECTION('',(-1.,0.,0.));
#2539 = ORIENTED_EDGE('',*,*,#2540,.F.);
#2540 = EDGE_CURVE('',#2485,#2533,#2541,.T.);
#2541 = LINE('',#2542,#2543);
#2542 = CARTESIAN_POINT('',(2.709896020079,0.,0.));
#2543 = VECTOR('',#2544,1.);
#2544 = DIRECTION('',(0.,1.,0.));
#2545 = PLANE('',#2546);
#2546 = AXIS2_PLACEMENT_3D('',#2547,#2548,#2549);
#2547 = CARTESIAN_POINT('',(2.755655037462,0.521407752549,0.));
#2548 = DIRECTION('',(0.,0.,1.));
#2549 = DIRECTION('',(1.,0.,-0.));
#2550 = SHELL_BASED_SURFACE_MODEL('',(#2551));
#2551 = OPEN_SHELL('',(#2552));
#2552 = ADVANCED_FACE('',(#2553),#2651,.T.);
#2553 = FACE_BOUND('',#2554,.T.);
#2554 = EDGE_LOOP('',(#2555,#2565,#2573,#2581,#2589,#2597,#2605,#2613,
    #2621,#2629,#2637,#2645));
#2555 = ORIENTED_EDGE('',*,*,#2556,.F.);
#2556 = EDGE_CURVE('',#2557,#2559,#2561,.T.);
#2557 = VERTEX_POINT('',#2558);
#2558 = CARTESIAN_POINT('',(3.765973467193,0.,0.));
#2559 = VERTEX_POINT('',#2560);
#2560 = CARTESIAN_POINT('',(3.674542846899,0.,0.));
#2561 = LINE('',#2562,#2563);
#2562 = CARTESIAN_POINT('',(3.765973467193,0.,0.));
#2563 = VECTOR('',#2564,1.);
#2564 = DIRECTION('',(-1.,0.,0.));
#2565 = ORIENTED_EDGE('',*,*,#2566,.F.);
#2566 = EDGE_CURVE('',#2567,#2557,#2569,.T.);
#2567 = VERTEX_POINT('',#2568);
#2568 = CARTESIAN_POINT('',(3.765973467193,0.787092147723,0.));
#2569 = LINE('',#2570,#2571);
#2570 = CARTESIAN_POINT('',(3.765973467193,0.787092147723,0.));
#2571 = VECTOR('',#2572,1.);
#2572 = DIRECTION('',(0.,-1.,0.));
#2573 = ORIENTED_EDGE('',*,*,#2574,.F.);
#2574 = EDGE_CURVE('',#2575,#2567,#2577,.T.);
#2575 = VERTEX_POINT('',#2576);
#2576 = CARTESIAN_POINT('',(3.674542846899,0.787092147723,0.));
#2577 = LINE('',#2578,#2579);
#2578 = CARTESIAN_POINT('',(3.674542846899,0.787092147723,0.));
#2579 = VECTOR('',#2580,1.);
#2580 = DIRECTION('',(1.,0.,0.));
#2581 = ORIENTED_EDGE('',*,*,#2582,.F.);
#2582 = EDGE_CURVE('',#2583,#2575,#2585,.T.);
#2583 = VERTEX_POINT('',#2584);
#2584 = CARTESIAN_POINT('',(3.674542846899,0.45206167085,0.));
#2585 = LINE('',#2586,#2587);
#2586 = CARTESIAN_POINT('',(3.674542846899,0.45206167085,0.));
#2587 = VECTOR('',#2588,1.);
#2588 = DIRECTION('',(0.,1.,0.));
#2589 = ORIENTED_EDGE('',*,*,#2590,.F.);
#2590 = EDGE_CURVE('',#2591,#2583,#2593,.T.);
#2591 = VERTEX_POINT('',#2592);
#2592 = CARTESIAN_POINT('',(3.260666905701,0.45206167085,0.));
#2593 = LINE('',#2594,#2595);
#2594 = CARTESIAN_POINT('',(3.260666905701,0.45206167085,0.));
#2595 = VECTOR('',#2596,1.);
#2596 = DIRECTION('',(1.,0.,0.));
#2597 = ORIENTED_EDGE('',*,*,#2598,.F.);
#2598 = EDGE_CURVE('',#2599,#2591,#2601,.T.);
#2599 = VERTEX_POINT('',#2600);
#2600 = CARTESIAN_POINT('',(3.260666905701,0.787092147723,0.));
#2601 = LINE('',#2602,#2603);
#2602 = CARTESIAN_POINT('',(3.260666905701,0.787092147723,0.));
#2603 = VECTOR('',#2604,1.);
#2604 = DIRECTION('',(0.,-1.,0.));
#2605 = ORIENTED_EDGE('',*,*,#2606,.F.);
#2606 = EDGE_CURVE('',#2607,#2599,#2609,.T.);
#2607 = VERTEX_POINT('',#2608);
#2608 = CARTESIAN_POINT('',(3.169236285407,0.787092147723,0.));
#2609 = LINE('',#2610,#2611);
#2610 = CARTESIAN_POINT('',(3.169236285407,0.787092147723,0.));
#2611 = VECTOR('',#2612,1.);
#2612 = DIRECTION('',(1.,0.,0.));
#2613 = ORIENTED_EDGE('',*,*,#2614,.F.);
#2614 = EDGE_CURVE('',#2615,#2607,#2617,.T.);
#2615 = VERTEX_POINT('',#2616);
#2616 = CARTESIAN_POINT('',(3.169236285407,0.,0.));
#2617 = LINE('',#2618,#2619);
#2618 = CARTESIAN_POINT('',(3.169236285407,0.,0.));
#2619 = VECTOR('',#2620,1.);
#2620 = DIRECTION('',(0.,1.,0.));
#2621 = ORIENTED_EDGE('',*,*,#2622,.F.);
#2622 = EDGE_CURVE('',#2623,#2615,#2625,.T.);
#2623 = VERTEX_POINT('',#2624);
#2624 = CARTESIAN_POINT('',(3.260666905701,0.,0.));
#2625 = LINE('',#2626,#2627);
#2626 = CARTESIAN_POINT('',(3.260666905701,0.,0.));
#2627 = VECTOR('',#2628,1.);
#2628 = DIRECTION('',(-1.,0.,0.));
#2629 = ORIENTED_EDGE('',*,*,#2630,.F.);
#2630 = EDGE_CURVE('',#2631,#2623,#2633,.T.);
#2631 = VERTEX_POINT('',#2632);
#2632 = CARTESIAN_POINT('',(3.260666905701,0.370311939763,0.));
#2633 = LINE('',#2634,#2635);
#2634 = CARTESIAN_POINT('',(3.260666905701,0.370311939763,0.));
#2635 = VECTOR('',#2636,1.);
#2636 = DIRECTION('',(0.,-1.,0.));
#2637 = ORIENTED_EDGE('',*,*,#2638,.F.);
#2638 = EDGE_CURVE('',#2639,#2631,#2641,.T.);
#2639 = VERTEX_POINT('',#2640);
#2640 = CARTESIAN_POINT('',(3.674542846899,0.370311939763,0.));
#2641 = LINE('',#2642,#2643);
#2642 = CARTESIAN_POINT('',(3.674542846899,0.370311939763,0.));
#2643 = VECTOR('',#2644,1.);
#2644 = DIRECTION('',(-1.,0.,0.));
#2645 = ORIENTED_EDGE('',*,*,#2646,.F.);
#2646 = EDGE_CURVE('',#2559,#2639,#2647,.T.);
#2647 = LINE('',#2648,#2649);
#2648 = CARTESIAN_POINT('',(3.674542846899,0.,0.));
#2649 = VECTOR('',#2650,1.);
#2650 = DIRECTION('',(0.,1.,0.));
#2651 = PLANE('',#2652);
#2652 = AXIS2_PLACEMENT_3D('',#2653,#2654,#2655);
#2653 = CARTESIAN_POINT('',(3.4676048763,0.396350510256,0.));
#2654 = DIRECTION('',(0.,0.,1.));
#2655 = DIRECTION('',(1.,0.,-0.));
#2656 = SHELL_BASED_SURFACE_MODEL('',(#2657));
#2657 = OPEN_SHELL('',(#2658));
#2658 = ADVANCED_FACE('',(#2659),#2693,.T.);
#2659 = FACE_BOUND('',#2660,.T.);
#2660 = EDGE_LOOP('',(#2661,#2671,#2679,#2687));
#2661 = ORIENTED_EDGE('',*,*,#2662,.F.);
#2662 = EDGE_CURVE('',#2663,#2665,#2667,.T.);
#2663 = VERTEX_POINT('',#2664);
#2664 = CARTESIAN_POINT('',(3.981749731086,0.,0.));
#2665 = VERTEX_POINT('',#2666);
#2666 = CARTESIAN_POINT('',(3.981749731086,0.787092147723,0.));
#2667 = LINE('',#2668,#2669);
#2668 = CARTESIAN_POINT('',(3.981749731086,0.,0.));
#2669 = VECTOR('',#2670,1.);
#2670 = DIRECTION('',(0.,1.,0.));
#2671 = ORIENTED_EDGE('',*,*,#2672,.F.);
#2672 = EDGE_CURVE('',#2673,#2663,#2675,.T.);
#2673 = VERTEX_POINT('',#2674);
#2674 = CARTESIAN_POINT('',(4.07318035138,0.,0.));
#2675 = LINE('',#2676,#2677);
#2676 = CARTESIAN_POINT('',(4.07318035138,0.,0.));
#2677 = VECTOR('',#2678,1.);
#2678 = DIRECTION('',(-1.,0.,0.));
#2679 = ORIENTED_EDGE('',*,*,#2680,.F.);
#2680 = EDGE_CURVE('',#2681,#2673,#2683,.T.);
#2681 = VERTEX_POINT('',#2682);
#2682 = CARTESIAN_POINT('',(4.07318035138,0.787092147723,0.));
#2683 = LINE('',#2684,#2685);
#2684 = CARTESIAN_POINT('',(4.07318035138,0.787092147723,0.));
#2685 = VECTOR('',#2686,1.);
#2686 = DIRECTION('',(0.,-1.,0.));
#2687 = ORIENTED_EDGE('',*,*,#2688,.F.);
#2688 = EDGE_CURVE('',#2665,#2681,#2689,.T.);
#2689 = LINE('',#2690,#2691);
#2690 = CARTESIAN_POINT('',(3.981749731086,0.787092147723,0.));
#2691 = VECTOR('',#2692,1.);
#2692 = DIRECTION('',(1.,0.,0.));
#2693 = PLANE('',#2694);
#2694 = AXIS2_PLACEMENT_3D('',#2695,#2696,#2697);
#2695 = CARTESIAN_POINT('',(4.027465041233,0.393546073862,0.));
#2696 = DIRECTION('',(0.,0.,1.));
#2697 = DIRECTION('',(1.,0.,-0.));
#2698 = SHELL_BASED_SURFACE_MODEL('',(#2699));
#2699 = OPEN_SHELL('',(#2700));
#2700 = ADVANCED_FACE('',(#2701),#2815,.T.);
#2701 = FACE_BOUND('',#2702,.T.);
#2702 = EDGE_LOOP('',(#2703,#2713,#2721,#2729,#2737,#2745,#2753,#2761,
    #2769,#2777,#2785,#2793,#2801,#2809));
#2703 = ORIENTED_EDGE('',*,*,#2704,.F.);
#2704 = EDGE_CURVE('',#2705,#2707,#2709,.T.);
#2705 = VERTEX_POINT('',#2706);
#2706 = CARTESIAN_POINT('',(4.881964861958,0.787092147723,0.));
#2707 = VERTEX_POINT('',#2708);
#2708 = CARTESIAN_POINT('',(4.881964861958,0.277339548225,0.));
#2709 = LINE('',#2710,#2711);
#2710 = CARTESIAN_POINT('',(4.881964861958,0.787092147723,0.));
#2711 = VECTOR('',#2712,1.);
#2712 = DIRECTION('',(0.,-1.,0.));
#2713 = ORIENTED_EDGE('',*,*,#2714,.F.);
#2714 = EDGE_CURVE('',#2715,#2705,#2717,.T.);
#2715 = VERTEX_POINT('',#2716);
#2716 = CARTESIAN_POINT('',(4.790534241664,0.787092147723,0.));
#2717 = LINE('',#2718,#2719);
#2718 = CARTESIAN_POINT('',(4.790534241664,0.787092147723,0.));
#2719 = VECTOR('',#2720,1.);
#2720 = DIRECTION('',(1.,0.,0.));
#2721 = ORIENTED_EDGE('',*,*,#2722,.F.);
#2722 = EDGE_CURVE('',#2723,#2715,#2725,.T.);
#2723 = VERTEX_POINT('',#2724);
#2724 = CARTESIAN_POINT('',(4.790534241664,0.27400501972,0.));
#2725 = LINE('',#2726,#2727);
#2726 = CARTESIAN_POINT('',(4.790534241664,0.27400501972,0.));
#2727 = VECTOR('',#2728,1.);
#2728 = DIRECTION('',(0.,1.,0.));
#2729 = ORIENTED_EDGE('',*,*,#2730,.F.);
#2730 = EDGE_CURVE('',#2731,#2723,#2733,.T.);
#2731 = VERTEX_POINT('',#2732);
#2732 = CARTESIAN_POINT('',(4.736823234134,0.121728217999,0.));
#2733 = B_SPLINE_CURVE_WITH_KNOTS('',2,(#2734,#2735,#2736),
  .UNSPECIFIED.,.F.,.F.,(3,3),(0.,1.),.PIECEWISE_BEZIER_KNOTS.);
#2734 = CARTESIAN_POINT('',(4.736823234134,0.121728217999,0.));
#2735 = CARTESIAN_POINT('',(4.790534241664,0.17482968806,0.));
#2736 = CARTESIAN_POINT('',(4.790534241664,0.27400501972,0.));
#2737 = ORIENTED_EDGE('',*,*,#2738,.F.);
#2738 = EDGE_CURVE('',#2739,#2731,#2741,.T.);
#2739 = VERTEX_POINT('',#2740);
#2740 = CARTESIAN_POINT('',(4.583829329509,6.866260308354E-02,0.));
#2741 = B_SPLINE_CURVE_WITH_KNOTS('',2,(#2742,#2743,#2744),
  .UNSPECIFIED.,.F.,.F.,(3,3),(0.,1.),.PIECEWISE_BEZIER_KNOTS.);
#2742 = CARTESIAN_POINT('',(4.583829329509,6.866260308354E-02,0.));
#2743 = CARTESIAN_POINT('',(4.68314808175,6.866260308354E-02,0.));
#2744 = CARTESIAN_POINT('',(4.736823234134,0.121728217999,0.));
#2745 = ORIENTED_EDGE('',*,*,#2746,.F.);
#2746 = EDGE_CURVE('',#2747,#2739,#2749,.T.);
#2747 = VERTEX_POINT('',#2748);
#2748 = CARTESIAN_POINT('',(4.42599498028,0.121477231983,0.));
#2749 = B_SPLINE_CURVE_WITH_KNOTS('',2,(#2750,#2751,#2752),
  .UNSPECIFIED.,.F.,.F.,(3,3),(0.,1.),.PIECEWISE_BEZIER_KNOTS.);
#2750 = CARTESIAN_POINT('',(4.42599498028,0.121477231983,0.));
#2751 = CARTESIAN_POINT('',(4.479705987809,6.866260308354E-02,0.));
#2752 = CARTESIAN_POINT('',(4.583829329509,6.866260308354E-02,0.));
#2753 = ORIENTED_EDGE('',*,*,#2754,.F.);
#2754 = EDGE_CURVE('',#2755,#2747,#2757,.T.);
#2755 = VERTEX_POINT('',#2756);
#2756 = CARTESIAN_POINT('',(4.372319827895,0.272929365364,0.));
#2757 = B_SPLINE_CURVE_WITH_KNOTS('',2,(#2758,#2759,#2760),
  .UNSPECIFIED.,.F.,.F.,(3,3),(0.,1.),.PIECEWISE_BEZIER_KNOTS.);
#2758 = CARTESIAN_POINT('',(4.372319827895,0.272929365364,0.));
#2759 = CARTESIAN_POINT('',(4.372319827895,0.174291860882,0.));
#2760 = CARTESIAN_POINT('',(4.42599498028,0.121477231983,0.));
#2761 = ORIENTED_EDGE('',*,*,#2762,.F.);
#2762 = EDGE_CURVE('',#2763,#2755,#2765,.T.);
#2763 = VERTEX_POINT('',#2764);
#2764 = CARTESIAN_POINT('',(4.372319827895,0.787092147723,0.));
#2765 = LINE('',#2766,#2767);
#2766 = CARTESIAN_POINT('',(4.372319827895,0.787092147723,0.));
#2767 = VECTOR('',#2768,1.);
#2768 = DIRECTION('',(0.,-1.,0.));
#2769 = ORIENTED_EDGE('',*,*,#2770,.F.);
#2770 = EDGE_CURVE('',#2771,#2763,#2773,.T.);
#2771 = VERTEX_POINT('',#2772);
#2772 = CARTESIAN_POINT('',(4.280889207601,0.787092147723,0.));
#2773 = LINE('',#2774,#2775);
#2774 = CARTESIAN_POINT('',(4.280889207601,0.787092147723,0.));
#2775 = VECTOR('',#2776,1.);
#2776 = DIRECTION('',(1.,0.,0.));
#2777 = ORIENTED_EDGE('',*,*,#2778,.F.);
#2778 = EDGE_CURVE('',#2779,#2771,#2781,.T.);
#2779 = VERTEX_POINT('',#2780);
#2780 = CARTESIAN_POINT('',(4.280889207601,0.279490856938,0.));
#2781 = LINE('',#2782,#2783);
#2782 = CARTESIAN_POINT('',(4.280889207601,0.279490856938,0.));
#2783 = VECTOR('',#2784,1.);
#2784 = DIRECTION('',(0.,1.,0.));
#2785 = ORIENTED_EDGE('',*,*,#2786,.F.);
#2786 = EDGE_CURVE('',#2787,#2779,#2789,.T.);
#2787 = VERTEX_POINT('',#2788);
#2788 = CARTESIAN_POINT('',(4.358515596988,6.61168877734E-02,0.));
#2789 = B_SPLINE_CURVE_WITH_KNOTS('',2,(#2790,#2791,#2792),
  .UNSPECIFIED.,.F.,.F.,(3,3),(0.,1.),.PIECEWISE_BEZIER_KNOTS.);
#2790 = CARTESIAN_POINT('',(4.358515596988,6.61168877734E-02,0.));
#2791 = CARTESIAN_POINT('',(4.280889207601,0.143707422015,0.));
#2792 = CARTESIAN_POINT('',(4.280889207601,0.279490856938,0.));
#2793 = ORIENTED_EDGE('',*,*,#2794,.F.);
#2794 = EDGE_CURVE('',#2795,#2787,#2797,.T.);
#2795 = VERTEX_POINT('',#2796);
#2796 = CARTESIAN_POINT('',(4.577949085694,-1.147364646827E-02,0.));
#2797 = B_SPLINE_CURVE_WITH_KNOTS('',2,(#2798,#2799,#2800),
  .UNSPECIFIED.,.F.,.F.,(3,3),(0.,1.),.PIECEWISE_BEZIER_KNOTS.);
#2798 = CARTESIAN_POINT('',(4.577949085694,-1.147364646827E-02,0.));
#2799 = CARTESIAN_POINT('',(4.436141986375,-1.147364646827E-02,0.));
#2800 = CARTESIAN_POINT('',(4.358515596988,6.61168877734E-02,0.));
#2801 = ORIENTED_EDGE('',*,*,#2802,.F.);
#2802 = EDGE_CURVE('',#2803,#2795,#2805,.T.);
#2803 = VERTEX_POINT('',#2804);
#2804 = CARTESIAN_POINT('',(4.800860523485,6.557906059519E-02,0.));
#2805 = B_SPLINE_CURVE_WITH_KNOTS('',2,(#2806,#2807,#2808),
  .UNSPECIFIED.,.F.,.F.,(3,3),(0.,1.),.PIECEWISE_BEZIER_KNOTS.);
#2806 = CARTESIAN_POINT('',(4.800860523485,6.55790605952E-02,0.));
#2807 = CARTESIAN_POINT('',(4.719756185013,-1.147364646827E-02,0.));
#2808 = CARTESIAN_POINT('',(4.577949085694,-1.147364646827E-02,0.));
#2809 = ORIENTED_EDGE('',*,*,#2810,.F.);
#2810 = EDGE_CURVE('',#2707,#2803,#2811,.T.);
#2811 = B_SPLINE_CURVE_WITH_KNOTS('',2,(#2812,#2813,#2814),
  .UNSPECIFIED.,.F.,.F.,(3,3),(0.,1.),.PIECEWISE_BEZIER_KNOTS.);
#2812 = CARTESIAN_POINT('',(4.881964861958,0.277339548225,0.));
#2813 = CARTESIAN_POINT('',(4.881964861958,0.142631767659,0.));
#2814 = CARTESIAN_POINT('',(4.800860523485,6.55790605952E-02,0.));
#2815 = PLANE('',#2816);
#2816 = AXIS2_PLACEMENT_3D('',#2817,#2818,#2819);
#2817 = CARTESIAN_POINT('',(4.581255308861,0.367755170908,0.));
#2818 = DIRECTION('',(0.,0.,1.));
#2819 = DIRECTION('',(1.,0.,-0.));
#2820 = SHELL_BASED_SURFACE_MODEL('',(#2821));
#2821 = OPEN_SHELL('',(#2822));
#2822 = ADVANCED_FACE('',(#2823),#2969,.T.);
#2823 = FACE_BOUND('',#2824,.T.);
#2824 = EDGE_LOOP('',(#2825,#2835,#2843,#2851,#2859,#2867,#2875,#2883,
    #2891,#2899,#2907,#2915,#2923,#2931,#2939,#2947,#2955,#2963));
#2825 = ORIENTED_EDGE('',*,*,#2826,.F.);
#2826 = EDGE_CURVE('',#2827,#2829,#2831,.T.);
#2827 = VERTEX_POINT('',#2828);
#2828 = CARTESIAN_POINT('',(5.437540337038,0.,0.));
#2829 = VERTEX_POINT('',#2830);
#2830 = CARTESIAN_POINT('',(5.171064897813,0.697741125852,0.));
#2831 = LINE('',#2832,#2833);
#2832 = CARTESIAN_POINT('',(5.437540337038,0.,0.));
#2833 = VECTOR('',#2834,1.);
#2834 = DIRECTION('',(-0.356777741853,0.934189297155,0.));
#2835 = ORIENTED_EDGE('',*,*,#2836,.F.);
#2836 = EDGE_CURVE('',#2837,#2827,#2839,.T.);
#2837 = VERTEX_POINT('',#2838);
#2838 = CARTESIAN_POINT('',(5.511150950161,0.,0.));
#2839 = LINE('',#2840,#2841);
#2840 = CARTESIAN_POINT('',(5.511150950161,0.,0.));
#2841 = VECTOR('',#2842,1.);
#2842 = DIRECTION('',(-1.,0.,0.));
#2843 = ORIENTED_EDGE('',*,*,#2844,.F.);
#2844 = EDGE_CURVE('',#2845,#2837,#2847,.T.);
#2845 = VERTEX_POINT('',#2846);
#2846 = CARTESIAN_POINT('',(5.7797776981,0.69662961635,0.));
#2847 = LINE('',#2848,#2849);
#2848 = CARTESIAN_POINT('',(5.7797776981,0.69662961635,0.));
#2849 = VECTOR('',#2850,1.);
#2850 = DIRECTION('',(-0.359786668242,-0.933034593869,0.));
#2851 = ORIENTED_EDGE('',*,*,#2852,.F.);
#2852 = EDGE_CURVE('',#2853,#2845,#2855,.T.);
#2853 = VERTEX_POINT('',#2854);
#2854 = CARTESIAN_POINT('',(5.784080315525,0.69662961635,0.));
#2855 = LINE('',#2856,#2857);
#2856 = CARTESIAN_POINT('',(5.784080315525,0.69662961635,0.));
#2857 = VECTOR('',#2858,1.);
#2858 = DIRECTION('',(-1.,0.,0.));
#2859 = ORIENTED_EDGE('',*,*,#2860,.F.);
#2860 = EDGE_CURVE('',#2861,#2853,#2863,.T.);
#2861 = VERTEX_POINT('',#2862);
#2862 = CARTESIAN_POINT('',(5.77655073503,0.507135173897,0.));
#2863 = B_SPLINE_CURVE_WITH_KNOTS('',2,(#2864,#2865,#2866),
  .UNSPECIFIED.,.F.,.F.,(3,3),(0.,1.),.PIECEWISE_BEZIER_KNOTS.);
#2864 = CARTESIAN_POINT('',(5.77655073503,0.507135173897,0.));
#2865 = CARTESIAN_POINT('',(5.77655073503,0.594334887056,0.));
#2866 = CARTESIAN_POINT('',(5.784080315525,0.69662961635,0.));
#2867 = ORIENTED_EDGE('',*,*,#2868,.F.);
#2868 = EDGE_CURVE('',#2869,#2861,#2871,.T.);
#2869 = VERTEX_POINT('',#2870);
#2870 = CARTESIAN_POINT('',(5.77655073503,0.,0.));
#2871 = LINE('',#2872,#2873);
#2872 = CARTESIAN_POINT('',(5.77655073503,0.,0.));
#2873 = VECTOR('',#2874,1.);
#2874 = DIRECTION('',(0.,1.,0.));
#2875 = ORIENTED_EDGE('',*,*,#2876,.F.);
#2876 = EDGE_CURVE('',#2877,#2869,#2879,.T.);
#2877 = VERTEX_POINT('',#2878);
#2878 = CARTESIAN_POINT('',(5.867981355324,0.,0.));
#2879 = LINE('',#2880,#2881);
#2880 = CARTESIAN_POINT('',(5.867981355324,0.,0.));
#2881 = VECTOR('',#2882,1.);
#2882 = DIRECTION('',(-1.,0.,0.));
#2883 = ORIENTED_EDGE('',*,*,#2884,.F.);
#2884 = EDGE_CURVE('',#2885,#2877,#2887,.T.);
#2885 = VERTEX_POINT('',#2886);
#2886 = CARTESIAN_POINT('',(5.867981355324,0.787092147723,0.));
#2887 = LINE('',#2888,#2889);
#2888 = CARTESIAN_POINT('',(5.867981355324,0.787092147723,0.));
#2889 = VECTOR('',#2890,1.);
#2890 = DIRECTION('',(0.,-1.,0.));
#2891 = ORIENTED_EDGE('',*,*,#2892,.F.);
#2892 = EDGE_CURVE('',#2893,#2885,#2895,.T.);
#2893 = VERTEX_POINT('',#2894);
#2894 = CARTESIAN_POINT('',(5.731373252062,0.787092147723,0.));
#2895 = LINE('',#2896,#2897);
#2896 = CARTESIAN_POINT('',(5.731373252062,0.787092147723,0.));
#2897 = VECTOR('',#2898,1.);
#2898 = DIRECTION('',(1.,0.,0.));
#2899 = ORIENTED_EDGE('',*,*,#2900,.F.);
#2900 = EDGE_CURVE('',#2901,#2893,#2903,.T.);
#2901 = VERTEX_POINT('',#2902);
#2902 = CARTESIAN_POINT('',(5.480530656149,0.1378271782,0.));
#2903 = LINE('',#2904,#2905);
#2904 = CARTESIAN_POINT('',(5.480530656149,0.1378271782,0.));
#2905 = VECTOR('',#2906,1.);
#2906 = DIRECTION('',(0.360387054891,0.932802857343,0.));
#2907 = ORIENTED_EDGE('',*,*,#2908,.F.);
#2908 = EDGE_CURVE('',#2909,#2901,#2911,.T.);
#2909 = VERTEX_POINT('',#2910);
#2910 = CARTESIAN_POINT('',(5.476228038724,0.1378271782,0.));
#2911 = LINE('',#2912,#2913);
#2912 = CARTESIAN_POINT('',(5.476228038724,0.1378271782,0.));
#2913 = VECTOR('',#2914,1.);
#2914 = DIRECTION('',(1.,0.,0.));
#2915 = ORIENTED_EDGE('',*,*,#2916,.F.);
#2916 = EDGE_CURVE('',#2917,#2909,#2919,.T.);
#2917 = VERTEX_POINT('',#2918);
#2918 = CARTESIAN_POINT('',(5.227536751524,0.787092147723,0.));
#2919 = LINE('',#2920,#2921);
#2920 = CARTESIAN_POINT('',(5.227536751524,0.787092147723,0.));
#2921 = VECTOR('',#2922,1.);
#2922 = DIRECTION('',(0.357693197132,-0.933839159987,0.));
#2923 = ORIENTED_EDGE('',*,*,#2924,.F.);
#2924 = EDGE_CURVE('',#2925,#2917,#2927,.T.);
#2925 = VERTEX_POINT('',#2926);
#2926 = CARTESIAN_POINT('',(5.089852993905,0.787092147723,0.));
#2927 = LINE('',#2928,#2929);
#2928 = CARTESIAN_POINT('',(5.089852993905,0.787092147723,0.));
#2929 = VECTOR('',#2930,1.);
#2930 = DIRECTION('',(1.,0.,0.));
#2931 = ORIENTED_EDGE('',*,*,#2932,.F.);
#2932 = EDGE_CURVE('',#2933,#2925,#2935,.T.);
#2933 = VERTEX_POINT('',#2934);
#2934 = CARTESIAN_POINT('',(5.089852993905,0.,0.));
#2935 = LINE('',#2936,#2937);
#2936 = CARTESIAN_POINT('',(5.089852993905,0.,0.));
#2937 = VECTOR('',#2938,1.);
#2938 = DIRECTION('',(0.,1.,0.));
#2939 = ORIENTED_EDGE('',*,*,#2940,.F.);
#2940 = EDGE_CURVE('',#2941,#2933,#2943,.T.);
#2941 = VERTEX_POINT('',#2942);
#2942 = CARTESIAN_POINT('',(5.174291860882,0.,0.));
#2943 = LINE('',#2944,#2945);
#2944 = CARTESIAN_POINT('',(5.174291860882,0.,0.));
#2945 = VECTOR('',#2946,1.);
#2946 = DIRECTION('',(-1.,0.,0.));
#2947 = ORIENTED_EDGE('',*,*,#2948,.F.);
#2948 = EDGE_CURVE('',#2949,#2941,#2951,.T.);
#2949 = VERTEX_POINT('',#2950);
#2950 = CARTESIAN_POINT('',(5.174291860882,0.500681247759,0.));
#2951 = LINE('',#2952,#2953);
#2952 = CARTESIAN_POINT('',(5.174291860882,0.500681247759,0.));
#2953 = VECTOR('',#2954,1.);
#2954 = DIRECTION('',(0.,-1.,0.));
#2955 = ORIENTED_EDGE('',*,*,#2956,.F.);
#2956 = EDGE_CURVE('',#2957,#2949,#2959,.T.);
#2957 = VERTEX_POINT('',#2958);
#2958 = CARTESIAN_POINT('',(5.166762280387,0.697741125852,0.));
#2959 = B_SPLINE_CURVE_WITH_KNOTS('',2,(#2960,#2961,#2962),
  .UNSPECIFIED.,.F.,.F.,(3,3),(0.,1.),.PIECEWISE_BEZIER_KNOTS.);
#2960 = CARTESIAN_POINT('',(5.166762280387,0.697741125852,0.));
#2961 = CARTESIAN_POINT('',(5.174291860882,0.614844030118,0.));
#2962 = CARTESIAN_POINT('',(5.174291860882,0.500681247759,0.));
#2963 = ORIENTED_EDGE('',*,*,#2964,.F.);
#2964 = EDGE_CURVE('',#2829,#2957,#2965,.T.);
#2965 = LINE('',#2966,#2967);
#2966 = CARTESIAN_POINT('',(5.171064897813,0.697741125852,0.));
#2967 = VECTOR('',#2968,1.);
#2968 = DIRECTION('',(-1.,0.,0.));
#2969 = PLANE('',#2970);
#2970 = AXIS2_PLACEMENT_3D('',#2971,#2972,#2973);
#2971 = CARTESIAN_POINT('',(5.477399594404,0.390014042392,0.));
#2972 = DIRECTION('',(0.,0.,1.));
#2973 = DIRECTION('',(1.,0.,-0.));
#2974 = SHELL_BASED_SURFACE_MODEL('',(#2975));
#2975 = OPEN_SHELL('',(#2976));
#2976 = ADVANCED_FACE('',(#2977,#3067,#3125),#3183,.T.);
#2977 = FACE_BOUND('',#2978,.T.);
#2978 = EDGE_LOOP('',(#2979,#2989,#2997,#3005,#3013,#3021,#3029,#3037,
    #3045,#3053,#3061));
#2979 = ORIENTED_EDGE('',*,*,#2980,.F.);
#2980 = EDGE_CURVE('',#2981,#2983,#2985,.T.);
#2981 = VERTEX_POINT('',#2982);
#2982 = CARTESIAN_POINT('',(6.370419505199,0.787092147723,0.));
#2983 = VERTEX_POINT('',#2984);
#2984 = CARTESIAN_POINT('',(6.592542129796,0.787092147723,0.));
#2985 = LINE('',#2986,#2987);
#2986 = CARTESIAN_POINT('',(6.370419505199,0.787092147723,0.));
#2987 = VECTOR('',#2988,1.);
#2988 = DIRECTION('',(1.,0.,0.));
#2989 = ORIENTED_EDGE('',*,*,#2990,.F.);
#2990 = EDGE_CURVE('',#2991,#2981,#2993,.T.);
#2991 = VERTEX_POINT('',#2992);
#2992 = CARTESIAN_POINT('',(6.370419505199,0.,0.));
#2993 = LINE('',#2994,#2995);
#2994 = CARTESIAN_POINT('',(6.370419505199,0.,0.));
#2995 = VECTOR('',#2996,1.);
#2996 = DIRECTION('',(0.,1.,0.));
#2997 = ORIENTED_EDGE('',*,*,#2998,.F.);
#2998 = EDGE_CURVE('',#2999,#2991,#3001,.T.);
#2999 = VERTEX_POINT('',#3000);
#3000 = CARTESIAN_POINT('',(6.644675510936,0.,0.));
#3001 = LINE('',#3002,#3003);
#3002 = CARTESIAN_POINT('',(6.644675510936,0.,0.));
#3003 = VECTOR('',#3004,1.);
#3004 = DIRECTION('',(-1.,0.,0.));
#3005 = ORIENTED_EDGE('',*,*,#3006,.F.);
#3006 = EDGE_CURVE('',#3007,#2999,#3009,.T.);
#3007 = VERTEX_POINT('',#3008);
#3008 = CARTESIAN_POINT('',(6.843922552886,5.916098960201E-02,0.));
#3009 = B_SPLINE_CURVE_WITH_KNOTS('',2,(#3010,#3011,#3012),
  .UNSPECIFIED.,.F.,.F.,(3,3),(0.,1.),.PIECEWISE_BEZIER_KNOTS.);
#3010 = CARTESIAN_POINT('',(6.843922552886,5.916098960201E-02,0.));
#3011 = CARTESIAN_POINT('',(6.772678379347,0.,0.));
#3012 = CARTESIAN_POINT('',(6.644675510936,0.,0.));
#3013 = ORIENTED_EDGE('',*,*,#3014,.F.);
#3014 = EDGE_CURVE('',#3015,#3007,#3017,.T.);
#3015 = VERTEX_POINT('',#3016);
#3016 = CARTESIAN_POINT('',(6.91520258157,0.223807816422,0.));
#3017 = B_SPLINE_CURVE_WITH_KNOTS('',2,(#3018,#3019,#3020),
  .UNSPECIFIED.,.F.,.F.,(3,3),(0.,1.),.PIECEWISE_BEZIER_KNOTS.);
#3018 = CARTESIAN_POINT('',(6.91520258157,0.223807816422,0.));
#3019 = CARTESIAN_POINT('',(6.91520258157,0.118357834349,0.));
#3020 = CARTESIAN_POINT('',(6.843922552886,5.916098960201E-02,0.));
#3021 = ORIENTED_EDGE('',*,*,#3022,.F.);
#3022 = EDGE_CURVE('',#3023,#3015,#3025,.T.);
#3023 = VERTEX_POINT('',#3024);
#3024 = CARTESIAN_POINT('',(6.73610613123,0.412119039082,0.));
#3025 = B_SPLINE_CURVE_WITH_KNOTS('',2,(#3026,#3027,#3028),
  .UNSPECIFIED.,.F.,.F.,(3,3),(0.,1.),.PIECEWISE_BEZIER_KNOTS.);
#3026 = CARTESIAN_POINT('',(6.73610613123,0.412119039082,0.));
#3027 = CARTESIAN_POINT('',(6.91520258157,0.381462889925,0.));
#3028 = CARTESIAN_POINT('',(6.91520258157,0.223807816422,0.));
#3029 = ORIENTED_EDGE('',*,*,#3030,.F.);
#3030 = EDGE_CURVE('',#3031,#3023,#3033,.T.);
#3031 = VERTEX_POINT('',#3032);
#3032 = CARTESIAN_POINT('',(6.73610613123,0.417497310864,0.));
#3033 = LINE('',#3034,#3035);
#3034 = CARTESIAN_POINT('',(6.73610613123,0.417497310864,0.));
#3035 = VECTOR('',#3036,1.);
#3036 = DIRECTION('',(0.,-1.,0.));
#3037 = ORIENTED_EDGE('',*,*,#3038,.F.);
#3038 = EDGE_CURVE('',#3039,#3031,#3041,.T.);
#3039 = VERTEX_POINT('',#3040);
#3040 = CARTESIAN_POINT('',(6.849838651847,0.47647902474,0.));
#3041 = B_SPLINE_CURVE_WITH_KNOTS('',2,(#3042,#3043,#3044),
  .UNSPECIFIED.,.F.,.F.,(3,3),(0.,1.),.PIECEWISE_BEZIER_KNOTS.);
#3042 = CARTESIAN_POINT('',(6.849838651847,0.47647902474,0.));
#3043 = CARTESIAN_POINT('',(6.810864109,0.430978845464,0.));
#3044 = CARTESIAN_POINT('',(6.73610613123,0.417497310864,0.));
#3045 = ORIENTED_EDGE('',*,*,#3046,.F.);
#3046 = EDGE_CURVE('',#3047,#3039,#3049,.T.);
#3047 = VERTEX_POINT('',#3048);
#3048 = CARTESIAN_POINT('',(6.888849049839,0.592076012908,0.));
#3049 = B_SPLINE_CURVE_WITH_KNOTS('',2,(#3050,#3051,#3052),
  .UNSPECIFIED.,.F.,.F.,(3,3),(0.,1.),.PIECEWISE_BEZIER_KNOTS.);
#3050 = CARTESIAN_POINT('',(6.888849049839,0.592076012908,0.));
#3051 = CARTESIAN_POINT('',(6.888849049839,0.522015059161,0.));
#3052 = CARTESIAN_POINT('',(6.849838651847,0.47647902474,0.));
#3053 = ORIENTED_EDGE('',*,*,#3054,.F.);
#3054 = EDGE_CURVE('',#3055,#3047,#3057,.T.);
#3055 = VERTEX_POINT('',#3056);
#3056 = CARTESIAN_POINT('',(6.818931516673,0.740229472929,0.));
#3057 = B_SPLINE_CURVE_WITH_KNOTS('',2,(#3058,#3059,#3060),
  .UNSPECIFIED.,.F.,.F.,(3,3),(0.,1.),.PIECEWISE_BEZIER_KNOTS.);
#3058 = CARTESIAN_POINT('',(6.818931516673,0.740229472929,0.));
#3059 = CARTESIAN_POINT('',(6.888849049839,0.693366798136,0.));
#3060 = CARTESIAN_POINT('',(6.888849049839,0.592076012908,0.));
#3061 = ORIENTED_EDGE('',*,*,#3062,.F.);
#3062 = EDGE_CURVE('',#2983,#3055,#3063,.T.);
#3063 = B_SPLINE_CURVE_WITH_KNOTS('',2,(#3064,#3065,#3066),
  .UNSPECIFIED.,.F.,.F.,(3,3),(0.,1.),.PIECEWISE_BEZIER_KNOTS.);
#3064 = CARTESIAN_POINT('',(6.592542129796,0.787092147723,0.));
#3065 = CARTESIAN_POINT('',(6.749013983507,0.787092147723,0.));
#3066 = CARTESIAN_POINT('',(6.818931516673,0.740229472929,0.));
#3067 = FACE_BOUND('',#3068,.T.);
#3068 = EDGE_LOOP('',(#3069,#3079,#3087,#3095,#3103,#3111,#3119));
#3069 = ORIENTED_EDGE('',*,*,#3070,.F.);
#3070 = EDGE_CURVE('',#3071,#3073,#3075,.T.);
#3071 = VERTEX_POINT('',#3072);
#3072 = CARTESIAN_POINT('',(6.461850125493,0.372319827895,0.));
#3073 = VERTEX_POINT('',#3074);
#3074 = CARTESIAN_POINT('',(6.461850125493,7.798494083901E-02,0.));
#3075 = LINE('',#3076,#3077);
#3076 = CARTESIAN_POINT('',(6.461850125493,0.372319827895,0.));
#3077 = VECTOR('',#3078,1.);
#3078 = DIRECTION('',(0.,-1.,0.));
#3079 = ORIENTED_EDGE('',*,*,#3080,.F.);
#3080 = EDGE_CURVE('',#3081,#3071,#3083,.T.);
#3081 = VERTEX_POINT('',#3082);
#3082 = CARTESIAN_POINT('',(6.618357834349,0.372319827895,0.));
#3083 = LINE('',#3084,#3085);
#3084 = CARTESIAN_POINT('',(6.618357834349,0.372319827895,0.));
#3085 = VECTOR('',#3086,1.);
#3086 = DIRECTION('',(-1.,0.,0.));
#3087 = ORIENTED_EDGE('',*,*,#3088,.F.);
#3088 = EDGE_CURVE('',#3089,#3081,#3091,.T.);
#3089 = VERTEX_POINT('',#3090);
#3090 = CARTESIAN_POINT('',(6.76808892076,0.337863033345,0.));
#3091 = B_SPLINE_CURVE_WITH_KNOTS('',2,(#3092,#3093,#3094),
  .UNSPECIFIED.,.F.,.F.,(3,3),(0.,1.),.PIECEWISE_BEZIER_KNOTS.);
#3092 = CARTESIAN_POINT('',(6.76808892076,0.337863033345,0.));
#3093 = CARTESIAN_POINT('',(6.718895661527,0.372319827895,0.));
#3094 = CARTESIAN_POINT('',(6.618357834349,0.372319827895,0.));
#3095 = ORIENTED_EDGE('',*,*,#3096,.F.);
#3096 = EDGE_CURVE('',#3097,#3089,#3099,.T.);
#3097 = VERTEX_POINT('',#3098);
#3098 = CARTESIAN_POINT('',(6.817318035138,0.23026174256,0.));
#3099 = B_SPLINE_CURVE_WITH_KNOTS('',2,(#3100,#3101,#3102),
  .UNSPECIFIED.,.F.,.F.,(3,3),(0.,1.),.PIECEWISE_BEZIER_KNOTS.);
#3100 = CARTESIAN_POINT('',(6.817318035138,0.23026174256,0.));
#3101 = CARTESIAN_POINT('',(6.817318035138,0.30344209394,0.));
#3102 = CARTESIAN_POINT('',(6.76808892076,0.337863033345,0.));
#3103 = ORIENTED_EDGE('',*,*,#3104,.F.);
#3104 = EDGE_CURVE('',#3105,#3097,#3107,.T.);
#3105 = VERTEX_POINT('',#3106);
#3106 = CARTESIAN_POINT('',(6.769164575117,0.114844030118,0.));
#3107 = B_SPLINE_CURVE_WITH_KNOTS('',2,(#3108,#3109,#3110),
  .UNSPECIFIED.,.F.,.F.,(3,3),(0.,1.),.PIECEWISE_BEZIER_KNOTS.);
#3108 = CARTESIAN_POINT('',(6.769164575117,0.114844030118,0.));
#3109 = CARTESIAN_POINT('',(6.817318035138,0.151703119398,0.));
#3110 = CARTESIAN_POINT('',(6.817318035138,0.23026174256,0.));
#3111 = ORIENTED_EDGE('',*,*,#3112,.F.);
#3112 = EDGE_CURVE('',#3113,#3105,#3115,.T.);
#3113 = VERTEX_POINT('',#3114);
#3114 = CARTESIAN_POINT('',(6.625887414844,7.798494083901E-02,0.));
#3115 = B_SPLINE_CURVE_WITH_KNOTS('',2,(#3116,#3117,#3118),
  .UNSPECIFIED.,.F.,.F.,(3,3),(0.,1.),.PIECEWISE_BEZIER_KNOTS.);
#3116 = CARTESIAN_POINT('',(6.625887414844,7.798494083901E-02,0.));
#3117 = CARTESIAN_POINT('',(6.72104697024,7.798494083901E-02,0.));
#3118 = CARTESIAN_POINT('',(6.769164575117,0.114844030118,0.));
#3119 = ORIENTED_EDGE('',*,*,#3120,.F.);
#3120 = EDGE_CURVE('',#3073,#3113,#3121,.T.);
#3121 = LINE('',#3122,#3123);
#3122 = CARTESIAN_POINT('',(6.461850125493,7.798494083901E-02,0.));
#3123 = VECTOR('',#3124,1.);
#3124 = DIRECTION('',(1.,0.,0.));
#3125 = FACE_BOUND('',#3126,.T.);
#3126 = EDGE_LOOP('',(#3127,#3137,#3145,#3153,#3161,#3169,#3177));
#3127 = ORIENTED_EDGE('',*,*,#3128,.F.);
#3128 = EDGE_CURVE('',#3129,#3131,#3133,.T.);
#3129 = VERTEX_POINT('',#3130);
#3130 = CARTESIAN_POINT('',(6.461850125493,0.449766941556,0.));
#3131 = VERTEX_POINT('',#3132);
#3132 = CARTESIAN_POINT('',(6.612441735389,0.449766941556,0.));
#3133 = LINE('',#3134,#3135);
#3134 = CARTESIAN_POINT('',(6.461850125493,0.449766941556,0.));
#3135 = VECTOR('',#3136,1.);
#3136 = DIRECTION('',(1.,0.,0.));
#3137 = ORIENTED_EDGE('',*,*,#3138,.F.);
#3138 = EDGE_CURVE('',#3139,#3129,#3141,.T.);
#3139 = VERTEX_POINT('',#3140);
#3140 = CARTESIAN_POINT('',(6.461850125493,0.708031552528,0.));
#3141 = LINE('',#3142,#3143);
#3142 = CARTESIAN_POINT('',(6.461850125493,0.708031552528,0.));
#3143 = VECTOR('',#3144,1.);
#3144 = DIRECTION('',(0.,-1.,0.));
#3145 = ORIENTED_EDGE('',*,*,#3146,.F.);
#3146 = EDGE_CURVE('',#3147,#3139,#3149,.T.);
#3147 = VERTEX_POINT('',#3148);
#3148 = CARTESIAN_POINT('',(6.596306920043,0.708031552528,0.));
#3149 = LINE('',#3150,#3151);
#3150 = CARTESIAN_POINT('',(6.596306920043,0.708031552528,0.));
#3151 = VECTOR('',#3152,1.);
#3152 = DIRECTION('',(-1.,0.,0.));
#3153 = ORIENTED_EDGE('',*,*,#3154,.F.);
#3154 = EDGE_CURVE('',#3155,#3147,#3157,.T.);
#3155 = VERTEX_POINT('',#3156);
#3156 = CARTESIAN_POINT('',(6.746862674794,0.678630333453,0.));
#3157 = B_SPLINE_CURVE_WITH_KNOTS('',2,(#3158,#3159,#3160),
  .UNSPECIFIED.,.F.,.F.,(3,3),(0.,1.),.PIECEWISE_BEZIER_KNOTS.);
#3158 = CARTESIAN_POINT('',(6.746862674794,0.678630333453,0.));
#3159 = CARTESIAN_POINT('',(6.699533883112,0.708031552528,0.));
#3160 = CARTESIAN_POINT('',(6.596306920043,0.708031552528,0.));
#3161 = ORIENTED_EDGE('',*,*,#3162,.F.);
#3162 = EDGE_CURVE('',#3163,#3155,#3165,.T.);
#3163 = VERTEX_POINT('',#3164);
#3164 = CARTESIAN_POINT('',(6.794191466475,0.582932950878,0.));
#3165 = B_SPLINE_CURVE_WITH_KNOTS('',2,(#3166,#3167,#3168),
  .UNSPECIFIED.,.F.,.F.,(3,3),(0.,1.),.PIECEWISE_BEZIER_KNOTS.);
#3166 = CARTESIAN_POINT('',(6.794191466475,0.582932950878,0.));
#3167 = CARTESIAN_POINT('',(6.794191466475,0.649264969523,0.));
#3168 = CARTESIAN_POINT('',(6.746862674794,0.678630333453,0.));
#3169 = ORIENTED_EDGE('',*,*,#3170,.F.);
#3170 = EDGE_CURVE('',#3171,#3163,#3173,.T.);
#3171 = VERTEX_POINT('',#3172);
#3172 = CARTESIAN_POINT('',(6.751703119398,0.480207959842,0.));
#3173 = B_SPLINE_CURVE_WITH_KNOTS('',2,(#3174,#3175,#3176),
  .UNSPECIFIED.,.F.,.F.,(3,3),(0.,1.),.PIECEWISE_BEZIER_KNOTS.);
#3174 = CARTESIAN_POINT('',(6.751703119398,0.480207959842,0.));
#3175 = CARTESIAN_POINT('',(6.794191466475,0.510684833274,0.));
#3176 = CARTESIAN_POINT('',(6.794191466475,0.582932950878,0.));
#3177 = ORIENTED_EDGE('',*,*,#3178,.F.);
#3178 = EDGE_CURVE('',#3131,#3171,#3179,.T.);
#3179 = B_SPLINE_CURVE_WITH_KNOTS('',2,(#3180,#3181,#3182),
  .UNSPECIFIED.,.F.,.F.,(3,3),(0.,1.),.PIECEWISE_BEZIER_KNOTS.);
#3180 = CARTESIAN_POINT('',(6.612441735389,0.449766941556,0.));
#3181 = CARTESIAN_POINT('',(6.70921477232,0.449766941556,0.));
#3182 = CARTESIAN_POINT('',(6.751703119398,0.480207959842,0.));
#3183 = PLANE('',#3184);
#3184 = AXIS2_PLACEMENT_3D('',#3185,#3186,#3187);
#3185 = CARTESIAN_POINT('',(6.616521757218,0.39288929409,0.));
#3186 = DIRECTION('',(0.,0.,1.));
#3187 = DIRECTION('',(1.,0.,-0.));
#3188 = SHELL_BASED_SURFACE_MODEL('',(#3189));
#3189 = OPEN_SHELL('',(#3190));
#3190 = ADVANCED_FACE('',(#3191,#3257),#3299,.T.);
#3191 = FACE_BOUND('',#3192,.T.);
#3192 = EDGE_LOOP('',(#3193,#3203,#3211,#3219,#3227,#3235,#3243,#3251));
#3193 = ORIENTED_EDGE('',*,*,#3194,.F.);
#3194 = EDGE_CURVE('',#3195,#3197,#3199,.T.);
#3195 = VERTEX_POINT('',#3196);
#3196 = CARTESIAN_POINT('',(7.555969881678,0.,0.));
#3197 = VERTEX_POINT('',#3198);
#3198 = CARTESIAN_POINT('',(7.45797776981,0.250448189315,0.));
#3199 = LINE('',#3200,#3201);
#3200 = CARTESIAN_POINT('',(7.555969881678,0.,0.));
#3201 = VECTOR('',#3202,1.);
#3202 = DIRECTION('',(-0.364369187006,0.931254581498,0.));
#3203 = ORIENTED_EDGE('',*,*,#3204,.F.);
#3204 = EDGE_CURVE('',#3205,#3195,#3207,.T.);
#3205 = VERTEX_POINT('',#3206);
#3206 = CARTESIAN_POINT('',(7.650627465041,0.,0.));
#3207 = LINE('',#3208,#3209);
#3208 = CARTESIAN_POINT('',(7.650627465041,0.,0.));
#3209 = VECTOR('',#3210,1.);
#3210 = DIRECTION('',(-1.,0.,0.));
#3211 = ORIENTED_EDGE('',*,*,#3212,.F.);
#3212 = EDGE_CURVE('',#3213,#3205,#3215,.T.);
#3213 = VERTEX_POINT('',#3214);
#3214 = CARTESIAN_POINT('',(7.34112585156,0.789386877017,0.));
#3215 = LINE('',#3216,#3217);
#3216 = CARTESIAN_POINT('',(7.34112585156,0.789386877017,0.));
#3217 = VECTOR('',#3218,1.);
#3218 = DIRECTION('',(0.365024287201,-0.930997996643,0.));
#3219 = ORIENTED_EDGE('',*,*,#3220,.F.);
#3220 = EDGE_CURVE('',#3221,#3213,#3223,.T.);
#3221 = VERTEX_POINT('',#3222);
#3222 = CARTESIAN_POINT('',(7.264144854787,0.789386877017,0.));
#3223 = LINE('',#3224,#3225);
#3224 = CARTESIAN_POINT('',(7.264144854787,0.789386877017,0.));
#3225 = VECTOR('',#3226,1.);
#3226 = DIRECTION('',(1.,0.,0.));
#3227 = ORIENTED_EDGE('',*,*,#3228,.F.);
#3228 = EDGE_CURVE('',#3229,#3221,#3231,.T.);
#3229 = VERTEX_POINT('',#3230);
#3230 = CARTESIAN_POINT('',(6.953029759771,0.,0.));
#3231 = LINE('',#3232,#3233);
#3232 = CARTESIAN_POINT('',(6.953029759771,0.,0.));
#3233 = VECTOR('',#3234,1.);
#3234 = DIRECTION('',(0.366671946212,0.930350301694,0.));
#3235 = ORIENTED_EDGE('',*,*,#3236,.F.);
#3236 = EDGE_CURVE('',#3237,#3229,#3239,.T.);
#3237 = VERTEX_POINT('',#3238);
#3238 = CARTESIAN_POINT('',(7.045536034421,0.,0.));
#3239 = LINE('',#3240,#3241);
#3240 = CARTESIAN_POINT('',(7.045536034421,0.,0.));
#3241 = VECTOR('',#3242,1.);
#3242 = DIRECTION('',(-1.,0.,0.));
#3243 = ORIENTED_EDGE('',*,*,#3244,.F.);
#3244 = EDGE_CURVE('',#3245,#3237,#3247,.T.);
#3245 = VERTEX_POINT('',#3246);
#3246 = CARTESIAN_POINT('',(7.142452491933,0.250448189315,0.));
#3247 = LINE('',#3248,#3249);
#3248 = CARTESIAN_POINT('',(7.142452491933,0.250448189315,0.));
#3249 = VECTOR('',#3250,1.);
#3250 = DIRECTION('',(-0.360892966815,-0.932607241288,0.));
#3251 = ORIENTED_EDGE('',*,*,#3252,.F.);
#3252 = EDGE_CURVE('',#3197,#3245,#3253,.T.);
#3253 = LINE('',#3254,#3255);
#3254 = CARTESIAN_POINT('',(7.45797776981,0.250448189315,0.));
#3255 = VECTOR('',#3256,1.);
#3256 = DIRECTION('',(-1.,0.,0.));
#3257 = FACE_BOUND('',#3258,.T.);
#3258 = EDGE_LOOP('',(#3259,#3269,#3277,#3285,#3293));
#3259 = ORIENTED_EDGE('',*,*,#3260,.F.);
#3260 = EDGE_CURVE('',#3261,#3263,#3265,.T.);
#3261 = VERTEX_POINT('',#3262);
#3262 = CARTESIAN_POINT('',(7.42943707422,0.33273574758,0.));
#3263 = VERTEX_POINT('',#3264);
#3264 = CARTESIAN_POINT('',(7.33789888849,0.576084618143,0.));
#3265 = LINE('',#3266,#3267);
#3266 = CARTESIAN_POINT('',(7.42943707422,0.33273574758,0.));
#3267 = VECTOR('',#3268,1.);
#3268 = DIRECTION('',(-0.35207538188,0.935971647794,0.));
#3269 = ORIENTED_EDGE('',*,*,#3270,.F.);
#3270 = EDGE_CURVE('',#3271,#3261,#3273,.T.);
#3271 = VERTEX_POINT('',#3272);
#3272 = CARTESIAN_POINT('',(7.17475797777,0.33273574758,0.));
#3273 = LINE('',#3274,#3275);
#3274 = CARTESIAN_POINT('',(7.17475797777,0.33273574758,0.));
#3275 = VECTOR('',#3276,1.);
#3276 = DIRECTION('',(1.,0.,0.));
#3277 = ORIENTED_EDGE('',*,*,#3278,.F.);
#3278 = EDGE_CURVE('',#3279,#3271,#3281,.T.);
#3279 = VERTEX_POINT('',#3280);
#3280 = CARTESIAN_POINT('',(7.267371817856,0.576084618143,0.));
#3281 = LINE('',#3282,#3283);
#3282 = CARTESIAN_POINT('',(7.267371817856,0.576084618143,0.));
#3283 = VECTOR('',#3284,1.);
#3284 = DIRECTION('',(-0.355691812624,-0.934603303243,0.));
#3285 = ORIENTED_EDGE('',*,*,#3286,.F.);
#3286 = EDGE_CURVE('',#3287,#3279,#3289,.T.);
#3287 = VERTEX_POINT('',#3288);
#3288 = CARTESIAN_POINT('',(7.301290785228,0.689458587307,0.));
#3289 = B_SPLINE_CURVE_WITH_KNOTS('',2,(#3290,#3291,#3292),
  .UNSPECIFIED.,.F.,.F.,(3,3),(0.,1.),.PIECEWISE_BEZIER_KNOTS.);
#3290 = CARTESIAN_POINT('',(7.301290785228,0.689458587307,0.));
#3291 = CARTESIAN_POINT('',(7.289458587307,0.63789888849,0.));
#3292 = CARTESIAN_POINT('',(7.267371817856,0.576084618143,0.));
#3293 = ORIENTED_EDGE('',*,*,#3294,.F.);
#3294 = EDGE_CURVE('',#3263,#3287,#3295,.T.);
#3295 = B_SPLINE_CURVE_WITH_KNOTS('',2,(#3296,#3297,#3298),
  .UNSPECIFIED.,.F.,.F.,(3,3),(0.,1.),.PIECEWISE_BEZIER_KNOTS.);
#3296 = CARTESIAN_POINT('',(7.33789888849,0.576084618143,0.));
#3297 = CARTESIAN_POINT('',(7.32015059161,0.622301900323,0.));
#3298 = CARTESIAN_POINT('',(7.301290785228,0.689458587307,0.));
#3299 = PLANE('',#3300);
#3300 = AXIS2_PLACEMENT_3D('',#3301,#3302,#3303);
#3301 = CARTESIAN_POINT('',(7.301936937129,0.352343318807,0.));
#3302 = DIRECTION('',(0.,0.,1.));
#3303 = DIRECTION('',(1.,0.,-0.));
#3304 = SHELL_BASED_SURFACE_MODEL('',(#3305));
#3305 = OPEN_SHELL('',(#3306));
#3306 = ADVANCED_FACE('',(#3307),#3373,.T.);
#3307 = FACE_BOUND('',#3308,.T.);
#3308 = EDGE_LOOP('',(#3309,#3319,#3327,#3335,#3343,#3351,#3359,#3367));
#3309 = ORIENTED_EDGE('',*,*,#3310,.F.);
#3310 = EDGE_CURVE('',#3311,#3313,#3315,.T.);
#3311 = VERTEX_POINT('',#3312);
#3312 = CARTESIAN_POINT('',(7.923162423808,0.,0.));
#3313 = VERTEX_POINT('',#3314);
#3314 = CARTESIAN_POINT('',(7.831731803514,0.,0.));
#3315 = LINE('',#3316,#3317);
#3316 = CARTESIAN_POINT('',(7.923162423808,0.,0.));
#3317 = VECTOR('',#3318,1.);
#3318 = DIRECTION('',(-1.,0.,0.));
#3319 = ORIENTED_EDGE('',*,*,#3320,.F.);
#3320 = EDGE_CURVE('',#3321,#3311,#3323,.T.);
#3321 = VERTEX_POINT('',#3322);
#3322 = CARTESIAN_POINT('',(7.923162423808,0.705880243815,0.));
#3323 = LINE('',#3324,#3325);
#3324 = CARTESIAN_POINT('',(7.923162423808,0.705880243815,0.));
#3325 = VECTOR('',#3326,1.);
#3326 = DIRECTION('',(0.,-1.,0.));
#3327 = ORIENTED_EDGE('',*,*,#3328,.F.);
#3328 = EDGE_CURVE('',#3329,#3321,#3331,.T.);
#3329 = VERTEX_POINT('',#3330);
#3330 = CARTESIAN_POINT('',(8.172785944783,0.705880243815,0.));
#3331 = LINE('',#3332,#3333);
#3332 = CARTESIAN_POINT('',(8.172785944783,0.705880243815,0.));
#3333 = VECTOR('',#3334,1.);
#3334 = DIRECTION('',(-1.,0.,0.));
#3335 = ORIENTED_EDGE('',*,*,#3336,.F.);
#3336 = EDGE_CURVE('',#3337,#3329,#3339,.T.);
#3337 = VERTEX_POINT('',#3338);
#3338 = CARTESIAN_POINT('',(8.172785944783,0.787092147723,0.));
#3339 = LINE('',#3340,#3341);
#3340 = CARTESIAN_POINT('',(8.172785944783,0.787092147723,0.));
#3341 = VECTOR('',#3342,1.);
#3342 = DIRECTION('',(0.,-1.,0.));
#3343 = ORIENTED_EDGE('',*,*,#3344,.F.);
#3344 = EDGE_CURVE('',#3345,#3337,#3347,.T.);
#3345 = VERTEX_POINT('',#3346);
#3346 = CARTESIAN_POINT('',(7.582287558265,0.787092147723,0.));
#3347 = LINE('',#3348,#3349);
#3348 = CARTESIAN_POINT('',(7.582287558265,0.787092147723,0.));
#3349 = VECTOR('',#3350,1.);
#3350 = DIRECTION('',(1.,0.,0.));
#3351 = ORIENTED_EDGE('',*,*,#3352,.F.);
#3352 = EDGE_CURVE('',#3353,#3345,#3355,.T.);
#3353 = VERTEX_POINT('',#3354);
#3354 = CARTESIAN_POINT('',(7.582287558265,0.705880243815,0.));
#3355 = LINE('',#3356,#3357);
#3356 = CARTESIAN_POINT('',(7.582287558265,0.705880243815,0.));
#3357 = VECTOR('',#3358,1.);
#3358 = DIRECTION('',(0.,1.,0.));
#3359 = ORIENTED_EDGE('',*,*,#3360,.F.);
#3360 = EDGE_CURVE('',#3361,#3353,#3363,.T.);
#3361 = VERTEX_POINT('',#3362);
#3362 = CARTESIAN_POINT('',(7.831731803514,0.705880243815,0.));
#3363 = LINE('',#3364,#3365);
#3364 = CARTESIAN_POINT('',(7.831731803514,0.705880243815,0.));
#3365 = VECTOR('',#3366,1.);
#3366 = DIRECTION('',(-1.,0.,0.));
#3367 = ORIENTED_EDGE('',*,*,#3368,.F.);
#3368 = EDGE_CURVE('',#3313,#3361,#3369,.T.);
#3369 = LINE('',#3370,#3371);
#3370 = CARTESIAN_POINT('',(7.831731803514,0.,0.));
#3371 = VECTOR('',#3372,1.);
#3372 = DIRECTION('',(0.,1.,0.));
#3373 = PLANE('',#3374);
#3374 = AXIS2_PLACEMENT_3D('',#3375,#3376,#3377);
#3375 = CARTESIAN_POINT('',(7.877490820897,0.521407752549,0.));
#3376 = DIRECTION('',(0.,0.,1.));
#3377 = DIRECTION('',(1.,0.,-0.));
#3378 = SHELL_BASED_SURFACE_MODEL('',(#3379));
#3379 = OPEN_SHELL('',(#3380));
#3380 = ADVANCED_FACE('',(#3381),#3447,.T.);
#3381 = FACE_BOUND('',#3382,.T.);
#3382 = EDGE_LOOP('',(#3383,#3393,#3401,#3409,#3417,#3425,#3433,#3441));
#3383 = ORIENTED_EDGE('',*,*,#3384,.F.);
#3384 = EDGE_CURVE('',#3385,#3387,#3389,.T.);
#3385 = VERTEX_POINT('',#3386);
#3386 = CARTESIAN_POINT('',(8.556507708856,0.,0.));
#3387 = VERTEX_POINT('',#3388);
#3388 = CARTESIAN_POINT('',(8.465077088562,0.,0.));
#3389 = LINE('',#3390,#3391);
#3390 = CARTESIAN_POINT('',(8.556507708856,0.,0.));
#3391 = VECTOR('',#3392,1.);
#3392 = DIRECTION('',(-1.,0.,0.));
#3393 = ORIENTED_EDGE('',*,*,#3394,.F.);
#3394 = EDGE_CURVE('',#3395,#3385,#3397,.T.);
#3395 = VERTEX_POINT('',#3396);
#3396 = CARTESIAN_POINT('',(8.556507708856,0.705880243815,0.));
#3397 = LINE('',#3398,#3399);
#3398 = CARTESIAN_POINT('',(8.556507708856,0.705880243815,0.));
#3399 = VECTOR('',#3400,1.);
#3400 = DIRECTION('',(0.,-1.,0.));
#3401 = ORIENTED_EDGE('',*,*,#3402,.F.);
#3402 = EDGE_CURVE('',#3403,#3395,#3405,.T.);
#3403 = VERTEX_POINT('',#3404);
#3404 = CARTESIAN_POINT('',(8.806131229831,0.705880243815,0.));
#3405 = LINE('',#3406,#3407);
#3406 = CARTESIAN_POINT('',(8.806131229831,0.705880243815,0.));
#3407 = VECTOR('',#3408,1.);
#3408 = DIRECTION('',(-1.,0.,0.));
#3409 = ORIENTED_EDGE('',*,*,#3410,.F.);
#3410 = EDGE_CURVE('',#3411,#3403,#3413,.T.);
#3411 = VERTEX_POINT('',#3412);
#3412 = CARTESIAN_POINT('',(8.806131229831,0.787092147723,0.));
#3413 = LINE('',#3414,#3415);
#3414 = CARTESIAN_POINT('',(8.806131229831,0.787092147723,0.));
#3415 = VECTOR('',#3416,1.);
#3416 = DIRECTION('',(0.,-1.,0.));
#3417 = ORIENTED_EDGE('',*,*,#3418,.F.);
#3418 = EDGE_CURVE('',#3419,#3411,#3421,.T.);
#3419 = VERTEX_POINT('',#3420);
#3420 = CARTESIAN_POINT('',(8.215632843313,0.787092147723,0.));
#3421 = LINE('',#3422,#3423);
#3422 = CARTESIAN_POINT('',(8.215632843313,0.787092147723,0.));
#3423 = VECTOR('',#3424,1.);
#3424 = DIRECTION('',(1.,0.,0.));
#3425 = ORIENTED_EDGE('',*,*,#3426,.F.);
#3426 = EDGE_CURVE('',#3427,#3419,#3429,.T.);
#3427 = VERTEX_POINT('',#3428);
#3428 = CARTESIAN_POINT('',(8.215632843313,0.705880243815,0.));
#3429 = LINE('',#3430,#3431);
#3430 = CARTESIAN_POINT('',(8.215632843313,0.705880243815,0.));
#3431 = VECTOR('',#3432,1.);
#3432 = DIRECTION('',(0.,1.,0.));
#3433 = ORIENTED_EDGE('',*,*,#3434,.F.);
#3434 = EDGE_CURVE('',#3435,#3427,#3437,.T.);
#3435 = VERTEX_POINT('',#3436);
#3436 = CARTESIAN_POINT('',(8.465077088562,0.705880243815,0.));
#3437 = LINE('',#3438,#3439);
#3438 = CARTESIAN_POINT('',(8.465077088562,0.705880243815,0.));
#3439 = VECTOR('',#3440,1.);
#3440 = DIRECTION('',(-1.,0.,0.));
#3441 = ORIENTED_EDGE('',*,*,#3442,.F.);
#3442 = EDGE_CURVE('',#3387,#3435,#3443,.T.);
#3443 = LINE('',#3444,#3445);
#3444 = CARTESIAN_POINT('',(8.465077088562,0.,0.));
#3445 = VECTOR('',#3446,1.);
#3446 = DIRECTION('',(0.,1.,0.));
#3447 = PLANE('',#3448);
#3448 = AXIS2_PLACEMENT_3D('',#3449,#3450,#3451);
#3449 = CARTESIAN_POINT('',(8.510836105946,0.521407752549,0.));
#3450 = DIRECTION('',(0.,0.,1.));
#3451 = DIRECTION('',(1.,0.,-0.));
#3452 = SHELL_BASED_SURFACE_MODEL('',(#3453));
#3453 = OPEN_SHELL('',(#3454));
#3454 = ADVANCED_FACE('',(#3455),#3553,.T.);
#3455 = FACE_BOUND('',#3456,.T.);
#3456 = EDGE_LOOP('',(#3457,#3467,#3475,#3483,#3491,#3499,#3507,#3515,
    #3523,#3531,#3539,#3547));
#3457 = ORIENTED_EDGE('',*,*,#3458,.F.);
#3458 = EDGE_CURVE('',#3459,#3461,#3463,.T.);
#3459 = VERTEX_POINT('',#3460);
#3460 = CARTESIAN_POINT('',(9.362889924704,0.,0.));
#3461 = VERTEX_POINT('',#3462);
#3462 = CARTESIAN_POINT('',(8.924489064181,0.,0.));
#3463 = LINE('',#3464,#3465);
#3464 = CARTESIAN_POINT('',(9.362889924704,0.,0.));
#3465 = VECTOR('',#3466,1.);
#3466 = DIRECTION('',(-1.,0.,0.));
#3467 = ORIENTED_EDGE('',*,*,#3468,.F.);
#3468 = EDGE_CURVE('',#3469,#3459,#3471,.T.);
#3469 = VERTEX_POINT('',#3470);
#3470 = CARTESIAN_POINT('',(9.362889924704,8.174973108641E-02,0.));
#3471 = LINE('',#3472,#3473);
#3472 = CARTESIAN_POINT('',(9.362889924704,8.174973108641E-02,0.));
#3473 = VECTOR('',#3474,1.);
#3474 = DIRECTION('',(0.,-1.,0.));
#3475 = ORIENTED_EDGE('',*,*,#3476,.F.);
#3476 = EDGE_CURVE('',#3477,#3469,#3479,.T.);
#3477 = VERTEX_POINT('',#3478);
#3478 = CARTESIAN_POINT('',(9.015919684475,8.174973108641E-02,0.));
#3479 = LINE('',#3480,#3481);
#3480 = CARTESIAN_POINT('',(9.015919684475,8.174973108641E-02,0.));
#3481 = VECTOR('',#3482,1.);
#3482 = DIRECTION('',(1.,0.,0.));
#3483 = ORIENTED_EDGE('',*,*,#3484,.F.);
#3484 = EDGE_CURVE('',#3485,#3477,#3487,.T.);
#3485 = VERTEX_POINT('',#3486);
#3486 = CARTESIAN_POINT('',(9.015919684475,0.37138759412,0.));
#3487 = LINE('',#3488,#3489);
#3488 = CARTESIAN_POINT('',(9.015919684475,0.37138759412,0.));
#3489 = VECTOR('',#3490,1.);
#3490 = DIRECTION('',(0.,-1.,0.));
#3491 = ORIENTED_EDGE('',*,*,#3492,.F.);
#3492 = EDGE_CURVE('',#3493,#3485,#3495,.T.);
#3493 = VERTEX_POINT('',#3494);
#3494 = CARTESIAN_POINT('',(9.341914664754,0.37138759412,0.));
#3495 = LINE('',#3496,#3497);
#3496 = CARTESIAN_POINT('',(9.341914664754,0.37138759412,0.));
#3497 = VECTOR('',#3498,1.);
#3498 = DIRECTION('',(-1.,0.,0.));
#3499 = ORIENTED_EDGE('',*,*,#3500,.F.);
#3500 = EDGE_CURVE('',#3501,#3493,#3503,.T.);
#3501 = VERTEX_POINT('',#3502);
#3502 = CARTESIAN_POINT('',(9.341914664754,0.45206167085,0.));
#3503 = LINE('',#3504,#3505);
#3504 = CARTESIAN_POINT('',(9.341914664754,0.45206167085,0.));
#3505 = VECTOR('',#3506,1.);
#3506 = DIRECTION('',(0.,-1.,0.));
#3507 = ORIENTED_EDGE('',*,*,#3508,.F.);
#3508 = EDGE_CURVE('',#3509,#3501,#3511,.T.);
#3509 = VERTEX_POINT('',#3510);
#3510 = CARTESIAN_POINT('',(9.015919684475,0.45206167085,0.));
#3511 = LINE('',#3512,#3513);
#3512 = CARTESIAN_POINT('',(9.015919684475,0.45206167085,0.));
#3513 = VECTOR('',#3514,1.);
#3514 = DIRECTION('',(1.,0.,0.));
#3515 = ORIENTED_EDGE('',*,*,#3516,.F.);
#3516 = EDGE_CURVE('',#3517,#3509,#3519,.T.);
#3517 = VERTEX_POINT('',#3518);
#3518 = CARTESIAN_POINT('',(9.015919684475,0.705880243815,0.));
#3519 = LINE('',#3520,#3521);
#3520 = CARTESIAN_POINT('',(9.015919684475,0.705880243815,0.));
#3521 = VECTOR('',#3522,1.);
#3522 = DIRECTION('',(0.,-1.,0.));
#3523 = ORIENTED_EDGE('',*,*,#3524,.F.);
#3524 = EDGE_CURVE('',#3525,#3517,#3527,.T.);
#3525 = VERTEX_POINT('',#3526);
#3526 = CARTESIAN_POINT('',(9.362889924704,0.705880243815,0.));
#3527 = LINE('',#3528,#3529);
#3528 = CARTESIAN_POINT('',(9.362889924704,0.705880243815,0.));
#3529 = VECTOR('',#3530,1.);
#3530 = DIRECTION('',(-1.,0.,0.));
#3531 = ORIENTED_EDGE('',*,*,#3532,.F.);
#3532 = EDGE_CURVE('',#3533,#3525,#3535,.T.);
#3533 = VERTEX_POINT('',#3534);
#3534 = CARTESIAN_POINT('',(9.362889924704,0.787092147723,0.));
#3535 = LINE('',#3536,#3537);
#3536 = CARTESIAN_POINT('',(9.362889924704,0.787092147723,0.));
#3537 = VECTOR('',#3538,1.);
#3538 = DIRECTION('',(0.,-1.,0.));
#3539 = ORIENTED_EDGE('',*,*,#3540,.F.);
#3540 = EDGE_CURVE('',#3541,#3533,#3543,.T.);
#3541 = VERTEX_POINT('',#3542);
#3542 = CARTESIAN_POINT('',(8.924489064181,0.787092147723,0.));
#3543 = LINE('',#3544,#3545);
#3544 = CARTESIAN_POINT('',(8.924489064181,0.787092147723,0.));
#3545 = VECTOR('',#3546,1.);
#3546 = DIRECTION('',(1.,0.,0.));
#3547 = ORIENTED_EDGE('',*,*,#3548,.F.);
#3548 = EDGE_CURVE('',#3461,#3541,#3549,.T.);
#3549 = LINE('',#3550,#3551);
#3550 = CARTESIAN_POINT('',(8.924489064181,0.,0.));
#3551 = VECTOR('',#3552,1.);
#3552 = DIRECTION('',(0.,1.,0.));
#3553 = PLANE('',#3554);
#3554 = AXIS2_PLACEMENT_3D('',#3555,#3556,#3557);
#3555 = CARTESIAN_POINT('',(9.107985898299,0.396716764573,0.));
#3556 = DIRECTION('',(0.,0.,1.));
#3557 = DIRECTION('',(1.,0.,-0.));
#3558 = SHELL_BASED_SURFACE_MODEL('',(#3559));
#3559 = OPEN_SHELL('',(#3560));
#3560 = ADVANCED_FACE('',(#3561,#3651),#3709,.T.);
#3561 = FACE_BOUND('',#3562,.T.);
#3562 = EDGE_LOOP('',(#3563,#3573,#3581,#3589,#3597,#3605,#3613,#3621,
    #3629,#3637,#3645));
#3563 = ORIENTED_EDGE('',*,*,#3564,.F.);
#3564 = EDGE_CURVE('',#3565,#3567,#3569,.T.);
#3565 = VERTEX_POINT('',#3566);
#3566 = CARTESIAN_POINT('',(9.628684116171,0.327644316959,0.));
#3567 = VERTEX_POINT('',#3568);
#3568 = CARTESIAN_POINT('',(9.628684116171,0.,0.));
#3569 = LINE('',#3570,#3571);
#3570 = CARTESIAN_POINT('',(9.628684116171,0.327644316959,0.));
#3571 = VECTOR('',#3572,1.);
#3572 = DIRECTION('',(0.,-1.,0.));
#3573 = ORIENTED_EDGE('',*,*,#3574,.F.);
#3574 = EDGE_CURVE('',#3575,#3565,#3577,.T.);
#3575 = VERTEX_POINT('',#3576);
#3576 = CARTESIAN_POINT('',(9.793044101829,0.327644316959,0.));
#3577 = LINE('',#3578,#3579);
#3578 = CARTESIAN_POINT('',(9.793044101829,0.327644316959,0.));
#3579 = VECTOR('',#3580,1.);
#3580 = DIRECTION('',(-1.,0.,0.));
#3581 = ORIENTED_EDGE('',*,*,#3582,.F.);
#3582 = EDGE_CURVE('',#3583,#3575,#3585,.T.);
#3583 = VERTEX_POINT('',#3584);
#3584 = CARTESIAN_POINT('',(9.983650053783,0.,0.));
#3585 = LINE('',#3586,#3587);
#3586 = CARTESIAN_POINT('',(9.983650053783,0.,0.));
#3587 = VECTOR('',#3588,1.);
#3588 = DIRECTION('',(-0.502847321529,0.864375249085,0.));
#3589 = ORIENTED_EDGE('',*,*,#3590,.F.);
#3590 = EDGE_CURVE('',#3591,#3583,#3593,.T.);
#3591 = VERTEX_POINT('',#3592);
#3592 = CARTESIAN_POINT('',(10.091753316601,0.,0.));
#3593 = LINE('',#3594,#3595);
#3594 = CARTESIAN_POINT('',(10.091753316601,0.,0.));
#3595 = VECTOR('',#3596,1.);
#3596 = DIRECTION('',(-1.,0.,0.));
#3597 = ORIENTED_EDGE('',*,*,#3598,.F.);
#3598 = EDGE_CURVE('',#3599,#3591,#3601,.T.);
#3599 = VERTEX_POINT('',#3600);
#3600 = CARTESIAN_POINT('',(9.878020795984,0.353997848691,0.));
#3601 = LINE('',#3602,#3603);
#3602 = CARTESIAN_POINT('',(9.878020795984,0.353997848691,0.));
#3603 = VECTOR('',#3604,1.);
#3604 = DIRECTION('',(0.516865502226,-0.856066616922,0.));
#3605 = ORIENTED_EDGE('',*,*,#3606,.F.);
#3606 = EDGE_CURVE('',#3607,#3599,#3609,.T.);
#3607 = VERTEX_POINT('',#3608);
#3608 = CARTESIAN_POINT('',(10.036285406956,0.564897812836,0.));
#3609 = B_SPLINE_CURVE_WITH_KNOTS('',2,(#3610,#3611,#3612),
  .UNSPECIFIED.,.F.,.F.,(3,3),(0.,1.),.PIECEWISE_BEZIER_KNOTS.);
#3610 = CARTESIAN_POINT('',(10.036285406956,0.564897812836,0.));
#3611 = CARTESIAN_POINT('',(10.036285406956,0.408892076013,0.));
#3612 = CARTESIAN_POINT('',(9.878020795984,0.353997848691,0.));
#3613 = ORIENTED_EDGE('',*,*,#3614,.F.);
#3614 = EDGE_CURVE('',#3615,#3607,#3617,.T.);
#3615 = VERTEX_POINT('',#3616);
#3616 = CARTESIAN_POINT('',(9.967084976694,0.731660093223,0.));
#3617 = B_SPLINE_CURVE_WITH_KNOTS('',2,(#3618,#3619,#3620),
  .UNSPECIFIED.,.F.,.F.,(3,3),(0.,1.),.PIECEWISE_BEZIER_KNOTS.);
#3618 = CARTESIAN_POINT('',(9.967084976694,0.731660093223,0.));
#3619 = CARTESIAN_POINT('',(10.036285406956,0.676263893869,0.));
#3620 = CARTESIAN_POINT('',(10.036285406956,0.564897812836,0.));
#3621 = ORIENTED_EDGE('',*,*,#3622,.F.);
#3622 = EDGE_CURVE('',#3623,#3615,#3625,.T.);
#3623 = VERTEX_POINT('',#3624);
#3624 = CARTESIAN_POINT('',(9.753137325206,0.787092147723,0.));
#3625 = B_SPLINE_CURVE_WITH_KNOTS('',2,(#3626,#3627,#3628),
  .UNSPECIFIED.,.F.,.F.,(3,3),(0.,1.),.PIECEWISE_BEZIER_KNOTS.);
#3626 = CARTESIAN_POINT('',(9.753137325206,0.787092147723,0.));
#3627 = CARTESIAN_POINT('',(9.897920401578,0.787092147723,0.));
#3628 = CARTESIAN_POINT('',(9.967084976694,0.731660093223,0.));
#3629 = ORIENTED_EDGE('',*,*,#3630,.F.);
#3630 = EDGE_CURVE('',#3631,#3623,#3633,.T.);
#3631 = VERTEX_POINT('',#3632);
#3632 = CARTESIAN_POINT('',(9.537253495877,0.787092147723,0.));
#3633 = LINE('',#3634,#3635);
#3634 = CARTESIAN_POINT('',(9.537253495877,0.787092147723,0.));
#3635 = VECTOR('',#3636,1.);
#3636 = DIRECTION('',(1.,0.,0.));
#3637 = ORIENTED_EDGE('',*,*,#3638,.F.);
#3638 = EDGE_CURVE('',#3639,#3631,#3641,.T.);
#3639 = VERTEX_POINT('',#3640);
#3640 = CARTESIAN_POINT('',(9.537253495877,0.,0.));
#3641 = LINE('',#3642,#3643);
#3642 = CARTESIAN_POINT('',(9.537253495877,0.,0.));
#3643 = VECTOR('',#3644,1.);
#3644 = DIRECTION('',(0.,1.,0.));
#3645 = ORIENTED_EDGE('',*,*,#3646,.F.);
#3646 = EDGE_CURVE('',#3567,#3639,#3647,.T.);
#3647 = LINE('',#3648,#3649);
#3648 = CARTESIAN_POINT('',(9.628684116171,0.,0.));
#3649 = VECTOR('',#3650,1.);
#3650 = DIRECTION('',(-1.,0.,0.));
#3651 = FACE_BOUND('',#3652,.T.);
#3652 = EDGE_LOOP('',(#3653,#3663,#3671,#3679,#3687,#3695,#3703));
#3653 = ORIENTED_EDGE('',*,*,#3654,.F.);
#3654 = EDGE_CURVE('',#3655,#3657,#3659,.T.);
#3655 = VERTEX_POINT('',#3656);
#3656 = CARTESIAN_POINT('',(9.628684116171,0.406167084977,0.));
#3657 = VERTEX_POINT('',#3658);
#3658 = CARTESIAN_POINT('',(9.754177124417,0.406167084977,0.));
#3659 = LINE('',#3660,#3661);
#3660 = CARTESIAN_POINT('',(9.628684116171,0.406167084977,0.));
#3661 = VECTOR('',#3662,1.);
#3662 = DIRECTION('',(1.,0.,0.));
#3663 = ORIENTED_EDGE('',*,*,#3664,.F.);
#3664 = EDGE_CURVE('',#3665,#3655,#3667,.T.);
#3665 = VERTEX_POINT('',#3666);
#3666 = CARTESIAN_POINT('',(9.628684116171,0.706955898171,0.));
#3667 = LINE('',#3668,#3669);
#3668 = CARTESIAN_POINT('',(9.628684116171,0.706955898171,0.));
#3669 = VECTOR('',#3670,1.);
#3670 = DIRECTION('',(0.,-1.,0.));
#3671 = ORIENTED_EDGE('',*,*,#3672,.F.);
#3672 = EDGE_CURVE('',#3673,#3665,#3675,.T.);
#3673 = VERTEX_POINT('',#3674);
#3674 = CARTESIAN_POINT('',(9.747723198279,0.706955898171,0.));
#3675 = LINE('',#3676,#3677);
#3676 = CARTESIAN_POINT('',(9.747723198279,0.706955898171,0.));
#3677 = VECTOR('',#3678,1.);
#3678 = DIRECTION('',(-1.,0.,0.));
#3679 = ORIENTED_EDGE('',*,*,#3680,.F.);
#3680 = EDGE_CURVE('',#3681,#3673,#3683,.T.);
#3681 = VERTEX_POINT('',#3682);
#3682 = CARTESIAN_POINT('',(9.895553961994,0.672499103621,0.));
#3683 = B_SPLINE_CURVE_WITH_KNOTS('',2,(#3684,#3685,#3686),
  .UNSPECIFIED.,.F.,.F.,(3,3),(0.,1.),.PIECEWISE_BEZIER_KNOTS.);
#3684 = CARTESIAN_POINT('',(9.895553961994,0.672499103621,0.));
#3685 = CARTESIAN_POINT('',(9.84951595554,0.706955898171,0.));
#3686 = CARTESIAN_POINT('',(9.747723198279,0.706955898171,0.));
#3687 = ORIENTED_EDGE('',*,*,#3688,.F.);
#3688 = EDGE_CURVE('',#3689,#3681,#3691,.T.);
#3689 = VERTEX_POINT('',#3690);
#3690 = CARTESIAN_POINT('',(9.941627823593,0.560057368232,0.));
#3691 = B_SPLINE_CURVE_WITH_KNOTS('',2,(#3692,#3693,#3694),
  .UNSPECIFIED.,.F.,.F.,(3,3),(0.,1.),.PIECEWISE_BEZIER_KNOTS.);
#3692 = CARTESIAN_POINT('',(9.941627823593,0.560057368232,0.));
#3693 = CARTESIAN_POINT('',(9.941627823593,0.638078164217,0.));
#3694 = CARTESIAN_POINT('',(9.895553961994,0.672499103621,0.));
#3695 = ORIENTED_EDGE('',*,*,#3696,.F.);
#3696 = EDGE_CURVE('',#3697,#3689,#3699,.T.);
#3697 = VERTEX_POINT('',#3698);
#3698 = CARTESIAN_POINT('',(9.896378630333,0.444639655791,0.));
#3699 = B_SPLINE_CURVE_WITH_KNOTS('',2,(#3700,#3701,#3702),
  .UNSPECIFIED.,.F.,.F.,(3,3),(0.,1.),.PIECEWISE_BEZIER_KNOTS.);
#3700 = CARTESIAN_POINT('',(9.896378630333,0.444639655791,0.));
#3701 = CARTESIAN_POINT('',(9.941627823593,0.483112226605,0.));
#3702 = CARTESIAN_POINT('',(9.941627823593,0.560057368232,0.));
#3703 = ORIENTED_EDGE('',*,*,#3704,.F.);
#3704 = EDGE_CURVE('',#3657,#3697,#3705,.T.);
#3705 = B_SPLINE_CURVE_WITH_KNOTS('',2,(#3706,#3707,#3708),
  .UNSPECIFIED.,.F.,.F.,(3,3),(0.,1.),.PIECEWISE_BEZIER_KNOTS.);
#3706 = CARTESIAN_POINT('',(9.754177124417,0.406167084977,0.));
#3707 = CARTESIAN_POINT('',(9.851129437074,0.406167084977,0.));
#3708 = CARTESIAN_POINT('',(9.896378630333,0.444639655791,0.));
#3709 = PLANE('',#3710);
#3710 = AXIS2_PLACEMENT_3D('',#3711,#3712,#3713);
#3711 = CARTESIAN_POINT('',(9.769152758009,0.409931823945,0.));
#3712 = DIRECTION('',(0.,0.,1.));
#3713 = DIRECTION('',(1.,0.,-0.));
#3714 = SHELL_BASED_SURFACE_MODEL('',(#3715));
#3715 = OPEN_SHELL('',(#3716));
#3716 = ADVANCED_FACE('',(#3717,#3807),#3865,.T.);
#3717 = FACE_BOUND('',#3718,.T.);
#3718 = EDGE_LOOP('',(#3719,#3729,#3737,#3745,#3753,#3761,#3769,#3777,
    #3785,#3793,#3801));
#3719 = ORIENTED_EDGE('',*,*,#3720,.F.);
#3720 = EDGE_CURVE('',#3721,#3723,#3725,.T.);
#3721 = VERTEX_POINT('',#3722);
#3722 = CARTESIAN_POINT('',(10.310218716386,0.327644316959,0.));
#3723 = VERTEX_POINT('',#3724);
#3724 = CARTESIAN_POINT('',(10.310218716386,0.,0.));
#3725 = LINE('',#3726,#3727);
#3726 = CARTESIAN_POINT('',(10.310218716386,0.327644316959,0.));
#3727 = VECTOR('',#3728,1.);
#3728 = DIRECTION('',(0.,-1.,0.));
#3729 = ORIENTED_EDGE('',*,*,#3730,.F.);
#3730 = EDGE_CURVE('',#3731,#3721,#3733,.T.);
#3731 = VERTEX_POINT('',#3732);
#3732 = CARTESIAN_POINT('',(10.474578702044,0.327644316959,0.));
#3733 = LINE('',#3734,#3735);
#3734 = CARTESIAN_POINT('',(10.474578702044,0.327644316959,0.));
#3735 = VECTOR('',#3736,1.);
#3736 = DIRECTION('',(-1.,0.,0.));
#3737 = ORIENTED_EDGE('',*,*,#3738,.F.);
#3738 = EDGE_CURVE('',#3739,#3731,#3741,.T.);
#3739 = VERTEX_POINT('',#3740);
#3740 = CARTESIAN_POINT('',(10.665184653998,0.,0.));
#3741 = LINE('',#3742,#3743);
#3742 = CARTESIAN_POINT('',(10.665184653998,0.,0.));
#3743 = VECTOR('',#3744,1.);
#3744 = DIRECTION('',(-0.502847321529,0.864375249085,0.));
#3745 = ORIENTED_EDGE('',*,*,#3746,.F.);
#3746 = EDGE_CURVE('',#3747,#3739,#3749,.T.);
#3747 = VERTEX_POINT('',#3748);
#3748 = CARTESIAN_POINT('',(10.773287916816,0.,0.));
#3749 = LINE('',#3750,#3751);
#3750 = CARTESIAN_POINT('',(10.773287916816,0.,0.));
#3751 = VECTOR('',#3752,1.);
#3752 = DIRECTION('',(-1.,0.,0.));
#3753 = ORIENTED_EDGE('',*,*,#3754,.F.);
#3754 = EDGE_CURVE('',#3755,#3747,#3757,.T.);
#3755 = VERTEX_POINT('',#3756);
#3756 = CARTESIAN_POINT('',(10.559555396199,0.353997848691,0.));
#3757 = LINE('',#3758,#3759);
#3758 = CARTESIAN_POINT('',(10.559555396199,0.353997848691,0.));
#3759 = VECTOR('',#3760,1.);
#3760 = DIRECTION('',(0.516865502226,-0.856066616922,0.));
#3761 = ORIENTED_EDGE('',*,*,#3762,.F.);
#3762 = EDGE_CURVE('',#3763,#3755,#3765,.T.);
#3763 = VERTEX_POINT('',#3764);
#3764 = CARTESIAN_POINT('',(10.717820007171,0.564897812836,0.));
#3765 = B_SPLINE_CURVE_WITH_KNOTS('',2,(#3766,#3767,#3768),
  .UNSPECIFIED.,.F.,.F.,(3,3),(0.,1.),.PIECEWISE_BEZIER_KNOTS.);
#3766 = CARTESIAN_POINT('',(10.717820007171,0.564897812836,0.));
#3767 = CARTESIAN_POINT('',(10.717820007171,0.408892076013,0.));
#3768 = CARTESIAN_POINT('',(10.559555396199,0.353997848691,0.));
#3769 = ORIENTED_EDGE('',*,*,#3770,.F.);
#3770 = EDGE_CURVE('',#3771,#3763,#3773,.T.);
#3771 = VERTEX_POINT('',#3772);
#3772 = CARTESIAN_POINT('',(10.648619576909,0.731660093223,0.));
#3773 = B_SPLINE_CURVE_WITH_KNOTS('',2,(#3774,#3775,#3776),
  .UNSPECIFIED.,.F.,.F.,(3,3),(0.,1.),.PIECEWISE_BEZIER_KNOTS.);
#3774 = CARTESIAN_POINT('',(10.648619576909,0.731660093223,0.));
#3775 = CARTESIAN_POINT('',(10.717820007171,0.676263893869,0.));
#3776 = CARTESIAN_POINT('',(10.717820007171,0.564897812836,0.));
#3777 = ORIENTED_EDGE('',*,*,#3778,.F.);
#3778 = EDGE_CURVE('',#3779,#3771,#3781,.T.);
#3779 = VERTEX_POINT('',#3780);
#3780 = CARTESIAN_POINT('',(10.434671925421,0.787092147723,0.));
#3781 = B_SPLINE_CURVE_WITH_KNOTS('',2,(#3782,#3783,#3784),
  .UNSPECIFIED.,.F.,.F.,(3,3),(0.,1.),.PIECEWISE_BEZIER_KNOTS.);
#3782 = CARTESIAN_POINT('',(10.434671925421,0.787092147723,0.));
#3783 = CARTESIAN_POINT('',(10.579455001793,0.787092147723,0.));
#3784 = CARTESIAN_POINT('',(10.648619576909,0.731660093223,0.));
#3785 = ORIENTED_EDGE('',*,*,#3786,.F.);
#3786 = EDGE_CURVE('',#3787,#3779,#3789,.T.);
#3787 = VERTEX_POINT('',#3788);
#3788 = CARTESIAN_POINT('',(10.218788096092,0.787092147723,0.));
#3789 = LINE('',#3790,#3791);
#3790 = CARTESIAN_POINT('',(10.218788096092,0.787092147723,0.));
#3791 = VECTOR('',#3792,1.);
#3792 = DIRECTION('',(1.,0.,0.));
#3793 = ORIENTED_EDGE('',*,*,#3794,.F.);
#3794 = EDGE_CURVE('',#3795,#3787,#3797,.T.);
#3795 = VERTEX_POINT('',#3796);
#3796 = CARTESIAN_POINT('',(10.218788096092,0.,0.));
#3797 = LINE('',#3798,#3799);
#3798 = CARTESIAN_POINT('',(10.218788096092,0.,0.));
#3799 = VECTOR('',#3800,1.);
#3800 = DIRECTION('',(0.,1.,0.));
#3801 = ORIENTED_EDGE('',*,*,#3802,.F.);
#3802 = EDGE_CURVE('',#3723,#3795,#3803,.T.);
#3803 = LINE('',#3804,#3805);
#3804 = CARTESIAN_POINT('',(10.310218716386,0.,0.));
#3805 = VECTOR('',#3806,1.);
#3806 = DIRECTION('',(-1.,0.,0.));
#3807 = FACE_BOUND('',#3808,.T.);
#3808 = EDGE_LOOP('',(#3809,#3819,#3827,#3835,#3843,#3851,#3859));
#3809 = ORIENTED_EDGE('',*,*,#3810,.F.);
#3810 = EDGE_CURVE('',#3811,#3813,#3815,.T.);
#3811 = VERTEX_POINT('',#3812);
#3812 = CARTESIAN_POINT('',(10.310218716386,0.406167084977,0.));
#3813 = VERTEX_POINT('',#3814);
#3814 = CARTESIAN_POINT('',(10.435711724632,0.406167084977,0.));
#3815 = LINE('',#3816,#3817);
#3816 = CARTESIAN_POINT('',(10.310218716386,0.406167084977,0.));
#3817 = VECTOR('',#3818,1.);
#3818 = DIRECTION('',(1.,0.,0.));
#3819 = ORIENTED_EDGE('',*,*,#3820,.F.);
#3820 = EDGE_CURVE('',#3821,#3811,#3823,.T.);
#3821 = VERTEX_POINT('',#3822);
#3822 = CARTESIAN_POINT('',(10.310218716386,0.706955898171,0.));
#3823 = LINE('',#3824,#3825);
#3824 = CARTESIAN_POINT('',(10.310218716386,0.706955898171,0.));
#3825 = VECTOR('',#3826,1.);
#3826 = DIRECTION('',(0.,-1.,0.));
#3827 = ORIENTED_EDGE('',*,*,#3828,.F.);
#3828 = EDGE_CURVE('',#3829,#3821,#3831,.T.);
#3829 = VERTEX_POINT('',#3830);
#3830 = CARTESIAN_POINT('',(10.429257798494,0.706955898171,0.));
#3831 = LINE('',#3832,#3833);
#3832 = CARTESIAN_POINT('',(10.429257798494,0.706955898171,0.));
#3833 = VECTOR('',#3834,1.);
#3834 = DIRECTION('',(-1.,0.,0.));
#3835 = ORIENTED_EDGE('',*,*,#3836,.F.);
#3836 = EDGE_CURVE('',#3837,#3829,#3839,.T.);
#3837 = VERTEX_POINT('',#3838);
#3838 = CARTESIAN_POINT('',(10.577088562209,0.672499103621,0.));
#3839 = B_SPLINE_CURVE_WITH_KNOTS('',2,(#3840,#3841,#3842),
  .UNSPECIFIED.,.F.,.F.,(3,3),(0.,1.),.PIECEWISE_BEZIER_KNOTS.);
#3840 = CARTESIAN_POINT('',(10.577088562209,0.672499103621,0.));
#3841 = CARTESIAN_POINT('',(10.531050555755,0.706955898171,0.));
#3842 = CARTESIAN_POINT('',(10.429257798494,0.706955898171,0.));
#3843 = ORIENTED_EDGE('',*,*,#3844,.F.);
#3844 = EDGE_CURVE('',#3845,#3837,#3847,.T.);
#3845 = VERTEX_POINT('',#3846);
#3846 = CARTESIAN_POINT('',(10.623162423808,0.560057368232,0.));
#3847 = B_SPLINE_CURVE_WITH_KNOTS('',2,(#3848,#3849,#3850),
  .UNSPECIFIED.,.F.,.F.,(3,3),(0.,1.),.PIECEWISE_BEZIER_KNOTS.);
#3848 = CARTESIAN_POINT('',(10.623162423808,0.560057368232,0.));
#3849 = CARTESIAN_POINT('',(10.623162423808,0.638078164217,0.));
#3850 = CARTESIAN_POINT('',(10.577088562209,0.672499103621,0.));
#3851 = ORIENTED_EDGE('',*,*,#3852,.F.);
#3852 = EDGE_CURVE('',#3853,#3845,#3855,.T.);
#3853 = VERTEX_POINT('',#3854);
#3854 = CARTESIAN_POINT('',(10.577913230549,0.444639655791,0.));
#3855 = B_SPLINE_CURVE_WITH_KNOTS('',2,(#3856,#3857,#3858),
  .UNSPECIFIED.,.F.,.F.,(3,3),(0.,1.),.PIECEWISE_BEZIER_KNOTS.);
#3856 = CARTESIAN_POINT('',(10.577913230549,0.444639655791,0.));
#3857 = CARTESIAN_POINT('',(10.623162423808,0.483112226605,0.));
#3858 = CARTESIAN_POINT('',(10.623162423808,0.560057368232,0.));
#3859 = ORIENTED_EDGE('',*,*,#3860,.F.);
#3860 = EDGE_CURVE('',#3813,#3853,#3861,.T.);
#3861 = B_SPLINE_CURVE_WITH_KNOTS('',2,(#3862,#3863,#3864),
  .UNSPECIFIED.,.F.,.F.,(3,3),(0.,1.),.PIECEWISE_BEZIER_KNOTS.);
#3862 = CARTESIAN_POINT('',(10.435711724632,0.406167084977,0.));
#3863 = CARTESIAN_POINT('',(10.532664037289,0.406167084977,0.));
#3864 = CARTESIAN_POINT('',(10.577913230549,0.444639655791,0.));
#3865 = PLANE('',#3866);
#3866 = AXIS2_PLACEMENT_3D('',#3867,#3868,#3869);
#3867 = CARTESIAN_POINT('',(10.450687358224,0.409931823945,0.));
#3868 = DIRECTION('',(0.,0.,1.));
#3869 = DIRECTION('',(1.,0.,-0.));
#3870 = SHELL_BASED_SURFACE_MODEL('',(#3871));
#3871 = OPEN_SHELL('',(#3872));
#3872 = ADVANCED_FACE('',(#3873),#3947,.T.);
#3873 = FACE_BOUND('',#3874,.T.);
#3874 = EDGE_LOOP('',(#3875,#3885,#3893,#3901,#3909,#3917,#3925,#3933,
    #3941));
#3875 = ORIENTED_EDGE('',*,*,#3876,.F.);
#3876 = EDGE_CURVE('',#3877,#3879,#3881,.T.);
#3877 = VERTEX_POINT('',#3878);
#3878 = CARTESIAN_POINT('',(11.100466116888,0.393546073862,0.));
#3879 = VERTEX_POINT('',#3880);
#3880 = CARTESIAN_POINT('',(11.310362136967,0.787092147723,0.));
#3881 = LINE('',#3882,#3883);
#3882 = CARTESIAN_POINT('',(11.100466116888,0.393546073862,0.));
#3883 = VECTOR('',#3884,1.);
#3884 = DIRECTION('',(0.470596580141,0.882348490541,0.));
#3885 = ORIENTED_EDGE('',*,*,#3886,.F.);
#3886 = EDGE_CURVE('',#3887,#3877,#3889,.T.);
#3887 = VERTEX_POINT('',#3888);
#3888 = CARTESIAN_POINT('',(10.892219433489,0.787092147723,0.));
#3889 = LINE('',#3890,#3891);
#3890 = CARTESIAN_POINT('',(10.892219433489,0.787092147723,0.));
#3891 = VECTOR('',#3892,1.);
#3892 = DIRECTION('',(0.467710112761,-0.883881921085,0.));
#3893 = ORIENTED_EDGE('',*,*,#3894,.F.);
#3894 = EDGE_CURVE('',#3895,#3887,#3897,.T.);
#3895 = VERTEX_POINT('',#3896);
#3896 = CARTESIAN_POINT('',(10.792111868053,0.787092147723,0.));
#3897 = LINE('',#3898,#3899);
#3898 = CARTESIAN_POINT('',(10.792111868053,0.787092147723,0.));
#3899 = VECTOR('',#3900,1.);
#3900 = DIRECTION('',(1.,0.,0.));
#3901 = ORIENTED_EDGE('',*,*,#3902,.F.);
#3902 = EDGE_CURVE('',#3903,#3895,#3905,.T.);
#3903 = VERTEX_POINT('',#3904);
#3904 = CARTESIAN_POINT('',(11.054212979563,0.300932233776,0.));
#3905 = LINE('',#3906,#3907);
#3906 = CARTESIAN_POINT('',(11.054212979563,0.300932233776,0.));
#3907 = VECTOR('',#3908,1.);
#3908 = DIRECTION('',(-0.474552699381,0.880227093147,0.));
#3909 = ORIENTED_EDGE('',*,*,#3910,.F.);
#3910 = EDGE_CURVE('',#3911,#3903,#3913,.T.);
#3911 = VERTEX_POINT('',#3912);
#3912 = CARTESIAN_POINT('',(11.054212979563,0.,0.));
#3913 = LINE('',#3914,#3915);
#3914 = CARTESIAN_POINT('',(11.054212979563,0.,0.));
#3915 = VECTOR('',#3916,1.);
#3916 = DIRECTION('',(0.,1.,0.));
#3917 = ORIENTED_EDGE('',*,*,#3918,.F.);
#3918 = EDGE_CURVE('',#3919,#3911,#3921,.T.);
#3919 = VERTEX_POINT('',#3920);
#3920 = CARTESIAN_POINT('',(11.146719254213,0.,0.));
#3921 = LINE('',#3922,#3923);
#3922 = CARTESIAN_POINT('',(11.146719254213,0.,0.));
#3923 = VECTOR('',#3924,1.);
#3924 = DIRECTION('',(-1.,0.,0.));
#3925 = ORIENTED_EDGE('',*,*,#3926,.F.);
#3926 = EDGE_CURVE('',#3927,#3919,#3929,.T.);
#3927 = VERTEX_POINT('',#3928);
#3928 = CARTESIAN_POINT('',(11.146719254213,0.305270706346,0.));
#3929 = LINE('',#3930,#3931);
#3930 = CARTESIAN_POINT('',(11.146719254213,0.305270706346,0.));
#3931 = VECTOR('',#3932,1.);
#3932 = DIRECTION('',(0.,-1.,0.));
#3933 = ORIENTED_EDGE('',*,*,#3934,.F.);
#3934 = EDGE_CURVE('',#3935,#3927,#3937,.T.);
#3935 = VERTEX_POINT('',#3936);
#3936 = CARTESIAN_POINT('',(11.409394048046,0.787092147723,0.));
#3937 = LINE('',#3938,#3939);
#3938 = CARTESIAN_POINT('',(11.409394048046,0.787092147723,0.));
#3939 = VECTOR('',#3940,1.);
#3940 = DIRECTION('',(-0.478659853232,-0.878000424205,0.));
#3941 = ORIENTED_EDGE('',*,*,#3942,.F.);
#3942 = EDGE_CURVE('',#3879,#3935,#3943,.T.);
#3943 = LINE('',#3944,#3945);
#3944 = CARTESIAN_POINT('',(11.310362136967,0.787092147723,0.));
#3945 = VECTOR('',#3946,1.);
#3946 = DIRECTION('',(1.,0.,0.));
#3947 = PLANE('',#3948);
#3948 = AXIS2_PLACEMENT_3D('',#3949,#3950,#3951);
#3949 = CARTESIAN_POINT('',(11.100469901193,0.47572557761,0.));
#3950 = DIRECTION('',(0.,0.,1.));
#3951 = DIRECTION('',(1.,0.,-0.));
#3952 = ( GEOMETRIC_REPRESENTATION_CONTEXT(3) 
GLOBAL_UNCERTAINTY_ASSIGNED_CONTEXT((#3956)) 
GLOBAL_UNIT_ASSIGNED_CONTEXT((#3953,#3954,#3955)) REPRESENTATION_CONTEXT
('Context #1','3D Context with UNIT and UNCERTAINTY') );
#3953 = ( LENGTH_UNIT() NAMED_UNIT(*) SI_UNIT(.MILLI.,.METRE.) );
#3954 = ( NAMED_UNIT(*) PLANE_ANGLE_UNIT() SI_UNIT($,.RADIAN.) );
#3955 = ( NAMED_UNIT(*) SI_UNIT($,.STERADIAN.) SOLID_ANGLE_UNIT() );
#3956 = UNCERTAINTY_MEASURE_WITH_UNIT(LENGTH_MEASURE(1.E-07),#3953,
  'distance_accuracy_value','confusion accuracy');
#3957 = CONTEXT_DEPENDENT_SHAPE_REPRESENTATION(#3958,#3960);
#3958 = ( REPRESENTATION_RELATIONSHIP('','',#2059,#884) 
REPRESENTATION_RELATIONSHIP_WITH_TRANSFORMATION(#3959) 
SHAPE_REPRESENTATION_RELATIONSHIP() );
#3959 = ITEM_DEFINED_TRANSFORMATION('','',#11,#893);
#3960 = PRODUCT_DEFINITION_SHAPE('Placement','Placement of an item',
  #3961);
#3961 = NEXT_ASSEMBLY_USAGE_OCCURRENCE('6','=>[0:1:1:6]','',#879,#2054,$
  );
#3962 = PRODUCT_RELATED_PRODUCT_CATEGORY('part',$,(#2056));
#3963 = MECHANICAL_DESIGN_GEOMETRIC_PRESENTATION_REPRESENTATION('',(
    #3964),#2041);
#3964 = STYLED_ITEM('color',(#3965),#1937);
#3965 = PRESENTATION_STYLE_ASSIGNMENT((#3966));
#3966 = SURFACE_STYLE_USAGE(.BOTH.,#3967);
#3967 = SURFACE_SIDE_STYLE('',(#3968));
#3968 = SURFACE_STYLE_FILL_AREA(#3969);
#3969 = FILL_AREA_STYLE('',(#3970));
#3970 = FILL_AREA_STYLE_COLOUR('',#3971);
#3971 = COLOUR_RGB('',0.800000010877,0.800000010877,0.800000010877);
#3972 = MECHANICAL_DESIGN_GEOMETRIC_PRESENTATION_REPRESENTATION('',(
    #3973),#866);
#3973 = STYLED_ITEM('color',(#3974),#559);
#3974 = PRESENTATION_STYLE_ASSIGNMENT((#3975,#3981));
#3975 = SURFACE_STYLE_USAGE(.BOTH.,#3976);
#3976 = SURFACE_SIDE_STYLE('',(#3977));
#3977 = SURFACE_STYLE_FILL_AREA(#3978);
#3978 = FILL_AREA_STYLE('',(#3979));
#3979 = FILL_AREA_STYLE_COLOUR('',#3980);
#3980 = COLOUR_RGB('',0.290196088226,0.290196088226,0.290196088226);
#3981 = CURVE_STYLE('',#3982,POSITIVE_LENGTH_MEASURE(0.1),#3980);
#3982 = DRAUGHTING_PRE_DEFINED_CURVE_FONT('continuous');
#3983 = MECHANICAL_DESIGN_GEOMETRIC_PRESENTATION_REPRESENTATION('',(
    #3984),#258);
#3984 = STYLED_ITEM('color',(#3985),#45);
#3985 = PRESENTATION_STYLE_ASSIGNMENT((#3986,#3991));
#3986 = SURFACE_STYLE_USAGE(.BOTH.,#3987);
#3987 = SURFACE_SIDE_STYLE('',(#3988));
#3988 = SURFACE_STYLE_FILL_AREA(#3989);
#3989 = FILL_AREA_STYLE('',(#3990));
#3990 = FILL_AREA_STYLE_COLOUR('',#3971);
#3991 = CURVE_STYLE('',#3992,POSITIVE_LENGTH_MEASURE(0.1),#3971);
#3992 = DRAUGHTING_PRE_DEFINED_CURVE_FONT('continuous');
#3993 = MECHANICAL_DESIGN_GEOMETRIC_PRESENTATION_REPRESENTATION('',(
    #3994),#540);
#3994 = STYLED_ITEM('color',(#3995),#277);
#3995 = PRESENTATION_STYLE_ASSIGNMENT((#3996,#4001));
#3996 = SURFACE_STYLE_USAGE(.BOTH.,#3997);
#3997 = SURFACE_SIDE_STYLE('',(#3998));
#3998 = SURFACE_STYLE_FILL_AREA(#3999);
#3999 = FILL_AREA_STYLE('',(#4000));
#4000 = FILL_AREA_STYLE_COLOUR('',#3971);
#4001 = CURVE_STYLE('',#4002,POSITIVE_LENGTH_MEASURE(0.1),#3971);
#4002 = DRAUGHTING_PRE_DEFINED_CURVE_FONT('continuous');
#4003 = MECHANICAL_DESIGN_GEOMETRIC_PRESENTATION_REPRESENTATION('',(
    #4004,#4013,#4022,#4031,#4040,#4049,#4058,#4067,#4076,#4085,#4094,
    #4103,#4112,#4121,#4130,#4139,#4148),#3952);
#4004 = STYLED_ITEM('color',(#4005),#2062);
#4005 = PRESENTATION_STYLE_ASSIGNMENT((#4006,#4011));
#4006 = SURFACE_STYLE_USAGE(.BOTH.,#4007);
#4007 = SURFACE_SIDE_STYLE('',(#4008));
#4008 = SURFACE_STYLE_FILL_AREA(#4009);
#4009 = FILL_AREA_STYLE('',(#4010));
#4010 = FILL_AREA_STYLE_COLOUR('',#3971);
#4011 = CURVE_STYLE('',#4012,POSITIVE_LENGTH_MEASURE(0.1),#3971);
#4012 = DRAUGHTING_PRE_DEFINED_CURVE_FONT('continuous');
#4013 = STYLED_ITEM('color',(#4014),#2296);
#4014 = PRESENTATION_STYLE_ASSIGNMENT((#4015,#4020));
#4015 = SURFACE_STYLE_USAGE(.BOTH.,#4016);
#4016 = SURFACE_SIDE_STYLE('',(#4017));
#4017 = SURFACE_STYLE_FILL_AREA(#4018);
#4018 = FILL_AREA_STYLE('',(#4019));
#4019 = FILL_AREA_STYLE_COLOUR('',#3971);
#4020 = CURVE_STYLE('',#4021,POSITIVE_LENGTH_MEASURE(0.1),#3971);
#4021 = DRAUGHTING_PRE_DEFINED_CURVE_FONT('continuous');
#4022 = STYLED_ITEM('color',(#4023),#2378);
#4023 = PRESENTATION_STYLE_ASSIGNMENT((#4024,#4029));
#4024 = SURFACE_STYLE_USAGE(.BOTH.,#4025);
#4025 = SURFACE_SIDE_STYLE('',(#4026));
#4026 = SURFACE_STYLE_FILL_AREA(#4027);
#4027 = FILL_AREA_STYLE('',(#4028));
#4028 = FILL_AREA_STYLE_COLOUR('',#3971);
#4029 = CURVE_STYLE('',#4030,POSITIVE_LENGTH_MEASURE(0.1),#3971);
#4030 = DRAUGHTING_PRE_DEFINED_CURVE_FONT('continuous');
#4031 = STYLED_ITEM('color',(#4032),#2436);
#4032 = PRESENTATION_STYLE_ASSIGNMENT((#4033,#4038));
#4033 = SURFACE_STYLE_USAGE(.BOTH.,#4034);
#4034 = SURFACE_SIDE_STYLE('',(#4035));
#4035 = SURFACE_STYLE_FILL_AREA(#4036);
#4036 = FILL_AREA_STYLE('',(#4037));
#4037 = FILL_AREA_STYLE_COLOUR('',#3971);
#4038 = CURVE_STYLE('',#4039,POSITIVE_LENGTH_MEASURE(0.1),#3971);
#4039 = DRAUGHTING_PRE_DEFINED_CURVE_FONT('continuous');
#4040 = STYLED_ITEM('color',(#4041),#2478);
#4041 = PRESENTATION_STYLE_ASSIGNMENT((#4042,#4047));
#4042 = SURFACE_STYLE_USAGE(.BOTH.,#4043);
#4043 = SURFACE_SIDE_STYLE('',(#4044));
#4044 = SURFACE_STYLE_FILL_AREA(#4045);
#4045 = FILL_AREA_STYLE('',(#4046));
#4046 = FILL_AREA_STYLE_COLOUR('',#3971);
#4047 = CURVE_STYLE('',#4048,POSITIVE_LENGTH_MEASURE(0.1),#3971);
#4048 = DRAUGHTING_PRE_DEFINED_CURVE_FONT('continuous');
#4049 = STYLED_ITEM('color',(#4050),#2552);
#4050 = PRESENTATION_STYLE_ASSIGNMENT((#4051,#4056));
#4051 = SURFACE_STYLE_USAGE(.BOTH.,#4052);
#4052 = SURFACE_SIDE_STYLE('',(#4053));
#4053 = SURFACE_STYLE_FILL_AREA(#4054);
#4054 = FILL_AREA_STYLE('',(#4055));
#4055 = FILL_AREA_STYLE_COLOUR('',#3971);
#4056 = CURVE_STYLE('',#4057,POSITIVE_LENGTH_MEASURE(0.1),#3971);
#4057 = DRAUGHTING_PRE_DEFINED_CURVE_FONT('continuous');
#4058 = STYLED_ITEM('color',(#4059),#2658);
#4059 = PRESENTATION_STYLE_ASSIGNMENT((#4060,#4065));
#4060 = SURFACE_STYLE_USAGE(.BOTH.,#4061);
#4061 = SURFACE_SIDE_STYLE('',(#4062));
#4062 = SURFACE_STYLE_FILL_AREA(#4063);
#4063 = FILL_AREA_STYLE('',(#4064));
#4064 = FILL_AREA_STYLE_COLOUR('',#3971);
#4065 = CURVE_STYLE('',#4066,POSITIVE_LENGTH_MEASURE(0.1),#3971);
#4066 = DRAUGHTING_PRE_DEFINED_CURVE_FONT('continuous');
#4067 = STYLED_ITEM('color',(#4068),#2700);
#4068 = PRESENTATION_STYLE_ASSIGNMENT((#4069,#4074));
#4069 = SURFACE_STYLE_USAGE(.BOTH.,#4070);
#4070 = SURFACE_SIDE_STYLE('',(#4071));
#4071 = SURFACE_STYLE_FILL_AREA(#4072);
#4072 = FILL_AREA_STYLE('',(#4073));
#4073 = FILL_AREA_STYLE_COLOUR('',#3971);
#4074 = CURVE_STYLE('',#4075,POSITIVE_LENGTH_MEASURE(0.1),#3971);
#4075 = DRAUGHTING_PRE_DEFINED_CURVE_FONT('continuous');
#4076 = STYLED_ITEM('color',(#4077),#2822);
#4077 = PRESENTATION_STYLE_ASSIGNMENT((#4078,#4083));
#4078 = SURFACE_STYLE_USAGE(.BOTH.,#4079);
#4079 = SURFACE_SIDE_STYLE('',(#4080));
#4080 = SURFACE_STYLE_FILL_AREA(#4081);
#4081 = FILL_AREA_STYLE('',(#4082));
#4082 = FILL_AREA_STYLE_COLOUR('',#3971);
#4083 = CURVE_STYLE('',#4084,POSITIVE_LENGTH_MEASURE(0.1),#3971);
#4084 = DRAUGHTING_PRE_DEFINED_CURVE_FONT('continuous');
#4085 = STYLED_ITEM('color',(#4086),#2976);
#4086 = PRESENTATION_STYLE_ASSIGNMENT((#4087,#4092));
#4087 = SURFACE_STYLE_USAGE(.BOTH.,#4088);
#4088 = SURFACE_SIDE_STYLE('',(#4089));
#4089 = SURFACE_STYLE_FILL_AREA(#4090);
#4090 = FILL_AREA_STYLE('',(#4091));
#4091 = FILL_AREA_STYLE_COLOUR('',#3971);
#4092 = CURVE_STYLE('',#4093,POSITIVE_LENGTH_MEASURE(0.1),#3971);
#4093 = DRAUGHTING_PRE_DEFINED_CURVE_FONT('continuous');
#4094 = STYLED_ITEM('color',(#4095),#3190);
#4095 = PRESENTATION_STYLE_ASSIGNMENT((#4096,#4101));
#4096 = SURFACE_STYLE_USAGE(.BOTH.,#4097);
#4097 = SURFACE_SIDE_STYLE('',(#4098));
#4098 = SURFACE_STYLE_FILL_AREA(#4099);
#4099 = FILL_AREA_STYLE('',(#4100));
#4100 = FILL_AREA_STYLE_COLOUR('',#3971);
#4101 = CURVE_STYLE('',#4102,POSITIVE_LENGTH_MEASURE(0.1),#3971);
#4102 = DRAUGHTING_PRE_DEFINED_CURVE_FONT('continuous');
#4103 = STYLED_ITEM('color',(#4104),#3306);
#4104 = PRESENTATION_STYLE_ASSIGNMENT((#4105,#4110));
#4105 = SURFACE_STYLE_USAGE(.BOTH.,#4106);
#4106 = SURFACE_SIDE_STYLE('',(#4107));
#4107 = SURFACE_STYLE_FILL_AREA(#4108);
#4108 = FILL_AREA_STYLE('',(#4109));
#4109 = FILL_AREA_STYLE_COLOUR('',#3971);
#4110 = CURVE_STYLE('',#4111,POSITIVE_LENGTH_MEASURE(0.1),#3971);
#4111 = DRAUGHTING_PRE_DEFINED_CURVE_FONT('continuous');
#4112 = STYLED_ITEM('color',(#4113),#3380);
#4113 = PRESENTATION_STYLE_ASSIGNMENT((#4114,#4119));
#4114 = SURFACE_STYLE_USAGE(.BOTH.,#4115);
#4115 = SURFACE_SIDE_STYLE('',(#4116));
#4116 = SURFACE_STYLE_FILL_AREA(#4117);
#4117 = FILL_AREA_STYLE('',(#4118));
#4118 = FILL_AREA_STYLE_COLOUR('',#3971);
#4119 = CURVE_STYLE('',#4120,POSITIVE_LENGTH_MEASURE(0.1),#3971);
#4120 = DRAUGHTING_PRE_DEFINED_CURVE_FONT('continuous');
#4121 = STYLED_ITEM('color',(#4122),#3454);
#4122 = PRESENTATION_STYLE_ASSIGNMENT((#4123,#4128));
#4123 = SURFACE_STYLE_USAGE(.BOTH.,#4124);
#4124 = SURFACE_SIDE_STYLE('',(#4125));
#4125 = SURFACE_STYLE_FILL_AREA(#4126);
#4126 = FILL_AREA_STYLE('',(#4127));
#4127 = FILL_AREA_STYLE_COLOUR('',#3971);
#4128 = CURVE_STYLE('',#4129,POSITIVE_LENGTH_MEASURE(0.1),#3971);
#4129 = DRAUGHTING_PRE_DEFINED_CURVE_FONT('continuous');
#4130 = STYLED_ITEM('color',(#4131),#3560);
#4131 = PRESENTATION_STYLE_ASSIGNMENT((#4132,#4137));
#4132 = SURFACE_STYLE_USAGE(.BOTH.,#4133);
#4133 = SURFACE_SIDE_STYLE('',(#4134));
#4134 = SURFACE_STYLE_FILL_AREA(#4135);
#4135 = FILL_AREA_STYLE('',(#4136));
#4136 = FILL_AREA_STYLE_COLOUR('',#3971);
#4137 = CURVE_STYLE('',#4138,POSITIVE_LENGTH_MEASURE(0.1),#3971);
#4138 = DRAUGHTING_PRE_DEFINED_CURVE_FONT('continuous');
#4139 = STYLED_ITEM('color',(#4140),#3716);
#4140 = PRESENTATION_STYLE_ASSIGNMENT((#4141,#4146));
#4141 = SURFACE_STYLE_USAGE(.BOTH.,#4142);
#4142 = SURFACE_SIDE_STYLE('',(#4143));
#4143 = SURFACE_STYLE_FILL_AREA(#4144);
#4144 = FILL_AREA_STYLE('',(#4145));
#4145 = FILL_AREA_STYLE_COLOUR('',#3971);
#4146 = CURVE_STYLE('',#4147,POSITIVE_LENGTH_MEASURE(0.1),#3971);
#4147 = DRAUGHTING_PRE_DEFINED_CURVE_FONT('continuous');
#4148 = STYLED_ITEM('color',(#4149),#3872);
#4149 = PRESENTATION_STYLE_ASSIGNMENT((#4150,#4155));
#4150 = SURFACE_STYLE_USAGE(.BOTH.,#4151);
#4151 = SURFACE_SIDE_STYLE('',(#4152));
#4152 = SURFACE_STYLE_FILL_AREA(#4153);
#4153 = FILL_AREA_STYLE('',(#4154));
#4154 = FILL_AREA_STYLE_COLOUR('',#3971);
#4155 = CURVE_STYLE('',#4156,POSITIVE_LENGTH_MEASURE(0.1),#3971);
#4156 = DRAUGHTING_PRE_DEFINED_CURVE_FONT('continuous');
#4157 = MECHANICAL_DESIGN_GEOMETRIC_PRESENTATION_REPRESENTATION('',(
    #4158,#4167,#4176,#4185,#4194,#4203),#1916);
#4158 = STYLED_ITEM('color',(#4159),#918);
#4159 = PRESENTATION_STYLE_ASSIGNMENT((#4160,#4165));
#4160 = SURFACE_STYLE_USAGE(.BOTH.,#4161);
#4161 = SURFACE_SIDE_STYLE('',(#4162));
#4162 = SURFACE_STYLE_FILL_AREA(#4163);
#4163 = FILL_AREA_STYLE('',(#4164));
#4164 = FILL_AREA_STYLE_COLOUR('',#3971);
#4165 = CURVE_STYLE('',#4166,POSITIVE_LENGTH_MEASURE(0.1),#3971);
#4166 = DRAUGHTING_PRE_DEFINED_CURVE_FONT('continuous');
#4167 = STYLED_ITEM('color',(#4168),#1048);
#4168 = PRESENTATION_STYLE_ASSIGNMENT((#4169,#4174));
#4169 = SURFACE_STYLE_USAGE(.BOTH.,#4170);
#4170 = SURFACE_SIDE_STYLE('',(#4171));
#4171 = SURFACE_STYLE_FILL_AREA(#4172);
#4172 = FILL_AREA_STYLE('',(#4173));
#4173 = FILL_AREA_STYLE_COLOUR('',#3971);
#4174 = CURVE_STYLE('',#4175,POSITIVE_LENGTH_MEASURE(0.1),#3971);
#4175 = DRAUGHTING_PRE_DEFINED_CURVE_FONT('continuous');
#4176 = STYLED_ITEM('color',(#4177),#1204);
#4177 = PRESENTATION_STYLE_ASSIGNMENT((#4178,#4183));
#4178 = SURFACE_STYLE_USAGE(.BOTH.,#4179);
#4179 = SURFACE_SIDE_STYLE('',(#4180));
#4180 = SURFACE_STYLE_FILL_AREA(#4181);
#4181 = FILL_AREA_STYLE('',(#4182));
#4182 = FILL_AREA_STYLE_COLOUR('',#3971);
#4183 = CURVE_STYLE('',#4184,POSITIVE_LENGTH_MEASURE(0.1),#3971);
#4184 = DRAUGHTING_PRE_DEFINED_CURVE_FONT('continuous');
#4185 = STYLED_ITEM('color',(#4186),#1374);
#4186 = PRESENTATION_STYLE_ASSIGNMENT((#4187,#4192));
#4187 = SURFACE_STYLE_USAGE(.BOTH.,#4188);
#4188 = SURFACE_SIDE_STYLE('',(#4189));
#4189 = SURFACE_STYLE_FILL_AREA(#4190);
#4190 = FILL_AREA_STYLE('',(#4191));
#4191 = FILL_AREA_STYLE_COLOUR('',#3971);
#4192 = CURVE_STYLE('',#4193,POSITIVE_LENGTH_MEASURE(0.1),#3971);
#4193 = DRAUGHTING_PRE_DEFINED_CURVE_FONT('continuous');
#4194 = STYLED_ITEM('color',(#4195),#1514);
#4195 = PRESENTATION_STYLE_ASSIGNMENT((#4196,#4201));
#4196 = SURFACE_STYLE_USAGE(.BOTH.,#4197);
#4197 = SURFACE_SIDE_STYLE('',(#4198));
#4198 = SURFACE_STYLE_FILL_AREA(#4199);
#4199 = FILL_AREA_STYLE('',(#4200));
#4200 = FILL_AREA_STYLE_COLOUR('',#3971);
#4201 = CURVE_STYLE('',#4202,POSITIVE_LENGTH_MEASURE(0.1),#3971);
#4202 = DRAUGHTING_PRE_DEFINED_CURVE_FONT('continuous');
#4203 = STYLED_ITEM('color',(#4204),#1748);
#4204 = PRESENTATION_STYLE_ASSIGNMENT((#4205,#4210));
#4205 = SURFACE_STYLE_USAGE(.BOTH.,#4206);
#4206 = SURFACE_SIDE_STYLE('',(#4207));
#4207 = SURFACE_STYLE_FILL_AREA(#4208);
#4208 = FILL_AREA_STYLE('',(#4209));
#4209 = FILL_AREA_STYLE_COLOUR('',#3971);
#4210 = CURVE_STYLE('',#4211,POSITIVE_LENGTH_MEASURE(0.1),#3971);
#4211 = DRAUGHTING_PRE_DEFINED_CURVE_FONT('continuous');
ENDSEC;
END-ISO-10303-21;
