ISO-10303-21;
HEADER;
FILE_DESCRIPTION((''),'2;1');
FILE_NAME('PCB','2019-10-30T10:03:09',('jack.wu'),(''),
'CREO PARAMETRIC BY PTC INC, 2017380','CREO PARAMETRIC BY PTC INC, 2017380','');
FILE_SCHEMA(('CONFIG_CONTROL_DESIGN'));
ENDSEC;
DATA;
#1=CARTESIAN_POINT('',(7.25E-1,0.E0,-2.E0));
#2=DIRECTION('',(0.E0,1.E0,0.E0));
#3=DIRECTION('',(0.E0,0.E0,-1.E0));
#4=AXIS2_PLACEMENT_3D('',#1,#2,#3);
#6=DIRECTION('',(-1.E0,0.E0,0.E0));
#7=VECTOR('',#6,1.35E0);
#8=CARTESIAN_POINT('',(2.075E0,0.E0,-2.225E0));
#9=LINE('',#8,#7);
#10=CARTESIAN_POINT('',(2.075E0,0.E0,-2.E0));
#11=DIRECTION('',(0.E0,1.E0,0.E0));
#12=DIRECTION('',(0.E0,0.E0,1.E0));
#13=AXIS2_PLACEMENT_3D('',#10,#11,#12);
#15=DIRECTION('',(1.E0,0.E0,0.E0));
#16=VECTOR('',#15,1.35E0);
#17=CARTESIAN_POINT('',(7.25E-1,0.E0,-1.775E0));
#18=LINE('',#17,#16);
#19=CARTESIAN_POINT('',(2.8E0,0.E0,1.525E0));
#20=DIRECTION('',(0.E0,1.E0,0.E0));
#21=DIRECTION('',(1.E0,0.E0,0.E0));
#22=AXIS2_PLACEMENT_3D('',#19,#20,#21);
#24=DIRECTION('',(0.E0,0.E0,-1.E0));
#25=VECTOR('',#24,7.5E-1);
#26=CARTESIAN_POINT('',(3.025E0,0.E0,2.275E0));
#27=LINE('',#26,#25);
#28=CARTESIAN_POINT('',(2.8E0,0.E0,2.275E0));
#29=DIRECTION('',(0.E0,1.E0,0.E0));
#30=DIRECTION('',(-1.E0,0.E0,0.E0));
#31=AXIS2_PLACEMENT_3D('',#28,#29,#30);
#33=DIRECTION('',(0.E0,0.E0,1.E0));
#34=VECTOR('',#33,7.5E-1);
#35=CARTESIAN_POINT('',(2.575E0,0.E0,1.525E0));
#36=LINE('',#35,#34);
#37=DIRECTION('',(1.E0,0.E0,0.E0));
#38=VECTOR('',#37,1.1E0);
#39=CARTESIAN_POINT('',(-3.6E0,0.E0,-2.1E0));
#40=LINE('',#39,#38);
#41=DIRECTION('',(0.E0,0.E0,1.E0));
#42=VECTOR('',#41,4.E-1);
#43=CARTESIAN_POINT('',(-2.5E0,0.E0,-2.1E0));
#44=LINE('',#43,#42);
#45=DIRECTION('',(1.E0,0.E0,0.E0));
#46=VECTOR('',#45,1.1E0);
#47=CARTESIAN_POINT('',(-3.6E0,0.E0,-1.7E0));
#48=LINE('',#47,#46);
#49=DIRECTION('',(0.E0,0.E0,1.E0));
#50=VECTOR('',#49,3.E-1);
#51=CARTESIAN_POINT('',(-3.6E0,0.E0,-1.7E0));
#52=LINE('',#51,#50);
#53=DIRECTION('',(1.E0,0.E0,0.E0));
#54=VECTOR('',#53,1.1E0);
#55=CARTESIAN_POINT('',(-3.6E0,0.E0,-1.4E0));
#56=LINE('',#55,#54);
#57=DIRECTION('',(0.E0,0.E0,1.E0));
#58=VECTOR('',#57,4.E-1);
#59=CARTESIAN_POINT('',(-2.5E0,0.E0,-1.4E0));
#60=LINE('',#59,#58);
#61=DIRECTION('',(1.E0,0.E0,0.E0));
#62=VECTOR('',#61,1.1E0);
#63=CARTESIAN_POINT('',(-3.6E0,0.E0,-1.E0));
#64=LINE('',#63,#62);
#65=DIRECTION('',(0.E0,0.E0,1.E0));
#66=VECTOR('',#65,3.E-1);
#67=CARTESIAN_POINT('',(-3.6E0,0.E0,-1.E0));
#68=LINE('',#67,#66);
#69=DIRECTION('',(1.E0,0.E0,0.E0));
#70=VECTOR('',#69,1.1E0);
#71=CARTESIAN_POINT('',(-3.6E0,0.E0,-7.E-1));
#72=LINE('',#71,#70);
#73=DIRECTION('',(0.E0,0.E0,1.E0));
#74=VECTOR('',#73,4.E-1);
#75=CARTESIAN_POINT('',(-2.5E0,0.E0,-7.E-1));
#76=LINE('',#75,#74);
#77=DIRECTION('',(1.E0,0.E0,0.E0));
#78=VECTOR('',#77,1.1E0);
#79=CARTESIAN_POINT('',(-3.6E0,0.E0,-3.E-1));
#80=LINE('',#79,#78);
#81=DIRECTION('',(0.E0,0.E0,1.E0));
#82=VECTOR('',#81,3.E-1);
#83=CARTESIAN_POINT('',(-3.6E0,0.E0,-3.E-1));
#84=LINE('',#83,#82);
#85=DIRECTION('',(1.E0,0.E0,0.E0));
#86=VECTOR('',#85,1.1E0);
#87=CARTESIAN_POINT('',(-3.6E0,0.E0,0.E0));
#88=LINE('',#87,#86);
#89=DIRECTION('',(0.E0,0.E0,1.E0));
#90=VECTOR('',#89,4.E-1);
#91=CARTESIAN_POINT('',(-2.5E0,0.E0,0.E0));
#92=LINE('',#91,#90);
#93=DIRECTION('',(1.E0,0.E0,0.E0));
#94=VECTOR('',#93,1.1E0);
#95=CARTESIAN_POINT('',(-3.6E0,0.E0,4.E-1));
#96=LINE('',#95,#94);
#97=DIRECTION('',(0.E0,0.E0,1.E0));
#98=VECTOR('',#97,3.E-1);
#99=CARTESIAN_POINT('',(-3.6E0,0.E0,4.E-1));
#100=LINE('',#99,#98);
#101=DIRECTION('',(1.E0,0.E0,0.E0));
#102=VECTOR('',#101,1.1E0);
#103=CARTESIAN_POINT('',(-3.6E0,0.E0,7.E-1));
#104=LINE('',#103,#102);
#105=DIRECTION('',(0.E0,0.E0,1.E0));
#106=VECTOR('',#105,4.E-1);
#107=CARTESIAN_POINT('',(-2.5E0,0.E0,7.E-1));
#108=LINE('',#107,#106);
#109=DIRECTION('',(1.E0,0.E0,0.E0));
#110=VECTOR('',#109,1.1E0);
#111=CARTESIAN_POINT('',(-3.6E0,0.E0,1.1E0));
#112=LINE('',#111,#110);
#113=DIRECTION('',(0.E0,0.E0,1.E0));
#114=VECTOR('',#113,3.E-1);
#115=CARTESIAN_POINT('',(-3.6E0,0.E0,1.1E0));
#116=LINE('',#115,#114);
#117=DIRECTION('',(1.E0,0.E0,0.E0));
#118=VECTOR('',#117,1.1E0);
#119=CARTESIAN_POINT('',(-3.6E0,0.E0,1.4E0));
#120=LINE('',#119,#118);
#121=DIRECTION('',(0.E0,0.E0,1.E0));
#122=VECTOR('',#121,4.E-1);
#123=CARTESIAN_POINT('',(-2.5E0,0.E0,1.4E0));
#124=LINE('',#123,#122);
#125=DIRECTION('',(1.E0,0.E0,0.E0));
#126=VECTOR('',#125,1.1E0);
#127=CARTESIAN_POINT('',(-3.6E0,0.E0,1.8E0));
#128=LINE('',#127,#126);
#129=DIRECTION('',(0.E0,0.E0,1.E0));
#130=VECTOR('',#129,3.E-1);
#131=CARTESIAN_POINT('',(-3.6E0,0.E0,1.8E0));
#132=LINE('',#131,#130);
#133=DIRECTION('',(1.E0,0.E0,0.E0));
#134=VECTOR('',#133,1.1E0);
#135=CARTESIAN_POINT('',(-3.6E0,0.E0,2.1E0));
#136=LINE('',#135,#134);
#137=DIRECTION('',(0.E0,0.E0,1.E0));
#138=VECTOR('',#137,4.E-1);
#139=CARTESIAN_POINT('',(-2.5E0,0.E0,2.1E0));
#140=LINE('',#139,#138);
#141=DIRECTION('',(1.E0,0.E0,0.E0));
#142=VECTOR('',#141,1.1E0);
#143=CARTESIAN_POINT('',(-3.6E0,0.E0,2.5E0));
#144=LINE('',#143,#142);
#145=DIRECTION('',(0.E0,0.E0,1.E0));
#146=VECTOR('',#145,3.E-1);
#147=CARTESIAN_POINT('',(-3.6E0,0.E0,2.5E0));
#148=LINE('',#147,#146);
#149=DIRECTION('',(1.E0,0.E0,0.E0));
#150=VECTOR('',#149,1.1E0);
#151=CARTESIAN_POINT('',(-3.6E0,0.E0,2.8E0));
#152=LINE('',#151,#150);
#153=DIRECTION('',(0.E0,0.E0,1.E0));
#154=VECTOR('',#153,4.E-1);
#155=CARTESIAN_POINT('',(-2.5E0,0.E0,2.8E0));
#156=LINE('',#155,#154);
#157=DIRECTION('',(1.E0,0.E0,0.E0));
#158=VECTOR('',#157,1.1E0);
#159=CARTESIAN_POINT('',(-3.6E0,0.E0,3.2E0));
#160=LINE('',#159,#158);
#161=DIRECTION('',(0.E0,0.E0,1.E0));
#162=VECTOR('',#161,3.E-1);
#163=CARTESIAN_POINT('',(-3.6E0,0.E0,3.2E0));
#164=LINE('',#163,#162);
#165=DIRECTION('',(1.E0,0.E0,0.E0));
#166=VECTOR('',#165,1.1E0);
#167=CARTESIAN_POINT('',(-3.6E0,0.E0,3.5E0));
#168=LINE('',#167,#166);
#169=DIRECTION('',(0.E0,0.E0,1.E0));
#170=VECTOR('',#169,4.E-1);
#171=CARTESIAN_POINT('',(-2.5E0,0.E0,3.5E0));
#172=LINE('',#171,#170);
#173=DIRECTION('',(1.E0,0.E0,0.E0));
#174=VECTOR('',#173,1.1E0);
#175=CARTESIAN_POINT('',(-3.6E0,0.E0,3.9E0));
#176=LINE('',#175,#174);
#177=DIRECTION('',(0.E0,0.E0,1.E0));
#178=VECTOR('',#177,1.7E0);
#179=CARTESIAN_POINT('',(-3.6E0,0.E0,3.9E0));
#180=LINE('',#179,#178);
#181=DIRECTION('',(1.E0,0.E0,0.E0));
#182=VECTOR('',#181,1.3E0);
#183=CARTESIAN_POINT('',(-3.6E0,0.E0,5.6E0));
#184=LINE('',#183,#182);
#185=DIRECTION('',(0.E0,0.E0,-1.E0));
#186=VECTOR('',#185,1.1E0);
#187=CARTESIAN_POINT('',(-2.3E0,0.E0,5.6E0));
#188=LINE('',#187,#186);
#189=DIRECTION('',(1.E0,0.E0,0.E0));
#190=VECTOR('',#189,4.E-1);
#191=CARTESIAN_POINT('',(-2.3E0,0.E0,4.5E0));
#192=LINE('',#191,#190);
#193=DIRECTION('',(0.E0,0.E0,-1.E0));
#194=VECTOR('',#193,1.1E0);
#195=CARTESIAN_POINT('',(-1.9E0,0.E0,5.6E0));
#196=LINE('',#195,#194);
#197=DIRECTION('',(1.E0,0.E0,0.E0));
#198=VECTOR('',#197,3.E-1);
#199=CARTESIAN_POINT('',(-1.9E0,0.E0,5.6E0));
#200=LINE('',#199,#198);
#201=DIRECTION('',(0.E0,0.E0,-1.E0));
#202=VECTOR('',#201,1.1E0);
#203=CARTESIAN_POINT('',(-1.6E0,0.E0,5.6E0));
#204=LINE('',#203,#202);
#205=DIRECTION('',(1.E0,0.E0,0.E0));
#206=VECTOR('',#205,4.E-1);
#207=CARTESIAN_POINT('',(-1.6E0,0.E0,4.5E0));
#208=LINE('',#207,#206);
#209=DIRECTION('',(0.E0,0.E0,-1.E0));
#210=VECTOR('',#209,1.1E0);
#211=CARTESIAN_POINT('',(-1.2E0,0.E0,5.6E0));
#212=LINE('',#211,#210);
#213=DIRECTION('',(1.E0,0.E0,0.E0));
#214=VECTOR('',#213,3.E-1);
#215=CARTESIAN_POINT('',(-1.2E0,0.E0,5.6E0));
#216=LINE('',#215,#214);
#217=DIRECTION('',(0.E0,0.E0,-1.E0));
#218=VECTOR('',#217,1.1E0);
#219=CARTESIAN_POINT('',(-9.E-1,0.E0,5.6E0));
#220=LINE('',#219,#218);
#221=DIRECTION('',(1.E0,0.E0,0.E0));
#222=VECTOR('',#221,4.E-1);
#223=CARTESIAN_POINT('',(-9.E-1,0.E0,4.5E0));
#224=LINE('',#223,#222);
#225=DIRECTION('',(0.E0,0.E0,-1.E0));
#226=VECTOR('',#225,1.1E0);
#227=CARTESIAN_POINT('',(-5.E-1,0.E0,5.6E0));
#228=LINE('',#227,#226);
#229=DIRECTION('',(1.E0,0.E0,0.E0));
#230=VECTOR('',#229,3.E-1);
#231=CARTESIAN_POINT('',(-5.E-1,0.E0,5.6E0));
#232=LINE('',#231,#230);
#233=DIRECTION('',(0.E0,0.E0,-1.E0));
#234=VECTOR('',#233,1.1E0);
#235=CARTESIAN_POINT('',(-2.E-1,0.E0,5.6E0));
#236=LINE('',#235,#234);
#237=DIRECTION('',(1.E0,0.E0,0.E0));
#238=VECTOR('',#237,4.E-1);
#239=CARTESIAN_POINT('',(-2.E-1,0.E0,4.5E0));
#240=LINE('',#239,#238);
#241=DIRECTION('',(0.E0,0.E0,-1.E0));
#242=VECTOR('',#241,1.1E0);
#243=CARTESIAN_POINT('',(2.E-1,0.E0,5.6E0));
#244=LINE('',#243,#242);
#245=DIRECTION('',(1.E0,0.E0,0.E0));
#246=VECTOR('',#245,3.E-1);
#247=CARTESIAN_POINT('',(2.E-1,0.E0,5.6E0));
#248=LINE('',#247,#246);
#249=DIRECTION('',(0.E0,0.E0,-1.E0));
#250=VECTOR('',#249,1.1E0);
#251=CARTESIAN_POINT('',(5.E-1,0.E0,5.6E0));
#252=LINE('',#251,#250);
#253=DIRECTION('',(1.E0,0.E0,0.E0));
#254=VECTOR('',#253,4.E-1);
#255=CARTESIAN_POINT('',(5.E-1,0.E0,4.5E0));
#256=LINE('',#255,#254);
#257=DIRECTION('',(0.E0,0.E0,-1.E0));
#258=VECTOR('',#257,1.1E0);
#259=CARTESIAN_POINT('',(9.E-1,0.E0,5.6E0));
#260=LINE('',#259,#258);
#261=DIRECTION('',(1.E0,0.E0,0.E0));
#262=VECTOR('',#261,3.E-1);
#263=CARTESIAN_POINT('',(9.E-1,0.E0,5.6E0));
#264=LINE('',#263,#262);
#265=DIRECTION('',(0.E0,0.E0,-1.E0));
#266=VECTOR('',#265,1.1E0);
#267=CARTESIAN_POINT('',(1.2E0,0.E0,5.6E0));
#268=LINE('',#267,#266);
#269=DIRECTION('',(1.E0,0.E0,0.E0));
#270=VECTOR('',#269,4.E-1);
#271=CARTESIAN_POINT('',(1.2E0,0.E0,4.5E0));
#272=LINE('',#271,#270);
#273=DIRECTION('',(0.E0,0.E0,-1.E0));
#274=VECTOR('',#273,1.1E0);
#275=CARTESIAN_POINT('',(1.6E0,0.E0,5.6E0));
#276=LINE('',#275,#274);
#277=DIRECTION('',(1.E0,0.E0,0.E0));
#278=VECTOR('',#277,3.E-1);
#279=CARTESIAN_POINT('',(1.6E0,0.E0,5.6E0));
#280=LINE('',#279,#278);
#281=DIRECTION('',(0.E0,0.E0,-1.E0));
#282=VECTOR('',#281,1.1E0);
#283=CARTESIAN_POINT('',(1.9E0,0.E0,5.6E0));
#284=LINE('',#283,#282);
#285=DIRECTION('',(1.E0,0.E0,0.E0));
#286=VECTOR('',#285,4.E-1);
#287=CARTESIAN_POINT('',(1.9E0,0.E0,4.5E0));
#288=LINE('',#287,#286);
#289=DIRECTION('',(0.E0,0.E0,-1.E0));
#290=VECTOR('',#289,1.1E0);
#291=CARTESIAN_POINT('',(2.3E0,0.E0,5.6E0));
#292=LINE('',#291,#290);
#293=DIRECTION('',(1.E0,0.E0,0.E0));
#294=VECTOR('',#293,1.3E0);
#295=CARTESIAN_POINT('',(2.3E0,0.E0,5.6E0));
#296=LINE('',#295,#294);
#297=DIRECTION('',(0.E0,0.E0,-1.E0));
#298=VECTOR('',#297,1.7E0);
#299=CARTESIAN_POINT('',(3.6E0,0.E0,5.6E0));
#300=LINE('',#299,#298);
#301=DIRECTION('',(-1.E0,0.E0,0.E0));
#302=VECTOR('',#301,1.1E0);
#303=CARTESIAN_POINT('',(3.6E0,0.E0,3.9E0));
#304=LINE('',#303,#302);
#305=DIRECTION('',(0.E0,0.E0,-1.E0));
#306=VECTOR('',#305,4.E-1);
#307=CARTESIAN_POINT('',(2.5E0,0.E0,3.9E0));
#308=LINE('',#307,#306);
#309=DIRECTION('',(-1.E0,0.E0,0.E0));
#310=VECTOR('',#309,1.1E0);
#311=CARTESIAN_POINT('',(3.6E0,0.E0,3.5E0));
#312=LINE('',#311,#310);
#313=DIRECTION('',(0.E0,0.E0,-1.E0));
#314=VECTOR('',#313,3.E-1);
#315=CARTESIAN_POINT('',(3.6E0,0.E0,3.5E0));
#316=LINE('',#315,#314);
#317=DIRECTION('',(-1.E0,0.E0,0.E0));
#318=VECTOR('',#317,1.1E0);
#319=CARTESIAN_POINT('',(3.6E0,0.E0,3.2E0));
#320=LINE('',#319,#318);
#321=DIRECTION('',(0.E0,0.E0,-1.E0));
#322=VECTOR('',#321,4.E-1);
#323=CARTESIAN_POINT('',(2.5E0,0.E0,3.2E0));
#324=LINE('',#323,#322);
#325=DIRECTION('',(-1.E0,0.E0,0.E0));
#326=VECTOR('',#325,1.1E0);
#327=CARTESIAN_POINT('',(3.6E0,0.E0,2.8E0));
#328=LINE('',#327,#326);
#329=DIRECTION('',(0.E0,0.E0,-1.E0));
#330=VECTOR('',#329,4.6E0);
#331=CARTESIAN_POINT('',(3.6E0,0.E0,2.8E0));
#332=LINE('',#331,#330);
#333=DIRECTION('',(-1.E0,0.E0,0.E0));
#334=VECTOR('',#333,1.1E0);
#335=CARTESIAN_POINT('',(3.6E0,0.E0,-1.8E0));
#336=LINE('',#335,#334);
#337=DIRECTION('',(0.E0,0.E0,-1.E0));
#338=VECTOR('',#337,4.E-1);
#339=CARTESIAN_POINT('',(2.5E0,0.E0,-1.8E0));
#340=LINE('',#339,#338);
#341=DIRECTION('',(-1.E0,0.E0,0.E0));
#342=VECTOR('',#341,1.1E0);
#343=CARTESIAN_POINT('',(3.6E0,0.E0,-2.2E0));
#344=LINE('',#343,#342);
#345=DIRECTION('',(0.E0,0.E0,-1.E0));
#346=VECTOR('',#345,3.4E0);
#347=CARTESIAN_POINT('',(3.6E0,0.E0,-2.2E0));
#348=LINE('',#347,#346);
#349=DIRECTION('',(-1.E0,0.E0,0.E0));
#350=VECTOR('',#349,7.2E0);
#351=CARTESIAN_POINT('',(3.6E0,0.E0,-5.6E0));
#352=LINE('',#351,#350);
#353=DIRECTION('',(0.E0,0.E0,1.E0));
#354=VECTOR('',#353,3.5E0);
#355=CARTESIAN_POINT('',(-3.6E0,0.E0,-5.6E0));
#356=LINE('',#355,#354);
#357=DIRECTION('',(0.E0,-1.E0,0.E0));
#358=VECTOR('',#357,8.E-1);
#359=CARTESIAN_POINT('',(7.25E-1,8.E-1,-2.225E0));
#360=LINE('',#359,#358);
#361=CARTESIAN_POINT('',(7.25E-1,8.E-1,-2.E0));
#362=DIRECTION('',(0.E0,1.E0,0.E0));
#363=DIRECTION('',(-8.958064164776E-1,0.E0,-4.444444444444E-1));
#364=AXIS2_PLACEMENT_3D('',#361,#362,#363);
#366=DIRECTION('',(-1.E0,0.E0,0.E0));
#367=VECTOR('',#366,4.E-1);
#368=CARTESIAN_POINT('',(3.6E0,8.E-1,-2.2E0));
#369=LINE('',#368,#367);
#370=DIRECTION('',(0.E0,0.E0,1.E0));
#371=VECTOR('',#370,4.E-1);
#372=CARTESIAN_POINT('',(3.2E0,8.E-1,-2.2E0));
#373=LINE('',#372,#371);
#374=DIRECTION('',(-1.E0,0.E0,0.E0));
#375=VECTOR('',#374,4.E-1);
#376=CARTESIAN_POINT('',(3.6E0,8.E-1,-1.8E0));
#377=LINE('',#376,#375);
#378=DIRECTION('',(0.E0,0.E0,-1.E0));
#379=VECTOR('',#378,4.6E0);
#380=CARTESIAN_POINT('',(3.6E0,8.E-1,2.8E0));
#381=LINE('',#380,#379);
#382=DIRECTION('',(-1.E0,0.E0,0.E0));
#383=VECTOR('',#382,4.E-1);
#384=CARTESIAN_POINT('',(3.6E0,8.E-1,2.8E0));
#385=LINE('',#384,#383);
#386=DIRECTION('',(0.E0,0.E0,1.E0));
#387=VECTOR('',#386,4.E-1);
#388=CARTESIAN_POINT('',(3.2E0,8.E-1,2.8E0));
#389=LINE('',#388,#387);
#390=DIRECTION('',(-1.E0,0.E0,0.E0));
#391=VECTOR('',#390,4.E-1);
#392=CARTESIAN_POINT('',(3.6E0,8.E-1,3.2E0));
#393=LINE('',#392,#391);
#394=DIRECTION('',(0.E0,0.E0,-1.E0));
#395=VECTOR('',#394,3.E-1);
#396=CARTESIAN_POINT('',(3.6E0,8.E-1,3.5E0));
#397=LINE('',#396,#395);
#398=DIRECTION('',(-1.E0,0.E0,0.E0));
#399=VECTOR('',#398,4.E-1);
#400=CARTESIAN_POINT('',(3.6E0,8.E-1,3.5E0));
#401=LINE('',#400,#399);
#402=DIRECTION('',(0.E0,0.E0,1.E0));
#403=VECTOR('',#402,4.E-1);
#404=CARTESIAN_POINT('',(3.2E0,8.E-1,3.5E0));
#405=LINE('',#404,#403);
#406=DIRECTION('',(-1.E0,0.E0,0.E0));
#407=VECTOR('',#406,4.E-1);
#408=CARTESIAN_POINT('',(3.6E0,8.E-1,3.9E0));
#409=LINE('',#408,#407);
#410=DIRECTION('',(0.E0,0.E0,-1.E0));
#411=VECTOR('',#410,1.7E0);
#412=CARTESIAN_POINT('',(3.6E0,8.E-1,5.6E0));
#413=LINE('',#412,#411);
#414=DIRECTION('',(1.E0,0.E0,0.E0));
#415=VECTOR('',#414,1.3E0);
#416=CARTESIAN_POINT('',(2.3E0,8.E-1,5.6E0));
#417=LINE('',#416,#415);
#418=DIRECTION('',(0.E0,0.E0,-1.E0));
#419=VECTOR('',#418,4.E-1);
#420=CARTESIAN_POINT('',(2.3E0,8.E-1,5.6E0));
#421=LINE('',#420,#419);
#422=DIRECTION('',(-1.E0,0.E0,0.E0));
#423=VECTOR('',#422,4.E-1);
#424=CARTESIAN_POINT('',(2.3E0,8.E-1,5.2E0));
#425=LINE('',#424,#423);
#426=DIRECTION('',(0.E0,0.E0,-1.E0));
#427=VECTOR('',#426,4.E-1);
#428=CARTESIAN_POINT('',(1.9E0,8.E-1,5.6E0));
#429=LINE('',#428,#427);
#430=DIRECTION('',(1.E0,0.E0,0.E0));
#431=VECTOR('',#430,3.E-1);
#432=CARTESIAN_POINT('',(1.6E0,8.E-1,5.6E0));
#433=LINE('',#432,#431);
#434=DIRECTION('',(0.E0,0.E0,-1.E0));
#435=VECTOR('',#434,4.E-1);
#436=CARTESIAN_POINT('',(1.6E0,8.E-1,5.6E0));
#437=LINE('',#436,#435);
#438=DIRECTION('',(-1.E0,0.E0,0.E0));
#439=VECTOR('',#438,4.E-1);
#440=CARTESIAN_POINT('',(1.6E0,8.E-1,5.2E0));
#441=LINE('',#440,#439);
#442=DIRECTION('',(0.E0,0.E0,-1.E0));
#443=VECTOR('',#442,4.E-1);
#444=CARTESIAN_POINT('',(1.2E0,8.E-1,5.6E0));
#445=LINE('',#444,#443);
#446=DIRECTION('',(1.E0,0.E0,0.E0));
#447=VECTOR('',#446,3.E-1);
#448=CARTESIAN_POINT('',(9.E-1,8.E-1,5.6E0));
#449=LINE('',#448,#447);
#450=DIRECTION('',(0.E0,0.E0,-1.E0));
#451=VECTOR('',#450,4.E-1);
#452=CARTESIAN_POINT('',(9.E-1,8.E-1,5.6E0));
#453=LINE('',#452,#451);
#454=DIRECTION('',(-1.E0,0.E0,0.E0));
#455=VECTOR('',#454,4.E-1);
#456=CARTESIAN_POINT('',(9.E-1,8.E-1,5.2E0));
#457=LINE('',#456,#455);
#458=DIRECTION('',(0.E0,0.E0,-1.E0));
#459=VECTOR('',#458,4.E-1);
#460=CARTESIAN_POINT('',(5.E-1,8.E-1,5.6E0));
#461=LINE('',#460,#459);
#462=DIRECTION('',(1.E0,0.E0,0.E0));
#463=VECTOR('',#462,3.E-1);
#464=CARTESIAN_POINT('',(2.E-1,8.E-1,5.6E0));
#465=LINE('',#464,#463);
#466=DIRECTION('',(0.E0,0.E0,-1.E0));
#467=VECTOR('',#466,4.E-1);
#468=CARTESIAN_POINT('',(2.E-1,8.E-1,5.6E0));
#469=LINE('',#468,#467);
#470=DIRECTION('',(-1.E0,0.E0,0.E0));
#471=VECTOR('',#470,4.E-1);
#472=CARTESIAN_POINT('',(2.E-1,8.E-1,5.2E0));
#473=LINE('',#472,#471);
#474=DIRECTION('',(0.E0,0.E0,-1.E0));
#475=VECTOR('',#474,4.E-1);
#476=CARTESIAN_POINT('',(-2.E-1,8.E-1,5.6E0));
#477=LINE('',#476,#475);
#478=DIRECTION('',(1.E0,0.E0,0.E0));
#479=VECTOR('',#478,3.E-1);
#480=CARTESIAN_POINT('',(-5.E-1,8.E-1,5.6E0));
#481=LINE('',#480,#479);
#482=DIRECTION('',(0.E0,0.E0,-1.E0));
#483=VECTOR('',#482,4.E-1);
#484=CARTESIAN_POINT('',(-5.E-1,8.E-1,5.6E0));
#485=LINE('',#484,#483);
#486=DIRECTION('',(-1.E0,0.E0,0.E0));
#487=VECTOR('',#486,4.E-1);
#488=CARTESIAN_POINT('',(-5.E-1,8.E-1,5.2E0));
#489=LINE('',#488,#487);
#490=DIRECTION('',(0.E0,0.E0,-1.E0));
#491=VECTOR('',#490,4.E-1);
#492=CARTESIAN_POINT('',(-9.E-1,8.E-1,5.6E0));
#493=LINE('',#492,#491);
#494=DIRECTION('',(1.E0,0.E0,0.E0));
#495=VECTOR('',#494,3.E-1);
#496=CARTESIAN_POINT('',(-1.2E0,8.E-1,5.6E0));
#497=LINE('',#496,#495);
#498=DIRECTION('',(0.E0,0.E0,-1.E0));
#499=VECTOR('',#498,4.E-1);
#500=CARTESIAN_POINT('',(-1.2E0,8.E-1,5.6E0));
#501=LINE('',#500,#499);
#502=DIRECTION('',(-1.E0,0.E0,0.E0));
#503=VECTOR('',#502,4.E-1);
#504=CARTESIAN_POINT('',(-1.2E0,8.E-1,5.2E0));
#505=LINE('',#504,#503);
#506=DIRECTION('',(0.E0,0.E0,-1.E0));
#507=VECTOR('',#506,4.E-1);
#508=CARTESIAN_POINT('',(-1.6E0,8.E-1,5.6E0));
#509=LINE('',#508,#507);
#510=DIRECTION('',(1.E0,0.E0,0.E0));
#511=VECTOR('',#510,3.E-1);
#512=CARTESIAN_POINT('',(-1.9E0,8.E-1,5.6E0));
#513=LINE('',#512,#511);
#514=DIRECTION('',(0.E0,0.E0,-1.E0));
#515=VECTOR('',#514,4.E-1);
#516=CARTESIAN_POINT('',(-1.9E0,8.E-1,5.6E0));
#517=LINE('',#516,#515);
#518=DIRECTION('',(-1.E0,0.E0,0.E0));
#519=VECTOR('',#518,4.E-1);
#520=CARTESIAN_POINT('',(-1.9E0,8.E-1,5.2E0));
#521=LINE('',#520,#519);
#522=DIRECTION('',(0.E0,0.E0,-1.E0));
#523=VECTOR('',#522,4.E-1);
#524=CARTESIAN_POINT('',(-2.3E0,8.E-1,5.6E0));
#525=LINE('',#524,#523);
#526=DIRECTION('',(1.E0,0.E0,0.E0));
#527=VECTOR('',#526,1.3E0);
#528=CARTESIAN_POINT('',(-3.6E0,8.E-1,5.6E0));
#529=LINE('',#528,#527);
#530=DIRECTION('',(0.E0,0.E0,1.E0));
#531=VECTOR('',#530,1.7E0);
#532=CARTESIAN_POINT('',(-3.6E0,8.E-1,3.9E0));
#533=LINE('',#532,#531);
#534=DIRECTION('',(1.E0,0.E0,0.E0));
#535=VECTOR('',#534,4.E-1);
#536=CARTESIAN_POINT('',(-3.6E0,8.E-1,3.9E0));
#537=LINE('',#536,#535);
#538=DIRECTION('',(0.E0,0.E0,-1.E0));
#539=VECTOR('',#538,4.E-1);
#540=CARTESIAN_POINT('',(-3.2E0,8.E-1,3.9E0));
#541=LINE('',#540,#539);
#542=DIRECTION('',(1.E0,0.E0,0.E0));
#543=VECTOR('',#542,4.E-1);
#544=CARTESIAN_POINT('',(-3.6E0,8.E-1,3.5E0));
#545=LINE('',#544,#543);
#546=DIRECTION('',(0.E0,0.E0,1.E0));
#547=VECTOR('',#546,3.E-1);
#548=CARTESIAN_POINT('',(-3.6E0,8.E-1,3.2E0));
#549=LINE('',#548,#547);
#550=DIRECTION('',(1.E0,0.E0,0.E0));
#551=VECTOR('',#550,4.E-1);
#552=CARTESIAN_POINT('',(-3.6E0,8.E-1,3.2E0));
#553=LINE('',#552,#551);
#554=DIRECTION('',(0.E0,0.E0,-1.E0));
#555=VECTOR('',#554,4.E-1);
#556=CARTESIAN_POINT('',(-3.2E0,8.E-1,3.2E0));
#557=LINE('',#556,#555);
#558=DIRECTION('',(1.E0,0.E0,0.E0));
#559=VECTOR('',#558,4.E-1);
#560=CARTESIAN_POINT('',(-3.6E0,8.E-1,2.8E0));
#561=LINE('',#560,#559);
#562=DIRECTION('',(0.E0,0.E0,1.E0));
#563=VECTOR('',#562,3.E-1);
#564=CARTESIAN_POINT('',(-3.6E0,8.E-1,2.5E0));
#565=LINE('',#564,#563);
#566=DIRECTION('',(1.E0,0.E0,0.E0));
#567=VECTOR('',#566,4.E-1);
#568=CARTESIAN_POINT('',(-3.6E0,8.E-1,2.5E0));
#569=LINE('',#568,#567);
#570=DIRECTION('',(0.E0,0.E0,-1.E0));
#571=VECTOR('',#570,4.E-1);
#572=CARTESIAN_POINT('',(-3.2E0,8.E-1,2.5E0));
#573=LINE('',#572,#571);
#574=DIRECTION('',(1.E0,0.E0,0.E0));
#575=VECTOR('',#574,4.E-1);
#576=CARTESIAN_POINT('',(-3.6E0,8.E-1,2.1E0));
#577=LINE('',#576,#575);
#578=DIRECTION('',(0.E0,0.E0,1.E0));
#579=VECTOR('',#578,3.E-1);
#580=CARTESIAN_POINT('',(-3.6E0,8.E-1,1.8E0));
#581=LINE('',#580,#579);
#582=DIRECTION('',(1.E0,0.E0,0.E0));
#583=VECTOR('',#582,4.E-1);
#584=CARTESIAN_POINT('',(-3.6E0,8.E-1,1.8E0));
#585=LINE('',#584,#583);
#586=DIRECTION('',(0.E0,0.E0,-1.E0));
#587=VECTOR('',#586,4.E-1);
#588=CARTESIAN_POINT('',(-3.2E0,8.E-1,1.8E0));
#589=LINE('',#588,#587);
#590=DIRECTION('',(1.E0,0.E0,0.E0));
#591=VECTOR('',#590,4.E-1);
#592=CARTESIAN_POINT('',(-3.6E0,8.E-1,1.4E0));
#593=LINE('',#592,#591);
#594=DIRECTION('',(0.E0,0.E0,1.E0));
#595=VECTOR('',#594,3.E-1);
#596=CARTESIAN_POINT('',(-3.6E0,8.E-1,1.1E0));
#597=LINE('',#596,#595);
#598=DIRECTION('',(1.E0,0.E0,0.E0));
#599=VECTOR('',#598,4.E-1);
#600=CARTESIAN_POINT('',(-3.6E0,8.E-1,1.1E0));
#601=LINE('',#600,#599);
#602=DIRECTION('',(0.E0,0.E0,-1.E0));
#603=VECTOR('',#602,4.E-1);
#604=CARTESIAN_POINT('',(-3.2E0,8.E-1,1.1E0));
#605=LINE('',#604,#603);
#606=DIRECTION('',(1.E0,0.E0,0.E0));
#607=VECTOR('',#606,4.E-1);
#608=CARTESIAN_POINT('',(-3.6E0,8.E-1,7.E-1));
#609=LINE('',#608,#607);
#610=DIRECTION('',(0.E0,0.E0,1.E0));
#611=VECTOR('',#610,3.E-1);
#612=CARTESIAN_POINT('',(-3.6E0,8.E-1,4.E-1));
#613=LINE('',#612,#611);
#614=DIRECTION('',(1.E0,0.E0,0.E0));
#615=VECTOR('',#614,4.E-1);
#616=CARTESIAN_POINT('',(-3.6E0,8.E-1,4.E-1));
#617=LINE('',#616,#615);
#618=DIRECTION('',(0.E0,0.E0,-1.E0));
#619=VECTOR('',#618,4.E-1);
#620=CARTESIAN_POINT('',(-3.2E0,8.E-1,4.E-1));
#621=LINE('',#620,#619);
#622=DIRECTION('',(1.E0,0.E0,0.E0));
#623=VECTOR('',#622,4.E-1);
#624=CARTESIAN_POINT('',(-3.6E0,8.E-1,0.E0));
#625=LINE('',#624,#623);
#626=DIRECTION('',(0.E0,0.E0,1.E0));
#627=VECTOR('',#626,3.E-1);
#628=CARTESIAN_POINT('',(-3.6E0,8.E-1,-3.E-1));
#629=LINE('',#628,#627);
#630=DIRECTION('',(1.E0,0.E0,0.E0));
#631=VECTOR('',#630,4.E-1);
#632=CARTESIAN_POINT('',(-3.6E0,8.E-1,-3.E-1));
#633=LINE('',#632,#631);
#634=DIRECTION('',(0.E0,0.E0,-1.E0));
#635=VECTOR('',#634,4.E-1);
#636=CARTESIAN_POINT('',(-3.2E0,8.E-1,-3.E-1));
#637=LINE('',#636,#635);
#638=DIRECTION('',(1.E0,0.E0,0.E0));
#639=VECTOR('',#638,4.E-1);
#640=CARTESIAN_POINT('',(-3.6E0,8.E-1,-7.E-1));
#641=LINE('',#640,#639);
#642=DIRECTION('',(0.E0,0.E0,1.E0));
#643=VECTOR('',#642,3.E-1);
#644=CARTESIAN_POINT('',(-3.6E0,8.E-1,-1.E0));
#645=LINE('',#644,#643);
#646=DIRECTION('',(1.E0,0.E0,0.E0));
#647=VECTOR('',#646,4.E-1);
#648=CARTESIAN_POINT('',(-3.6E0,8.E-1,-1.E0));
#649=LINE('',#648,#647);
#650=DIRECTION('',(0.E0,0.E0,-1.E0));
#651=VECTOR('',#650,4.E-1);
#652=CARTESIAN_POINT('',(-3.2E0,8.E-1,-1.E0));
#653=LINE('',#652,#651);
#654=DIRECTION('',(1.E0,0.E0,0.E0));
#655=VECTOR('',#654,4.E-1);
#656=CARTESIAN_POINT('',(-3.6E0,8.E-1,-1.4E0));
#657=LINE('',#656,#655);
#658=DIRECTION('',(0.E0,0.E0,1.E0));
#659=VECTOR('',#658,3.E-1);
#660=CARTESIAN_POINT('',(-3.6E0,8.E-1,-1.7E0));
#661=LINE('',#660,#659);
#662=DIRECTION('',(1.E0,0.E0,0.E0));
#663=VECTOR('',#662,4.E-1);
#664=CARTESIAN_POINT('',(-3.6E0,8.E-1,-1.7E0));
#665=LINE('',#664,#663);
#666=DIRECTION('',(0.E0,0.E0,-1.E0));
#667=VECTOR('',#666,4.E-1);
#668=CARTESIAN_POINT('',(-3.2E0,8.E-1,-1.7E0));
#669=LINE('',#668,#667);
#670=DIRECTION('',(1.E0,0.E0,0.E0));
#671=VECTOR('',#670,4.E-1);
#672=CARTESIAN_POINT('',(-3.6E0,8.E-1,-2.1E0));
#673=LINE('',#672,#671);
#674=DIRECTION('',(0.E0,0.E0,1.E0));
#675=VECTOR('',#674,3.5E0);
#676=CARTESIAN_POINT('',(-3.6E0,8.E-1,-5.6E0));
#677=LINE('',#676,#675);
#678=DIRECTION('',(-1.E0,0.E0,0.E0));
#679=VECTOR('',#678,7.2E0);
#680=CARTESIAN_POINT('',(3.6E0,8.E-1,-5.6E0));
#681=LINE('',#680,#679);
#682=DIRECTION('',(0.E0,0.E0,-1.E0));
#683=VECTOR('',#682,3.4E0);
#684=CARTESIAN_POINT('',(3.6E0,8.E-1,-2.2E0));
#685=LINE('',#684,#683);
#686=DIRECTION('',(1.E0,0.E0,0.E0));
#687=VECTOR('',#686,5.6E0);
#688=CARTESIAN_POINT('',(-2.8E0,8.E-1,4.9E0));
#689=LINE('',#688,#687);
#690=CARTESIAN_POINT('',(2.8E0,8.E-1,4.8E0));
#691=DIRECTION('',(0.E0,-1.E0,0.E0));
#692=DIRECTION('',(1.E0,0.E0,0.E0));
#693=AXIS2_PLACEMENT_3D('',#690,#691,#692);
#695=DIRECTION('',(0.E0,0.E0,-1.E0));
#696=VECTOR('',#695,2.323443556293E0);
#697=CARTESIAN_POINT('',(2.9E0,8.E-1,4.8E0));
#698=LINE('',#697,#696);
#699=CARTESIAN_POINT('',(2.8E0,8.E-1,2.275E0));
#700=DIRECTION('',(0.E0,1.E0,0.E0));
#701=DIRECTION('',(4.444444444444E-1,0.E0,8.958064164776E-1));
#702=AXIS2_PLACEMENT_3D('',#699,#700,#701);
#704=DIRECTION('',(0.E0,0.E0,-1.E0));
#705=VECTOR('',#704,7.5E-1);
#706=CARTESIAN_POINT('',(3.025E0,8.E-1,2.275E0));
#707=LINE('',#706,#705);
#708=CARTESIAN_POINT('',(2.8E0,8.E-1,1.525E0));
#709=DIRECTION('',(0.E0,1.E0,0.E0));
#710=DIRECTION('',(1.E0,0.E0,0.E0));
#711=AXIS2_PLACEMENT_3D('',#708,#709,#710);
#713=DIRECTION('',(0.E0,0.E0,-1.E0));
#714=VECTOR('',#713,3.323443556293E0);
#715=CARTESIAN_POINT('',(2.9E0,8.E-1,1.323443556293E0));
#716=LINE('',#715,#714);
#717=CARTESIAN_POINT('',(2.8E0,8.E-1,-2.E0));
#718=DIRECTION('',(0.E0,-1.E0,0.E0));
#719=DIRECTION('',(0.E0,0.E0,-1.E0));
#720=AXIS2_PLACEMENT_3D('',#717,#718,#719);
#722=DIRECTION('',(-1.E0,0.E0,0.E0));
#723=VECTOR('',#722,5.234435562925E-1);
#724=CARTESIAN_POINT('',(2.8E0,8.E-1,-2.1E0));
#725=LINE('',#724,#723);
#726=CARTESIAN_POINT('',(2.075E0,8.E-1,-2.E0));
#727=DIRECTION('',(0.E0,1.E0,0.E0));
#728=DIRECTION('',(8.958064164776E-1,0.E0,-4.444444444444E-1));
#729=AXIS2_PLACEMENT_3D('',#726,#727,#728);
#731=DIRECTION('',(-1.E0,0.E0,0.E0));
#732=VECTOR('',#731,1.35E0);
#733=CARTESIAN_POINT('',(2.075E0,8.E-1,-2.225E0));
#734=LINE('',#733,#732);
#735=CARTESIAN_POINT('',(7.25E-1,8.E-1,-2.E0));
#736=DIRECTION('',(0.E0,1.E0,0.E0));
#737=DIRECTION('',(0.E0,0.E0,-1.E0));
#738=AXIS2_PLACEMENT_3D('',#735,#736,#737);
#740=DIRECTION('',(-1.E0,0.E0,0.E0));
#741=VECTOR('',#740,3.323443556293E0);
#742=CARTESIAN_POINT('',(5.234435562925E-1,8.E-1,-2.1E0));
#743=LINE('',#742,#741);
#744=CARTESIAN_POINT('',(-2.8E0,8.E-1,-2.E0));
#745=DIRECTION('',(0.E0,1.E0,0.E0));
#746=DIRECTION('',(0.E0,0.E0,-1.E0));
#747=AXIS2_PLACEMENT_3D('',#744,#745,#746);
#749=DIRECTION('',(0.E0,0.E0,1.E0));
#750=VECTOR('',#749,6.8E0);
#751=CARTESIAN_POINT('',(-2.9E0,8.E-1,-2.E0));
#752=LINE('',#751,#750);
#753=CARTESIAN_POINT('',(-2.8E0,8.E-1,4.8E0));
#754=DIRECTION('',(0.E0,-1.E0,0.E0));
#755=DIRECTION('',(0.E0,0.E0,1.E0));
#756=AXIS2_PLACEMENT_3D('',#753,#754,#755);
#758=CARTESIAN_POINT('',(7.25E-1,8.E-1,-2.E0));
#759=DIRECTION('',(0.E0,1.E0,0.E0));
#760=DIRECTION('',(-8.958064164776E-1,0.E0,4.444444444444E-1));
#761=AXIS2_PLACEMENT_3D('',#758,#759,#760);
#763=DIRECTION('',(1.E0,0.E0,0.E0));
#764=VECTOR('',#763,1.35E0);
#765=CARTESIAN_POINT('',(7.25E-1,8.E-1,-1.775E0));
#766=LINE('',#765,#764);
#767=CARTESIAN_POINT('',(2.075E0,8.E-1,-2.E0));
#768=DIRECTION('',(0.E0,1.E0,0.E0));
#769=DIRECTION('',(0.E0,0.E0,1.E0));
#770=AXIS2_PLACEMENT_3D('',#767,#768,#769);
#772=DIRECTION('',(1.E0,0.E0,0.E0));
#773=VECTOR('',#772,4.234435562925E-1);
#774=CARTESIAN_POINT('',(2.276556443707E0,8.E-1,-1.9E0));
#775=LINE('',#774,#773);
#776=DIRECTION('',(0.E0,0.E0,1.E0));
#777=VECTOR('',#776,3.223443556293E0);
#778=CARTESIAN_POINT('',(2.7E0,8.E-1,-1.9E0));
#779=LINE('',#778,#777);
#780=CARTESIAN_POINT('',(2.8E0,8.E-1,1.525E0));
#781=DIRECTION('',(0.E0,1.E0,0.E0));
#782=DIRECTION('',(-4.444444444444E-1,0.E0,-8.958064164776E-1));
#783=AXIS2_PLACEMENT_3D('',#780,#781,#782);
#785=DIRECTION('',(0.E0,0.E0,1.E0));
#786=VECTOR('',#785,7.5E-1);
#787=CARTESIAN_POINT('',(2.575E0,8.E-1,1.525E0));
#788=LINE('',#787,#786);
#789=CARTESIAN_POINT('',(2.8E0,8.E-1,2.275E0));
#790=DIRECTION('',(0.E0,1.E0,0.E0));
#791=DIRECTION('',(-1.E0,0.E0,0.E0));
#792=AXIS2_PLACEMENT_3D('',#789,#790,#791);
#794=DIRECTION('',(0.E0,0.E0,1.E0));
#795=VECTOR('',#794,2.223443556293E0);
#796=CARTESIAN_POINT('',(2.7E0,8.E-1,2.476556443707E0));
#797=LINE('',#796,#795);
#798=DIRECTION('',(-1.E0,0.E0,0.E0));
#799=VECTOR('',#798,5.4E0);
#800=CARTESIAN_POINT('',(2.7E0,8.E-1,4.7E0));
#801=LINE('',#800,#799);
#802=DIRECTION('',(0.E0,0.E0,-1.E0));
#803=VECTOR('',#802,6.6E0);
#804=CARTESIAN_POINT('',(-2.7E0,8.E-1,4.7E0));
#805=LINE('',#804,#803);
#806=DIRECTION('',(1.E0,0.E0,0.E0));
#807=VECTOR('',#806,3.223443556293E0);
#808=CARTESIAN_POINT('',(-2.7E0,8.E-1,-1.9E0));
#809=LINE('',#808,#807);
#810=DIRECTION('',(0.E0,0.E0,1.E0));
#811=VECTOR('',#810,1.25E0);
#812=CARTESIAN_POINT('',(-2.56E0,8.E-1,-5.12E0));
#813=LINE('',#812,#811);
#814=DIRECTION('',(1.E0,0.E0,0.E0));
#815=VECTOR('',#814,5.02E0);
#816=CARTESIAN_POINT('',(-2.56E0,8.E-1,-3.87E0));
#817=LINE('',#816,#815);
#818=DIRECTION('',(0.E0,0.E0,-1.E0));
#819=VECTOR('',#818,1.25E0);
#820=CARTESIAN_POINT('',(2.46E0,8.E-1,-3.87E0));
#821=LINE('',#820,#819);
#822=DIRECTION('',(-1.E0,0.E0,0.E0));
#823=VECTOR('',#822,5.02E0);
#824=CARTESIAN_POINT('',(2.46E0,8.E-1,-5.12E0));
#825=LINE('',#824,#823);
#826=DIRECTION('',(0.E0,-1.E0,0.E0));
#827=VECTOR('',#826,8.E-1);
#828=CARTESIAN_POINT('',(3.6E0,8.E-1,-2.2E0));
#829=LINE('',#828,#827);
#830=DIRECTION('',(0.E0,1.E0,0.E0));
#831=VECTOR('',#830,1.E-2);
#832=CARTESIAN_POINT('',(2.5E0,0.E0,-2.2E0));
#833=LINE('',#832,#831);
#834=DIRECTION('',(0.E0,1.E0,0.E0));
#835=VECTOR('',#834,8.E-1);
#836=CARTESIAN_POINT('',(3.6E0,0.E0,5.6E0));
#837=LINE('',#836,#835);
#838=DIRECTION('',(0.E0,1.E0,0.E0));
#839=VECTOR('',#838,8.E-1);
#840=CARTESIAN_POINT('',(3.6E0,0.E0,3.2E0));
#841=LINE('',#840,#839);
#842=DIRECTION('',(0.E0,-1.E0,0.E0));
#843=VECTOR('',#842,1.E-2);
#844=CARTESIAN_POINT('',(3.2E0,8.E-1,3.2E0));
#845=LINE('',#844,#843);
#846=DIRECTION('',(0.E0,1.E0,0.E0));
#847=VECTOR('',#846,7.8E-1);
#848=CARTESIAN_POINT('',(3.58E0,1.E-2,2.8E0));
#849=LINE('',#848,#847);
#850=DIRECTION('',(0.E0,-1.E0,0.E0));
#851=VECTOR('',#850,7.8E-1);
#852=CARTESIAN_POINT('',(3.58E0,7.9E-1,3.2E0));
#853=LINE('',#852,#851);
#854=DIRECTION('',(0.E0,1.E0,0.E0));
#855=VECTOR('',#854,7.8E-1);
#856=CARTESIAN_POINT('',(3.58E0,1.E-2,-2.2E0));
#857=LINE('',#856,#855);
#858=DIRECTION('',(0.E0,-1.E0,0.E0));
#859=VECTOR('',#858,7.8E-1);
#860=CARTESIAN_POINT('',(3.58E0,7.9E-1,-1.8E0));
#861=LINE('',#860,#859);
#862=DIRECTION('',(0.E0,1.E0,0.E0));
#863=VECTOR('',#862,7.8E-1);
#864=CARTESIAN_POINT('',(3.58E0,1.E-2,3.5E0));
#865=LINE('',#864,#863);
#866=DIRECTION('',(0.E0,-1.E0,0.E0));
#867=VECTOR('',#866,7.8E-1);
#868=CARTESIAN_POINT('',(3.58E0,7.9E-1,3.9E0));
#869=LINE('',#868,#867);
#870=DIRECTION('',(0.E0,1.E0,0.E0));
#871=VECTOR('',#870,7.8E-1);
#872=CARTESIAN_POINT('',(3.58E0,1.E-2,2.927715838526E0));
#873=LINE('',#872,#871);
#874=CARTESIAN_POINT('',(3.6E0,1.E-2,3.E0));
#875=DIRECTION('',(0.E0,1.E0,0.E0));
#876=DIRECTION('',(-2.666666666667E-1,0.E0,-9.637888196534E-1));
#877=AXIS2_PLACEMENT_3D('',#874,#875,#876);
#879=DIRECTION('',(0.E0,1.E0,0.E0));
#880=VECTOR('',#879,7.8E-1);
#881=CARTESIAN_POINT('',(3.58E0,1.E-2,3.072284161474E0));
#882=LINE('',#881,#880);
#883=CARTESIAN_POINT('',(3.6E0,7.9E-1,3.E0));
#884=DIRECTION('',(0.E0,1.E0,0.E0));
#885=DIRECTION('',(-2.666666666667E-1,0.E0,-9.637888196534E-1));
#886=AXIS2_PLACEMENT_3D('',#883,#884,#885);
#888=DIRECTION('',(0.E0,0.E0,-1.E0));
#889=VECTOR('',#888,1.277158385260E-1);
#890=CARTESIAN_POINT('',(3.58E0,1.E-2,-2.072284161474E0));
#891=LINE('',#890,#889);
#892=DIRECTION('',(1.E0,0.E0,0.E0));
#893=VECTOR('',#892,1.08E0);
#894=CARTESIAN_POINT('',(2.5E0,1.E-2,-2.2E0));
#895=LINE('',#894,#893);
#896=DIRECTION('',(0.E0,0.E0,-1.E0));
#897=VECTOR('',#896,4.E-1);
#898=CARTESIAN_POINT('',(2.5E0,1.E-2,-1.8E0));
#899=LINE('',#898,#897);
#900=DIRECTION('',(-1.E0,0.E0,0.E0));
#901=VECTOR('',#900,1.08E0);
#902=CARTESIAN_POINT('',(3.58E0,1.E-2,-1.8E0));
#903=LINE('',#902,#901);
#904=DIRECTION('',(0.E0,0.E0,-1.E0));
#905=VECTOR('',#904,1.277158385260E-1);
#906=CARTESIAN_POINT('',(3.58E0,1.E-2,-1.8E0));
#907=LINE('',#906,#905);
#908=DIRECTION('',(0.E0,0.E0,1.E0));
#909=VECTOR('',#908,1.277158385260E-1);
#910=CARTESIAN_POINT('',(3.58E0,1.E-2,2.8E0));
#911=LINE('',#910,#909);
#912=DIRECTION('',(1.E0,0.E0,0.E0));
#913=VECTOR('',#912,1.08E0);
#914=CARTESIAN_POINT('',(2.5E0,1.E-2,2.8E0));
#915=LINE('',#914,#913);
#916=DIRECTION('',(0.E0,0.E0,-1.E0));
#917=VECTOR('',#916,4.E-1);
#918=CARTESIAN_POINT('',(2.5E0,1.E-2,3.2E0));
#919=LINE('',#918,#917);
#920=DIRECTION('',(-1.E0,0.E0,0.E0));
#921=VECTOR('',#920,1.08E0);
#922=CARTESIAN_POINT('',(3.58E0,1.E-2,3.2E0));
#923=LINE('',#922,#921);
#924=DIRECTION('',(0.E0,0.E0,1.E0));
#925=VECTOR('',#924,1.277158385260E-1);
#926=CARTESIAN_POINT('',(3.58E0,1.E-2,3.072284161474E0));
#927=LINE('',#926,#925);
#928=DIRECTION('',(0.E0,0.E0,1.E0));
#929=VECTOR('',#928,1.277158385260E-1);
#930=CARTESIAN_POINT('',(3.58E0,1.E-2,3.5E0));
#931=LINE('',#930,#929);
#932=DIRECTION('',(1.E0,0.E0,0.E0));
#933=VECTOR('',#932,1.08E0);
#934=CARTESIAN_POINT('',(2.5E0,1.E-2,3.5E0));
#935=LINE('',#934,#933);
#936=DIRECTION('',(0.E0,0.E0,-1.E0));
#937=VECTOR('',#936,4.E-1);
#938=CARTESIAN_POINT('',(2.5E0,1.E-2,3.9E0));
#939=LINE('',#938,#937);
#940=DIRECTION('',(-1.E0,0.E0,0.E0));
#941=VECTOR('',#940,1.08E0);
#942=CARTESIAN_POINT('',(3.58E0,1.E-2,3.9E0));
#943=LINE('',#942,#941);
#944=DIRECTION('',(0.E0,0.E0,1.E0));
#945=VECTOR('',#944,1.277158385260E-1);
#946=CARTESIAN_POINT('',(3.58E0,1.E-2,3.772284161474E0));
#947=LINE('',#946,#945);
#948=DIRECTION('',(1.E0,0.E0,0.E0));
#949=VECTOR('',#948,1.277158385260E-1);
#950=CARTESIAN_POINT('',(-2.3E0,1.E-2,5.58E0));
#951=LINE('',#950,#949);
#952=DIRECTION('',(1.E0,0.E0,0.E0));
#953=VECTOR('',#952,1.277158385260E-1);
#954=CARTESIAN_POINT('',(-2.027715838526E0,1.E-2,5.58E0));
#955=LINE('',#954,#953);
#956=DIRECTION('',(0.E0,0.E0,1.E0));
#957=VECTOR('',#956,1.08E0);
#958=CARTESIAN_POINT('',(-1.9E0,1.E-2,4.5E0));
#959=LINE('',#958,#957);
#960=DIRECTION('',(1.E0,0.E0,0.E0));
#961=VECTOR('',#960,4.E-1);
#962=CARTESIAN_POINT('',(-2.3E0,1.E-2,4.5E0));
#963=LINE('',#962,#961);
#964=DIRECTION('',(0.E0,0.E0,-1.E0));
#965=VECTOR('',#964,1.08E0);
#966=CARTESIAN_POINT('',(-2.3E0,1.E-2,5.58E0));
#967=LINE('',#966,#965);
#968=DIRECTION('',(1.E0,0.E0,0.E0));
#969=VECTOR('',#968,1.277158385260E-1);
#970=CARTESIAN_POINT('',(-1.6E0,1.E-2,5.58E0));
#971=LINE('',#970,#969);
#972=DIRECTION('',(1.E0,0.E0,0.E0));
#973=VECTOR('',#972,1.277158385260E-1);
#974=CARTESIAN_POINT('',(-1.327715838526E0,1.E-2,5.58E0));
#975=LINE('',#974,#973);
#976=DIRECTION('',(0.E0,0.E0,1.E0));
#977=VECTOR('',#976,1.08E0);
#978=CARTESIAN_POINT('',(-1.2E0,1.E-2,4.5E0));
#979=LINE('',#978,#977);
#980=DIRECTION('',(1.E0,0.E0,0.E0));
#981=VECTOR('',#980,4.E-1);
#982=CARTESIAN_POINT('',(-1.6E0,1.E-2,4.5E0));
#983=LINE('',#982,#981);
#984=DIRECTION('',(0.E0,0.E0,-1.E0));
#985=VECTOR('',#984,1.08E0);
#986=CARTESIAN_POINT('',(-1.6E0,1.E-2,5.58E0));
#987=LINE('',#986,#985);
#988=DIRECTION('',(1.E0,0.E0,0.E0));
#989=VECTOR('',#988,1.277158385260E-1);
#990=CARTESIAN_POINT('',(-9.E-1,1.E-2,5.58E0));
#991=LINE('',#990,#989);
#992=DIRECTION('',(1.E0,0.E0,0.E0));
#993=VECTOR('',#992,1.277158385260E-1);
#994=CARTESIAN_POINT('',(-6.277158385260E-1,1.E-2,5.58E0));
#995=LINE('',#994,#993);
#996=DIRECTION('',(0.E0,0.E0,1.E0));
#997=VECTOR('',#996,1.08E0);
#998=CARTESIAN_POINT('',(-5.E-1,1.E-2,4.5E0));
#999=LINE('',#998,#997);
#1000=DIRECTION('',(1.E0,0.E0,0.E0));
#1001=VECTOR('',#1000,4.E-1);
#1002=CARTESIAN_POINT('',(-9.E-1,1.E-2,4.5E0));
#1003=LINE('',#1002,#1001);
#1004=DIRECTION('',(0.E0,0.E0,-1.E0));
#1005=VECTOR('',#1004,1.08E0);
#1006=CARTESIAN_POINT('',(-9.E-1,1.E-2,5.58E0));
#1007=LINE('',#1006,#1005);
#1008=DIRECTION('',(1.E0,0.E0,0.E0));
#1009=VECTOR('',#1008,1.277158385260E-1);
#1010=CARTESIAN_POINT('',(-2.E-1,1.E-2,5.58E0));
#1011=LINE('',#1010,#1009);
#1012=DIRECTION('',(1.E0,0.E0,0.E0));
#1013=VECTOR('',#1012,1.277158385260E-1);
#1014=CARTESIAN_POINT('',(7.228416147401E-2,1.E-2,5.58E0));
#1015=LINE('',#1014,#1013);
#1016=DIRECTION('',(0.E0,0.E0,1.E0));
#1017=VECTOR('',#1016,1.08E0);
#1018=CARTESIAN_POINT('',(2.E-1,1.E-2,4.5E0));
#1019=LINE('',#1018,#1017);
#1020=DIRECTION('',(1.E0,0.E0,0.E0));
#1021=VECTOR('',#1020,4.E-1);
#1022=CARTESIAN_POINT('',(-2.E-1,1.E-2,4.5E0));
#1023=LINE('',#1022,#1021);
#1024=DIRECTION('',(0.E0,0.E0,-1.E0));
#1025=VECTOR('',#1024,1.08E0);
#1026=CARTESIAN_POINT('',(-2.E-1,1.E-2,5.58E0));
#1027=LINE('',#1026,#1025);
#1028=DIRECTION('',(1.E0,0.E0,0.E0));
#1029=VECTOR('',#1028,1.277158385260E-1);
#1030=CARTESIAN_POINT('',(5.E-1,1.E-2,5.58E0));
#1031=LINE('',#1030,#1029);
#1032=DIRECTION('',(1.E0,0.E0,0.E0));
#1033=VECTOR('',#1032,1.277158385260E-1);
#1034=CARTESIAN_POINT('',(7.722841614740E-1,1.E-2,5.58E0));
#1035=LINE('',#1034,#1033);
#1036=DIRECTION('',(0.E0,0.E0,1.E0));
#1037=VECTOR('',#1036,1.08E0);
#1038=CARTESIAN_POINT('',(9.E-1,1.E-2,4.5E0));
#1039=LINE('',#1038,#1037);
#1040=DIRECTION('',(1.E0,0.E0,0.E0));
#1041=VECTOR('',#1040,4.E-1);
#1042=CARTESIAN_POINT('',(5.E-1,1.E-2,4.5E0));
#1043=LINE('',#1042,#1041);
#1044=DIRECTION('',(0.E0,0.E0,-1.E0));
#1045=VECTOR('',#1044,1.08E0);
#1046=CARTESIAN_POINT('',(5.E-1,1.E-2,5.58E0));
#1047=LINE('',#1046,#1045);
#1048=DIRECTION('',(1.E0,0.E0,0.E0));
#1049=VECTOR('',#1048,1.277158385260E-1);
#1050=CARTESIAN_POINT('',(1.2E0,1.E-2,5.58E0));
#1051=LINE('',#1050,#1049);
#1052=DIRECTION('',(1.E0,0.E0,0.E0));
#1053=VECTOR('',#1052,1.277158385260E-1);
#1054=CARTESIAN_POINT('',(1.472284161474E0,1.E-2,5.58E0));
#1055=LINE('',#1054,#1053);
#1056=DIRECTION('',(0.E0,0.E0,1.E0));
#1057=VECTOR('',#1056,1.08E0);
#1058=CARTESIAN_POINT('',(1.6E0,1.E-2,4.5E0));
#1059=LINE('',#1058,#1057);
#1060=DIRECTION('',(1.E0,0.E0,0.E0));
#1061=VECTOR('',#1060,4.E-1);
#1062=CARTESIAN_POINT('',(1.2E0,1.E-2,4.5E0));
#1063=LINE('',#1062,#1061);
#1064=DIRECTION('',(0.E0,0.E0,-1.E0));
#1065=VECTOR('',#1064,1.08E0);
#1066=CARTESIAN_POINT('',(1.2E0,1.E-2,5.58E0));
#1067=LINE('',#1066,#1065);
#1068=DIRECTION('',(1.E0,0.E0,0.E0));
#1069=VECTOR('',#1068,1.277158385260E-1);
#1070=CARTESIAN_POINT('',(1.9E0,1.E-2,5.58E0));
#1071=LINE('',#1070,#1069);
#1072=DIRECTION('',(1.E0,0.E0,0.E0));
#1073=VECTOR('',#1072,1.277158385260E-1);
#1074=CARTESIAN_POINT('',(2.172284161474E0,1.E-2,5.58E0));
#1075=LINE('',#1074,#1073);
#1076=DIRECTION('',(0.E0,0.E0,1.E0));
#1077=VECTOR('',#1076,1.08E0);
#1078=CARTESIAN_POINT('',(2.3E0,1.E-2,4.5E0));
#1079=LINE('',#1078,#1077);
#1080=DIRECTION('',(1.E0,0.E0,0.E0));
#1081=VECTOR('',#1080,4.E-1);
#1082=CARTESIAN_POINT('',(1.9E0,1.E-2,4.5E0));
#1083=LINE('',#1082,#1081);
#1084=DIRECTION('',(0.E0,0.E0,-1.E0));
#1085=VECTOR('',#1084,1.08E0);
#1086=CARTESIAN_POINT('',(1.9E0,1.E-2,5.58E0));
#1087=LINE('',#1086,#1085);
#1088=DIRECTION('',(0.E0,0.E0,1.E0));
#1089=VECTOR('',#1088,1.277158385260E-1);
#1090=CARTESIAN_POINT('',(-3.58E0,1.E-2,-2.1E0));
#1091=LINE('',#1090,#1089);
#1092=DIRECTION('',(0.E0,0.E0,1.E0));
#1093=VECTOR('',#1092,1.277158385260E-1);
#1094=CARTESIAN_POINT('',(-3.58E0,1.E-2,-1.827715838526E0));
#1095=LINE('',#1094,#1093);
#1096=DIRECTION('',(-1.E0,0.E0,0.E0));
#1097=VECTOR('',#1096,1.08E0);
#1098=CARTESIAN_POINT('',(-2.5E0,1.E-2,-1.7E0));
#1099=LINE('',#1098,#1097);
#1100=DIRECTION('',(0.E0,0.E0,1.E0));
#1101=VECTOR('',#1100,4.E-1);
#1102=CARTESIAN_POINT('',(-2.5E0,1.E-2,-2.1E0));
#1103=LINE('',#1102,#1101);
#1104=DIRECTION('',(1.E0,0.E0,0.E0));
#1105=VECTOR('',#1104,1.08E0);
#1106=CARTESIAN_POINT('',(-3.58E0,1.E-2,-2.1E0));
#1107=LINE('',#1106,#1105);
#1108=DIRECTION('',(0.E0,0.E0,1.E0));
#1109=VECTOR('',#1108,1.277158385260E-1);
#1110=CARTESIAN_POINT('',(-3.58E0,1.E-2,-1.4E0));
#1111=LINE('',#1110,#1109);
#1112=DIRECTION('',(0.E0,0.E0,1.E0));
#1113=VECTOR('',#1112,1.277158385260E-1);
#1114=CARTESIAN_POINT('',(-3.58E0,1.E-2,-1.127715838526E0));
#1115=LINE('',#1114,#1113);
#1116=DIRECTION('',(-1.E0,0.E0,0.E0));
#1117=VECTOR('',#1116,1.08E0);
#1118=CARTESIAN_POINT('',(-2.5E0,1.E-2,-1.E0));
#1119=LINE('',#1118,#1117);
#1120=DIRECTION('',(0.E0,0.E0,1.E0));
#1121=VECTOR('',#1120,4.E-1);
#1122=CARTESIAN_POINT('',(-2.5E0,1.E-2,-1.4E0));
#1123=LINE('',#1122,#1121);
#1124=DIRECTION('',(1.E0,0.E0,0.E0));
#1125=VECTOR('',#1124,1.08E0);
#1126=CARTESIAN_POINT('',(-3.58E0,1.E-2,-1.4E0));
#1127=LINE('',#1126,#1125);
#1128=DIRECTION('',(0.E0,0.E0,1.E0));
#1129=VECTOR('',#1128,1.277158385260E-1);
#1130=CARTESIAN_POINT('',(-3.58E0,1.E-2,-7.E-1));
#1131=LINE('',#1130,#1129);
#1132=DIRECTION('',(0.E0,0.E0,1.E0));
#1133=VECTOR('',#1132,1.277158385260E-1);
#1134=CARTESIAN_POINT('',(-3.58E0,1.E-2,-4.277158385260E-1));
#1135=LINE('',#1134,#1133);
#1136=DIRECTION('',(-1.E0,0.E0,0.E0));
#1137=VECTOR('',#1136,1.08E0);
#1138=CARTESIAN_POINT('',(-2.5E0,1.E-2,-3.E-1));
#1139=LINE('',#1138,#1137);
#1140=DIRECTION('',(0.E0,0.E0,1.E0));
#1141=VECTOR('',#1140,4.E-1);
#1142=CARTESIAN_POINT('',(-2.5E0,1.E-2,-7.E-1));
#1143=LINE('',#1142,#1141);
#1144=DIRECTION('',(1.E0,0.E0,0.E0));
#1145=VECTOR('',#1144,1.08E0);
#1146=CARTESIAN_POINT('',(-3.58E0,1.E-2,-7.E-1));
#1147=LINE('',#1146,#1145);
#1148=DIRECTION('',(0.E0,0.E0,1.E0));
#1149=VECTOR('',#1148,1.277158385260E-1);
#1150=CARTESIAN_POINT('',(-3.58E0,1.E-2,0.E0));
#1151=LINE('',#1150,#1149);
#1152=DIRECTION('',(0.E0,0.E0,1.E0));
#1153=VECTOR('',#1152,1.277158385260E-1);
#1154=CARTESIAN_POINT('',(-3.58E0,1.E-2,2.722841614740E-1));
#1155=LINE('',#1154,#1153);
#1156=DIRECTION('',(-1.E0,0.E0,0.E0));
#1157=VECTOR('',#1156,1.08E0);
#1158=CARTESIAN_POINT('',(-2.5E0,1.E-2,4.E-1));
#1159=LINE('',#1158,#1157);
#1160=DIRECTION('',(0.E0,0.E0,1.E0));
#1161=VECTOR('',#1160,4.E-1);
#1162=CARTESIAN_POINT('',(-2.5E0,1.E-2,0.E0));
#1163=LINE('',#1162,#1161);
#1164=DIRECTION('',(1.E0,0.E0,0.E0));
#1165=VECTOR('',#1164,1.08E0);
#1166=CARTESIAN_POINT('',(-3.58E0,1.E-2,0.E0));
#1167=LINE('',#1166,#1165);
#1168=DIRECTION('',(0.E0,0.E0,1.E0));
#1169=VECTOR('',#1168,1.277158385260E-1);
#1170=CARTESIAN_POINT('',(-3.58E0,1.E-2,7.E-1));
#1171=LINE('',#1170,#1169);
#1172=DIRECTION('',(0.E0,0.E0,1.E0));
#1173=VECTOR('',#1172,1.277158385260E-1);
#1174=CARTESIAN_POINT('',(-3.58E0,1.E-2,9.722841614740E-1));
#1175=LINE('',#1174,#1173);
#1176=DIRECTION('',(-1.E0,0.E0,0.E0));
#1177=VECTOR('',#1176,1.08E0);
#1178=CARTESIAN_POINT('',(-2.5E0,1.E-2,1.1E0));
#1179=LINE('',#1178,#1177);
#1180=DIRECTION('',(0.E0,0.E0,1.E0));
#1181=VECTOR('',#1180,4.E-1);
#1182=CARTESIAN_POINT('',(-2.5E0,1.E-2,7.E-1));
#1183=LINE('',#1182,#1181);
#1184=DIRECTION('',(1.E0,0.E0,0.E0));
#1185=VECTOR('',#1184,1.08E0);
#1186=CARTESIAN_POINT('',(-3.58E0,1.E-2,7.E-1));
#1187=LINE('',#1186,#1185);
#1188=DIRECTION('',(0.E0,0.E0,1.E0));
#1189=VECTOR('',#1188,1.277158385260E-1);
#1190=CARTESIAN_POINT('',(-3.58E0,1.E-2,1.4E0));
#1191=LINE('',#1190,#1189);
#1192=DIRECTION('',(0.E0,0.E0,1.E0));
#1193=VECTOR('',#1192,1.277158385260E-1);
#1194=CARTESIAN_POINT('',(-3.58E0,1.E-2,1.672284161474E0));
#1195=LINE('',#1194,#1193);
#1196=DIRECTION('',(-1.E0,0.E0,0.E0));
#1197=VECTOR('',#1196,1.08E0);
#1198=CARTESIAN_POINT('',(-2.5E0,1.E-2,1.8E0));
#1199=LINE('',#1198,#1197);
#1200=DIRECTION('',(0.E0,0.E0,1.E0));
#1201=VECTOR('',#1200,4.E-1);
#1202=CARTESIAN_POINT('',(-2.5E0,1.E-2,1.4E0));
#1203=LINE('',#1202,#1201);
#1204=DIRECTION('',(1.E0,0.E0,0.E0));
#1205=VECTOR('',#1204,1.08E0);
#1206=CARTESIAN_POINT('',(-3.58E0,1.E-2,1.4E0));
#1207=LINE('',#1206,#1205);
#1208=DIRECTION('',(0.E0,0.E0,1.E0));
#1209=VECTOR('',#1208,1.277158385260E-1);
#1210=CARTESIAN_POINT('',(-3.58E0,1.E-2,2.1E0));
#1211=LINE('',#1210,#1209);
#1212=DIRECTION('',(0.E0,0.E0,1.E0));
#1213=VECTOR('',#1212,1.277158385260E-1);
#1214=CARTESIAN_POINT('',(-3.58E0,1.E-2,2.372284161474E0));
#1215=LINE('',#1214,#1213);
#1216=DIRECTION('',(-1.E0,0.E0,0.E0));
#1217=VECTOR('',#1216,1.08E0);
#1218=CARTESIAN_POINT('',(-2.5E0,1.E-2,2.5E0));
#1219=LINE('',#1218,#1217);
#1220=DIRECTION('',(0.E0,0.E0,1.E0));
#1221=VECTOR('',#1220,4.E-1);
#1222=CARTESIAN_POINT('',(-2.5E0,1.E-2,2.1E0));
#1223=LINE('',#1222,#1221);
#1224=DIRECTION('',(1.E0,0.E0,0.E0));
#1225=VECTOR('',#1224,1.08E0);
#1226=CARTESIAN_POINT('',(-3.58E0,1.E-2,2.1E0));
#1227=LINE('',#1226,#1225);
#1228=DIRECTION('',(0.E0,0.E0,1.E0));
#1229=VECTOR('',#1228,1.277158385260E-1);
#1230=CARTESIAN_POINT('',(-3.58E0,1.E-2,2.8E0));
#1231=LINE('',#1230,#1229);
#1232=DIRECTION('',(0.E0,0.E0,1.E0));
#1233=VECTOR('',#1232,1.277158385260E-1);
#1234=CARTESIAN_POINT('',(-3.58E0,1.E-2,3.072284161474E0));
#1235=LINE('',#1234,#1233);
#1236=DIRECTION('',(-1.E0,0.E0,0.E0));
#1237=VECTOR('',#1236,1.08E0);
#1238=CARTESIAN_POINT('',(-2.5E0,1.E-2,3.2E0));
#1239=LINE('',#1238,#1237);
#1240=DIRECTION('',(0.E0,0.E0,1.E0));
#1241=VECTOR('',#1240,4.E-1);
#1242=CARTESIAN_POINT('',(-2.5E0,1.E-2,2.8E0));
#1243=LINE('',#1242,#1241);
#1244=DIRECTION('',(1.E0,0.E0,0.E0));
#1245=VECTOR('',#1244,1.08E0);
#1246=CARTESIAN_POINT('',(-3.58E0,1.E-2,2.8E0));
#1247=LINE('',#1246,#1245);
#1248=DIRECTION('',(0.E0,0.E0,1.E0));
#1249=VECTOR('',#1248,1.277158385260E-1);
#1250=CARTESIAN_POINT('',(-3.58E0,1.E-2,3.5E0));
#1251=LINE('',#1250,#1249);
#1252=DIRECTION('',(0.E0,0.E0,1.E0));
#1253=VECTOR('',#1252,1.277158385260E-1);
#1254=CARTESIAN_POINT('',(-3.58E0,1.E-2,3.772284161474E0));
#1255=LINE('',#1254,#1253);
#1256=DIRECTION('',(-1.E0,0.E0,0.E0));
#1257=VECTOR('',#1256,1.08E0);
#1258=CARTESIAN_POINT('',(-2.5E0,1.E-2,3.9E0));
#1259=LINE('',#1258,#1257);
#1260=DIRECTION('',(0.E0,0.E0,1.E0));
#1261=VECTOR('',#1260,4.E-1);
#1262=CARTESIAN_POINT('',(-2.5E0,1.E-2,3.5E0));
#1263=LINE('',#1262,#1261);
#1264=DIRECTION('',(1.E0,0.E0,0.E0));
#1265=VECTOR('',#1264,1.08E0);
#1266=CARTESIAN_POINT('',(-3.58E0,1.E-2,3.5E0));
#1267=LINE('',#1266,#1265);
#1268=DIRECTION('',(0.E0,1.E0,0.E0));
#1269=VECTOR('',#1268,1.E-2);
#1270=CARTESIAN_POINT('',(2.5E0,0.E0,-1.8E0));
#1271=LINE('',#1270,#1269);
#1272=DIRECTION('',(0.E0,1.E0,0.E0));
#1273=VECTOR('',#1272,8.E-1);
#1274=CARTESIAN_POINT('',(3.6E0,0.E0,-1.8E0));
#1275=LINE('',#1274,#1273);
#1276=DIRECTION('',(0.E0,-1.E0,0.E0));
#1277=VECTOR('',#1276,1.E-2);
#1278=CARTESIAN_POINT('',(3.2E0,8.E-1,-1.8E0));
#1279=LINE('',#1278,#1277);
#1280=DIRECTION('',(0.E0,-1.E0,0.E0));
#1281=VECTOR('',#1280,1.E-2);
#1282=CARTESIAN_POINT('',(3.2E0,8.E-1,-2.2E0));
#1283=LINE('',#1282,#1281);
#1284=DIRECTION('',(0.E0,0.E0,-1.E0));
#1285=VECTOR('',#1284,1.277158385260E-1);
#1286=CARTESIAN_POINT('',(3.58E0,7.9E-1,-2.072284161474E0));
#1287=LINE('',#1286,#1285);
#1288=DIRECTION('',(0.E0,0.E0,-1.E0));
#1289=VECTOR('',#1288,1.277158385260E-1);
#1290=CARTESIAN_POINT('',(3.58E0,7.9E-1,-1.8E0));
#1291=LINE('',#1290,#1289);
#1292=DIRECTION('',(1.E0,0.E0,0.E0));
#1293=VECTOR('',#1292,3.8E-1);
#1294=CARTESIAN_POINT('',(3.2E0,7.9E-1,-1.8E0));
#1295=LINE('',#1294,#1293);
#1296=DIRECTION('',(0.E0,0.E0,1.E0));
#1297=VECTOR('',#1296,4.E-1);
#1298=CARTESIAN_POINT('',(3.2E0,7.9E-1,-2.2E0));
#1299=LINE('',#1298,#1297);
#1300=DIRECTION('',(-1.E0,0.E0,0.E0));
#1301=VECTOR('',#1300,3.8E-1);
#1302=CARTESIAN_POINT('',(3.58E0,7.9E-1,-2.2E0));
#1303=LINE('',#1302,#1301);
#1304=DIRECTION('',(0.E0,0.E0,1.E0));
#1305=VECTOR('',#1304,1.277158385260E-1);
#1306=CARTESIAN_POINT('',(3.58E0,7.9E-1,3.072284161474E0));
#1307=LINE('',#1306,#1305);
#1308=DIRECTION('',(1.E0,0.E0,0.E0));
#1309=VECTOR('',#1308,3.8E-1);
#1310=CARTESIAN_POINT('',(3.2E0,7.9E-1,3.2E0));
#1311=LINE('',#1310,#1309);
#1312=DIRECTION('',(0.E0,0.E0,1.E0));
#1313=VECTOR('',#1312,4.E-1);
#1314=CARTESIAN_POINT('',(3.2E0,7.9E-1,2.8E0));
#1315=LINE('',#1314,#1313);
#1316=DIRECTION('',(-1.E0,0.E0,0.E0));
#1317=VECTOR('',#1316,3.8E-1);
#1318=CARTESIAN_POINT('',(3.58E0,7.9E-1,2.8E0));
#1319=LINE('',#1318,#1317);
#1320=DIRECTION('',(0.E0,0.E0,1.E0));
#1321=VECTOR('',#1320,1.277158385260E-1);
#1322=CARTESIAN_POINT('',(3.58E0,7.9E-1,2.8E0));
#1323=LINE('',#1322,#1321);
#1324=DIRECTION('',(0.E0,0.E0,1.E0));
#1325=VECTOR('',#1324,1.277158385260E-1);
#1326=CARTESIAN_POINT('',(3.58E0,7.9E-1,3.5E0));
#1327=LINE('',#1326,#1325);
#1328=DIRECTION('',(0.E0,0.E0,1.E0));
#1329=VECTOR('',#1328,1.277158385260E-1);
#1330=CARTESIAN_POINT('',(3.58E0,7.9E-1,3.772284161474E0));
#1331=LINE('',#1330,#1329);
#1332=DIRECTION('',(1.E0,0.E0,0.E0));
#1333=VECTOR('',#1332,3.8E-1);
#1334=CARTESIAN_POINT('',(3.2E0,7.9E-1,3.9E0));
#1335=LINE('',#1334,#1333);
#1336=DIRECTION('',(0.E0,0.E0,1.E0));
#1337=VECTOR('',#1336,4.E-1);
#1338=CARTESIAN_POINT('',(3.2E0,7.9E-1,3.5E0));
#1339=LINE('',#1338,#1337);
#1340=DIRECTION('',(-1.E0,0.E0,0.E0));
#1341=VECTOR('',#1340,3.8E-1);
#1342=CARTESIAN_POINT('',(3.58E0,7.9E-1,3.5E0));
#1343=LINE('',#1342,#1341);
#1344=DIRECTION('',(1.E0,0.E0,0.E0));
#1345=VECTOR('',#1344,1.277158385260E-1);
#1346=CARTESIAN_POINT('',(-2.3E0,7.9E-1,5.58E0));
#1347=LINE('',#1346,#1345);
#1348=DIRECTION('',(0.E0,0.E0,1.E0));
#1349=VECTOR('',#1348,3.8E-1);
#1350=CARTESIAN_POINT('',(-2.3E0,7.9E-1,5.2E0));
#1351=LINE('',#1350,#1349);
#1352=DIRECTION('',(-1.E0,0.E0,0.E0));
#1353=VECTOR('',#1352,4.E-1);
#1354=CARTESIAN_POINT('',(-1.9E0,7.9E-1,5.2E0));
#1355=LINE('',#1354,#1353);
#1356=DIRECTION('',(0.E0,0.E0,-1.E0));
#1357=VECTOR('',#1356,3.8E-1);
#1358=CARTESIAN_POINT('',(-1.9E0,7.9E-1,5.58E0));
#1359=LINE('',#1358,#1357);
#1360=DIRECTION('',(1.E0,0.E0,0.E0));
#1361=VECTOR('',#1360,1.277158385260E-1);
#1362=CARTESIAN_POINT('',(-2.027715838526E0,7.9E-1,5.58E0));
#1363=LINE('',#1362,#1361);
#1364=DIRECTION('',(1.E0,0.E0,0.E0));
#1365=VECTOR('',#1364,1.277158385260E-1);
#1366=CARTESIAN_POINT('',(-1.6E0,7.9E-1,5.58E0));
#1367=LINE('',#1366,#1365);
#1368=DIRECTION('',(0.E0,0.E0,1.E0));
#1369=VECTOR('',#1368,3.8E-1);
#1370=CARTESIAN_POINT('',(-1.6E0,7.9E-1,5.2E0));
#1371=LINE('',#1370,#1369);
#1372=DIRECTION('',(-1.E0,0.E0,0.E0));
#1373=VECTOR('',#1372,4.E-1);
#1374=CARTESIAN_POINT('',(-1.2E0,7.9E-1,5.2E0));
#1375=LINE('',#1374,#1373);
#1376=DIRECTION('',(0.E0,0.E0,-1.E0));
#1377=VECTOR('',#1376,3.8E-1);
#1378=CARTESIAN_POINT('',(-1.2E0,7.9E-1,5.58E0));
#1379=LINE('',#1378,#1377);
#1380=DIRECTION('',(1.E0,0.E0,0.E0));
#1381=VECTOR('',#1380,1.277158385260E-1);
#1382=CARTESIAN_POINT('',(-1.327715838526E0,7.9E-1,5.58E0));
#1383=LINE('',#1382,#1381);
#1384=DIRECTION('',(1.E0,0.E0,0.E0));
#1385=VECTOR('',#1384,1.277158385260E-1);
#1386=CARTESIAN_POINT('',(-9.E-1,7.9E-1,5.58E0));
#1387=LINE('',#1386,#1385);
#1388=DIRECTION('',(0.E0,0.E0,1.E0));
#1389=VECTOR('',#1388,3.8E-1);
#1390=CARTESIAN_POINT('',(-9.E-1,7.9E-1,5.2E0));
#1391=LINE('',#1390,#1389);
#1392=DIRECTION('',(-1.E0,0.E0,0.E0));
#1393=VECTOR('',#1392,4.E-1);
#1394=CARTESIAN_POINT('',(-5.E-1,7.9E-1,5.2E0));
#1395=LINE('',#1394,#1393);
#1396=DIRECTION('',(0.E0,0.E0,-1.E0));
#1397=VECTOR('',#1396,3.8E-1);
#1398=CARTESIAN_POINT('',(-5.E-1,7.9E-1,5.58E0));
#1399=LINE('',#1398,#1397);
#1400=DIRECTION('',(1.E0,0.E0,0.E0));
#1401=VECTOR('',#1400,1.277158385260E-1);
#1402=CARTESIAN_POINT('',(-6.277158385260E-1,7.9E-1,5.58E0));
#1403=LINE('',#1402,#1401);
#1404=DIRECTION('',(1.E0,0.E0,0.E0));
#1405=VECTOR('',#1404,1.277158385260E-1);
#1406=CARTESIAN_POINT('',(-2.E-1,7.9E-1,5.58E0));
#1407=LINE('',#1406,#1405);
#1408=DIRECTION('',(0.E0,0.E0,1.E0));
#1409=VECTOR('',#1408,3.8E-1);
#1410=CARTESIAN_POINT('',(-2.E-1,7.9E-1,5.2E0));
#1411=LINE('',#1410,#1409);
#1412=DIRECTION('',(-1.E0,0.E0,0.E0));
#1413=VECTOR('',#1412,4.E-1);
#1414=CARTESIAN_POINT('',(2.E-1,7.9E-1,5.2E0));
#1415=LINE('',#1414,#1413);
#1416=DIRECTION('',(0.E0,0.E0,-1.E0));
#1417=VECTOR('',#1416,3.8E-1);
#1418=CARTESIAN_POINT('',(2.E-1,7.9E-1,5.58E0));
#1419=LINE('',#1418,#1417);
#1420=DIRECTION('',(1.E0,0.E0,0.E0));
#1421=VECTOR('',#1420,1.277158385260E-1);
#1422=CARTESIAN_POINT('',(7.228416147401E-2,7.9E-1,5.58E0));
#1423=LINE('',#1422,#1421);
#1424=DIRECTION('',(1.E0,0.E0,0.E0));
#1425=VECTOR('',#1424,1.277158385260E-1);
#1426=CARTESIAN_POINT('',(5.E-1,7.9E-1,5.58E0));
#1427=LINE('',#1426,#1425);
#1428=DIRECTION('',(0.E0,0.E0,1.E0));
#1429=VECTOR('',#1428,3.8E-1);
#1430=CARTESIAN_POINT('',(5.E-1,7.9E-1,5.2E0));
#1431=LINE('',#1430,#1429);
#1432=DIRECTION('',(-1.E0,0.E0,0.E0));
#1433=VECTOR('',#1432,4.E-1);
#1434=CARTESIAN_POINT('',(9.E-1,7.9E-1,5.2E0));
#1435=LINE('',#1434,#1433);
#1436=DIRECTION('',(0.E0,0.E0,-1.E0));
#1437=VECTOR('',#1436,3.8E-1);
#1438=CARTESIAN_POINT('',(9.E-1,7.9E-1,5.58E0));
#1439=LINE('',#1438,#1437);
#1440=DIRECTION('',(1.E0,0.E0,0.E0));
#1441=VECTOR('',#1440,1.277158385260E-1);
#1442=CARTESIAN_POINT('',(7.722841614740E-1,7.9E-1,5.58E0));
#1443=LINE('',#1442,#1441);
#1444=DIRECTION('',(1.E0,0.E0,0.E0));
#1445=VECTOR('',#1444,1.277158385260E-1);
#1446=CARTESIAN_POINT('',(1.2E0,7.9E-1,5.58E0));
#1447=LINE('',#1446,#1445);
#1448=DIRECTION('',(0.E0,0.E0,1.E0));
#1449=VECTOR('',#1448,3.8E-1);
#1450=CARTESIAN_POINT('',(1.2E0,7.9E-1,5.2E0));
#1451=LINE('',#1450,#1449);
#1452=DIRECTION('',(-1.E0,0.E0,0.E0));
#1453=VECTOR('',#1452,4.E-1);
#1454=CARTESIAN_POINT('',(1.6E0,7.9E-1,5.2E0));
#1455=LINE('',#1454,#1453);
#1456=DIRECTION('',(0.E0,0.E0,-1.E0));
#1457=VECTOR('',#1456,3.8E-1);
#1458=CARTESIAN_POINT('',(1.6E0,7.9E-1,5.58E0));
#1459=LINE('',#1458,#1457);
#1460=DIRECTION('',(1.E0,0.E0,0.E0));
#1461=VECTOR('',#1460,1.277158385260E-1);
#1462=CARTESIAN_POINT('',(1.472284161474E0,7.9E-1,5.58E0));
#1463=LINE('',#1462,#1461);
#1464=DIRECTION('',(1.E0,0.E0,0.E0));
#1465=VECTOR('',#1464,1.277158385260E-1);
#1466=CARTESIAN_POINT('',(1.9E0,7.9E-1,5.58E0));
#1467=LINE('',#1466,#1465);
#1468=DIRECTION('',(0.E0,0.E0,1.E0));
#1469=VECTOR('',#1468,3.8E-1);
#1470=CARTESIAN_POINT('',(1.9E0,7.9E-1,5.2E0));
#1471=LINE('',#1470,#1469);
#1472=DIRECTION('',(-1.E0,0.E0,0.E0));
#1473=VECTOR('',#1472,4.E-1);
#1474=CARTESIAN_POINT('',(2.3E0,7.9E-1,5.2E0));
#1475=LINE('',#1474,#1473);
#1476=DIRECTION('',(0.E0,0.E0,-1.E0));
#1477=VECTOR('',#1476,3.8E-1);
#1478=CARTESIAN_POINT('',(2.3E0,7.9E-1,5.58E0));
#1479=LINE('',#1478,#1477);
#1480=DIRECTION('',(1.E0,0.E0,0.E0));
#1481=VECTOR('',#1480,1.277158385260E-1);
#1482=CARTESIAN_POINT('',(2.172284161474E0,7.9E-1,5.58E0));
#1483=LINE('',#1482,#1481);
#1484=DIRECTION('',(0.E0,0.E0,1.E0));
#1485=VECTOR('',#1484,1.277158385260E-1);
#1486=CARTESIAN_POINT('',(-3.58E0,7.9E-1,-2.1E0));
#1487=LINE('',#1486,#1485);
#1488=DIRECTION('',(-1.E0,0.E0,0.E0));
#1489=VECTOR('',#1488,3.8E-1);
#1490=CARTESIAN_POINT('',(-3.2E0,7.9E-1,-2.1E0));
#1491=LINE('',#1490,#1489);
#1492=DIRECTION('',(0.E0,0.E0,-1.E0));
#1493=VECTOR('',#1492,4.E-1);
#1494=CARTESIAN_POINT('',(-3.2E0,7.9E-1,-1.7E0));
#1495=LINE('',#1494,#1493);
#1496=DIRECTION('',(1.E0,0.E0,0.E0));
#1497=VECTOR('',#1496,3.8E-1);
#1498=CARTESIAN_POINT('',(-3.58E0,7.9E-1,-1.7E0));
#1499=LINE('',#1498,#1497);
#1500=DIRECTION('',(0.E0,0.E0,1.E0));
#1501=VECTOR('',#1500,1.277158385260E-1);
#1502=CARTESIAN_POINT('',(-3.58E0,7.9E-1,-1.827715838526E0));
#1503=LINE('',#1502,#1501);
#1504=DIRECTION('',(0.E0,0.E0,1.E0));
#1505=VECTOR('',#1504,1.277158385260E-1);
#1506=CARTESIAN_POINT('',(-3.58E0,7.9E-1,-1.4E0));
#1507=LINE('',#1506,#1505);
#1508=DIRECTION('',(-1.E0,0.E0,0.E0));
#1509=VECTOR('',#1508,3.8E-1);
#1510=CARTESIAN_POINT('',(-3.2E0,7.9E-1,-1.4E0));
#1511=LINE('',#1510,#1509);
#1512=DIRECTION('',(0.E0,0.E0,-1.E0));
#1513=VECTOR('',#1512,4.E-1);
#1514=CARTESIAN_POINT('',(-3.2E0,7.9E-1,-1.E0));
#1515=LINE('',#1514,#1513);
#1516=DIRECTION('',(1.E0,0.E0,0.E0));
#1517=VECTOR('',#1516,3.8E-1);
#1518=CARTESIAN_POINT('',(-3.58E0,7.9E-1,-1.E0));
#1519=LINE('',#1518,#1517);
#1520=DIRECTION('',(0.E0,0.E0,1.E0));
#1521=VECTOR('',#1520,1.277158385260E-1);
#1522=CARTESIAN_POINT('',(-3.58E0,7.9E-1,-1.127715838526E0));
#1523=LINE('',#1522,#1521);
#1524=DIRECTION('',(0.E0,0.E0,1.E0));
#1525=VECTOR('',#1524,1.277158385260E-1);
#1526=CARTESIAN_POINT('',(-3.58E0,7.9E-1,-7.E-1));
#1527=LINE('',#1526,#1525);
#1528=DIRECTION('',(-1.E0,0.E0,0.E0));
#1529=VECTOR('',#1528,3.8E-1);
#1530=CARTESIAN_POINT('',(-3.2E0,7.9E-1,-7.E-1));
#1531=LINE('',#1530,#1529);
#1532=DIRECTION('',(0.E0,0.E0,-1.E0));
#1533=VECTOR('',#1532,4.E-1);
#1534=CARTESIAN_POINT('',(-3.2E0,7.9E-1,-3.E-1));
#1535=LINE('',#1534,#1533);
#1536=DIRECTION('',(1.E0,0.E0,0.E0));
#1537=VECTOR('',#1536,3.8E-1);
#1538=CARTESIAN_POINT('',(-3.58E0,7.9E-1,-3.E-1));
#1539=LINE('',#1538,#1537);
#1540=DIRECTION('',(0.E0,0.E0,1.E0));
#1541=VECTOR('',#1540,1.277158385260E-1);
#1542=CARTESIAN_POINT('',(-3.58E0,7.9E-1,-4.277158385260E-1));
#1543=LINE('',#1542,#1541);
#1544=DIRECTION('',(0.E0,0.E0,1.E0));
#1545=VECTOR('',#1544,1.277158385260E-1);
#1546=CARTESIAN_POINT('',(-3.58E0,7.9E-1,0.E0));
#1547=LINE('',#1546,#1545);
#1548=DIRECTION('',(-1.E0,0.E0,0.E0));
#1549=VECTOR('',#1548,3.8E-1);
#1550=CARTESIAN_POINT('',(-3.2E0,7.9E-1,0.E0));
#1551=LINE('',#1550,#1549);
#1552=DIRECTION('',(0.E0,0.E0,-1.E0));
#1553=VECTOR('',#1552,4.E-1);
#1554=CARTESIAN_POINT('',(-3.2E0,7.9E-1,4.E-1));
#1555=LINE('',#1554,#1553);
#1556=DIRECTION('',(1.E0,0.E0,0.E0));
#1557=VECTOR('',#1556,3.8E-1);
#1558=CARTESIAN_POINT('',(-3.58E0,7.9E-1,4.E-1));
#1559=LINE('',#1558,#1557);
#1560=DIRECTION('',(0.E0,0.E0,1.E0));
#1561=VECTOR('',#1560,1.277158385260E-1);
#1562=CARTESIAN_POINT('',(-3.58E0,7.9E-1,2.722841614740E-1));
#1563=LINE('',#1562,#1561);
#1564=DIRECTION('',(0.E0,0.E0,1.E0));
#1565=VECTOR('',#1564,1.277158385260E-1);
#1566=CARTESIAN_POINT('',(-3.58E0,7.9E-1,7.E-1));
#1567=LINE('',#1566,#1565);
#1568=DIRECTION('',(-1.E0,0.E0,0.E0));
#1569=VECTOR('',#1568,3.8E-1);
#1570=CARTESIAN_POINT('',(-3.2E0,7.9E-1,7.E-1));
#1571=LINE('',#1570,#1569);
#1572=DIRECTION('',(0.E0,0.E0,-1.E0));
#1573=VECTOR('',#1572,4.E-1);
#1574=CARTESIAN_POINT('',(-3.2E0,7.9E-1,1.1E0));
#1575=LINE('',#1574,#1573);
#1576=DIRECTION('',(1.E0,0.E0,0.E0));
#1577=VECTOR('',#1576,3.8E-1);
#1578=CARTESIAN_POINT('',(-3.58E0,7.9E-1,1.1E0));
#1579=LINE('',#1578,#1577);
#1580=DIRECTION('',(0.E0,0.E0,1.E0));
#1581=VECTOR('',#1580,1.277158385260E-1);
#1582=CARTESIAN_POINT('',(-3.58E0,7.9E-1,9.722841614740E-1));
#1583=LINE('',#1582,#1581);
#1584=DIRECTION('',(0.E0,0.E0,1.E0));
#1585=VECTOR('',#1584,1.277158385260E-1);
#1586=CARTESIAN_POINT('',(-3.58E0,7.9E-1,1.4E0));
#1587=LINE('',#1586,#1585);
#1588=DIRECTION('',(-1.E0,0.E0,0.E0));
#1589=VECTOR('',#1588,3.8E-1);
#1590=CARTESIAN_POINT('',(-3.2E0,7.9E-1,1.4E0));
#1591=LINE('',#1590,#1589);
#1592=DIRECTION('',(0.E0,0.E0,-1.E0));
#1593=VECTOR('',#1592,4.E-1);
#1594=CARTESIAN_POINT('',(-3.2E0,7.9E-1,1.8E0));
#1595=LINE('',#1594,#1593);
#1596=DIRECTION('',(1.E0,0.E0,0.E0));
#1597=VECTOR('',#1596,3.8E-1);
#1598=CARTESIAN_POINT('',(-3.58E0,7.9E-1,1.8E0));
#1599=LINE('',#1598,#1597);
#1600=DIRECTION('',(0.E0,0.E0,1.E0));
#1601=VECTOR('',#1600,1.277158385260E-1);
#1602=CARTESIAN_POINT('',(-3.58E0,7.9E-1,1.672284161474E0));
#1603=LINE('',#1602,#1601);
#1604=DIRECTION('',(0.E0,0.E0,1.E0));
#1605=VECTOR('',#1604,1.277158385260E-1);
#1606=CARTESIAN_POINT('',(-3.58E0,7.9E-1,2.1E0));
#1607=LINE('',#1606,#1605);
#1608=DIRECTION('',(-1.E0,0.E0,0.E0));
#1609=VECTOR('',#1608,3.8E-1);
#1610=CARTESIAN_POINT('',(-3.2E0,7.9E-1,2.1E0));
#1611=LINE('',#1610,#1609);
#1612=DIRECTION('',(0.E0,0.E0,-1.E0));
#1613=VECTOR('',#1612,4.E-1);
#1614=CARTESIAN_POINT('',(-3.2E0,7.9E-1,2.5E0));
#1615=LINE('',#1614,#1613);
#1616=DIRECTION('',(1.E0,0.E0,0.E0));
#1617=VECTOR('',#1616,3.8E-1);
#1618=CARTESIAN_POINT('',(-3.58E0,7.9E-1,2.5E0));
#1619=LINE('',#1618,#1617);
#1620=DIRECTION('',(0.E0,0.E0,1.E0));
#1621=VECTOR('',#1620,1.277158385260E-1);
#1622=CARTESIAN_POINT('',(-3.58E0,7.9E-1,2.372284161474E0));
#1623=LINE('',#1622,#1621);
#1624=DIRECTION('',(0.E0,0.E0,1.E0));
#1625=VECTOR('',#1624,1.277158385260E-1);
#1626=CARTESIAN_POINT('',(-3.58E0,7.9E-1,2.8E0));
#1627=LINE('',#1626,#1625);
#1628=DIRECTION('',(-1.E0,0.E0,0.E0));
#1629=VECTOR('',#1628,3.8E-1);
#1630=CARTESIAN_POINT('',(-3.2E0,7.9E-1,2.8E0));
#1631=LINE('',#1630,#1629);
#1632=DIRECTION('',(0.E0,0.E0,-1.E0));
#1633=VECTOR('',#1632,4.E-1);
#1634=CARTESIAN_POINT('',(-3.2E0,7.9E-1,3.2E0));
#1635=LINE('',#1634,#1633);
#1636=DIRECTION('',(1.E0,0.E0,0.E0));
#1637=VECTOR('',#1636,3.8E-1);
#1638=CARTESIAN_POINT('',(-3.58E0,7.9E-1,3.2E0));
#1639=LINE('',#1638,#1637);
#1640=DIRECTION('',(0.E0,0.E0,1.E0));
#1641=VECTOR('',#1640,1.277158385260E-1);
#1642=CARTESIAN_POINT('',(-3.58E0,7.9E-1,3.072284161474E0));
#1643=LINE('',#1642,#1641);
#1644=DIRECTION('',(0.E0,0.E0,1.E0));
#1645=VECTOR('',#1644,1.277158385260E-1);
#1646=CARTESIAN_POINT('',(-3.58E0,7.9E-1,3.5E0));
#1647=LINE('',#1646,#1645);
#1648=DIRECTION('',(-1.E0,0.E0,0.E0));
#1649=VECTOR('',#1648,3.8E-1);
#1650=CARTESIAN_POINT('',(-3.2E0,7.9E-1,3.5E0));
#1651=LINE('',#1650,#1649);
#1652=DIRECTION('',(0.E0,0.E0,-1.E0));
#1653=VECTOR('',#1652,4.E-1);
#1654=CARTESIAN_POINT('',(-3.2E0,7.9E-1,3.9E0));
#1655=LINE('',#1654,#1653);
#1656=DIRECTION('',(1.E0,0.E0,0.E0));
#1657=VECTOR('',#1656,3.8E-1);
#1658=CARTESIAN_POINT('',(-3.58E0,7.9E-1,3.9E0));
#1659=LINE('',#1658,#1657);
#1660=DIRECTION('',(0.E0,0.E0,1.E0));
#1661=VECTOR('',#1660,1.277158385260E-1);
#1662=CARTESIAN_POINT('',(-3.58E0,7.9E-1,3.772284161474E0));
#1663=LINE('',#1662,#1661);
#1664=DIRECTION('',(0.E0,1.E0,0.E0));
#1665=VECTOR('',#1664,7.8E-1);
#1666=CARTESIAN_POINT('',(3.58E0,1.E-2,-2.072284161474E0));
#1667=LINE('',#1666,#1665);
#1668=CARTESIAN_POINT('',(3.6E0,1.E-2,-2.E0));
#1669=DIRECTION('',(0.E0,1.E0,0.E0));
#1670=DIRECTION('',(-2.666666666667E-1,0.E0,-9.637888196534E-1));
#1671=AXIS2_PLACEMENT_3D('',#1668,#1669,#1670);
#1673=DIRECTION('',(0.E0,1.E0,0.E0));
#1674=VECTOR('',#1673,7.8E-1);
#1675=CARTESIAN_POINT('',(3.58E0,1.E-2,-1.927715838526E0));
#1676=LINE('',#1675,#1674);
#1677=CARTESIAN_POINT('',(3.6E0,7.9E-1,-2.E0));
#1678=DIRECTION('',(0.E0,1.E0,0.E0));
#1679=DIRECTION('',(-2.666666666667E-1,0.E0,-9.637888196534E-1));
#1680=AXIS2_PLACEMENT_3D('',#1677,#1678,#1679);
#1682=DIRECTION('',(0.E0,-1.E0,0.E0));
#1683=VECTOR('',#1682,1.E-2);
#1684=CARTESIAN_POINT('',(3.2E0,8.E-1,2.8E0));
#1685=LINE('',#1684,#1683);
#1686=DIRECTION('',(0.E0,-1.E0,0.E0));
#1687=VECTOR('',#1686,8.E-1);
#1688=CARTESIAN_POINT('',(3.6E0,8.E-1,2.8E0));
#1689=LINE('',#1688,#1687);
#1690=DIRECTION('',(0.E0,1.E0,0.E0));
#1691=VECTOR('',#1690,1.E-2);
#1692=CARTESIAN_POINT('',(2.5E0,0.E0,2.8E0));
#1693=LINE('',#1692,#1691);
#1694=DIRECTION('',(0.E0,1.E0,0.E0));
#1695=VECTOR('',#1694,1.E-2);
#1696=CARTESIAN_POINT('',(2.5E0,0.E0,3.2E0));
#1697=LINE('',#1696,#1695);
#1698=DIRECTION('',(0.E0,1.E0,0.E0));
#1699=VECTOR('',#1698,7.8E-1);
#1700=CARTESIAN_POINT('',(3.58E0,1.E-2,3.627715838526E0));
#1701=LINE('',#1700,#1699);
#1702=CARTESIAN_POINT('',(3.6E0,1.E-2,3.7E0));
#1703=DIRECTION('',(0.E0,1.E0,0.E0));
#1704=DIRECTION('',(-2.666666666667E-1,0.E0,-9.637888196534E-1));
#1705=AXIS2_PLACEMENT_3D('',#1702,#1703,#1704);
#1707=DIRECTION('',(0.E0,1.E0,0.E0));
#1708=VECTOR('',#1707,7.8E-1);
#1709=CARTESIAN_POINT('',(3.58E0,1.E-2,3.772284161474E0));
#1710=LINE('',#1709,#1708);
#1711=CARTESIAN_POINT('',(3.6E0,7.9E-1,3.7E0));
#1712=DIRECTION('',(0.E0,1.E0,0.E0));
#1713=DIRECTION('',(-2.666666666667E-1,0.E0,-9.637888196534E-1));
#1714=AXIS2_PLACEMENT_3D('',#1711,#1712,#1713);
#1716=DIRECTION('',(0.E0,1.E0,0.E0));
#1717=VECTOR('',#1716,8.E-1);
#1718=CARTESIAN_POINT('',(3.6E0,0.E0,3.9E0));
#1719=LINE('',#1718,#1717);
#1720=DIRECTION('',(0.E0,-1.E0,4.440892098501E-14));
#1721=VECTOR('',#1720,1.E-2);
#1722=CARTESIAN_POINT('',(3.2E0,8.E-1,3.9E0));
#1723=LINE('',#1722,#1721);
#1724=DIRECTION('',(0.E0,1.E0,0.E0));
#1725=VECTOR('',#1724,1.E-2);
#1726=CARTESIAN_POINT('',(2.5E0,0.E0,3.9E0));
#1727=LINE('',#1726,#1725);
#1728=DIRECTION('',(0.E0,-1.E0,0.E0));
#1729=VECTOR('',#1728,8.E-1);
#1730=CARTESIAN_POINT('',(3.6E0,8.E-1,3.5E0));
#1731=LINE('',#1730,#1729);
#1732=DIRECTION('',(0.E0,1.E0,0.E0));
#1733=VECTOR('',#1732,1.E-2);
#1734=CARTESIAN_POINT('',(2.5E0,0.E0,3.5E0));
#1735=LINE('',#1734,#1733);
#1736=DIRECTION('',(0.E0,-1.E0,0.E0));
#1737=VECTOR('',#1736,1.E-2);
#1738=CARTESIAN_POINT('',(3.2E0,8.E-1,3.5E0));
#1739=LINE('',#1738,#1737);
#1740=DIRECTION('',(0.E0,1.E0,0.E0));
#1741=VECTOR('',#1740,7.8E-1);
#1742=CARTESIAN_POINT('',(2.3E0,1.E-2,5.58E0));
#1743=LINE('',#1742,#1741);
#1744=DIRECTION('',(0.E0,-1.E0,0.E0));
#1745=VECTOR('',#1744,7.8E-1);
#1746=CARTESIAN_POINT('',(1.9E0,7.9E-1,5.58E0));
#1747=LINE('',#1746,#1745);
#1748=DIRECTION('',(0.E0,1.E0,0.E0));
#1749=VECTOR('',#1748,7.8E-1);
#1750=CARTESIAN_POINT('',(1.6E0,1.E-2,5.58E0));
#1751=LINE('',#1750,#1749);
#1752=DIRECTION('',(0.E0,-1.E0,0.E0));
#1753=VECTOR('',#1752,7.8E-1);
#1754=CARTESIAN_POINT('',(1.2E0,7.9E-1,5.58E0));
#1755=LINE('',#1754,#1753);
#1756=DIRECTION('',(0.E0,1.E0,0.E0));
#1757=VECTOR('',#1756,7.8E-1);
#1758=CARTESIAN_POINT('',(9.E-1,1.E-2,5.58E0));
#1759=LINE('',#1758,#1757);
#1760=DIRECTION('',(0.E0,-1.E0,0.E0));
#1761=VECTOR('',#1760,7.8E-1);
#1762=CARTESIAN_POINT('',(5.E-1,7.9E-1,5.58E0));
#1763=LINE('',#1762,#1761);
#1764=DIRECTION('',(0.E0,1.E0,0.E0));
#1765=VECTOR('',#1764,7.8E-1);
#1766=CARTESIAN_POINT('',(2.E-1,1.E-2,5.58E0));
#1767=LINE('',#1766,#1765);
#1768=DIRECTION('',(0.E0,-1.E0,0.E0));
#1769=VECTOR('',#1768,7.8E-1);
#1770=CARTESIAN_POINT('',(-2.E-1,7.9E-1,5.58E0));
#1771=LINE('',#1770,#1769);
#1772=DIRECTION('',(0.E0,1.E0,0.E0));
#1773=VECTOR('',#1772,7.8E-1);
#1774=CARTESIAN_POINT('',(-1.9E0,1.E-2,5.58E0));
#1775=LINE('',#1774,#1773);
#1776=DIRECTION('',(0.E0,-1.E0,0.E0));
#1777=VECTOR('',#1776,7.8E-1);
#1778=CARTESIAN_POINT('',(-2.3E0,7.9E-1,5.58E0));
#1779=LINE('',#1778,#1777);
#1780=DIRECTION('',(0.E0,1.E0,0.E0));
#1781=VECTOR('',#1780,7.8E-1);
#1782=CARTESIAN_POINT('',(-1.2E0,1.E-2,5.58E0));
#1783=LINE('',#1782,#1781);
#1784=DIRECTION('',(0.E0,-1.E0,0.E0));
#1785=VECTOR('',#1784,7.8E-1);
#1786=CARTESIAN_POINT('',(-1.6E0,7.9E-1,5.58E0));
#1787=LINE('',#1786,#1785);
#1788=DIRECTION('',(0.E0,1.E0,0.E0));
#1789=VECTOR('',#1788,7.8E-1);
#1790=CARTESIAN_POINT('',(-5.E-1,1.E-2,5.58E0));
#1791=LINE('',#1790,#1789);
#1792=DIRECTION('',(0.E0,-1.E0,0.E0));
#1793=VECTOR('',#1792,7.8E-1);
#1794=CARTESIAN_POINT('',(-9.E-1,7.9E-1,5.58E0));
#1795=LINE('',#1794,#1793);
#1796=DIRECTION('',(0.E0,1.E0,0.E0));
#1797=VECTOR('',#1796,7.8E-1);
#1798=CARTESIAN_POINT('',(2.172284161474E0,1.E-2,5.58E0));
#1799=LINE('',#1798,#1797);
#1800=CARTESIAN_POINT('',(2.1E0,1.E-2,5.6E0));
#1801=DIRECTION('',(0.E0,1.E0,0.E0));
#1802=DIRECTION('',(9.637888196534E-1,0.E0,-2.666666666667E-1));
#1803=AXIS2_PLACEMENT_3D('',#1800,#1801,#1802);
#1805=DIRECTION('',(0.E0,1.E0,0.E0));
#1806=VECTOR('',#1805,7.8E-1);
#1807=CARTESIAN_POINT('',(2.027715838526E0,1.E-2,5.58E0));
#1808=LINE('',#1807,#1806);
#1809=CARTESIAN_POINT('',(2.1E0,7.9E-1,5.6E0));
#1810=DIRECTION('',(0.E0,1.E0,0.E0));
#1811=DIRECTION('',(9.637888196534E-1,0.E0,-2.666666666667E-1));
#1812=AXIS2_PLACEMENT_3D('',#1809,#1810,#1811);
#1814=DIRECTION('',(0.E0,-1.E0,0.E0));
#1815=VECTOR('',#1814,8.E-1);
#1816=CARTESIAN_POINT('',(2.3E0,8.E-1,5.6E0));
#1817=LINE('',#1816,#1815);
#1818=DIRECTION('',(0.E0,1.E0,0.E0));
#1819=VECTOR('',#1818,1.E-2);
#1820=CARTESIAN_POINT('',(2.3E0,0.E0,4.5E0));
#1821=LINE('',#1820,#1819);
#1822=DIRECTION('',(0.E0,1.E0,0.E0));
#1823=VECTOR('',#1822,8.E-1);
#1824=CARTESIAN_POINT('',(-3.6E0,0.E0,5.6E0));
#1825=LINE('',#1824,#1823);
#1826=DIRECTION('',(0.E0,1.E0,0.E0));
#1827=VECTOR('',#1826,8.E-1);
#1828=CARTESIAN_POINT('',(1.9E0,0.E0,5.6E0));
#1829=LINE('',#1828,#1827);
#1830=DIRECTION('',(0.E0,-1.E0,0.E0));
#1831=VECTOR('',#1830,1.E-2);
#1832=CARTESIAN_POINT('',(1.9E0,8.E-1,5.2E0));
#1833=LINE('',#1832,#1831);
#1834=DIRECTION('',(0.E0,1.E0,0.E0));
#1835=VECTOR('',#1834,1.E-2);
#1836=CARTESIAN_POINT('',(1.9E0,0.E0,4.5E0));
#1837=LINE('',#1836,#1835);
#1838=DIRECTION('',(0.E0,-1.E0,0.E0));
#1839=VECTOR('',#1838,1.E-2);
#1840=CARTESIAN_POINT('',(2.3E0,8.E-1,5.2E0));
#1841=LINE('',#1840,#1839);
#1842=DIRECTION('',(0.E0,-1.E0,0.E0));
#1843=VECTOR('',#1842,8.E-1);
#1844=CARTESIAN_POINT('',(1.6E0,8.E-1,5.6E0));
#1845=LINE('',#1844,#1843);
#1846=DIRECTION('',(0.E0,1.E0,0.E0));
#1847=VECTOR('',#1846,1.E-2);
#1848=CARTESIAN_POINT('',(1.6E0,0.E0,4.5E0));
#1849=LINE('',#1848,#1847);
#1850=DIRECTION('',(0.E0,1.E0,0.E0));
#1851=VECTOR('',#1850,1.E-2);
#1852=CARTESIAN_POINT('',(1.2E0,0.E0,4.5E0));
#1853=LINE('',#1852,#1851);
#1854=DIRECTION('',(0.E0,1.E0,0.E0));
#1855=VECTOR('',#1854,8.E-1);
#1856=CARTESIAN_POINT('',(1.2E0,0.E0,5.6E0));
#1857=LINE('',#1856,#1855);
#1858=DIRECTION('',(0.E0,-1.E0,0.E0));
#1859=VECTOR('',#1858,1.E-2);
#1860=CARTESIAN_POINT('',(1.2E0,8.E-1,5.2E0));
#1861=LINE('',#1860,#1859);
#1862=DIRECTION('',(0.E0,-1.E0,0.E0));
#1863=VECTOR('',#1862,1.E-2);
#1864=CARTESIAN_POINT('',(1.6E0,8.E-1,5.2E0));
#1865=LINE('',#1864,#1863);
#1866=DIRECTION('',(0.E0,-1.E0,0.E0));
#1867=VECTOR('',#1866,8.E-1);
#1868=CARTESIAN_POINT('',(9.E-1,8.E-1,5.6E0));
#1869=LINE('',#1868,#1867);
#1870=DIRECTION('',(0.E0,1.E0,0.E0));
#1871=VECTOR('',#1870,1.E-2);
#1872=CARTESIAN_POINT('',(9.E-1,0.E0,4.5E0));
#1873=LINE('',#1872,#1871);
#1874=DIRECTION('',(0.E0,1.E0,0.E0));
#1875=VECTOR('',#1874,1.E-2);
#1876=CARTESIAN_POINT('',(5.E-1,0.E0,4.5E0));
#1877=LINE('',#1876,#1875);
#1878=DIRECTION('',(0.E0,1.E0,0.E0));
#1879=VECTOR('',#1878,8.E-1);
#1880=CARTESIAN_POINT('',(5.E-1,0.E0,5.6E0));
#1881=LINE('',#1880,#1879);
#1882=DIRECTION('',(0.E0,-1.E0,0.E0));
#1883=VECTOR('',#1882,1.E-2);
#1884=CARTESIAN_POINT('',(5.E-1,8.E-1,5.2E0));
#1885=LINE('',#1884,#1883);
#1886=DIRECTION('',(0.E0,-1.E0,0.E0));
#1887=VECTOR('',#1886,1.E-2);
#1888=CARTESIAN_POINT('',(9.E-1,8.E-1,5.2E0));
#1889=LINE('',#1888,#1887);
#1890=DIRECTION('',(0.E0,-1.E0,0.E0));
#1891=VECTOR('',#1890,8.E-1);
#1892=CARTESIAN_POINT('',(2.E-1,8.E-1,5.6E0));
#1893=LINE('',#1892,#1891);
#1894=DIRECTION('',(0.E0,1.E0,0.E0));
#1895=VECTOR('',#1894,1.E-2);
#1896=CARTESIAN_POINT('',(2.E-1,0.E0,4.5E0));
#1897=LINE('',#1896,#1895);
#1898=DIRECTION('',(0.E0,1.E0,0.E0));
#1899=VECTOR('',#1898,1.E-2);
#1900=CARTESIAN_POINT('',(-2.E-1,0.E0,4.5E0));
#1901=LINE('',#1900,#1899);
#1902=DIRECTION('',(0.E0,1.E0,0.E0));
#1903=VECTOR('',#1902,8.E-1);
#1904=CARTESIAN_POINT('',(-2.E-1,0.E0,5.6E0));
#1905=LINE('',#1904,#1903);
#1906=DIRECTION('',(0.E0,-1.E0,0.E0));
#1907=VECTOR('',#1906,1.E-2);
#1908=CARTESIAN_POINT('',(-2.E-1,8.E-1,5.2E0));
#1909=LINE('',#1908,#1907);
#1910=DIRECTION('',(0.E0,-1.E0,0.E0));
#1911=VECTOR('',#1910,1.E-2);
#1912=CARTESIAN_POINT('',(2.E-1,8.E-1,5.2E0));
#1913=LINE('',#1912,#1911);
#1914=DIRECTION('',(0.E0,-1.E0,0.E0));
#1915=VECTOR('',#1914,8.E-1);
#1916=CARTESIAN_POINT('',(-5.E-1,8.E-1,5.6E0));
#1917=LINE('',#1916,#1915);
#1918=DIRECTION('',(0.E0,1.E0,0.E0));
#1919=VECTOR('',#1918,1.E-2);
#1920=CARTESIAN_POINT('',(-5.E-1,0.E0,4.5E0));
#1921=LINE('',#1920,#1919);
#1922=DIRECTION('',(0.E0,1.E0,0.E0));
#1923=VECTOR('',#1922,1.E-2);
#1924=CARTESIAN_POINT('',(-9.E-1,0.E0,4.5E0));
#1925=LINE('',#1924,#1923);
#1926=DIRECTION('',(0.E0,1.E0,0.E0));
#1927=VECTOR('',#1926,8.E-1);
#1928=CARTESIAN_POINT('',(-9.E-1,0.E0,5.6E0));
#1929=LINE('',#1928,#1927);
#1930=DIRECTION('',(0.E0,-1.E0,0.E0));
#1931=VECTOR('',#1930,1.E-2);
#1932=CARTESIAN_POINT('',(-9.E-1,8.E-1,5.2E0));
#1933=LINE('',#1932,#1931);
#1934=DIRECTION('',(0.E0,-1.E0,0.E0));
#1935=VECTOR('',#1934,1.E-2);
#1936=CARTESIAN_POINT('',(-5.E-1,8.E-1,5.2E0));
#1937=LINE('',#1936,#1935);
#1938=DIRECTION('',(0.E0,-1.E0,0.E0));
#1939=VECTOR('',#1938,8.E-1);
#1940=CARTESIAN_POINT('',(-1.2E0,8.E-1,5.6E0));
#1941=LINE('',#1940,#1939);
#1942=DIRECTION('',(0.E0,1.E0,0.E0));
#1943=VECTOR('',#1942,1.E-2);
#1944=CARTESIAN_POINT('',(-1.2E0,0.E0,4.5E0));
#1945=LINE('',#1944,#1943);
#1946=DIRECTION('',(0.E0,1.E0,0.E0));
#1947=VECTOR('',#1946,1.E-2);
#1948=CARTESIAN_POINT('',(-1.6E0,0.E0,4.5E0));
#1949=LINE('',#1948,#1947);
#1950=DIRECTION('',(0.E0,1.E0,0.E0));
#1951=VECTOR('',#1950,8.E-1);
#1952=CARTESIAN_POINT('',(-1.6E0,0.E0,5.6E0));
#1953=LINE('',#1952,#1951);
#1954=DIRECTION('',(0.E0,-1.E0,0.E0));
#1955=VECTOR('',#1954,1.E-2);
#1956=CARTESIAN_POINT('',(-1.6E0,8.E-1,5.2E0));
#1957=LINE('',#1956,#1955);
#1958=DIRECTION('',(0.E0,-1.E0,0.E0));
#1959=VECTOR('',#1958,1.E-2);
#1960=CARTESIAN_POINT('',(-1.2E0,8.E-1,5.2E0));
#1961=LINE('',#1960,#1959);
#1962=DIRECTION('',(0.E0,-1.E0,0.E0));
#1963=VECTOR('',#1962,8.E-1);
#1964=CARTESIAN_POINT('',(-1.9E0,8.E-1,5.6E0));
#1965=LINE('',#1964,#1963);
#1966=DIRECTION('',(0.E0,1.E0,0.E0));
#1967=VECTOR('',#1966,1.E-2);
#1968=CARTESIAN_POINT('',(-1.9E0,0.E0,4.5E0));
#1969=LINE('',#1968,#1967);
#1970=DIRECTION('',(0.E0,1.E0,0.E0));
#1971=VECTOR('',#1970,1.E-2);
#1972=CARTESIAN_POINT('',(-2.3E0,0.E0,4.5E0));
#1973=LINE('',#1972,#1971);
#1974=DIRECTION('',(0.E0,1.E0,0.E0));
#1975=VECTOR('',#1974,8.E-1);
#1976=CARTESIAN_POINT('',(-2.3E0,0.E0,5.6E0));
#1977=LINE('',#1976,#1975);
#1978=DIRECTION('',(0.E0,-1.E0,0.E0));
#1979=VECTOR('',#1978,1.E-2);
#1980=CARTESIAN_POINT('',(-2.3E0,8.E-1,5.2E0));
#1981=LINE('',#1980,#1979);
#1982=DIRECTION('',(0.E0,-1.E0,0.E0));
#1983=VECTOR('',#1982,1.E-2);
#1984=CARTESIAN_POINT('',(-1.9E0,8.E-1,5.2E0));
#1985=LINE('',#1984,#1983);
#1986=DIRECTION('',(0.E0,1.E0,0.E0));
#1987=VECTOR('',#1986,8.E-1);
#1988=CARTESIAN_POINT('',(-3.6E0,0.E0,-5.6E0));
#1989=LINE('',#1988,#1987);
#1990=DIRECTION('',(0.E0,1.E0,0.E0));
#1991=VECTOR('',#1990,8.E-1);
#1992=CARTESIAN_POINT('',(-3.6E0,0.E0,3.5E0));
#1993=LINE('',#1992,#1991);
#1994=DIRECTION('',(0.E0,-1.E0,0.E0));
#1995=VECTOR('',#1994,1.E-2);
#1996=CARTESIAN_POINT('',(-3.2E0,8.E-1,3.5E0));
#1997=LINE('',#1996,#1995);
#1998=DIRECTION('',(0.E0,1.E0,0.E0));
#1999=VECTOR('',#1998,7.8E-1);
#2000=CARTESIAN_POINT('',(-3.58E0,1.E-2,3.9E0));
#2001=LINE('',#2000,#1999);
#2002=DIRECTION('',(0.E0,-1.E0,0.E0));
#2003=VECTOR('',#2002,7.8E-1);
#2004=CARTESIAN_POINT('',(-3.58E0,7.9E-1,3.5E0));
#2005=LINE('',#2004,#2003);
#2006=DIRECTION('',(0.E0,1.E0,0.E0));
#2007=VECTOR('',#2006,7.8E-1);
#2008=CARTESIAN_POINT('',(-3.58E0,1.E-2,3.2E0));
#2009=LINE('',#2008,#2007);
#2010=DIRECTION('',(0.E0,-1.E0,0.E0));
#2011=VECTOR('',#2010,7.8E-1);
#2012=CARTESIAN_POINT('',(-3.58E0,7.9E-1,2.8E0));
#2013=LINE('',#2012,#2011);
#2014=DIRECTION('',(0.E0,1.E0,0.E0));
#2015=VECTOR('',#2014,7.8E-1);
#2016=CARTESIAN_POINT('',(-3.58E0,1.E-2,2.5E0));
#2017=LINE('',#2016,#2015);
#2018=DIRECTION('',(0.E0,-1.E0,0.E0));
#2019=VECTOR('',#2018,7.8E-1);
#2020=CARTESIAN_POINT('',(-3.58E0,7.9E-1,2.1E0));
#2021=LINE('',#2020,#2019);
#2022=DIRECTION('',(0.E0,1.E0,0.E0));
#2023=VECTOR('',#2022,7.8E-1);
#2024=CARTESIAN_POINT('',(-3.58E0,1.E-2,1.8E0));
#2025=LINE('',#2024,#2023);
#2026=DIRECTION('',(0.E0,-1.E0,0.E0));
#2027=VECTOR('',#2026,7.8E-1);
#2028=CARTESIAN_POINT('',(-3.58E0,7.9E-1,1.4E0));
#2029=LINE('',#2028,#2027);
#2030=DIRECTION('',(0.E0,1.E0,0.E0));
#2031=VECTOR('',#2030,7.8E-1);
#2032=CARTESIAN_POINT('',(-3.58E0,1.E-2,1.1E0));
#2033=LINE('',#2032,#2031);
#2034=DIRECTION('',(0.E0,-1.E0,0.E0));
#2035=VECTOR('',#2034,7.8E-1);
#2036=CARTESIAN_POINT('',(-3.58E0,7.9E-1,7.E-1));
#2037=LINE('',#2036,#2035);
#2038=DIRECTION('',(0.E0,1.E0,0.E0));
#2039=VECTOR('',#2038,7.8E-1);
#2040=CARTESIAN_POINT('',(-3.58E0,1.E-2,-1.7E0));
#2041=LINE('',#2040,#2039);
#2042=DIRECTION('',(0.E0,-1.E0,0.E0));
#2043=VECTOR('',#2042,7.8E-1);
#2044=CARTESIAN_POINT('',(-3.58E0,7.9E-1,-2.1E0));
#2045=LINE('',#2044,#2043);
#2046=DIRECTION('',(0.E0,1.E0,0.E0));
#2047=VECTOR('',#2046,7.8E-1);
#2048=CARTESIAN_POINT('',(-3.58E0,1.E-2,-1.E0));
#2049=LINE('',#2048,#2047);
#2050=DIRECTION('',(0.E0,-1.E0,0.E0));
#2051=VECTOR('',#2050,7.8E-1);
#2052=CARTESIAN_POINT('',(-3.58E0,7.9E-1,-1.4E0));
#2053=LINE('',#2052,#2051);
#2054=DIRECTION('',(0.E0,1.E0,0.E0));
#2055=VECTOR('',#2054,7.8E-1);
#2056=CARTESIAN_POINT('',(-3.58E0,1.E-2,-3.E-1));
#2057=LINE('',#2056,#2055);
#2058=DIRECTION('',(0.E0,-1.E0,0.E0));
#2059=VECTOR('',#2058,7.8E-1);
#2060=CARTESIAN_POINT('',(-3.58E0,7.9E-1,-7.E-1));
#2061=LINE('',#2060,#2059);
#2062=DIRECTION('',(0.E0,1.E0,0.E0));
#2063=VECTOR('',#2062,7.8E-1);
#2064=CARTESIAN_POINT('',(-3.58E0,1.E-2,4.E-1));
#2065=LINE('',#2064,#2063);
#2066=DIRECTION('',(0.E0,-1.E0,0.E0));
#2067=VECTOR('',#2066,7.8E-1);
#2068=CARTESIAN_POINT('',(-3.58E0,7.9E-1,0.E0));
#2069=LINE('',#2068,#2067);
#2070=DIRECTION('',(0.E0,1.E0,0.E0));
#2071=VECTOR('',#2070,7.8E-1);
#2072=CARTESIAN_POINT('',(-3.58E0,1.E-2,3.772284161474E0));
#2073=LINE('',#2072,#2071);
#2074=CARTESIAN_POINT('',(-3.6E0,1.E-2,3.7E0));
#2075=DIRECTION('',(0.E0,1.E0,0.E0));
#2076=DIRECTION('',(2.666666666667E-1,0.E0,9.637888196534E-1));
#2077=AXIS2_PLACEMENT_3D('',#2074,#2075,#2076);
#2079=DIRECTION('',(0.E0,1.E0,0.E0));
#2080=VECTOR('',#2079,7.8E-1);
#2081=CARTESIAN_POINT('',(-3.58E0,1.E-2,3.627715838526E0));
#2082=LINE('',#2081,#2080);
#2083=CARTESIAN_POINT('',(-3.6E0,7.9E-1,3.7E0));
#2084=DIRECTION('',(0.E0,1.E0,0.E0));
#2085=DIRECTION('',(2.666666666667E-1,0.E0,9.637888196534E-1));
#2086=AXIS2_PLACEMENT_3D('',#2083,#2084,#2085);
#2088=DIRECTION('',(0.E0,-1.E0,0.E0));
#2089=VECTOR('',#2088,8.E-1);
#2090=CARTESIAN_POINT('',(-3.6E0,8.E-1,3.9E0));
#2091=LINE('',#2090,#2089);
#2092=DIRECTION('',(0.E0,1.E0,0.E0));
#2093=VECTOR('',#2092,1.E-2);
#2094=CARTESIAN_POINT('',(-2.5E0,0.E0,3.9E0));
#2095=LINE('',#2094,#2093);
#2096=DIRECTION('',(0.E0,1.E0,0.E0));
#2097=VECTOR('',#2096,1.E-2);
#2098=CARTESIAN_POINT('',(-2.5E0,0.E0,3.5E0));
#2099=LINE('',#2098,#2097);
#2100=DIRECTION('',(0.E0,-1.E0,0.E0));
#2101=VECTOR('',#2100,1.E-2);
#2102=CARTESIAN_POINT('',(-3.2E0,8.E-1,3.9E0));
#2103=LINE('',#2102,#2101);
#2104=DIRECTION('',(0.E0,1.E0,0.E0));
#2105=VECTOR('',#2104,7.8E-1);
#2106=CARTESIAN_POINT('',(-3.58E0,1.E-2,3.072284161474E0));
#2107=LINE('',#2106,#2105);
#2108=CARTESIAN_POINT('',(-3.6E0,1.E-2,3.E0));
#2109=DIRECTION('',(0.E0,1.E0,0.E0));
#2110=DIRECTION('',(2.666666666667E-1,0.E0,9.637888196534E-1));
#2111=AXIS2_PLACEMENT_3D('',#2108,#2109,#2110);
#2113=DIRECTION('',(0.E0,1.E0,0.E0));
#2114=VECTOR('',#2113,7.8E-1);
#2115=CARTESIAN_POINT('',(-3.58E0,1.E-2,2.927715838526E0));
#2116=LINE('',#2115,#2114);
#2117=CARTESIAN_POINT('',(-3.6E0,7.9E-1,3.E0));
#2118=DIRECTION('',(0.E0,1.E0,0.E0));
#2119=DIRECTION('',(2.666666666667E-1,0.E0,9.637888196534E-1));
#2120=AXIS2_PLACEMENT_3D('',#2117,#2118,#2119);
#2122=DIRECTION('',(0.E0,-1.E0,0.E0));
#2123=VECTOR('',#2122,8.E-1);
#2124=CARTESIAN_POINT('',(-3.6E0,8.E-1,3.2E0));
#2125=LINE('',#2124,#2123);
#2126=DIRECTION('',(0.E0,1.E0,0.E0));
#2127=VECTOR('',#2126,1.E-2);
#2128=CARTESIAN_POINT('',(-2.5E0,0.E0,3.2E0));
#2129=LINE('',#2128,#2127);
#2130=DIRECTION('',(0.E0,1.E0,0.E0));
#2131=VECTOR('',#2130,1.E-2);
#2132=CARTESIAN_POINT('',(-2.5E0,0.E0,2.8E0));
#2133=LINE('',#2132,#2131);
#2134=DIRECTION('',(0.E0,1.E0,0.E0));
#2135=VECTOR('',#2134,8.E-1);
#2136=CARTESIAN_POINT('',(-3.6E0,0.E0,2.8E0));
#2137=LINE('',#2136,#2135);
#2138=DIRECTION('',(0.E0,-1.E0,0.E0));
#2139=VECTOR('',#2138,1.E-2);
#2140=CARTESIAN_POINT('',(-3.2E0,8.E-1,2.8E0));
#2141=LINE('',#2140,#2139);
#2142=DIRECTION('',(0.E0,-1.E0,0.E0));
#2143=VECTOR('',#2142,1.E-2);
#2144=CARTESIAN_POINT('',(-3.2E0,8.E-1,3.2E0));
#2145=LINE('',#2144,#2143);
#2146=DIRECTION('',(0.E0,1.E0,0.E0));
#2147=VECTOR('',#2146,7.8E-1);
#2148=CARTESIAN_POINT('',(-3.58E0,1.E-2,2.372284161474E0));
#2149=LINE('',#2148,#2147);
#2150=CARTESIAN_POINT('',(-3.6E0,1.E-2,2.3E0));
#2151=DIRECTION('',(0.E0,1.E0,0.E0));
#2152=DIRECTION('',(2.666666666667E-1,0.E0,9.637888196534E-1));
#2153=AXIS2_PLACEMENT_3D('',#2150,#2151,#2152);
#2155=DIRECTION('',(0.E0,1.E0,0.E0));
#2156=VECTOR('',#2155,7.8E-1);
#2157=CARTESIAN_POINT('',(-3.58E0,1.E-2,2.227715838526E0));
#2158=LINE('',#2157,#2156);
#2159=CARTESIAN_POINT('',(-3.6E0,7.9E-1,2.3E0));
#2160=DIRECTION('',(0.E0,1.E0,0.E0));
#2161=DIRECTION('',(2.666666666667E-1,0.E0,9.637888196534E-1));
#2162=AXIS2_PLACEMENT_3D('',#2159,#2160,#2161);
#2164=DIRECTION('',(0.E0,-1.E0,0.E0));
#2165=VECTOR('',#2164,8.E-1);
#2166=CARTESIAN_POINT('',(-3.6E0,8.E-1,2.5E0));
#2167=LINE('',#2166,#2165);
#2168=DIRECTION('',(0.E0,1.E0,0.E0));
#2169=VECTOR('',#2168,1.E-2);
#2170=CARTESIAN_POINT('',(-2.5E0,0.E0,2.5E0));
#2171=LINE('',#2170,#2169);
#2172=DIRECTION('',(0.E0,1.E0,0.E0));
#2173=VECTOR('',#2172,1.E-2);
#2174=CARTESIAN_POINT('',(-2.5E0,0.E0,2.1E0));
#2175=LINE('',#2174,#2173);
#2176=DIRECTION('',(0.E0,1.E0,0.E0));
#2177=VECTOR('',#2176,8.E-1);
#2178=CARTESIAN_POINT('',(-3.6E0,0.E0,2.1E0));
#2179=LINE('',#2178,#2177);
#2180=DIRECTION('',(0.E0,-1.E0,0.E0));
#2181=VECTOR('',#2180,1.E-2);
#2182=CARTESIAN_POINT('',(-3.2E0,8.E-1,2.1E0));
#2183=LINE('',#2182,#2181);
#2184=DIRECTION('',(0.E0,-1.E0,0.E0));
#2185=VECTOR('',#2184,1.E-2);
#2186=CARTESIAN_POINT('',(-3.2E0,8.E-1,2.5E0));
#2187=LINE('',#2186,#2185);
#2188=DIRECTION('',(0.E0,1.E0,0.E0));
#2189=VECTOR('',#2188,7.8E-1);
#2190=CARTESIAN_POINT('',(-3.58E0,1.E-2,1.672284161474E0));
#2191=LINE('',#2190,#2189);
#2192=CARTESIAN_POINT('',(-3.6E0,1.E-2,1.6E0));
#2193=DIRECTION('',(0.E0,1.E0,0.E0));
#2194=DIRECTION('',(2.666666666667E-1,0.E0,9.637888196534E-1));
#2195=AXIS2_PLACEMENT_3D('',#2192,#2193,#2194);
#2197=DIRECTION('',(0.E0,1.E0,0.E0));
#2198=VECTOR('',#2197,7.8E-1);
#2199=CARTESIAN_POINT('',(-3.58E0,1.E-2,1.527715838526E0));
#2200=LINE('',#2199,#2198);
#2201=CARTESIAN_POINT('',(-3.6E0,7.9E-1,1.6E0));
#2202=DIRECTION('',(0.E0,1.E0,0.E0));
#2203=DIRECTION('',(2.666666666667E-1,0.E0,9.637888196534E-1));
#2204=AXIS2_PLACEMENT_3D('',#2201,#2202,#2203);
#2206=DIRECTION('',(0.E0,-1.E0,0.E0));
#2207=VECTOR('',#2206,8.E-1);
#2208=CARTESIAN_POINT('',(-3.6E0,8.E-1,1.8E0));
#2209=LINE('',#2208,#2207);
#2210=DIRECTION('',(0.E0,1.E0,0.E0));
#2211=VECTOR('',#2210,1.E-2);
#2212=CARTESIAN_POINT('',(-2.5E0,0.E0,1.8E0));
#2213=LINE('',#2212,#2211);
#2214=DIRECTION('',(0.E0,1.E0,0.E0));
#2215=VECTOR('',#2214,1.E-2);
#2216=CARTESIAN_POINT('',(-2.5E0,0.E0,1.4E0));
#2217=LINE('',#2216,#2215);
#2218=DIRECTION('',(0.E0,1.E0,0.E0));
#2219=VECTOR('',#2218,8.E-1);
#2220=CARTESIAN_POINT('',(-3.6E0,0.E0,1.4E0));
#2221=LINE('',#2220,#2219);
#2222=DIRECTION('',(0.E0,-1.E0,0.E0));
#2223=VECTOR('',#2222,1.E-2);
#2224=CARTESIAN_POINT('',(-3.2E0,8.E-1,1.4E0));
#2225=LINE('',#2224,#2223);
#2226=DIRECTION('',(0.E0,-1.E0,0.E0));
#2227=VECTOR('',#2226,1.E-2);
#2228=CARTESIAN_POINT('',(-3.2E0,8.E-1,1.8E0));
#2229=LINE('',#2228,#2227);
#2230=DIRECTION('',(0.E0,1.E0,0.E0));
#2231=VECTOR('',#2230,7.8E-1);
#2232=CARTESIAN_POINT('',(-3.58E0,1.E-2,9.722841614740E-1));
#2233=LINE('',#2232,#2231);
#2234=CARTESIAN_POINT('',(-3.6E0,1.E-2,9.E-1));
#2235=DIRECTION('',(0.E0,1.E0,0.E0));
#2236=DIRECTION('',(2.666666666667E-1,0.E0,9.637888196534E-1));
#2237=AXIS2_PLACEMENT_3D('',#2234,#2235,#2236);
#2239=DIRECTION('',(0.E0,1.E0,0.E0));
#2240=VECTOR('',#2239,7.8E-1);
#2241=CARTESIAN_POINT('',(-3.58E0,1.E-2,8.277158385260E-1));
#2242=LINE('',#2241,#2240);
#2243=CARTESIAN_POINT('',(-3.6E0,7.9E-1,9.E-1));
#2244=DIRECTION('',(0.E0,1.E0,0.E0));
#2245=DIRECTION('',(2.666666666667E-1,0.E0,9.637888196534E-1));
#2246=AXIS2_PLACEMENT_3D('',#2243,#2244,#2245);
#2248=DIRECTION('',(0.E0,-1.E0,0.E0));
#2249=VECTOR('',#2248,8.E-1);
#2250=CARTESIAN_POINT('',(-3.6E0,8.E-1,1.1E0));
#2251=LINE('',#2250,#2249);
#2252=DIRECTION('',(0.E0,1.E0,0.E0));
#2253=VECTOR('',#2252,1.E-2);
#2254=CARTESIAN_POINT('',(-2.5E0,0.E0,1.1E0));
#2255=LINE('',#2254,#2253);
#2256=DIRECTION('',(0.E0,1.E0,0.E0));
#2257=VECTOR('',#2256,1.E-2);
#2258=CARTESIAN_POINT('',(-2.5E0,0.E0,7.E-1));
#2259=LINE('',#2258,#2257);
#2260=DIRECTION('',(0.E0,1.E0,0.E0));
#2261=VECTOR('',#2260,8.E-1);
#2262=CARTESIAN_POINT('',(-3.6E0,0.E0,7.E-1));
#2263=LINE('',#2262,#2261);
#2264=DIRECTION('',(0.E0,-1.E0,0.E0));
#2265=VECTOR('',#2264,1.E-2);
#2266=CARTESIAN_POINT('',(-3.2E0,8.E-1,7.E-1));
#2267=LINE('',#2266,#2265);
#2268=DIRECTION('',(0.E0,-1.E0,0.E0));
#2269=VECTOR('',#2268,1.E-2);
#2270=CARTESIAN_POINT('',(-3.2E0,8.E-1,1.1E0));
#2271=LINE('',#2270,#2269);
#2272=DIRECTION('',(0.E0,1.E0,0.E0));
#2273=VECTOR('',#2272,7.8E-1);
#2274=CARTESIAN_POINT('',(-3.58E0,1.E-2,-1.827715838526E0));
#2275=LINE('',#2274,#2273);
#2276=CARTESIAN_POINT('',(-3.6E0,1.E-2,-1.9E0));
#2277=DIRECTION('',(0.E0,1.E0,0.E0));
#2278=DIRECTION('',(2.666666666667E-1,0.E0,9.637888196534E-1));
#2279=AXIS2_PLACEMENT_3D('',#2276,#2277,#2278);
#2281=DIRECTION('',(0.E0,1.E0,0.E0));
#2282=VECTOR('',#2281,7.8E-1);
#2283=CARTESIAN_POINT('',(-3.58E0,1.E-2,-1.972284161474E0));
#2284=LINE('',#2283,#2282);
#2285=CARTESIAN_POINT('',(-3.6E0,7.9E-1,-1.9E0));
#2286=DIRECTION('',(0.E0,1.E0,0.E0));
#2287=DIRECTION('',(2.666666666667E-1,0.E0,9.637888196534E-1));
#2288=AXIS2_PLACEMENT_3D('',#2285,#2286,#2287);
#2290=DIRECTION('',(0.E0,-1.E0,0.E0));
#2291=VECTOR('',#2290,8.E-1);
#2292=CARTESIAN_POINT('',(-3.6E0,8.E-1,-1.7E0));
#2293=LINE('',#2292,#2291);
#2294=DIRECTION('',(0.E0,1.E0,-2.220446049250E-14));
#2295=VECTOR('',#2294,1.E-2);
#2296=CARTESIAN_POINT('',(-2.5E0,0.E0,-1.7E0));
#2297=LINE('',#2296,#2295);
#2298=DIRECTION('',(0.E0,1.E0,0.E0));
#2299=VECTOR('',#2298,1.E-2);
#2300=CARTESIAN_POINT('',(-2.5E0,0.E0,-2.1E0));
#2301=LINE('',#2300,#2299);
#2302=DIRECTION('',(0.E0,1.E0,0.E0));
#2303=VECTOR('',#2302,8.E-1);
#2304=CARTESIAN_POINT('',(-3.6E0,0.E0,-2.1E0));
#2305=LINE('',#2304,#2303);
#2306=DIRECTION('',(0.E0,-1.E0,0.E0));
#2307=VECTOR('',#2306,1.E-2);
#2308=CARTESIAN_POINT('',(-3.2E0,8.E-1,-2.1E0));
#2309=LINE('',#2308,#2307);
#2310=DIRECTION('',(0.E0,-1.E0,0.E0));
#2311=VECTOR('',#2310,1.E-2);
#2312=CARTESIAN_POINT('',(-3.2E0,8.E-1,-1.7E0));
#2313=LINE('',#2312,#2311);
#2314=DIRECTION('',(0.E0,1.E0,0.E0));
#2315=VECTOR('',#2314,7.8E-1);
#2316=CARTESIAN_POINT('',(-3.58E0,1.E-2,-1.127715838526E0));
#2317=LINE('',#2316,#2315);
#2318=CARTESIAN_POINT('',(-3.6E0,1.E-2,-1.2E0));
#2319=DIRECTION('',(0.E0,1.E0,0.E0));
#2320=DIRECTION('',(2.666666666667E-1,0.E0,9.637888196534E-1));
#2321=AXIS2_PLACEMENT_3D('',#2318,#2319,#2320);
#2323=DIRECTION('',(0.E0,1.E0,0.E0));
#2324=VECTOR('',#2323,7.8E-1);
#2325=CARTESIAN_POINT('',(-3.58E0,1.E-2,-1.272284161474E0));
#2326=LINE('',#2325,#2324);
#2327=CARTESIAN_POINT('',(-3.6E0,7.9E-1,-1.2E0));
#2328=DIRECTION('',(0.E0,1.E0,0.E0));
#2329=DIRECTION('',(2.666666666667E-1,0.E0,9.637888196534E-1));
#2330=AXIS2_PLACEMENT_3D('',#2327,#2328,#2329);
#2332=DIRECTION('',(0.E0,-1.E0,0.E0));
#2333=VECTOR('',#2332,8.E-1);
#2334=CARTESIAN_POINT('',(-3.6E0,8.E-1,-1.E0));
#2335=LINE('',#2334,#2333);
#2336=DIRECTION('',(0.E0,1.E0,0.E0));
#2337=VECTOR('',#2336,1.E-2);
#2338=CARTESIAN_POINT('',(-2.5E0,0.E0,-1.E0));
#2339=LINE('',#2338,#2337);
#2340=DIRECTION('',(0.E0,1.E0,0.E0));
#2341=VECTOR('',#2340,1.E-2);
#2342=CARTESIAN_POINT('',(-2.5E0,0.E0,-1.4E0));
#2343=LINE('',#2342,#2341);
#2344=DIRECTION('',(0.E0,1.E0,0.E0));
#2345=VECTOR('',#2344,8.E-1);
#2346=CARTESIAN_POINT('',(-3.6E0,0.E0,-1.4E0));
#2347=LINE('',#2346,#2345);
#2348=DIRECTION('',(0.E0,-1.E0,0.E0));
#2349=VECTOR('',#2348,1.E-2);
#2350=CARTESIAN_POINT('',(-3.2E0,8.E-1,-1.4E0));
#2351=LINE('',#2350,#2349);
#2352=DIRECTION('',(0.E0,-1.E0,0.E0));
#2353=VECTOR('',#2352,1.E-2);
#2354=CARTESIAN_POINT('',(-3.2E0,8.E-1,-1.E0));
#2355=LINE('',#2354,#2353);
#2356=DIRECTION('',(0.E0,1.E0,0.E0));
#2357=VECTOR('',#2356,7.8E-1);
#2358=CARTESIAN_POINT('',(-3.58E0,1.E-2,-4.277158385260E-1));
#2359=LINE('',#2358,#2357);
#2360=CARTESIAN_POINT('',(-3.6E0,1.E-2,-5.E-1));
#2361=DIRECTION('',(0.E0,1.E0,0.E0));
#2362=DIRECTION('',(2.666666666667E-1,0.E0,9.637888196534E-1));
#2363=AXIS2_PLACEMENT_3D('',#2360,#2361,#2362);
#2365=DIRECTION('',(0.E0,1.E0,0.E0));
#2366=VECTOR('',#2365,7.8E-1);
#2367=CARTESIAN_POINT('',(-3.58E0,1.E-2,-5.722841614740E-1));
#2368=LINE('',#2367,#2366);
#2369=CARTESIAN_POINT('',(-3.6E0,7.9E-1,-5.E-1));
#2370=DIRECTION('',(0.E0,1.E0,0.E0));
#2371=DIRECTION('',(2.666666666667E-1,0.E0,9.637888196534E-1));
#2372=AXIS2_PLACEMENT_3D('',#2369,#2370,#2371);
#2374=DIRECTION('',(0.E0,-1.E0,0.E0));
#2375=VECTOR('',#2374,8.E-1);
#2376=CARTESIAN_POINT('',(-3.6E0,8.E-1,-3.E-1));
#2377=LINE('',#2376,#2375);
#2378=DIRECTION('',(0.E0,1.E0,0.E0));
#2379=VECTOR('',#2378,1.E-2);
#2380=CARTESIAN_POINT('',(-2.5E0,0.E0,-3.E-1));
#2381=LINE('',#2380,#2379);
#2382=DIRECTION('',(0.E0,1.E0,0.E0));
#2383=VECTOR('',#2382,1.E-2);
#2384=CARTESIAN_POINT('',(-2.5E0,0.E0,-7.E-1));
#2385=LINE('',#2384,#2383);
#2386=DIRECTION('',(0.E0,1.E0,0.E0));
#2387=VECTOR('',#2386,8.E-1);
#2388=CARTESIAN_POINT('',(-3.6E0,0.E0,-7.E-1));
#2389=LINE('',#2388,#2387);
#2390=DIRECTION('',(0.E0,-1.E0,0.E0));
#2391=VECTOR('',#2390,1.E-2);
#2392=CARTESIAN_POINT('',(-3.2E0,8.E-1,-7.E-1));
#2393=LINE('',#2392,#2391);
#2394=DIRECTION('',(0.E0,-1.E0,0.E0));
#2395=VECTOR('',#2394,1.E-2);
#2396=CARTESIAN_POINT('',(-3.2E0,8.E-1,-3.E-1));
#2397=LINE('',#2396,#2395);
#2398=DIRECTION('',(0.E0,1.E0,0.E0));
#2399=VECTOR('',#2398,7.8E-1);
#2400=CARTESIAN_POINT('',(-3.58E0,1.E-2,2.722841614740E-1));
#2401=LINE('',#2400,#2399);
#2402=CARTESIAN_POINT('',(-3.6E0,1.E-2,2.E-1));
#2403=DIRECTION('',(0.E0,1.E0,0.E0));
#2404=DIRECTION('',(2.666666666667E-1,0.E0,9.637888196534E-1));
#2405=AXIS2_PLACEMENT_3D('',#2402,#2403,#2404);
#2407=DIRECTION('',(0.E0,1.E0,0.E0));
#2408=VECTOR('',#2407,7.8E-1);
#2409=CARTESIAN_POINT('',(-3.58E0,1.E-2,1.277158385260E-1));
#2410=LINE('',#2409,#2408);
#2411=CARTESIAN_POINT('',(-3.6E0,7.9E-1,2.E-1));
#2412=DIRECTION('',(0.E0,1.E0,0.E0));
#2413=DIRECTION('',(2.666666666667E-1,0.E0,9.637888196534E-1));
#2414=AXIS2_PLACEMENT_3D('',#2411,#2412,#2413);
#2416=DIRECTION('',(0.E0,-1.E0,0.E0));
#2417=VECTOR('',#2416,8.E-1);
#2418=CARTESIAN_POINT('',(-3.6E0,8.E-1,4.E-1));
#2419=LINE('',#2418,#2417);
#2420=DIRECTION('',(0.E0,1.E0,0.E0));
#2421=VECTOR('',#2420,1.E-2);
#2422=CARTESIAN_POINT('',(-2.5E0,0.E0,4.E-1));
#2423=LINE('',#2422,#2421);
#2424=DIRECTION('',(0.E0,1.E0,0.E0));
#2425=VECTOR('',#2424,1.E-2);
#2426=CARTESIAN_POINT('',(-2.5E0,0.E0,0.E0));
#2427=LINE('',#2426,#2425);
#2428=DIRECTION('',(0.E0,1.E0,0.E0));
#2429=VECTOR('',#2428,8.E-1);
#2430=CARTESIAN_POINT('',(-3.6E0,0.E0,0.E0));
#2431=LINE('',#2430,#2429);
#2432=DIRECTION('',(0.E0,-1.E0,0.E0));
#2433=VECTOR('',#2432,1.E-2);
#2434=CARTESIAN_POINT('',(-3.2E0,8.E-1,0.E0));
#2435=LINE('',#2434,#2433);
#2436=DIRECTION('',(0.E0,-1.E0,0.E0));
#2437=VECTOR('',#2436,1.E-2);
#2438=CARTESIAN_POINT('',(-3.2E0,8.E-1,4.E-1));
#2439=LINE('',#2438,#2437);
#2440=DIRECTION('',(0.E0,1.E0,0.E0));
#2441=VECTOR('',#2440,8.E-1);
#2442=CARTESIAN_POINT('',(3.6E0,0.E0,-5.6E0));
#2443=LINE('',#2442,#2441);
#2444=DIRECTION('',(0.E0,1.E0,0.E0));
#2445=VECTOR('',#2444,7.8E-1);
#2446=CARTESIAN_POINT('',(1.472284161474E0,1.E-2,5.58E0));
#2447=LINE('',#2446,#2445);
#2448=CARTESIAN_POINT('',(1.4E0,1.E-2,5.6E0));
#2449=DIRECTION('',(0.E0,1.E0,0.E0));
#2450=DIRECTION('',(9.637888196534E-1,0.E0,-2.666666666667E-1));
#2451=AXIS2_PLACEMENT_3D('',#2448,#2449,#2450);
#2453=DIRECTION('',(0.E0,1.E0,0.E0));
#2454=VECTOR('',#2453,7.8E-1);
#2455=CARTESIAN_POINT('',(1.327715838526E0,1.E-2,5.58E0));
#2456=LINE('',#2455,#2454);
#2457=CARTESIAN_POINT('',(1.4E0,7.9E-1,5.6E0));
#2458=DIRECTION('',(0.E0,1.E0,0.E0));
#2459=DIRECTION('',(9.637888196534E-1,0.E0,-2.666666666667E-1));
#2460=AXIS2_PLACEMENT_3D('',#2457,#2458,#2459);
#2462=DIRECTION('',(0.E0,1.E0,0.E0));
#2463=VECTOR('',#2462,7.8E-1);
#2464=CARTESIAN_POINT('',(7.722841614740E-1,1.E-2,5.58E0));
#2465=LINE('',#2464,#2463);
#2466=CARTESIAN_POINT('',(7.E-1,1.E-2,5.6E0));
#2467=DIRECTION('',(0.E0,1.E0,0.E0));
#2468=DIRECTION('',(9.637888196534E-1,0.E0,-2.666666666667E-1));
#2469=AXIS2_PLACEMENT_3D('',#2466,#2467,#2468);
#2471=DIRECTION('',(0.E0,1.E0,0.E0));
#2472=VECTOR('',#2471,7.8E-1);
#2473=CARTESIAN_POINT('',(6.277158385260E-1,1.E-2,5.58E0));
#2474=LINE('',#2473,#2472);
#2475=CARTESIAN_POINT('',(7.E-1,7.9E-1,5.6E0));
#2476=DIRECTION('',(0.E0,1.E0,0.E0));
#2477=DIRECTION('',(9.637888196534E-1,0.E0,-2.666666666667E-1));
#2478=AXIS2_PLACEMENT_3D('',#2475,#2476,#2477);
#2480=DIRECTION('',(0.E0,1.E0,0.E0));
#2481=VECTOR('',#2480,7.8E-1);
#2482=CARTESIAN_POINT('',(7.228416147401E-2,1.E-2,5.58E0));
#2483=LINE('',#2482,#2481);
#2484=CARTESIAN_POINT('',(0.E0,1.E-2,5.6E0));
#2485=DIRECTION('',(0.E0,1.E0,0.E0));
#2486=DIRECTION('',(9.637888196534E-1,0.E0,-2.666666666667E-1));
#2487=AXIS2_PLACEMENT_3D('',#2484,#2485,#2486);
#2489=DIRECTION('',(0.E0,1.E0,0.E0));
#2490=VECTOR('',#2489,7.8E-1);
#2491=CARTESIAN_POINT('',(-7.228416147400E-2,1.E-2,5.58E0));
#2492=LINE('',#2491,#2490);
#2493=CARTESIAN_POINT('',(0.E0,7.9E-1,5.6E0));
#2494=DIRECTION('',(0.E0,1.E0,0.E0));
#2495=DIRECTION('',(9.637888196534E-1,0.E0,-2.666666666667E-1));
#2496=AXIS2_PLACEMENT_3D('',#2493,#2494,#2495);
#2498=DIRECTION('',(0.E0,1.E0,0.E0));
#2499=VECTOR('',#2498,7.8E-1);
#2500=CARTESIAN_POINT('',(-2.027715838526E0,1.E-2,5.58E0));
#2501=LINE('',#2500,#2499);
#2502=CARTESIAN_POINT('',(-2.1E0,1.E-2,5.6E0));
#2503=DIRECTION('',(0.E0,1.E0,0.E0));
#2504=DIRECTION('',(9.637888196534E-1,0.E0,-2.666666666667E-1));
#2505=AXIS2_PLACEMENT_3D('',#2502,#2503,#2504);
#2507=DIRECTION('',(0.E0,1.E0,0.E0));
#2508=VECTOR('',#2507,7.8E-1);
#2509=CARTESIAN_POINT('',(-2.172284161474E0,1.E-2,5.58E0));
#2510=LINE('',#2509,#2508);
#2511=CARTESIAN_POINT('',(-2.1E0,7.9E-1,5.6E0));
#2512=DIRECTION('',(0.E0,1.E0,0.E0));
#2513=DIRECTION('',(9.637888196534E-1,0.E0,-2.666666666667E-1));
#2514=AXIS2_PLACEMENT_3D('',#2511,#2512,#2513);
#2516=DIRECTION('',(0.E0,1.E0,0.E0));
#2517=VECTOR('',#2516,7.8E-1);
#2518=CARTESIAN_POINT('',(-1.327715838526E0,1.E-2,5.58E0));
#2519=LINE('',#2518,#2517);
#2520=CARTESIAN_POINT('',(-1.4E0,1.E-2,5.6E0));
#2521=DIRECTION('',(0.E0,1.E0,0.E0));
#2522=DIRECTION('',(9.637888196534E-1,0.E0,-2.666666666667E-1));
#2523=AXIS2_PLACEMENT_3D('',#2520,#2521,#2522);
#2525=DIRECTION('',(0.E0,1.E0,0.E0));
#2526=VECTOR('',#2525,7.8E-1);
#2527=CARTESIAN_POINT('',(-1.472284161474E0,1.E-2,5.58E0));
#2528=LINE('',#2527,#2526);
#2529=CARTESIAN_POINT('',(-1.4E0,7.9E-1,5.6E0));
#2530=DIRECTION('',(0.E0,1.E0,0.E0));
#2531=DIRECTION('',(9.637888196534E-1,0.E0,-2.666666666667E-1));
#2532=AXIS2_PLACEMENT_3D('',#2529,#2530,#2531);
#2534=DIRECTION('',(0.E0,1.E0,0.E0));
#2535=VECTOR('',#2534,7.8E-1);
#2536=CARTESIAN_POINT('',(-6.277158385260E-1,1.E-2,5.58E0));
#2537=LINE('',#2536,#2535);
#2538=CARTESIAN_POINT('',(-7.E-1,1.E-2,5.6E0));
#2539=DIRECTION('',(0.E0,1.E0,0.E0));
#2540=DIRECTION('',(9.637888196534E-1,0.E0,-2.666666666667E-1));
#2541=AXIS2_PLACEMENT_3D('',#2538,#2539,#2540);
#2543=DIRECTION('',(0.E0,1.E0,0.E0));
#2544=VECTOR('',#2543,7.8E-1);
#2545=CARTESIAN_POINT('',(-7.722841614740E-1,1.E-2,5.58E0));
#2546=LINE('',#2545,#2544);
#2547=CARTESIAN_POINT('',(-7.E-1,7.9E-1,5.6E0));
#2548=DIRECTION('',(0.E0,1.E0,0.E0));
#2549=DIRECTION('',(9.637888196534E-1,0.E0,-2.666666666667E-1));
#2550=AXIS2_PLACEMENT_3D('',#2547,#2548,#2549);
#2552=DIRECTION('',(-1.930539678736E-10,-1.E0,0.E0));
#2553=VECTOR('',#2552,9.E-1);
#2554=CARTESIAN_POINT('',(-2.799999999826E0,1.7E0,4.9E0));
#2555=LINE('',#2554,#2553);
#2556=DIRECTION('',(1.E0,0.E0,0.E0));
#2557=VECTOR('',#2556,5.600000000183E0);
#2558=CARTESIAN_POINT('',(-2.799999999826E0,1.7E0,4.9E0));
#2559=LINE('',#2558,#2557);
#2560=DIRECTION('',(-3.961186934021E-10,-1.E0,0.E0));
#2561=VECTOR('',#2560,9.E-1);
#2562=CARTESIAN_POINT('',(2.800000000357E0,1.7E0,4.9E0));
#2563=LINE('',#2562,#2561);
#2564=CARTESIAN_POINT('',(-2.8E0,1.7E0,4.8E0));
#2565=DIRECTION('',(0.E0,1.E0,0.E0));
#2566=DIRECTION('',(-1.E0,0.E0,0.E0));
#2567=AXIS2_PLACEMENT_3D('',#2564,#2565,#2566);
#2569=DIRECTION('',(0.E0,1.E0,-3.961177065371E-10));
#2570=VECTOR('',#2569,9.E-1);
#2571=CARTESIAN_POINT('',(-2.9E0,8.E-1,-2.E0));
#2572=LINE('',#2571,#2570);
#2573=DIRECTION('',(0.E0,0.E0,1.E0));
#2574=VECTOR('',#2573,6.800000000713E0);
#2575=CARTESIAN_POINT('',(-2.9E0,1.7E0,-2.000000000357E0));
#2576=LINE('',#2575,#2574);
#2577=DIRECTION('',(0.E0,-1.E0,-3.961167196722E-10));
#2578=VECTOR('',#2577,9.E-1);
#2579=CARTESIAN_POINT('',(-2.9E0,1.7E0,4.800000000357E0));
#2580=LINE('',#2579,#2578);
#2581=CARTESIAN_POINT('',(-2.8E0,1.7E0,-2.E0));
#2582=DIRECTION('',(0.E0,1.E0,0.E0));
#2583=DIRECTION('',(0.E0,0.E0,-1.E0));
#2584=AXIS2_PLACEMENT_3D('',#2581,#2582,#2583);
#2586=DIRECTION('',(1.930549547385E-10,-1.E0,0.E0));
#2587=VECTOR('',#2586,9.E-1);
#2588=CARTESIAN_POINT('',(2.799999999826E0,1.7E0,-2.1E0));
#2589=LINE('',#2588,#2587);
#2590=DIRECTION('',(-1.E0,0.E0,0.E0));
#2591=VECTOR('',#2590,5.599999999653E0);
#2592=CARTESIAN_POINT('',(2.799999999826E0,1.7E0,-2.1E0));
#2593=LINE('',#2592,#2591);
#2594=DIRECTION('',(1.930534744411E-10,1.E0,0.E0));
#2595=VECTOR('',#2594,9.E-1);
#2596=CARTESIAN_POINT('',(-2.8E0,8.E-1,-2.1E0));
#2597=LINE('',#2596,#2595);
#2598=DIRECTION('',(0.E0,-1.E0,0.E0));
#2599=VECTOR('',#2598,6.E-1);
#2600=CARTESIAN_POINT('',(6.E-1,8.E-1,-2.1E0));
#2601=LINE('',#2600,#2599);
#2602=CARTESIAN_POINT('',(2.8E0,1.7E0,-2.E0));
#2603=DIRECTION('',(0.E0,1.E0,0.E0));
#2604=DIRECTION('',(1.E0,0.E0,0.E0));
#2605=AXIS2_PLACEMENT_3D('',#2602,#2603,#2604);
#2607=DIRECTION('',(0.E0,-1.E0,1.930544613060E-10));
#2608=VECTOR('',#2607,9.E-1);
#2609=CARTESIAN_POINT('',(2.9E0,1.7E0,4.799999999826E0));
#2610=LINE('',#2609,#2608);
#2611=DIRECTION('',(0.E0,0.E0,-1.E0));
#2612=VECTOR('',#2611,6.800000000183E0);
#2613=CARTESIAN_POINT('',(2.9E0,1.7E0,4.799999999826E0));
#2614=LINE('',#2613,#2612);
#2615=DIRECTION('',(0.E0,-1.E0,3.961177065371E-10));
#2616=VECTOR('',#2615,9.E-1);
#2617=CARTESIAN_POINT('',(2.9E0,1.7E0,-2.000000000357E0));
#2618=LINE('',#2617,#2616);
#2619=DIRECTION('',(0.E0,-1.E0,0.E0));
#2620=VECTOR('',#2619,6.E-1);
#2621=CARTESIAN_POINT('',(2.9E0,8.E-1,1.4E0));
#2622=LINE('',#2621,#2620);
#2623=CARTESIAN_POINT('',(2.8E0,1.7E0,4.8E0));
#2624=DIRECTION('',(0.E0,1.E0,0.E0));
#2625=DIRECTION('',(0.E0,0.E0,1.E0));
#2626=AXIS2_PLACEMENT_3D('',#2623,#2624,#2625);
#2628=CARTESIAN_POINT('',(2.8E0,1.7E0,4.8E0));
#2629=DIRECTION('',(1.E0,0.E0,0.E0));
#2630=DIRECTION('',(0.E0,1.E0,0.E0));
#2631=AXIS2_PLACEMENT_3D('',#2628,#2629,#2630);
#2633=CARTESIAN_POINT('',(-2.8E0,1.7E0,4.8E0));
#2634=DIRECTION('',(1.E0,0.E0,0.E0));
#2635=DIRECTION('',(0.E0,1.E0,0.E0));
#2636=AXIS2_PLACEMENT_3D('',#2633,#2634,#2635);
#2638=DIRECTION('',(0.E0,0.E0,1.E0));
#2639=VECTOR('',#2638,6.8E0);
#2640=CARTESIAN_POINT('',(-2.8E0,1.8E0,-2.E0));
#2641=LINE('',#2640,#2639);
#2642=DIRECTION('',(-1.E0,0.E0,0.E0));
#2643=VECTOR('',#2642,5.6E0);
#2644=CARTESIAN_POINT('',(2.8E0,1.8E0,-2.E0));
#2645=LINE('',#2644,#2643);
#2646=DIRECTION('',(0.E0,0.E0,-1.E0));
#2647=VECTOR('',#2646,6.8E0);
#2648=CARTESIAN_POINT('',(2.8E0,1.8E0,4.8E0));
#2649=LINE('',#2648,#2647);
#2650=DIRECTION('',(1.E0,0.E0,0.E0));
#2651=VECTOR('',#2650,5.6E0);
#2652=CARTESIAN_POINT('',(-2.8E0,1.8E0,4.8E0));
#2653=LINE('',#2652,#2651);
#2654=CARTESIAN_POINT('',(-2.8E0,1.7E0,-2.E0));
#2655=DIRECTION('',(0.E0,0.E0,1.E0));
#2656=DIRECTION('',(0.E0,1.E0,0.E0));
#2657=AXIS2_PLACEMENT_3D('',#2654,#2655,#2656);
#2659=CARTESIAN_POINT('',(-2.8E0,1.7E0,4.8E0));
#2660=DIRECTION('',(0.E0,0.E0,1.E0));
#2661=DIRECTION('',(0.E0,1.E0,0.E0));
#2662=AXIS2_PLACEMENT_3D('',#2659,#2660,#2661);
#2664=CARTESIAN_POINT('',(-2.8E0,1.7E0,-2.E0));
#2665=DIRECTION('',(-1.E0,0.E0,0.E0));
#2666=DIRECTION('',(0.E0,1.E0,0.E0));
#2667=AXIS2_PLACEMENT_3D('',#2664,#2665,#2666);
#2669=CARTESIAN_POINT('',(2.8E0,1.7E0,-2.E0));
#2670=DIRECTION('',(-1.E0,0.E0,0.E0));
#2671=DIRECTION('',(0.E0,1.E0,0.E0));
#2672=AXIS2_PLACEMENT_3D('',#2669,#2670,#2671);
#2674=CARTESIAN_POINT('',(2.8E0,1.7E0,-2.E0));
#2675=DIRECTION('',(0.E0,0.E0,-1.E0));
#2676=DIRECTION('',(0.E0,1.E0,0.E0));
#2677=AXIS2_PLACEMENT_3D('',#2674,#2675,#2676);
#2679=CARTESIAN_POINT('',(2.8E0,1.7E0,4.8E0));
#2680=DIRECTION('',(0.E0,0.E0,-1.E0));
#2681=DIRECTION('',(0.E0,1.E0,0.E0));
#2682=AXIS2_PLACEMENT_3D('',#2679,#2680,#2681);
#2684=DIRECTION('',(1.E0,0.E0,0.E0));
#2685=VECTOR('',#2684,7.655644370746E-2);
#2686=CARTESIAN_POINT('',(5.234435562925E-1,8.E-1,-1.9E0));
#2687=LINE('',#2686,#2685);
#2688=DIRECTION('',(0.E0,0.E0,1.E0));
#2689=VECTOR('',#2688,2.E-1);
#2690=CARTESIAN_POINT('',(6.E-1,8.E-1,-2.1E0));
#2691=LINE('',#2690,#2689);
#2692=DIRECTION('',(-1.E0,0.E0,0.E0));
#2693=VECTOR('',#2692,7.655644370746E-2);
#2694=CARTESIAN_POINT('',(6.E-1,8.E-1,-2.1E0));
#2695=LINE('',#2694,#2693);
#2696=DIRECTION('',(-1.E0,0.E0,0.E0));
#2697=VECTOR('',#2696,7.655644370746E-2);
#2698=CARTESIAN_POINT('',(2.276556443707E0,8.E-1,-2.1E0));
#2699=LINE('',#2698,#2697);
#2700=DIRECTION('',(0.E0,0.E0,1.E0));
#2701=VECTOR('',#2700,2.E-1);
#2702=CARTESIAN_POINT('',(2.2E0,8.E-1,-2.1E0));
#2703=LINE('',#2702,#2701);
#2704=DIRECTION('',(1.E0,0.E0,0.E0));
#2705=VECTOR('',#2704,7.655644370746E-2);
#2706=CARTESIAN_POINT('',(2.2E0,8.E-1,-1.9E0));
#2707=LINE('',#2706,#2705);
#2708=DIRECTION('',(0.E0,0.E0,1.E0));
#2709=VECTOR('',#2708,7.655644370746E-2);
#2710=CARTESIAN_POINT('',(2.7E0,8.E-1,1.323443556293E0));
#2711=LINE('',#2710,#2709);
#2712=DIRECTION('',(-1.E0,0.E0,0.E0));
#2713=VECTOR('',#2712,2.E-1);
#2714=CARTESIAN_POINT('',(2.9E0,8.E-1,1.4E0));
#2715=LINE('',#2714,#2713);
#2716=DIRECTION('',(0.E0,0.E0,-1.E0));
#2717=VECTOR('',#2716,7.655644370746E-2);
#2718=CARTESIAN_POINT('',(2.9E0,8.E-1,1.4E0));
#2719=LINE('',#2718,#2717);
#2720=DIRECTION('',(0.E0,0.E0,-1.E0));
#2721=VECTOR('',#2720,7.655644370746E-2);
#2722=CARTESIAN_POINT('',(2.9E0,8.E-1,2.476556443707E0));
#2723=LINE('',#2722,#2721);
#2724=DIRECTION('',(-1.E0,0.E0,0.E0));
#2725=VECTOR('',#2724,2.E-1);
#2726=CARTESIAN_POINT('',(2.9E0,8.E-1,2.4E0));
#2727=LINE('',#2726,#2725);
#2728=DIRECTION('',(0.E0,0.E0,1.E0));
#2729=VECTOR('',#2728,7.655644370746E-2);
#2730=CARTESIAN_POINT('',(2.7E0,8.E-1,2.4E0));
#2731=LINE('',#2730,#2729);
#2732=DIRECTION('',(0.E0,-1.E0,0.E0));
#2733=VECTOR('',#2732,8.E-1);
#2734=CARTESIAN_POINT('',(-2.7E0,1.6E0,-1.9E0));
#2735=LINE('',#2734,#2733);
#2736=DIRECTION('',(0.E0,-1.E0,0.E0));
#2737=VECTOR('',#2736,6.E-1);
#2738=CARTESIAN_POINT('',(2.2E0,8.E-1,-1.9E0));
#2739=LINE('',#2738,#2737);
#2740=DIRECTION('',(0.E0,-1.E0,0.E0));
#2741=VECTOR('',#2740,8.E-1);
#2742=CARTESIAN_POINT('',(-2.7E0,1.6E0,4.7E0));
#2743=LINE('',#2742,#2741);
#2744=DIRECTION('',(0.E0,-1.E0,0.E0));
#2745=VECTOR('',#2744,8.E-1);
#2746=CARTESIAN_POINT('',(2.7E0,1.6E0,4.7E0));
#2747=LINE('',#2746,#2745);
#2748=DIRECTION('',(0.E0,-1.E0,0.E0));
#2749=VECTOR('',#2748,8.E-1);
#2750=CARTESIAN_POINT('',(2.7E0,1.6E0,-1.9E0));
#2751=LINE('',#2750,#2749);
#2752=DIRECTION('',(0.E0,-1.E0,0.E0));
#2753=VECTOR('',#2752,6.E-1);
#2754=CARTESIAN_POINT('',(2.7E0,8.E-1,2.4E0));
#2755=LINE('',#2754,#2753);
#2756=DIRECTION('',(1.E0,0.E0,0.E0));
#2757=VECTOR('',#2756,5.4E0);
#2758=CARTESIAN_POINT('',(-2.7E0,1.6E0,-1.9E0));
#2759=LINE('',#2758,#2757);
#2760=DIRECTION('',(0.E0,0.E0,-1.E0));
#2761=VECTOR('',#2760,6.6E0);
#2762=CARTESIAN_POINT('',(-2.7E0,1.6E0,4.7E0));
#2763=LINE('',#2762,#2761);
#2764=DIRECTION('',(-1.E0,0.E0,0.E0));
#2765=VECTOR('',#2764,5.4E0);
#2766=CARTESIAN_POINT('',(2.7E0,1.6E0,4.7E0));
#2767=LINE('',#2766,#2765);
#2768=DIRECTION('',(0.E0,0.E0,1.E0));
#2769=VECTOR('',#2768,6.6E0);
#2770=CARTESIAN_POINT('',(2.7E0,1.6E0,-1.9E0));
#2771=LINE('',#2770,#2769);
#2772=DIRECTION('',(0.E0,-1.E0,0.E0));
#2773=VECTOR('',#2772,6.E-1);
#2774=CARTESIAN_POINT('',(2.9E0,8.E-1,2.4E0));
#2775=LINE('',#2774,#2773);
#2776=DIRECTION('',(0.E0,0.E0,1.E0));
#2777=VECTOR('',#2776,1.E0);
#2778=CARTESIAN_POINT('',(2.9E0,2.E-1,1.4E0));
#2779=LINE('',#2778,#2777);
#2780=DIRECTION('',(1.E0,0.E0,0.E0));
#2781=VECTOR('',#2780,2.E-1);
#2782=CARTESIAN_POINT('',(2.7E0,2.E-1,1.4E0));
#2783=LINE('',#2782,#2781);
#2784=DIRECTION('',(0.E0,0.E0,-1.E0));
#2785=VECTOR('',#2784,1.E0);
#2786=CARTESIAN_POINT('',(2.7E0,2.E-1,2.4E0));
#2787=LINE('',#2786,#2785);
#2788=DIRECTION('',(-1.E0,0.E0,0.E0));
#2789=VECTOR('',#2788,2.E-1);
#2790=CARTESIAN_POINT('',(2.9E0,2.E-1,2.4E0));
#2791=LINE('',#2790,#2789);
#2792=DIRECTION('',(0.E0,-1.E0,0.E0));
#2793=VECTOR('',#2792,6.E-1);
#2794=CARTESIAN_POINT('',(2.7E0,8.E-1,1.4E0));
#2795=LINE('',#2794,#2793);
#2796=DIRECTION('',(0.E0,-1.E0,0.E0));
#2797=VECTOR('',#2796,6.E-1);
#2798=CARTESIAN_POINT('',(2.2E0,8.E-1,-2.1E0));
#2799=LINE('',#2798,#2797);
#2800=DIRECTION('',(0.E0,0.E0,1.E0));
#2801=VECTOR('',#2800,2.E-1);
#2802=CARTESIAN_POINT('',(2.2E0,2.E-1,-2.1E0));
#2803=LINE('',#2802,#2801);
#2804=DIRECTION('',(1.E0,0.E0,0.E0));
#2805=VECTOR('',#2804,1.6E0);
#2806=CARTESIAN_POINT('',(6.E-1,2.E-1,-2.1E0));
#2807=LINE('',#2806,#2805);
#2808=DIRECTION('',(0.E0,0.E0,-1.E0));
#2809=VECTOR('',#2808,2.E-1);
#2810=CARTESIAN_POINT('',(6.E-1,2.E-1,-1.9E0));
#2811=LINE('',#2810,#2809);
#2812=DIRECTION('',(-1.E0,0.E0,0.E0));
#2813=VECTOR('',#2812,1.6E0);
#2814=CARTESIAN_POINT('',(2.2E0,2.E-1,-1.9E0));
#2815=LINE('',#2814,#2813);
#2816=DIRECTION('',(0.E0,-1.E0,0.E0));
#2817=VECTOR('',#2816,6.E-1);
#2818=CARTESIAN_POINT('',(6.E-1,8.E-1,-1.9E0));
#2819=LINE('',#2818,#2817);
#2820=DIRECTION('',(0.E0,-1.E0,0.E0));
#2821=VECTOR('',#2820,8.E-1);
#2822=CARTESIAN_POINT('',(2.075E0,8.E-1,-1.775E0));
#2823=LINE('',#2822,#2821);
#2824=CARTESIAN_POINT('',(2.075E0,8.E-1,-2.E0));
#2825=DIRECTION('',(0.E0,1.E0,0.E0));
#2826=DIRECTION('',(8.958064164776E-1,0.E0,4.444444444444E-1));
#2827=AXIS2_PLACEMENT_3D('',#2824,#2825,#2826);
#2829=DIRECTION('',(0.E0,-1.E0,0.E0));
#2830=VECTOR('',#2829,8.E-1);
#2831=CARTESIAN_POINT('',(7.25E-1,8.E-1,-1.775E0));
#2832=LINE('',#2831,#2830);
#2833=DIRECTION('',(0.E0,-1.E0,0.E0));
#2834=VECTOR('',#2833,8.E-1);
#2835=CARTESIAN_POINT('',(2.075E0,8.E-1,-2.225E0));
#2836=LINE('',#2835,#2834);
#2837=CARTESIAN_POINT('',(2.8E0,8.E-1,1.525E0));
#2838=DIRECTION('',(0.E0,1.E0,0.E0));
#2839=DIRECTION('',(4.444444444444E-1,0.E0,-8.958064164776E-1));
#2840=AXIS2_PLACEMENT_3D('',#2837,#2838,#2839);
#2842=DIRECTION('',(0.E0,-1.E0,0.E0));
#2843=VECTOR('',#2842,8.E-1);
#2844=CARTESIAN_POINT('',(3.025E0,8.E-1,1.525E0));
#2845=LINE('',#2844,#2843);
#2846=DIRECTION('',(0.E0,-1.E0,0.E0));
#2847=VECTOR('',#2846,8.E-1);
#2848=CARTESIAN_POINT('',(3.025E0,8.E-1,2.275E0));
#2849=LINE('',#2848,#2847);
#2850=CARTESIAN_POINT('',(2.8E0,8.E-1,2.275E0));
#2851=DIRECTION('',(0.E0,1.E0,0.E0));
#2852=DIRECTION('',(-4.444444444444E-1,0.E0,8.958064164776E-1));
#2853=AXIS2_PLACEMENT_3D('',#2850,#2851,#2852);
#2855=DIRECTION('',(0.E0,-1.E0,0.E0));
#2856=VECTOR('',#2855,8.E-1);
#2857=CARTESIAN_POINT('',(2.575E0,8.E-1,2.275E0));
#2858=LINE('',#2857,#2856);
#2859=DIRECTION('',(0.E0,-1.E0,0.E0));
#2860=VECTOR('',#2859,8.E-1);
#2861=CARTESIAN_POINT('',(2.575E0,8.E-1,1.525E0));
#2862=LINE('',#2861,#2860);
#2863=DIRECTION('',(0.E0,1.E0,0.E0));
#2864=VECTOR('',#2863,1.25E0);
#2865=CARTESIAN_POINT('',(-2.56E0,8.E-1,-5.12E0));
#2866=LINE('',#2865,#2864);
#2867=DIRECTION('',(0.E0,1.E0,0.E0));
#2868=VECTOR('',#2867,1.25E0);
#2869=CARTESIAN_POINT('',(2.46E0,8.E-1,-5.12E0));
#2870=LINE('',#2869,#2868);
#2871=DIRECTION('',(0.E0,1.E0,0.E0));
#2872=VECTOR('',#2871,1.25E0);
#2873=CARTESIAN_POINT('',(2.46E0,8.E-1,-3.87E0));
#2874=LINE('',#2873,#2872);
#2875=DIRECTION('',(0.E0,1.E0,0.E0));
#2876=VECTOR('',#2875,1.25E0);
#2877=CARTESIAN_POINT('',(-2.56E0,8.E-1,-3.87E0));
#2878=LINE('',#2877,#2876);
#2879=DIRECTION('',(0.E0,0.E0,1.E0));
#2880=VECTOR('',#2879,1.25E0);
#2881=CARTESIAN_POINT('',(-2.56E0,2.05E0,-5.12E0));
#2882=LINE('',#2881,#2880);
#2883=DIRECTION('',(-1.E0,0.E0,0.E0));
#2884=VECTOR('',#2883,5.02E0);
#2885=CARTESIAN_POINT('',(2.46E0,2.05E0,-5.12E0));
#2886=LINE('',#2885,#2884);
#2887=DIRECTION('',(0.E0,0.E0,-1.E0));
#2888=VECTOR('',#2887,1.25E0);
#2889=CARTESIAN_POINT('',(2.46E0,2.05E0,-3.87E0));
#2890=LINE('',#2889,#2888);
#2891=DIRECTION('',(1.E0,0.E0,0.E0));
#2892=VECTOR('',#2891,5.02E0);
#2893=CARTESIAN_POINT('',(-2.56E0,2.05E0,-3.87E0));
#2894=LINE('',#2893,#2892);
#2895=CARTESIAN_POINT('',(3.6E0,0.E0,-5.6E0));
#2896=CARTESIAN_POINT('',(-3.6E0,0.E0,-5.6E0));
#2897=VERTEX_POINT('',#2895);
#2898=VERTEX_POINT('',#2896);
#2899=CARTESIAN_POINT('',(3.6E0,8.E-1,-5.6E0));
#2900=CARTESIAN_POINT('',(-3.6E0,8.E-1,-5.6E0));
#2901=VERTEX_POINT('',#2899);
#2902=VERTEX_POINT('',#2900);
#2903=CARTESIAN_POINT('',(-3.6E0,0.E0,5.6E0));
#2904=CARTESIAN_POINT('',(-3.6E0,8.E-1,5.6E0));
#2905=VERTEX_POINT('',#2903);
#2906=VERTEX_POINT('',#2904);
#2907=CARTESIAN_POINT('',(3.6E0,0.E0,5.6E0));
#2908=CARTESIAN_POINT('',(3.6E0,8.E-1,5.6E0));
#2909=VERTEX_POINT('',#2907);
#2910=VERTEX_POINT('',#2908);
#2911=CARTESIAN_POINT('',(7.25E-1,0.E0,-2.225E0));
#2912=CARTESIAN_POINT('',(7.25E-1,0.E0,-1.775E0));
#2913=VERTEX_POINT('',#2911);
#2914=VERTEX_POINT('',#2912);
#2915=CARTESIAN_POINT('',(2.075E0,0.E0,-1.775E0));
#2916=VERTEX_POINT('',#2915);
#2917=CARTESIAN_POINT('',(2.075E0,0.E0,-2.225E0));
#2918=VERTEX_POINT('',#2917);
#2919=CARTESIAN_POINT('',(7.25E-1,8.E-1,-1.775E0));
#2920=CARTESIAN_POINT('',(2.075E0,8.E-1,-1.775E0));
#2921=VERTEX_POINT('',#2919);
#2922=VERTEX_POINT('',#2920);
#2923=CARTESIAN_POINT('',(2.075E0,8.E-1,-2.225E0));
#2924=CARTESIAN_POINT('',(7.25E-1,8.E-1,-2.225E0));
#2925=VERTEX_POINT('',#2923);
#2926=VERTEX_POINT('',#2924);
#2927=CARTESIAN_POINT('',(-2.8E0,8.E-1,4.9E0));
#2928=CARTESIAN_POINT('',(2.8E0,8.E-1,4.9E0));
#2929=VERTEX_POINT('',#2927);
#2930=VERTEX_POINT('',#2928);
#2931=CARTESIAN_POINT('',(2.9E0,8.E-1,4.8E0));
#2932=CARTESIAN_POINT('',(2.9E0,8.E-1,2.476556443707E0));
#2933=VERTEX_POINT('',#2931);
#2934=VERTEX_POINT('',#2932);
#2935=CARTESIAN_POINT('',(2.9E0,8.E-1,1.323443556293E0));
#2936=CARTESIAN_POINT('',(2.9E0,8.E-1,-2.E0));
#2937=VERTEX_POINT('',#2935);
#2938=VERTEX_POINT('',#2936);
#2939=CARTESIAN_POINT('',(2.8E0,8.E-1,-2.1E0));
#2940=CARTESIAN_POINT('',(2.276556443707E0,8.E-1,-2.1E0));
#2941=VERTEX_POINT('',#2939);
#2942=VERTEX_POINT('',#2940);
#2943=CARTESIAN_POINT('',(5.234435562925E-1,8.E-1,-2.1E0));
#2944=VERTEX_POINT('',#2943);
#2945=CARTESIAN_POINT('',(5.234435562925E-1,8.E-1,-1.9E0));
#2946=VERTEX_POINT('',#2945);
#2947=CARTESIAN_POINT('',(2.276556443707E0,8.E-1,-1.9E0));
#2948=VERTEX_POINT('',#2947);
#2949=CARTESIAN_POINT('',(-2.56E0,8.E-1,-5.12E0));
#2950=CARTESIAN_POINT('',(-2.56E0,8.E-1,-3.87E0));
#2951=VERTEX_POINT('',#2949);
#2952=VERTEX_POINT('',#2950);
#2953=CARTESIAN_POINT('',(2.46E0,8.E-1,-3.87E0));
#2954=VERTEX_POINT('',#2953);
#2955=CARTESIAN_POINT('',(2.46E0,8.E-1,-5.12E0));
#2956=VERTEX_POINT('',#2955);
#2957=CARTESIAN_POINT('',(-2.56E0,2.05E0,-5.12E0));
#2958=VERTEX_POINT('',#2957);
#2959=CARTESIAN_POINT('',(-2.56E0,2.05E0,-3.87E0));
#2960=VERTEX_POINT('',#2959);
#2961=CARTESIAN_POINT('',(2.46E0,2.05E0,-3.87E0));
#2962=VERTEX_POINT('',#2961);
#2963=CARTESIAN_POINT('',(2.46E0,2.05E0,-5.12E0));
#2964=VERTEX_POINT('',#2963);
#2965=CARTESIAN_POINT('',(3.025E0,0.E0,1.525E0));
#2966=CARTESIAN_POINT('',(2.575E0,0.E0,1.525E0));
#2967=VERTEX_POINT('',#2965);
#2968=VERTEX_POINT('',#2966);
#2969=CARTESIAN_POINT('',(2.575E0,0.E0,2.275E0));
#2970=VERTEX_POINT('',#2969);
#2971=CARTESIAN_POINT('',(3.025E0,0.E0,2.275E0));
#2972=VERTEX_POINT('',#2971);
#2973=CARTESIAN_POINT('',(2.575E0,8.E-1,1.525E0));
#2974=CARTESIAN_POINT('',(2.575E0,8.E-1,2.275E0));
#2975=VERTEX_POINT('',#2973);
#2976=VERTEX_POINT('',#2974);
#2977=CARTESIAN_POINT('',(3.025E0,8.E-1,2.275E0));
#2978=CARTESIAN_POINT('',(3.025E0,8.E-1,1.525E0));
#2979=VERTEX_POINT('',#2977);
#2980=VERTEX_POINT('',#2978);
#2981=CARTESIAN_POINT('',(-2.7E0,1.6E0,-1.9E0));
#2982=CARTESIAN_POINT('',(2.7E0,1.6E0,-1.9E0));
#2983=VERTEX_POINT('',#2981);
#2984=VERTEX_POINT('',#2982);
#2985=CARTESIAN_POINT('',(2.7E0,1.6E0,4.7E0));
#2986=VERTEX_POINT('',#2985);
#2987=CARTESIAN_POINT('',(-2.7E0,1.6E0,4.7E0));
#2988=VERTEX_POINT('',#2987);
#2989=CARTESIAN_POINT('',(2.2E0,2.E-1,-2.1E0));
#2990=CARTESIAN_POINT('',(2.2E0,2.E-1,-1.9E0));
#2991=VERTEX_POINT('',#2989);
#2992=VERTEX_POINT('',#2990);
#2993=CARTESIAN_POINT('',(6.E-1,2.E-1,-1.9E0));
#2994=VERTEX_POINT('',#2993);
#2995=CARTESIAN_POINT('',(6.E-1,2.E-1,-2.1E0));
#2996=VERTEX_POINT('',#2995);
#2997=CARTESIAN_POINT('',(2.2E0,8.E-1,-2.1E0));
#2998=CARTESIAN_POINT('',(2.2E0,8.E-1,-1.9E0));
#2999=VERTEX_POINT('',#2997);
#3000=VERTEX_POINT('',#2998);
#3001=CARTESIAN_POINT('',(6.E-1,8.E-1,-2.1E0));
#3002=CARTESIAN_POINT('',(6.E-1,8.E-1,-1.9E0));
#3003=VERTEX_POINT('',#3001);
#3004=VERTEX_POINT('',#3002);
#3005=CARTESIAN_POINT('',(2.9E0,2.E-1,1.4E0));
#3006=CARTESIAN_POINT('',(2.9E0,2.E-1,2.4E0));
#3007=VERTEX_POINT('',#3005);
#3008=VERTEX_POINT('',#3006);
#3009=CARTESIAN_POINT('',(2.7E0,2.E-1,2.4E0));
#3010=VERTEX_POINT('',#3009);
#3011=CARTESIAN_POINT('',(2.7E0,2.E-1,1.4E0));
#3012=VERTEX_POINT('',#3011);
#3013=CARTESIAN_POINT('',(2.9E0,8.E-1,2.4E0));
#3014=CARTESIAN_POINT('',(2.7E0,8.E-1,2.4E0));
#3015=VERTEX_POINT('',#3013);
#3016=VERTEX_POINT('',#3014);
#3017=CARTESIAN_POINT('',(2.9E0,8.E-1,1.4E0));
#3018=CARTESIAN_POINT('',(2.7E0,8.E-1,1.4E0));
#3019=VERTEX_POINT('',#3017);
#3020=VERTEX_POINT('',#3018);
#3021=CARTESIAN_POINT('',(-2.8E0,1.7E0,-2.1E0));
#3022=CARTESIAN_POINT('',(-2.9E0,1.7E0,-2.E0));
#3023=VERTEX_POINT('',#3021);
#3024=VERTEX_POINT('',#3022);
#3025=CARTESIAN_POINT('',(-2.8E0,1.8E0,-2.E0));
#3026=CARTESIAN_POINT('',(-2.8E0,1.8E0,4.8E0));
#3027=VERTEX_POINT('',#3025);
#3028=VERTEX_POINT('',#3026);
#3029=CARTESIAN_POINT('',(-2.9E0,1.7E0,4.800000000357E0));
#3030=VERTEX_POINT('',#3029);
#3031=CARTESIAN_POINT('',(-2.8E0,1.7E0,4.9E0));
#3032=VERTEX_POINT('',#3031);
#3033=CARTESIAN_POINT('',(2.8E0,1.8E0,4.8E0));
#3034=VERTEX_POINT('',#3033);
#3035=CARTESIAN_POINT('',(2.800000000357E0,1.7E0,4.9E0));
#3036=VERTEX_POINT('',#3035);
#3037=CARTESIAN_POINT('',(2.9E0,1.7E0,4.8E0));
#3038=VERTEX_POINT('',#3037);
#3039=CARTESIAN_POINT('',(2.8E0,1.8E0,-2.E0));
#3040=VERTEX_POINT('',#3039);
#3041=CARTESIAN_POINT('',(2.9E0,1.7E0,-2.000000000357E0));
#3042=VERTEX_POINT('',#3041);
#3043=CARTESIAN_POINT('',(2.8E0,1.7E0,-2.1E0));
#3044=VERTEX_POINT('',#3043);
#3045=CARTESIAN_POINT('',(-2.8E0,8.E-1,-2.1E0));
#3046=VERTEX_POINT('',#3045);
#3047=CARTESIAN_POINT('',(-2.9E0,8.E-1,-2.E0));
#3048=CARTESIAN_POINT('',(-2.9E0,8.E-1,4.8E0));
#3049=VERTEX_POINT('',#3047);
#3050=VERTEX_POINT('',#3048);
#3051=CARTESIAN_POINT('',(-2.7E0,8.E-1,-1.9E0));
#3052=VERTEX_POINT('',#3051);
#3053=CARTESIAN_POINT('',(2.7E0,8.E-1,-1.9E0));
#3054=VERTEX_POINT('',#3053);
#3055=CARTESIAN_POINT('',(2.7E0,8.E-1,1.323443556293E0));
#3056=VERTEX_POINT('',#3055);
#3057=CARTESIAN_POINT('',(2.7E0,8.E-1,2.476556443707E0));
#3058=CARTESIAN_POINT('',(2.7E0,8.E-1,4.7E0));
#3059=VERTEX_POINT('',#3057);
#3060=VERTEX_POINT('',#3058);
#3061=CARTESIAN_POINT('',(-2.7E0,8.E-1,4.7E0));
#3062=VERTEX_POINT('',#3061);
#3063=CARTESIAN_POINT('',(3.2E0,7.9E-1,-2.2E0));
#3064=CARTESIAN_POINT('',(3.2E0,7.9E-1,-1.8E0));
#3065=VERTEX_POINT('',#3063);
#3066=VERTEX_POINT('',#3064);
#3067=CARTESIAN_POINT('',(3.2E0,7.9E-1,2.8E0));
#3068=CARTESIAN_POINT('',(3.2E0,7.9E-1,3.2E0));
#3069=VERTEX_POINT('',#3067);
#3070=VERTEX_POINT('',#3068);
#3071=CARTESIAN_POINT('',(3.2E0,7.9E-1,3.5E0));
#3072=CARTESIAN_POINT('',(3.2E0,7.9E-1,3.9E0));
#3073=VERTEX_POINT('',#3071);
#3074=VERTEX_POINT('',#3072);
#3075=CARTESIAN_POINT('',(2.3E0,7.9E-1,5.2E0));
#3076=CARTESIAN_POINT('',(1.9E0,7.9E-1,5.2E0));
#3077=VERTEX_POINT('',#3075);
#3078=VERTEX_POINT('',#3076);
#3079=CARTESIAN_POINT('',(1.6E0,7.9E-1,5.2E0));
#3080=CARTESIAN_POINT('',(1.2E0,7.9E-1,5.2E0));
#3081=VERTEX_POINT('',#3079);
#3082=VERTEX_POINT('',#3080);
#3083=CARTESIAN_POINT('',(9.E-1,7.9E-1,5.2E0));
#3084=CARTESIAN_POINT('',(5.E-1,7.9E-1,5.2E0));
#3085=VERTEX_POINT('',#3083);
#3086=VERTEX_POINT('',#3084);
#3087=CARTESIAN_POINT('',(2.E-1,7.9E-1,5.2E0));
#3088=CARTESIAN_POINT('',(-2.E-1,7.9E-1,5.2E0));
#3089=VERTEX_POINT('',#3087);
#3090=VERTEX_POINT('',#3088);
#3091=CARTESIAN_POINT('',(-5.E-1,7.9E-1,5.2E0));
#3092=CARTESIAN_POINT('',(-9.E-1,7.9E-1,5.2E0));
#3093=VERTEX_POINT('',#3091);
#3094=VERTEX_POINT('',#3092);
#3095=CARTESIAN_POINT('',(-1.2E0,7.9E-1,5.2E0));
#3096=CARTESIAN_POINT('',(-1.6E0,7.9E-1,5.2E0));
#3097=VERTEX_POINT('',#3095);
#3098=VERTEX_POINT('',#3096);
#3099=CARTESIAN_POINT('',(-1.9E0,7.9E-1,5.2E0));
#3100=CARTESIAN_POINT('',(-2.3E0,7.9E-1,5.2E0));
#3101=VERTEX_POINT('',#3099);
#3102=VERTEX_POINT('',#3100);
#3103=CARTESIAN_POINT('',(-3.2E0,7.9E-1,3.9E0));
#3104=CARTESIAN_POINT('',(-3.2E0,7.9E-1,3.5E0));
#3105=VERTEX_POINT('',#3103);
#3106=VERTEX_POINT('',#3104);
#3107=CARTESIAN_POINT('',(-3.2E0,7.9E-1,3.2E0));
#3108=CARTESIAN_POINT('',(-3.2E0,7.9E-1,2.8E0));
#3109=VERTEX_POINT('',#3107);
#3110=VERTEX_POINT('',#3108);
#3111=CARTESIAN_POINT('',(-3.2E0,7.9E-1,2.5E0));
#3112=CARTESIAN_POINT('',(-3.2E0,7.9E-1,2.1E0));
#3113=VERTEX_POINT('',#3111);
#3114=VERTEX_POINT('',#3112);
#3115=CARTESIAN_POINT('',(-3.2E0,7.9E-1,-1.7E0));
#3116=CARTESIAN_POINT('',(-3.2E0,7.9E-1,-2.1E0));
#3117=VERTEX_POINT('',#3115);
#3118=VERTEX_POINT('',#3116);
#3119=CARTESIAN_POINT('',(-3.2E0,7.9E-1,-1.E0));
#3120=CARTESIAN_POINT('',(-3.2E0,7.9E-1,-1.4E0));
#3121=VERTEX_POINT('',#3119);
#3122=VERTEX_POINT('',#3120);
#3123=CARTESIAN_POINT('',(-3.2E0,7.9E-1,-3.E-1));
#3124=CARTESIAN_POINT('',(-3.2E0,7.9E-1,-7.E-1));
#3125=VERTEX_POINT('',#3123);
#3126=VERTEX_POINT('',#3124);
#3127=CARTESIAN_POINT('',(-3.2E0,7.9E-1,4.E-1));
#3128=CARTESIAN_POINT('',(-3.2E0,7.9E-1,0.E0));
#3129=VERTEX_POINT('',#3127);
#3130=VERTEX_POINT('',#3128);
#3131=CARTESIAN_POINT('',(-3.2E0,7.9E-1,1.1E0));
#3132=CARTESIAN_POINT('',(-3.2E0,7.9E-1,7.E-1));
#3133=VERTEX_POINT('',#3131);
#3134=VERTEX_POINT('',#3132);
#3135=CARTESIAN_POINT('',(-3.2E0,7.9E-1,1.8E0));
#3136=CARTESIAN_POINT('',(-3.2E0,7.9E-1,1.4E0));
#3137=VERTEX_POINT('',#3135);
#3138=VERTEX_POINT('',#3136);
#3139=CARTESIAN_POINT('',(3.6E0,8.E-1,-2.2E0));
#3140=CARTESIAN_POINT('',(3.2E0,8.E-1,-2.2E0));
#3141=VERTEX_POINT('',#3139);
#3142=VERTEX_POINT('',#3140);
#3143=CARTESIAN_POINT('',(3.2E0,8.E-1,-1.8E0));
#3144=VERTEX_POINT('',#3143);
#3145=CARTESIAN_POINT('',(3.6E0,8.E-1,-1.8E0));
#3146=VERTEX_POINT('',#3145);
#3147=CARTESIAN_POINT('',(3.6E0,8.E-1,2.8E0));
#3148=CARTESIAN_POINT('',(3.2E0,8.E-1,2.8E0));
#3149=VERTEX_POINT('',#3147);
#3150=VERTEX_POINT('',#3148);
#3151=CARTESIAN_POINT('',(3.2E0,8.E-1,3.2E0));
#3152=VERTEX_POINT('',#3151);
#3153=CARTESIAN_POINT('',(3.6E0,8.E-1,3.2E0));
#3154=VERTEX_POINT('',#3153);
#3155=CARTESIAN_POINT('',(3.6E0,8.E-1,3.5E0));
#3156=CARTESIAN_POINT('',(3.2E0,8.E-1,3.5E0));
#3157=VERTEX_POINT('',#3155);
#3158=VERTEX_POINT('',#3156);
#3159=CARTESIAN_POINT('',(3.2E0,8.E-1,3.9E0));
#3160=VERTEX_POINT('',#3159);
#3161=CARTESIAN_POINT('',(3.6E0,8.E-1,3.9E0));
#3162=VERTEX_POINT('',#3161);
#3163=CARTESIAN_POINT('',(2.3E0,8.E-1,5.6E0));
#3164=CARTESIAN_POINT('',(2.3E0,8.E-1,5.2E0));
#3165=VERTEX_POINT('',#3163);
#3166=VERTEX_POINT('',#3164);
#3167=CARTESIAN_POINT('',(1.9E0,8.E-1,5.2E0));
#3168=VERTEX_POINT('',#3167);
#3169=CARTESIAN_POINT('',(1.9E0,8.E-1,5.6E0));
#3170=VERTEX_POINT('',#3169);
#3171=CARTESIAN_POINT('',(1.6E0,8.E-1,5.6E0));
#3172=CARTESIAN_POINT('',(1.6E0,8.E-1,5.2E0));
#3173=VERTEX_POINT('',#3171);
#3174=VERTEX_POINT('',#3172);
#3175=CARTESIAN_POINT('',(1.2E0,8.E-1,5.2E0));
#3176=VERTEX_POINT('',#3175);
#3177=CARTESIAN_POINT('',(1.2E0,8.E-1,5.6E0));
#3178=VERTEX_POINT('',#3177);
#3179=CARTESIAN_POINT('',(9.E-1,8.E-1,5.6E0));
#3180=CARTESIAN_POINT('',(9.E-1,8.E-1,5.2E0));
#3181=VERTEX_POINT('',#3179);
#3182=VERTEX_POINT('',#3180);
#3183=CARTESIAN_POINT('',(5.E-1,8.E-1,5.2E0));
#3184=VERTEX_POINT('',#3183);
#3185=CARTESIAN_POINT('',(5.E-1,8.E-1,5.6E0));
#3186=VERTEX_POINT('',#3185);
#3187=CARTESIAN_POINT('',(2.E-1,8.E-1,5.6E0));
#3188=CARTESIAN_POINT('',(2.E-1,8.E-1,5.2E0));
#3189=VERTEX_POINT('',#3187);
#3190=VERTEX_POINT('',#3188);
#3191=CARTESIAN_POINT('',(-2.E-1,8.E-1,5.2E0));
#3192=VERTEX_POINT('',#3191);
#3193=CARTESIAN_POINT('',(-2.E-1,8.E-1,5.6E0));
#3194=VERTEX_POINT('',#3193);
#3195=CARTESIAN_POINT('',(-5.E-1,8.E-1,5.6E0));
#3196=CARTESIAN_POINT('',(-5.E-1,8.E-1,5.2E0));
#3197=VERTEX_POINT('',#3195);
#3198=VERTEX_POINT('',#3196);
#3199=CARTESIAN_POINT('',(-9.E-1,8.E-1,5.2E0));
#3200=VERTEX_POINT('',#3199);
#3201=CARTESIAN_POINT('',(-9.E-1,8.E-1,5.6E0));
#3202=VERTEX_POINT('',#3201);
#3203=CARTESIAN_POINT('',(-1.2E0,8.E-1,5.6E0));
#3204=CARTESIAN_POINT('',(-1.2E0,8.E-1,5.2E0));
#3205=VERTEX_POINT('',#3203);
#3206=VERTEX_POINT('',#3204);
#3207=CARTESIAN_POINT('',(-1.6E0,8.E-1,5.2E0));
#3208=VERTEX_POINT('',#3207);
#3209=CARTESIAN_POINT('',(-1.6E0,8.E-1,5.6E0));
#3210=VERTEX_POINT('',#3209);
#3211=CARTESIAN_POINT('',(-1.9E0,8.E-1,5.6E0));
#3212=CARTESIAN_POINT('',(-1.9E0,8.E-1,5.2E0));
#3213=VERTEX_POINT('',#3211);
#3214=VERTEX_POINT('',#3212);
#3215=CARTESIAN_POINT('',(-2.3E0,8.E-1,5.2E0));
#3216=VERTEX_POINT('',#3215);
#3217=CARTESIAN_POINT('',(-2.3E0,8.E-1,5.6E0));
#3218=VERTEX_POINT('',#3217);
#3219=CARTESIAN_POINT('',(-3.6E0,8.E-1,3.9E0));
#3220=CARTESIAN_POINT('',(-3.2E0,8.E-1,3.9E0));
#3221=VERTEX_POINT('',#3219);
#3222=VERTEX_POINT('',#3220);
#3223=CARTESIAN_POINT('',(-3.2E0,8.E-1,3.5E0));
#3224=VERTEX_POINT('',#3223);
#3225=CARTESIAN_POINT('',(-3.6E0,8.E-1,3.5E0));
#3226=VERTEX_POINT('',#3225);
#3227=CARTESIAN_POINT('',(-3.6E0,8.E-1,3.2E0));
#3228=CARTESIAN_POINT('',(-3.2E0,8.E-1,3.2E0));
#3229=VERTEX_POINT('',#3227);
#3230=VERTEX_POINT('',#3228);
#3231=CARTESIAN_POINT('',(-3.2E0,8.E-1,2.8E0));
#3232=VERTEX_POINT('',#3231);
#3233=CARTESIAN_POINT('',(-3.6E0,8.E-1,2.8E0));
#3234=VERTEX_POINT('',#3233);
#3235=CARTESIAN_POINT('',(-3.6E0,8.E-1,2.5E0));
#3236=CARTESIAN_POINT('',(-3.2E0,8.E-1,2.5E0));
#3237=VERTEX_POINT('',#3235);
#3238=VERTEX_POINT('',#3236);
#3239=CARTESIAN_POINT('',(-3.2E0,8.E-1,2.1E0));
#3240=VERTEX_POINT('',#3239);
#3241=CARTESIAN_POINT('',(-3.6E0,8.E-1,2.1E0));
#3242=VERTEX_POINT('',#3241);
#3243=CARTESIAN_POINT('',(-3.6E0,8.E-1,-1.7E0));
#3244=CARTESIAN_POINT('',(-3.2E0,8.E-1,-1.7E0));
#3245=VERTEX_POINT('',#3243);
#3246=VERTEX_POINT('',#3244);
#3247=CARTESIAN_POINT('',(-3.2E0,8.E-1,-2.1E0));
#3248=VERTEX_POINT('',#3247);
#3249=CARTESIAN_POINT('',(-3.6E0,8.E-1,-2.1E0));
#3250=VERTEX_POINT('',#3249);
#3251=CARTESIAN_POINT('',(-3.6E0,8.E-1,-1.E0));
#3252=CARTESIAN_POINT('',(-3.2E0,8.E-1,-1.E0));
#3253=VERTEX_POINT('',#3251);
#3254=VERTEX_POINT('',#3252);
#3255=CARTESIAN_POINT('',(-3.2E0,8.E-1,-1.4E0));
#3256=VERTEX_POINT('',#3255);
#3257=CARTESIAN_POINT('',(-3.6E0,8.E-1,-1.4E0));
#3258=VERTEX_POINT('',#3257);
#3259=CARTESIAN_POINT('',(-3.6E0,8.E-1,-3.E-1));
#3260=CARTESIAN_POINT('',(-3.2E0,8.E-1,-3.E-1));
#3261=VERTEX_POINT('',#3259);
#3262=VERTEX_POINT('',#3260);
#3263=CARTESIAN_POINT('',(-3.2E0,8.E-1,-7.E-1));
#3264=VERTEX_POINT('',#3263);
#3265=CARTESIAN_POINT('',(-3.6E0,8.E-1,-7.E-1));
#3266=VERTEX_POINT('',#3265);
#3267=CARTESIAN_POINT('',(-3.6E0,8.E-1,4.E-1));
#3268=CARTESIAN_POINT('',(-3.2E0,8.E-1,4.E-1));
#3269=VERTEX_POINT('',#3267);
#3270=VERTEX_POINT('',#3268);
#3271=CARTESIAN_POINT('',(-3.2E0,8.E-1,0.E0));
#3272=VERTEX_POINT('',#3271);
#3273=CARTESIAN_POINT('',(-3.6E0,8.E-1,0.E0));
#3274=VERTEX_POINT('',#3273);
#3275=CARTESIAN_POINT('',(-3.6E0,8.E-1,1.1E0));
#3276=CARTESIAN_POINT('',(-3.2E0,8.E-1,1.1E0));
#3277=VERTEX_POINT('',#3275);
#3278=VERTEX_POINT('',#3276);
#3279=CARTESIAN_POINT('',(-3.2E0,8.E-1,7.E-1));
#3280=VERTEX_POINT('',#3279);
#3281=CARTESIAN_POINT('',(-3.6E0,8.E-1,7.E-1));
#3282=VERTEX_POINT('',#3281);
#3283=CARTESIAN_POINT('',(-3.6E0,8.E-1,1.8E0));
#3284=CARTESIAN_POINT('',(-3.2E0,8.E-1,1.8E0));
#3285=VERTEX_POINT('',#3283);
#3286=VERTEX_POINT('',#3284);
#3287=CARTESIAN_POINT('',(-3.2E0,8.E-1,1.4E0));
#3288=VERTEX_POINT('',#3287);
#3289=CARTESIAN_POINT('',(-3.6E0,8.E-1,1.4E0));
#3290=VERTEX_POINT('',#3289);
#3291=CARTESIAN_POINT('',(-2.5E0,1.E-2,-2.1E0));
#3292=CARTESIAN_POINT('',(-2.5E0,1.E-2,-1.7E0));
#3293=VERTEX_POINT('',#3291);
#3294=VERTEX_POINT('',#3292);
#3295=CARTESIAN_POINT('',(-2.5E0,1.E-2,-1.4E0));
#3296=CARTESIAN_POINT('',(-2.5E0,1.E-2,-1.E0));
#3297=VERTEX_POINT('',#3295);
#3298=VERTEX_POINT('',#3296);
#3299=CARTESIAN_POINT('',(-2.5E0,1.E-2,-7.E-1));
#3300=CARTESIAN_POINT('',(-2.5E0,1.E-2,-3.E-1));
#3301=VERTEX_POINT('',#3299);
#3302=VERTEX_POINT('',#3300);
#3303=CARTESIAN_POINT('',(-2.5E0,1.E-2,0.E0));
#3304=CARTESIAN_POINT('',(-2.5E0,1.E-2,4.E-1));
#3305=VERTEX_POINT('',#3303);
#3306=VERTEX_POINT('',#3304);
#3307=CARTESIAN_POINT('',(-2.5E0,1.E-2,7.E-1));
#3308=CARTESIAN_POINT('',(-2.5E0,1.E-2,1.1E0));
#3309=VERTEX_POINT('',#3307);
#3310=VERTEX_POINT('',#3308);
#3311=CARTESIAN_POINT('',(-2.5E0,1.E-2,1.4E0));
#3312=CARTESIAN_POINT('',(-2.5E0,1.E-2,1.8E0));
#3313=VERTEX_POINT('',#3311);
#3314=VERTEX_POINT('',#3312);
#3315=CARTESIAN_POINT('',(-2.5E0,1.E-2,2.1E0));
#3316=CARTESIAN_POINT('',(-2.5E0,1.E-2,2.5E0));
#3317=VERTEX_POINT('',#3315);
#3318=VERTEX_POINT('',#3316);
#3319=CARTESIAN_POINT('',(-2.5E0,1.E-2,2.8E0));
#3320=CARTESIAN_POINT('',(-2.5E0,1.E-2,3.2E0));
#3321=VERTEX_POINT('',#3319);
#3322=VERTEX_POINT('',#3320);
#3323=CARTESIAN_POINT('',(-2.5E0,1.E-2,3.5E0));
#3324=CARTESIAN_POINT('',(-2.5E0,1.E-2,3.9E0));
#3325=VERTEX_POINT('',#3323);
#3326=VERTEX_POINT('',#3324);
#3327=CARTESIAN_POINT('',(-2.3E0,1.E-2,4.5E0));
#3328=CARTESIAN_POINT('',(-1.9E0,1.E-2,4.5E0));
#3329=VERTEX_POINT('',#3327);
#3330=VERTEX_POINT('',#3328);
#3331=CARTESIAN_POINT('',(-1.6E0,1.E-2,4.5E0));
#3332=CARTESIAN_POINT('',(-1.2E0,1.E-2,4.5E0));
#3333=VERTEX_POINT('',#3331);
#3334=VERTEX_POINT('',#3332);
#3335=CARTESIAN_POINT('',(-9.E-1,1.E-2,4.5E0));
#3336=CARTESIAN_POINT('',(-5.E-1,1.E-2,4.5E0));
#3337=VERTEX_POINT('',#3335);
#3338=VERTEX_POINT('',#3336);
#3339=CARTESIAN_POINT('',(-2.E-1,1.E-2,4.5E0));
#3340=CARTESIAN_POINT('',(2.E-1,1.E-2,4.5E0));
#3341=VERTEX_POINT('',#3339);
#3342=VERTEX_POINT('',#3340);
#3343=CARTESIAN_POINT('',(5.E-1,1.E-2,4.5E0));
#3344=CARTESIAN_POINT('',(9.E-1,1.E-2,4.5E0));
#3345=VERTEX_POINT('',#3343);
#3346=VERTEX_POINT('',#3344);
#3347=CARTESIAN_POINT('',(1.2E0,1.E-2,4.5E0));
#3348=CARTESIAN_POINT('',(1.6E0,1.E-2,4.5E0));
#3349=VERTEX_POINT('',#3347);
#3350=VERTEX_POINT('',#3348);
#3351=CARTESIAN_POINT('',(1.9E0,1.E-2,4.5E0));
#3352=CARTESIAN_POINT('',(2.3E0,1.E-2,4.5E0));
#3353=VERTEX_POINT('',#3351);
#3354=VERTEX_POINT('',#3352);
#3355=CARTESIAN_POINT('',(2.5E0,1.E-2,3.9E0));
#3356=CARTESIAN_POINT('',(2.5E0,1.E-2,3.5E0));
#3357=VERTEX_POINT('',#3355);
#3358=VERTEX_POINT('',#3356);
#3359=CARTESIAN_POINT('',(2.5E0,1.E-2,3.2E0));
#3360=CARTESIAN_POINT('',(2.5E0,1.E-2,2.8E0));
#3361=VERTEX_POINT('',#3359);
#3362=VERTEX_POINT('',#3360);
#3363=CARTESIAN_POINT('',(2.5E0,1.E-2,-1.8E0));
#3364=CARTESIAN_POINT('',(2.5E0,1.E-2,-2.2E0));
#3365=VERTEX_POINT('',#3363);
#3366=VERTEX_POINT('',#3364);
#3367=CARTESIAN_POINT('',(-3.6E0,0.E0,-2.1E0));
#3368=CARTESIAN_POINT('',(-2.5E0,0.E0,-2.1E0));
#3369=VERTEX_POINT('',#3367);
#3370=VERTEX_POINT('',#3368);
#3371=CARTESIAN_POINT('',(-2.5E0,0.E0,-1.7E0));
#3372=VERTEX_POINT('',#3371);
#3373=CARTESIAN_POINT('',(-3.6E0,0.E0,-1.7E0));
#3374=VERTEX_POINT('',#3373);
#3375=CARTESIAN_POINT('',(-3.6E0,0.E0,-1.4E0));
#3376=CARTESIAN_POINT('',(-2.5E0,0.E0,-1.4E0));
#3377=VERTEX_POINT('',#3375);
#3378=VERTEX_POINT('',#3376);
#3379=CARTESIAN_POINT('',(-2.5E0,0.E0,-1.E0));
#3380=VERTEX_POINT('',#3379);
#3381=CARTESIAN_POINT('',(-3.6E0,0.E0,-1.E0));
#3382=VERTEX_POINT('',#3381);
#3383=CARTESIAN_POINT('',(-3.6E0,0.E0,-7.E-1));
#3384=CARTESIAN_POINT('',(-2.5E0,0.E0,-7.E-1));
#3385=VERTEX_POINT('',#3383);
#3386=VERTEX_POINT('',#3384);
#3387=CARTESIAN_POINT('',(-2.5E0,0.E0,-3.E-1));
#3388=VERTEX_POINT('',#3387);
#3389=CARTESIAN_POINT('',(-3.6E0,0.E0,-3.E-1));
#3390=VERTEX_POINT('',#3389);
#3391=CARTESIAN_POINT('',(-3.6E0,0.E0,0.E0));
#3392=CARTESIAN_POINT('',(-2.5E0,0.E0,0.E0));
#3393=VERTEX_POINT('',#3391);
#3394=VERTEX_POINT('',#3392);
#3395=CARTESIAN_POINT('',(-2.5E0,0.E0,4.E-1));
#3396=VERTEX_POINT('',#3395);
#3397=CARTESIAN_POINT('',(-3.6E0,0.E0,4.E-1));
#3398=VERTEX_POINT('',#3397);
#3399=CARTESIAN_POINT('',(-3.6E0,0.E0,7.E-1));
#3400=CARTESIAN_POINT('',(-2.5E0,0.E0,7.E-1));
#3401=VERTEX_POINT('',#3399);
#3402=VERTEX_POINT('',#3400);
#3403=CARTESIAN_POINT('',(-2.5E0,0.E0,1.1E0));
#3404=VERTEX_POINT('',#3403);
#3405=CARTESIAN_POINT('',(-3.6E0,0.E0,1.1E0));
#3406=VERTEX_POINT('',#3405);
#3407=CARTESIAN_POINT('',(-3.6E0,0.E0,1.4E0));
#3408=CARTESIAN_POINT('',(-2.5E0,0.E0,1.4E0));
#3409=VERTEX_POINT('',#3407);
#3410=VERTEX_POINT('',#3408);
#3411=CARTESIAN_POINT('',(-2.5E0,0.E0,1.8E0));
#3412=VERTEX_POINT('',#3411);
#3413=CARTESIAN_POINT('',(-3.6E0,0.E0,1.8E0));
#3414=VERTEX_POINT('',#3413);
#3415=CARTESIAN_POINT('',(-3.6E0,0.E0,2.1E0));
#3416=CARTESIAN_POINT('',(-2.5E0,0.E0,2.1E0));
#3417=VERTEX_POINT('',#3415);
#3418=VERTEX_POINT('',#3416);
#3419=CARTESIAN_POINT('',(-2.5E0,0.E0,2.5E0));
#3420=VERTEX_POINT('',#3419);
#3421=CARTESIAN_POINT('',(-3.6E0,0.E0,2.5E0));
#3422=VERTEX_POINT('',#3421);
#3423=CARTESIAN_POINT('',(-3.6E0,0.E0,2.8E0));
#3424=CARTESIAN_POINT('',(-2.5E0,0.E0,2.8E0));
#3425=VERTEX_POINT('',#3423);
#3426=VERTEX_POINT('',#3424);
#3427=CARTESIAN_POINT('',(-2.5E0,0.E0,3.2E0));
#3428=VERTEX_POINT('',#3427);
#3429=CARTESIAN_POINT('',(-3.6E0,0.E0,3.2E0));
#3430=VERTEX_POINT('',#3429);
#3431=CARTESIAN_POINT('',(-3.6E0,0.E0,3.5E0));
#3432=CARTESIAN_POINT('',(-2.5E0,0.E0,3.5E0));
#3433=VERTEX_POINT('',#3431);
#3434=VERTEX_POINT('',#3432);
#3435=CARTESIAN_POINT('',(-2.5E0,0.E0,3.9E0));
#3436=VERTEX_POINT('',#3435);
#3437=CARTESIAN_POINT('',(-3.6E0,0.E0,3.9E0));
#3438=VERTEX_POINT('',#3437);
#3439=CARTESIAN_POINT('',(-2.3E0,0.E0,5.6E0));
#3440=CARTESIAN_POINT('',(-2.3E0,0.E0,4.5E0));
#3441=VERTEX_POINT('',#3439);
#3442=VERTEX_POINT('',#3440);
#3443=CARTESIAN_POINT('',(-1.9E0,0.E0,4.5E0));
#3444=VERTEX_POINT('',#3443);
#3445=CARTESIAN_POINT('',(-1.9E0,0.E0,5.6E0));
#3446=VERTEX_POINT('',#3445);
#3447=CARTESIAN_POINT('',(-1.6E0,0.E0,5.6E0));
#3448=CARTESIAN_POINT('',(-1.6E0,0.E0,4.5E0));
#3449=VERTEX_POINT('',#3447);
#3450=VERTEX_POINT('',#3448);
#3451=CARTESIAN_POINT('',(-1.2E0,0.E0,4.5E0));
#3452=VERTEX_POINT('',#3451);
#3453=CARTESIAN_POINT('',(-1.2E0,0.E0,5.6E0));
#3454=VERTEX_POINT('',#3453);
#3455=CARTESIAN_POINT('',(-9.E-1,0.E0,5.6E0));
#3456=CARTESIAN_POINT('',(-9.E-1,0.E0,4.5E0));
#3457=VERTEX_POINT('',#3455);
#3458=VERTEX_POINT('',#3456);
#3459=CARTESIAN_POINT('',(-5.E-1,0.E0,4.5E0));
#3460=VERTEX_POINT('',#3459);
#3461=CARTESIAN_POINT('',(-5.E-1,0.E0,5.6E0));
#3462=VERTEX_POINT('',#3461);
#3463=CARTESIAN_POINT('',(-2.E-1,0.E0,5.6E0));
#3464=CARTESIAN_POINT('',(-2.E-1,0.E0,4.5E0));
#3465=VERTEX_POINT('',#3463);
#3466=VERTEX_POINT('',#3464);
#3467=CARTESIAN_POINT('',(2.E-1,0.E0,4.5E0));
#3468=VERTEX_POINT('',#3467);
#3469=CARTESIAN_POINT('',(2.E-1,0.E0,5.6E0));
#3470=VERTEX_POINT('',#3469);
#3471=CARTESIAN_POINT('',(5.E-1,0.E0,5.6E0));
#3472=CARTESIAN_POINT('',(5.E-1,0.E0,4.5E0));
#3473=VERTEX_POINT('',#3471);
#3474=VERTEX_POINT('',#3472);
#3475=CARTESIAN_POINT('',(9.E-1,0.E0,4.5E0));
#3476=VERTEX_POINT('',#3475);
#3477=CARTESIAN_POINT('',(9.E-1,0.E0,5.6E0));
#3478=VERTEX_POINT('',#3477);
#3479=CARTESIAN_POINT('',(1.2E0,0.E0,5.6E0));
#3480=CARTESIAN_POINT('',(1.2E0,0.E0,4.5E0));
#3481=VERTEX_POINT('',#3479);
#3482=VERTEX_POINT('',#3480);
#3483=CARTESIAN_POINT('',(1.6E0,0.E0,4.5E0));
#3484=VERTEX_POINT('',#3483);
#3485=CARTESIAN_POINT('',(1.6E0,0.E0,5.6E0));
#3486=VERTEX_POINT('',#3485);
#3487=CARTESIAN_POINT('',(1.9E0,0.E0,5.6E0));
#3488=CARTESIAN_POINT('',(1.9E0,0.E0,4.5E0));
#3489=VERTEX_POINT('',#3487);
#3490=VERTEX_POINT('',#3488);
#3491=CARTESIAN_POINT('',(2.3E0,0.E0,4.5E0));
#3492=VERTEX_POINT('',#3491);
#3493=CARTESIAN_POINT('',(2.3E0,0.E0,5.6E0));
#3494=VERTEX_POINT('',#3493);
#3495=CARTESIAN_POINT('',(3.6E0,0.E0,3.9E0));
#3496=CARTESIAN_POINT('',(2.5E0,0.E0,3.9E0));
#3497=VERTEX_POINT('',#3495);
#3498=VERTEX_POINT('',#3496);
#3499=CARTESIAN_POINT('',(2.5E0,0.E0,3.5E0));
#3500=VERTEX_POINT('',#3499);
#3501=CARTESIAN_POINT('',(3.6E0,0.E0,3.5E0));
#3502=VERTEX_POINT('',#3501);
#3503=CARTESIAN_POINT('',(3.6E0,0.E0,3.2E0));
#3504=CARTESIAN_POINT('',(2.5E0,0.E0,3.2E0));
#3505=VERTEX_POINT('',#3503);
#3506=VERTEX_POINT('',#3504);
#3507=CARTESIAN_POINT('',(2.5E0,0.E0,2.8E0));
#3508=VERTEX_POINT('',#3507);
#3509=CARTESIAN_POINT('',(3.6E0,0.E0,2.8E0));
#3510=VERTEX_POINT('',#3509);
#3511=CARTESIAN_POINT('',(3.6E0,0.E0,-1.8E0));
#3512=CARTESIAN_POINT('',(2.5E0,0.E0,-1.8E0));
#3513=VERTEX_POINT('',#3511);
#3514=VERTEX_POINT('',#3512);
#3515=CARTESIAN_POINT('',(2.5E0,0.E0,-2.2E0));
#3516=VERTEX_POINT('',#3515);
#3517=CARTESIAN_POINT('',(3.6E0,0.E0,-2.2E0));
#3518=VERTEX_POINT('',#3517);
#3519=CARTESIAN_POINT('',(3.58E0,1.E-2,2.927715838526E0));
#3520=CARTESIAN_POINT('',(3.58E0,7.9E-1,2.927715838526E0));
#3521=VERTEX_POINT('',#3519);
#3522=VERTEX_POINT('',#3520);
#3523=CARTESIAN_POINT('',(3.58E0,1.E-2,3.072284161474E0));
#3524=CARTESIAN_POINT('',(3.58E0,7.9E-1,3.072284161474E0));
#3525=VERTEX_POINT('',#3523);
#3526=VERTEX_POINT('',#3524);
#3527=CARTESIAN_POINT('',(3.58E0,7.9E-1,-2.072284161474E0));
#3528=CARTESIAN_POINT('',(3.58E0,7.9E-1,-2.2E0));
#3529=VERTEX_POINT('',#3527);
#3530=VERTEX_POINT('',#3528);
#3531=CARTESIAN_POINT('',(3.58E0,7.9E-1,-1.8E0));
#3532=CARTESIAN_POINT('',(3.58E0,7.9E-1,-1.927715838526E0));
#3533=VERTEX_POINT('',#3531);
#3534=VERTEX_POINT('',#3532);
#3535=CARTESIAN_POINT('',(3.58E0,1.E-2,-2.072284161474E0));
#3536=CARTESIAN_POINT('',(3.58E0,1.E-2,-2.2E0));
#3537=VERTEX_POINT('',#3535);
#3538=VERTEX_POINT('',#3536);
#3539=CARTESIAN_POINT('',(3.58E0,1.E-2,-1.8E0));
#3540=CARTESIAN_POINT('',(3.58E0,1.E-2,-1.927715838526E0));
#3541=VERTEX_POINT('',#3539);
#3542=VERTEX_POINT('',#3540);
#3543=CARTESIAN_POINT('',(3.58E0,7.9E-1,2.8E0));
#3544=VERTEX_POINT('',#3543);
#3545=CARTESIAN_POINT('',(3.58E0,7.9E-1,3.2E0));
#3546=VERTEX_POINT('',#3545);
#3547=CARTESIAN_POINT('',(3.58E0,1.E-2,3.2E0));
#3548=VERTEX_POINT('',#3547);
#3549=CARTESIAN_POINT('',(3.58E0,1.E-2,2.8E0));
#3550=VERTEX_POINT('',#3549);
#3551=CARTESIAN_POINT('',(3.58E0,1.E-2,3.627715838526E0));
#3552=CARTESIAN_POINT('',(3.58E0,7.9E-1,3.627715838526E0));
#3553=VERTEX_POINT('',#3551);
#3554=VERTEX_POINT('',#3552);
#3555=CARTESIAN_POINT('',(3.58E0,1.E-2,3.772284161474E0));
#3556=CARTESIAN_POINT('',(3.58E0,7.9E-1,3.772284161474E0));
#3557=VERTEX_POINT('',#3555);
#3558=VERTEX_POINT('',#3556);
#3559=CARTESIAN_POINT('',(3.58E0,7.9E-1,3.5E0));
#3560=VERTEX_POINT('',#3559);
#3561=CARTESIAN_POINT('',(3.58E0,7.9E-1,3.9E0));
#3562=VERTEX_POINT('',#3561);
#3563=CARTESIAN_POINT('',(3.58E0,1.E-2,3.5E0));
#3564=VERTEX_POINT('',#3563);
#3565=CARTESIAN_POINT('',(3.58E0,1.E-2,3.9E0));
#3566=VERTEX_POINT('',#3565);
#3567=CARTESIAN_POINT('',(2.172284161474E0,1.E-2,5.58E0));
#3568=CARTESIAN_POINT('',(2.172284161474E0,7.9E-1,5.58E0));
#3569=VERTEX_POINT('',#3567);
#3570=VERTEX_POINT('',#3568);
#3571=CARTESIAN_POINT('',(2.027715838526E0,1.E-2,5.58E0));
#3572=CARTESIAN_POINT('',(2.027715838526E0,7.9E-1,5.58E0));
#3573=VERTEX_POINT('',#3571);
#3574=VERTEX_POINT('',#3572);
#3575=CARTESIAN_POINT('',(1.472284161474E0,1.E-2,5.58E0));
#3576=CARTESIAN_POINT('',(1.472284161474E0,7.9E-1,5.58E0));
#3577=VERTEX_POINT('',#3575);
#3578=VERTEX_POINT('',#3576);
#3579=CARTESIAN_POINT('',(1.327715838526E0,1.E-2,5.58E0));
#3580=CARTESIAN_POINT('',(1.327715838526E0,7.9E-1,5.58E0));
#3581=VERTEX_POINT('',#3579);
#3582=VERTEX_POINT('',#3580);
#3583=CARTESIAN_POINT('',(7.722841614740E-1,1.E-2,5.58E0));
#3584=CARTESIAN_POINT('',(7.722841614740E-1,7.9E-1,5.58E0));
#3585=VERTEX_POINT('',#3583);
#3586=VERTEX_POINT('',#3584);
#3587=CARTESIAN_POINT('',(6.277158385260E-1,1.E-2,5.58E0));
#3588=CARTESIAN_POINT('',(6.277158385260E-1,7.9E-1,5.58E0));
#3589=VERTEX_POINT('',#3587);
#3590=VERTEX_POINT('',#3588);
#3591=CARTESIAN_POINT('',(7.228416147401E-2,1.E-2,5.58E0));
#3592=CARTESIAN_POINT('',(7.228416147401E-2,7.9E-1,5.58E0));
#3593=VERTEX_POINT('',#3591);
#3594=VERTEX_POINT('',#3592);
#3595=CARTESIAN_POINT('',(-7.228416147400E-2,1.E-2,5.58E0));
#3596=CARTESIAN_POINT('',(-7.228416147400E-2,7.9E-1,5.58E0));
#3597=VERTEX_POINT('',#3595);
#3598=VERTEX_POINT('',#3596);
#3599=CARTESIAN_POINT('',(-2.027715838526E0,1.E-2,5.58E0));
#3600=CARTESIAN_POINT('',(-2.027715838526E0,7.9E-1,5.58E0));
#3601=VERTEX_POINT('',#3599);
#3602=VERTEX_POINT('',#3600);
#3603=CARTESIAN_POINT('',(-2.172284161474E0,1.E-2,5.58E0));
#3604=CARTESIAN_POINT('',(-2.172284161474E0,7.9E-1,5.58E0));
#3605=VERTEX_POINT('',#3603);
#3606=VERTEX_POINT('',#3604);
#3607=CARTESIAN_POINT('',(-1.327715838526E0,1.E-2,5.58E0));
#3608=CARTESIAN_POINT('',(-1.327715838526E0,7.9E-1,5.58E0));
#3609=VERTEX_POINT('',#3607);
#3610=VERTEX_POINT('',#3608);
#3611=CARTESIAN_POINT('',(-1.472284161474E0,1.E-2,5.58E0));
#3612=CARTESIAN_POINT('',(-1.472284161474E0,7.9E-1,5.58E0));
#3613=VERTEX_POINT('',#3611);
#3614=VERTEX_POINT('',#3612);
#3615=CARTESIAN_POINT('',(-6.277158385260E-1,1.E-2,5.58E0));
#3616=CARTESIAN_POINT('',(-6.277158385260E-1,7.9E-1,5.58E0));
#3617=VERTEX_POINT('',#3615);
#3618=VERTEX_POINT('',#3616);
#3619=CARTESIAN_POINT('',(-7.722841614740E-1,1.E-2,5.58E0));
#3620=CARTESIAN_POINT('',(-7.722841614740E-1,7.9E-1,5.58E0));
#3621=VERTEX_POINT('',#3619);
#3622=VERTEX_POINT('',#3620);
#3623=CARTESIAN_POINT('',(-2.3E0,7.9E-1,5.58E0));
#3624=VERTEX_POINT('',#3623);
#3625=CARTESIAN_POINT('',(-1.9E0,7.9E-1,5.58E0));
#3626=VERTEX_POINT('',#3625);
#3627=CARTESIAN_POINT('',(-1.6E0,7.9E-1,5.58E0));
#3628=VERTEX_POINT('',#3627);
#3629=CARTESIAN_POINT('',(-1.2E0,7.9E-1,5.58E0));
#3630=VERTEX_POINT('',#3629);
#3631=CARTESIAN_POINT('',(-9.E-1,7.9E-1,5.58E0));
#3632=VERTEX_POINT('',#3631);
#3633=CARTESIAN_POINT('',(-5.E-1,7.9E-1,5.58E0));
#3634=VERTEX_POINT('',#3633);
#3635=CARTESIAN_POINT('',(-2.E-1,7.9E-1,5.58E0));
#3636=VERTEX_POINT('',#3635);
#3637=CARTESIAN_POINT('',(2.E-1,7.9E-1,5.58E0));
#3638=VERTEX_POINT('',#3637);
#3639=CARTESIAN_POINT('',(5.E-1,7.9E-1,5.58E0));
#3640=VERTEX_POINT('',#3639);
#3641=CARTESIAN_POINT('',(9.E-1,7.9E-1,5.58E0));
#3642=VERTEX_POINT('',#3641);
#3643=CARTESIAN_POINT('',(1.2E0,7.9E-1,5.58E0));
#3644=VERTEX_POINT('',#3643);
#3645=CARTESIAN_POINT('',(1.6E0,7.9E-1,5.58E0));
#3646=VERTEX_POINT('',#3645);
#3647=CARTESIAN_POINT('',(1.9E0,7.9E-1,5.58E0));
#3648=VERTEX_POINT('',#3647);
#3649=CARTESIAN_POINT('',(2.3E0,7.9E-1,5.58E0));
#3650=VERTEX_POINT('',#3649);
#3651=CARTESIAN_POINT('',(-2.3E0,1.E-2,5.58E0));
#3652=VERTEX_POINT('',#3651);
#3653=CARTESIAN_POINT('',(-1.9E0,1.E-2,5.58E0));
#3654=VERTEX_POINT('',#3653);
#3655=CARTESIAN_POINT('',(-1.6E0,1.E-2,5.58E0));
#3656=VERTEX_POINT('',#3655);
#3657=CARTESIAN_POINT('',(-1.2E0,1.E-2,5.58E0));
#3658=VERTEX_POINT('',#3657);
#3659=CARTESIAN_POINT('',(-9.E-1,1.E-2,5.58E0));
#3660=VERTEX_POINT('',#3659);
#3661=CARTESIAN_POINT('',(-5.E-1,1.E-2,5.58E0));
#3662=VERTEX_POINT('',#3661);
#3663=CARTESIAN_POINT('',(-2.E-1,1.E-2,5.58E0));
#3664=VERTEX_POINT('',#3663);
#3665=CARTESIAN_POINT('',(2.E-1,1.E-2,5.58E0));
#3666=VERTEX_POINT('',#3665);
#3667=CARTESIAN_POINT('',(5.E-1,1.E-2,5.58E0));
#3668=VERTEX_POINT('',#3667);
#3669=CARTESIAN_POINT('',(9.E-1,1.E-2,5.58E0));
#3670=VERTEX_POINT('',#3669);
#3671=CARTESIAN_POINT('',(1.2E0,1.E-2,5.58E0));
#3672=VERTEX_POINT('',#3671);
#3673=CARTESIAN_POINT('',(1.6E0,1.E-2,5.58E0));
#3674=VERTEX_POINT('',#3673);
#3675=CARTESIAN_POINT('',(1.9E0,1.E-2,5.58E0));
#3676=VERTEX_POINT('',#3675);
#3677=CARTESIAN_POINT('',(2.3E0,1.E-2,5.58E0));
#3678=VERTEX_POINT('',#3677);
#3679=CARTESIAN_POINT('',(-3.58E0,1.E-2,3.772284161474E0));
#3680=CARTESIAN_POINT('',(-3.58E0,7.9E-1,3.772284161474E0));
#3681=VERTEX_POINT('',#3679);
#3682=VERTEX_POINT('',#3680);
#3683=CARTESIAN_POINT('',(-3.58E0,1.E-2,3.627715838526E0));
#3684=CARTESIAN_POINT('',(-3.58E0,7.9E-1,3.627715838526E0));
#3685=VERTEX_POINT('',#3683);
#3686=VERTEX_POINT('',#3684);
#3687=CARTESIAN_POINT('',(-3.58E0,1.E-2,3.072284161474E0));
#3688=CARTESIAN_POINT('',(-3.58E0,7.9E-1,3.072284161474E0));
#3689=VERTEX_POINT('',#3687);
#3690=VERTEX_POINT('',#3688);
#3691=CARTESIAN_POINT('',(-3.58E0,1.E-2,2.927715838526E0));
#3692=CARTESIAN_POINT('',(-3.58E0,7.9E-1,2.927715838526E0));
#3693=VERTEX_POINT('',#3691);
#3694=VERTEX_POINT('',#3692);
#3695=CARTESIAN_POINT('',(-3.58E0,1.E-2,2.372284161474E0));
#3696=CARTESIAN_POINT('',(-3.58E0,7.9E-1,2.372284161474E0));
#3697=VERTEX_POINT('',#3695);
#3698=VERTEX_POINT('',#3696);
#3699=CARTESIAN_POINT('',(-3.58E0,1.E-2,2.227715838526E0));
#3700=CARTESIAN_POINT('',(-3.58E0,7.9E-1,2.227715838526E0));
#3701=VERTEX_POINT('',#3699);
#3702=VERTEX_POINT('',#3700);
#3703=CARTESIAN_POINT('',(-3.58E0,1.E-2,1.672284161474E0));
#3704=CARTESIAN_POINT('',(-3.58E0,7.9E-1,1.672284161474E0));
#3705=VERTEX_POINT('',#3703);
#3706=VERTEX_POINT('',#3704);
#3707=CARTESIAN_POINT('',(-3.58E0,1.E-2,1.527715838526E0));
#3708=CARTESIAN_POINT('',(-3.58E0,7.9E-1,1.527715838526E0));
#3709=VERTEX_POINT('',#3707);
#3710=VERTEX_POINT('',#3708);
#3711=CARTESIAN_POINT('',(-3.58E0,1.E-2,9.722841614740E-1));
#3712=CARTESIAN_POINT('',(-3.58E0,7.9E-1,9.722841614740E-1));
#3713=VERTEX_POINT('',#3711);
#3714=VERTEX_POINT('',#3712);
#3715=CARTESIAN_POINT('',(-3.58E0,1.E-2,8.277158385260E-1));
#3716=CARTESIAN_POINT('',(-3.58E0,7.9E-1,8.277158385260E-1));
#3717=VERTEX_POINT('',#3715);
#3718=VERTEX_POINT('',#3716);
#3719=CARTESIAN_POINT('',(-3.58E0,1.E-2,-1.827715838526E0));
#3720=CARTESIAN_POINT('',(-3.58E0,7.9E-1,-1.827715838526E0));
#3721=VERTEX_POINT('',#3719);
#3722=VERTEX_POINT('',#3720);
#3723=CARTESIAN_POINT('',(-3.58E0,1.E-2,-1.972284161474E0));
#3724=CARTESIAN_POINT('',(-3.58E0,7.9E-1,-1.972284161474E0));
#3725=VERTEX_POINT('',#3723);
#3726=VERTEX_POINT('',#3724);
#3727=CARTESIAN_POINT('',(-3.58E0,1.E-2,-1.127715838526E0));
#3728=CARTESIAN_POINT('',(-3.58E0,7.9E-1,-1.127715838526E0));
#3729=VERTEX_POINT('',#3727);
#3730=VERTEX_POINT('',#3728);
#3731=CARTESIAN_POINT('',(-3.58E0,1.E-2,-1.272284161474E0));
#3732=CARTESIAN_POINT('',(-3.58E0,7.9E-1,-1.272284161474E0));
#3733=VERTEX_POINT('',#3731);
#3734=VERTEX_POINT('',#3732);
#3735=CARTESIAN_POINT('',(-3.58E0,1.E-2,-4.277158385260E-1));
#3736=CARTESIAN_POINT('',(-3.58E0,7.9E-1,-4.277158385260E-1));
#3737=VERTEX_POINT('',#3735);
#3738=VERTEX_POINT('',#3736);
#3739=CARTESIAN_POINT('',(-3.58E0,1.E-2,-5.722841614740E-1));
#3740=CARTESIAN_POINT('',(-3.58E0,7.9E-1,-5.722841614740E-1));
#3741=VERTEX_POINT('',#3739);
#3742=VERTEX_POINT('',#3740);
#3743=CARTESIAN_POINT('',(-3.58E0,1.E-2,2.722841614740E-1));
#3744=CARTESIAN_POINT('',(-3.58E0,7.9E-1,2.722841614740E-1));
#3745=VERTEX_POINT('',#3743);
#3746=VERTEX_POINT('',#3744);
#3747=CARTESIAN_POINT('',(-3.58E0,1.E-2,1.277158385260E-1));
#3748=CARTESIAN_POINT('',(-3.58E0,7.9E-1,1.277158385260E-1));
#3749=VERTEX_POINT('',#3747);
#3750=VERTEX_POINT('',#3748);
#3751=CARTESIAN_POINT('',(-3.58E0,7.9E-1,-2.1E0));
#3752=VERTEX_POINT('',#3751);
#3753=CARTESIAN_POINT('',(-3.58E0,7.9E-1,-1.7E0));
#3754=VERTEX_POINT('',#3753);
#3755=CARTESIAN_POINT('',(-3.58E0,7.9E-1,-1.4E0));
#3756=VERTEX_POINT('',#3755);
#3757=CARTESIAN_POINT('',(-3.58E0,7.9E-1,-1.E0));
#3758=VERTEX_POINT('',#3757);
#3759=CARTESIAN_POINT('',(-3.58E0,7.9E-1,-7.E-1));
#3760=VERTEX_POINT('',#3759);
#3761=CARTESIAN_POINT('',(-3.58E0,7.9E-1,-3.E-1));
#3762=VERTEX_POINT('',#3761);
#3763=CARTESIAN_POINT('',(-3.58E0,7.9E-1,0.E0));
#3764=VERTEX_POINT('',#3763);
#3765=CARTESIAN_POINT('',(-3.58E0,7.9E-1,4.E-1));
#3766=VERTEX_POINT('',#3765);
#3767=CARTESIAN_POINT('',(-3.58E0,7.9E-1,7.E-1));
#3768=VERTEX_POINT('',#3767);
#3769=CARTESIAN_POINT('',(-3.58E0,7.9E-1,1.1E0));
#3770=VERTEX_POINT('',#3769);
#3771=CARTESIAN_POINT('',(-3.58E0,7.9E-1,1.4E0));
#3772=VERTEX_POINT('',#3771);
#3773=CARTESIAN_POINT('',(-3.58E0,7.9E-1,1.8E0));
#3774=VERTEX_POINT('',#3773);
#3775=CARTESIAN_POINT('',(-3.58E0,7.9E-1,2.1E0));
#3776=VERTEX_POINT('',#3775);
#3777=CARTESIAN_POINT('',(-3.58E0,7.9E-1,2.5E0));
#3778=VERTEX_POINT('',#3777);
#3779=CARTESIAN_POINT('',(-3.58E0,7.9E-1,2.8E0));
#3780=VERTEX_POINT('',#3779);
#3781=CARTESIAN_POINT('',(-3.58E0,7.9E-1,3.2E0));
#3782=VERTEX_POINT('',#3781);
#3783=CARTESIAN_POINT('',(-3.58E0,7.9E-1,3.5E0));
#3784=VERTEX_POINT('',#3783);
#3785=CARTESIAN_POINT('',(-3.58E0,7.9E-1,3.9E0));
#3786=VERTEX_POINT('',#3785);
#3787=CARTESIAN_POINT('',(-3.58E0,1.E-2,-2.1E0));
#3788=VERTEX_POINT('',#3787);
#3789=CARTESIAN_POINT('',(-3.58E0,1.E-2,-1.7E0));
#3790=VERTEX_POINT('',#3789);
#3791=CARTESIAN_POINT('',(-3.58E0,1.E-2,-1.4E0));
#3792=VERTEX_POINT('',#3791);
#3793=CARTESIAN_POINT('',(-3.58E0,1.E-2,-1.E0));
#3794=VERTEX_POINT('',#3793);
#3795=CARTESIAN_POINT('',(-3.58E0,1.E-2,-7.E-1));
#3796=VERTEX_POINT('',#3795);
#3797=CARTESIAN_POINT('',(-3.58E0,1.E-2,-3.E-1));
#3798=VERTEX_POINT('',#3797);
#3799=CARTESIAN_POINT('',(-3.58E0,1.E-2,0.E0));
#3800=VERTEX_POINT('',#3799);
#3801=CARTESIAN_POINT('',(-3.58E0,1.E-2,4.E-1));
#3802=VERTEX_POINT('',#3801);
#3803=CARTESIAN_POINT('',(-3.58E0,1.E-2,7.E-1));
#3804=VERTEX_POINT('',#3803);
#3805=CARTESIAN_POINT('',(-3.58E0,1.E-2,1.1E0));
#3806=VERTEX_POINT('',#3805);
#3807=CARTESIAN_POINT('',(-3.58E0,1.E-2,1.4E0));
#3808=VERTEX_POINT('',#3807);
#3809=CARTESIAN_POINT('',(-3.58E0,1.E-2,1.8E0));
#3810=VERTEX_POINT('',#3809);
#3811=CARTESIAN_POINT('',(-3.58E0,1.E-2,2.1E0));
#3812=VERTEX_POINT('',#3811);
#3813=CARTESIAN_POINT('',(-3.58E0,1.E-2,2.5E0));
#3814=VERTEX_POINT('',#3813);
#3815=CARTESIAN_POINT('',(-3.58E0,1.E-2,2.8E0));
#3816=VERTEX_POINT('',#3815);
#3817=CARTESIAN_POINT('',(-3.58E0,1.E-2,3.2E0));
#3818=VERTEX_POINT('',#3817);
#3819=CARTESIAN_POINT('',(-3.58E0,1.E-2,3.5E0));
#3820=VERTEX_POINT('',#3819);
#3821=CARTESIAN_POINT('',(-3.58E0,1.E-2,3.9E0));
#3822=VERTEX_POINT('',#3821);
#3823=CARTESIAN_POINT('',(0.E0,0.E0,0.E0));
#3824=DIRECTION('',(0.E0,1.E0,0.E0));
#3825=DIRECTION('',(1.E0,0.E0,0.E0));
#3826=AXIS2_PLACEMENT_3D('',#3823,#3824,#3825);
#3827=PLANE('',#3826);
#3829=ORIENTED_EDGE('',*,*,#3828,.T.);
#3831=ORIENTED_EDGE('',*,*,#3830,.T.);
#3833=ORIENTED_EDGE('',*,*,#3832,.F.);
#3835=ORIENTED_EDGE('',*,*,#3834,.T.);
#3837=ORIENTED_EDGE('',*,*,#3836,.T.);
#3839=ORIENTED_EDGE('',*,*,#3838,.T.);
#3841=ORIENTED_EDGE('',*,*,#3840,.F.);
#3843=ORIENTED_EDGE('',*,*,#3842,.T.);
#3845=ORIENTED_EDGE('',*,*,#3844,.T.);
#3847=ORIENTED_EDGE('',*,*,#3846,.T.);
#3849=ORIENTED_EDGE('',*,*,#3848,.F.);
#3851=ORIENTED_EDGE('',*,*,#3850,.T.);
#3853=ORIENTED_EDGE('',*,*,#3852,.T.);
#3855=ORIENTED_EDGE('',*,*,#3854,.T.);
#3857=ORIENTED_EDGE('',*,*,#3856,.F.);
#3859=ORIENTED_EDGE('',*,*,#3858,.T.);
#3861=ORIENTED_EDGE('',*,*,#3860,.T.);
#3863=ORIENTED_EDGE('',*,*,#3862,.T.);
#3865=ORIENTED_EDGE('',*,*,#3864,.F.);
#3867=ORIENTED_EDGE('',*,*,#3866,.T.);
#3869=ORIENTED_EDGE('',*,*,#3868,.T.);
#3871=ORIENTED_EDGE('',*,*,#3870,.T.);
#3873=ORIENTED_EDGE('',*,*,#3872,.F.);
#3875=ORIENTED_EDGE('',*,*,#3874,.T.);
#3877=ORIENTED_EDGE('',*,*,#3876,.T.);
#3879=ORIENTED_EDGE('',*,*,#3878,.T.);
#3881=ORIENTED_EDGE('',*,*,#3880,.F.);
#3883=ORIENTED_EDGE('',*,*,#3882,.T.);
#3885=ORIENTED_EDGE('',*,*,#3884,.T.);
#3887=ORIENTED_EDGE('',*,*,#3886,.T.);
#3889=ORIENTED_EDGE('',*,*,#3888,.F.);
#3891=ORIENTED_EDGE('',*,*,#3890,.T.);
#3893=ORIENTED_EDGE('',*,*,#3892,.T.);
#3895=ORIENTED_EDGE('',*,*,#3894,.T.);
#3897=ORIENTED_EDGE('',*,*,#3896,.F.);
#3899=ORIENTED_EDGE('',*,*,#3898,.T.);
#3901=ORIENTED_EDGE('',*,*,#3900,.T.);
#3903=ORIENTED_EDGE('',*,*,#3902,.T.);
#3905=ORIENTED_EDGE('',*,*,#3904,.T.);
#3907=ORIENTED_EDGE('',*,*,#3906,.F.);
#3909=ORIENTED_EDGE('',*,*,#3908,.T.);
#3911=ORIENTED_EDGE('',*,*,#3910,.T.);
#3913=ORIENTED_EDGE('',*,*,#3912,.T.);
#3915=ORIENTED_EDGE('',*,*,#3914,.F.);
#3917=ORIENTED_EDGE('',*,*,#3916,.T.);
#3919=ORIENTED_EDGE('',*,*,#3918,.T.);
#3921=ORIENTED_EDGE('',*,*,#3920,.T.);
#3923=ORIENTED_EDGE('',*,*,#3922,.F.);
#3925=ORIENTED_EDGE('',*,*,#3924,.T.);
#3927=ORIENTED_EDGE('',*,*,#3926,.T.);
#3929=ORIENTED_EDGE('',*,*,#3928,.T.);
#3931=ORIENTED_EDGE('',*,*,#3930,.F.);
#3933=ORIENTED_EDGE('',*,*,#3932,.T.);
#3935=ORIENTED_EDGE('',*,*,#3934,.T.);
#3937=ORIENTED_EDGE('',*,*,#3936,.T.);
#3939=ORIENTED_EDGE('',*,*,#3938,.F.);
#3941=ORIENTED_EDGE('',*,*,#3940,.T.);
#3943=ORIENTED_EDGE('',*,*,#3942,.T.);
#3945=ORIENTED_EDGE('',*,*,#3944,.T.);
#3947=ORIENTED_EDGE('',*,*,#3946,.F.);
#3949=ORIENTED_EDGE('',*,*,#3948,.T.);
#3951=ORIENTED_EDGE('',*,*,#3950,.T.);
#3953=ORIENTED_EDGE('',*,*,#3952,.T.);
#3955=ORIENTED_EDGE('',*,*,#3954,.F.);
#3957=ORIENTED_EDGE('',*,*,#3956,.T.);
#3959=ORIENTED_EDGE('',*,*,#3958,.T.);
#3961=ORIENTED_EDGE('',*,*,#3960,.T.);
#3963=ORIENTED_EDGE('',*,*,#3962,.T.);
#3965=ORIENTED_EDGE('',*,*,#3964,.F.);
#3967=ORIENTED_EDGE('',*,*,#3966,.T.);
#3969=ORIENTED_EDGE('',*,*,#3968,.T.);
#3971=ORIENTED_EDGE('',*,*,#3970,.T.);
#3973=ORIENTED_EDGE('',*,*,#3972,.F.);
#3975=ORIENTED_EDGE('',*,*,#3974,.T.);
#3977=ORIENTED_EDGE('',*,*,#3976,.T.);
#3979=ORIENTED_EDGE('',*,*,#3978,.T.);
#3981=ORIENTED_EDGE('',*,*,#3980,.F.);
#3983=ORIENTED_EDGE('',*,*,#3982,.T.);
#3985=ORIENTED_EDGE('',*,*,#3984,.T.);
#3987=ORIENTED_EDGE('',*,*,#3986,.T.);
#3988=EDGE_LOOP('',(#3829,#3831,#3833,#3835,#3837,#3839,#3841,#3843,#3845,#3847,
#3849,#3851,#3853,#3855,#3857,#3859,#3861,#3863,#3865,#3867,#3869,#3871,#3873,
#3875,#3877,#3879,#3881,#3883,#3885,#3887,#3889,#3891,#3893,#3895,#3897,#3899,
#3901,#3903,#3905,#3907,#3909,#3911,#3913,#3915,#3917,#3919,#3921,#3923,#3925,
#3927,#3929,#3931,#3933,#3935,#3937,#3939,#3941,#3943,#3945,#3947,#3949,#3951,
#3953,#3955,#3957,#3959,#3961,#3963,#3965,#3967,#3969,#3971,#3973,#3975,#3977,
#3979,#3981,#3983,#3985,#3987));
#3989=FACE_OUTER_BOUND('',#3988,.F.);
#3991=ORIENTED_EDGE('',*,*,#3990,.F.);
#3993=ORIENTED_EDGE('',*,*,#3992,.F.);
#3995=ORIENTED_EDGE('',*,*,#3994,.F.);
#3997=ORIENTED_EDGE('',*,*,#3996,.F.);
#3998=EDGE_LOOP('',(#3991,#3993,#3995,#3997));
#3999=FACE_BOUND('',#3998,.F.);
#4001=ORIENTED_EDGE('',*,*,#4000,.F.);
#4003=ORIENTED_EDGE('',*,*,#4002,.F.);
#4005=ORIENTED_EDGE('',*,*,#4004,.F.);
#4007=ORIENTED_EDGE('',*,*,#4006,.F.);
#4008=EDGE_LOOP('',(#4001,#4003,#4005,#4007));
#4009=FACE_BOUND('',#4008,.F.);
#4010=ADVANCED_FACE('',(#3989,#3999,#4009),#3827,.F.);
#4011=CARTESIAN_POINT('',(7.25E-1,8.E-1,-2.E0));
#4012=DIRECTION('',(0.E0,1.E0,0.E0));
#4013=DIRECTION('',(1.E0,0.E0,0.E0));
#4014=AXIS2_PLACEMENT_3D('',#4011,#4012,#4013);
#4015=CYLINDRICAL_SURFACE('',#4014,2.25E-1);
#4017=ORIENTED_EDGE('',*,*,#4016,.F.);
#4019=ORIENTED_EDGE('',*,*,#4018,.T.);
#4020=ORIENTED_EDGE('',*,*,#4000,.T.);
#4022=ORIENTED_EDGE('',*,*,#4021,.F.);
#4024=ORIENTED_EDGE('',*,*,#4023,.F.);
#4026=ORIENTED_EDGE('',*,*,#4025,.F.);
#4027=EDGE_LOOP('',(#4017,#4019,#4020,#4022,#4024,#4026));
#4028=FACE_OUTER_BOUND('',#4027,.F.);
#4029=ADVANCED_FACE('',(#4028),#4015,.F.);
#4030=CARTESIAN_POINT('',(0.E0,8.E-1,0.E0));
#4031=DIRECTION('',(0.E0,1.E0,0.E0));
#4032=DIRECTION('',(1.E0,0.E0,0.E0));
#4033=AXIS2_PLACEMENT_3D('',#4030,#4031,#4032);
#4034=PLANE('',#4033);
#4036=ORIENTED_EDGE('',*,*,#4035,.T.);
#4038=ORIENTED_EDGE('',*,*,#4037,.T.);
#4040=ORIENTED_EDGE('',*,*,#4039,.F.);
#4042=ORIENTED_EDGE('',*,*,#4041,.F.);
#4044=ORIENTED_EDGE('',*,*,#4043,.T.);
#4046=ORIENTED_EDGE('',*,*,#4045,.T.);
#4048=ORIENTED_EDGE('',*,*,#4047,.F.);
#4050=ORIENTED_EDGE('',*,*,#4049,.F.);
#4052=ORIENTED_EDGE('',*,*,#4051,.T.);
#4054=ORIENTED_EDGE('',*,*,#4053,.T.);
#4056=ORIENTED_EDGE('',*,*,#4055,.F.);
#4058=ORIENTED_EDGE('',*,*,#4057,.F.);
#4060=ORIENTED_EDGE('',*,*,#4059,.F.);
#4062=ORIENTED_EDGE('',*,*,#4061,.T.);
#4064=ORIENTED_EDGE('',*,*,#4063,.T.);
#4066=ORIENTED_EDGE('',*,*,#4065,.F.);
#4068=ORIENTED_EDGE('',*,*,#4067,.F.);
#4070=ORIENTED_EDGE('',*,*,#4069,.T.);
#4072=ORIENTED_EDGE('',*,*,#4071,.T.);
#4074=ORIENTED_EDGE('',*,*,#4073,.F.);
#4076=ORIENTED_EDGE('',*,*,#4075,.F.);
#4078=ORIENTED_EDGE('',*,*,#4077,.T.);
#4080=ORIENTED_EDGE('',*,*,#4079,.T.);
#4082=ORIENTED_EDGE('',*,*,#4081,.F.);
#4084=ORIENTED_EDGE('',*,*,#4083,.F.);
#4086=ORIENTED_EDGE('',*,*,#4085,.T.);
#4088=ORIENTED_EDGE('',*,*,#4087,.T.);
#4090=ORIENTED_EDGE('',*,*,#4089,.F.);
#4092=ORIENTED_EDGE('',*,*,#4091,.F.);
#4094=ORIENTED_EDGE('',*,*,#4093,.T.);
#4096=ORIENTED_EDGE('',*,*,#4095,.T.);
#4098=ORIENTED_EDGE('',*,*,#4097,.F.);
#4100=ORIENTED_EDGE('',*,*,#4099,.F.);
#4102=ORIENTED_EDGE('',*,*,#4101,.T.);
#4104=ORIENTED_EDGE('',*,*,#4103,.T.);
#4106=ORIENTED_EDGE('',*,*,#4105,.F.);
#4108=ORIENTED_EDGE('',*,*,#4107,.F.);
#4110=ORIENTED_EDGE('',*,*,#4109,.T.);
#4112=ORIENTED_EDGE('',*,*,#4111,.T.);
#4114=ORIENTED_EDGE('',*,*,#4113,.F.);
#4116=ORIENTED_EDGE('',*,*,#4115,.F.);
#4118=ORIENTED_EDGE('',*,*,#4117,.F.);
#4120=ORIENTED_EDGE('',*,*,#4119,.T.);
#4122=ORIENTED_EDGE('',*,*,#4121,.T.);
#4124=ORIENTED_EDGE('',*,*,#4123,.F.);
#4126=ORIENTED_EDGE('',*,*,#4125,.F.);
#4128=ORIENTED_EDGE('',*,*,#4127,.T.);
#4130=ORIENTED_EDGE('',*,*,#4129,.T.);
#4132=ORIENTED_EDGE('',*,*,#4131,.F.);
#4134=ORIENTED_EDGE('',*,*,#4133,.F.);
#4136=ORIENTED_EDGE('',*,*,#4135,.T.);
#4138=ORIENTED_EDGE('',*,*,#4137,.T.);
#4140=ORIENTED_EDGE('',*,*,#4139,.F.);
#4142=ORIENTED_EDGE('',*,*,#4141,.F.);
#4144=ORIENTED_EDGE('',*,*,#4143,.T.);
#4146=ORIENTED_EDGE('',*,*,#4145,.T.);
#4148=ORIENTED_EDGE('',*,*,#4147,.F.);
#4150=ORIENTED_EDGE('',*,*,#4149,.F.);
#4152=ORIENTED_EDGE('',*,*,#4151,.T.);
#4154=ORIENTED_EDGE('',*,*,#4153,.T.);
#4156=ORIENTED_EDGE('',*,*,#4155,.F.);
#4158=ORIENTED_EDGE('',*,*,#4157,.F.);
#4160=ORIENTED_EDGE('',*,*,#4159,.T.);
#4162=ORIENTED_EDGE('',*,*,#4161,.T.);
#4164=ORIENTED_EDGE('',*,*,#4163,.F.);
#4166=ORIENTED_EDGE('',*,*,#4165,.F.);
#4168=ORIENTED_EDGE('',*,*,#4167,.T.);
#4170=ORIENTED_EDGE('',*,*,#4169,.T.);
#4172=ORIENTED_EDGE('',*,*,#4171,.F.);
#4174=ORIENTED_EDGE('',*,*,#4173,.F.);
#4176=ORIENTED_EDGE('',*,*,#4175,.T.);
#4178=ORIENTED_EDGE('',*,*,#4177,.T.);
#4180=ORIENTED_EDGE('',*,*,#4179,.F.);
#4182=ORIENTED_EDGE('',*,*,#4181,.F.);
#4184=ORIENTED_EDGE('',*,*,#4183,.T.);
#4186=ORIENTED_EDGE('',*,*,#4185,.T.);
#4188=ORIENTED_EDGE('',*,*,#4187,.F.);
#4190=ORIENTED_EDGE('',*,*,#4189,.F.);
#4192=ORIENTED_EDGE('',*,*,#4191,.F.);
#4194=ORIENTED_EDGE('',*,*,#4193,.F.);
#4195=EDGE_LOOP('',(#4036,#4038,#4040,#4042,#4044,#4046,#4048,#4050,#4052,#4054,
#4056,#4058,#4060,#4062,#4064,#4066,#4068,#4070,#4072,#4074,#4076,#4078,#4080,
#4082,#4084,#4086,#4088,#4090,#4092,#4094,#4096,#4098,#4100,#4102,#4104,#4106,
#4108,#4110,#4112,#4114,#4116,#4118,#4120,#4122,#4124,#4126,#4128,#4130,#4132,
#4134,#4136,#4138,#4140,#4142,#4144,#4146,#4148,#4150,#4152,#4154,#4156,#4158,
#4160,#4162,#4164,#4166,#4168,#4170,#4172,#4174,#4176,#4178,#4180,#4182,#4184,
#4186,#4188,#4190,#4192,#4194));
#4196=FACE_OUTER_BOUND('',#4195,.F.);
#4198=ORIENTED_EDGE('',*,*,#4197,.T.);
#4200=ORIENTED_EDGE('',*,*,#4199,.F.);
#4202=ORIENTED_EDGE('',*,*,#4201,.T.);
#4204=ORIENTED_EDGE('',*,*,#4203,.T.);
#4206=ORIENTED_EDGE('',*,*,#4205,.T.);
#4208=ORIENTED_EDGE('',*,*,#4207,.T.);
#4210=ORIENTED_EDGE('',*,*,#4209,.T.);
#4212=ORIENTED_EDGE('',*,*,#4211,.F.);
#4214=ORIENTED_EDGE('',*,*,#4213,.T.);
#4216=ORIENTED_EDGE('',*,*,#4215,.T.);
#4218=ORIENTED_EDGE('',*,*,#4217,.T.);
#4219=ORIENTED_EDGE('',*,*,#4016,.T.);
#4221=ORIENTED_EDGE('',*,*,#4220,.T.);
#4223=ORIENTED_EDGE('',*,*,#4222,.T.);
#4225=ORIENTED_EDGE('',*,*,#4224,.T.);
#4227=ORIENTED_EDGE('',*,*,#4226,.F.);
#4228=EDGE_LOOP('',(#4198,#4200,#4202,#4204,#4206,#4208,#4210,#4212,#4214,#4216,
#4218,#4219,#4221,#4223,#4225,#4227));
#4229=FACE_BOUND('',#4228,.F.);
#4231=ORIENTED_EDGE('',*,*,#4230,.T.);
#4233=ORIENTED_EDGE('',*,*,#4232,.T.);
#4235=ORIENTED_EDGE('',*,*,#4234,.T.);
#4237=ORIENTED_EDGE('',*,*,#4236,.T.);
#4238=EDGE_LOOP('',(#4231,#4233,#4235,#4237));
#4239=FACE_BOUND('',#4238,.F.);
#4240=ADVANCED_FACE('',(#4196,#4229,#4239),#4034,.T.);
#4241=CARTESIAN_POINT('',(0.E0,8.E-1,0.E0));
#4242=DIRECTION('',(0.E0,1.E0,0.E0));
#4243=DIRECTION('',(1.E0,0.E0,0.E0));
#4244=AXIS2_PLACEMENT_3D('',#4241,#4242,#4243);
#4245=PLANE('',#4244);
#4246=ORIENTED_EDGE('',*,*,#4023,.T.);
#4248=ORIENTED_EDGE('',*,*,#4247,.T.);
#4250=ORIENTED_EDGE('',*,*,#4249,.T.);
#4252=ORIENTED_EDGE('',*,*,#4251,.T.);
#4254=ORIENTED_EDGE('',*,*,#4253,.T.);
#4256=ORIENTED_EDGE('',*,*,#4255,.T.);
#4258=ORIENTED_EDGE('',*,*,#4257,.T.);
#4260=ORIENTED_EDGE('',*,*,#4259,.T.);
#4262=ORIENTED_EDGE('',*,*,#4261,.T.);
#4264=ORIENTED_EDGE('',*,*,#4263,.T.);
#4266=ORIENTED_EDGE('',*,*,#4265,.T.);
#4268=ORIENTED_EDGE('',*,*,#4267,.T.);
#4269=EDGE_LOOP('',(#4246,#4248,#4250,#4252,#4254,#4256,#4258,#4260,#4262,#4264,
#4266,#4268));
#4270=FACE_OUTER_BOUND('',#4269,.F.);
#4271=ADVANCED_FACE('',(#4270),#4245,.T.);
#4272=CARTESIAN_POINT('',(3.6E0,8.E-1,-2.2E0));
#4273=DIRECTION('',(0.E0,0.E0,-1.E0));
#4274=DIRECTION('',(-1.E0,0.E0,0.E0));
#4275=AXIS2_PLACEMENT_3D('',#4272,#4273,#4274);
#4276=PLANE('',#4275);
#4278=ORIENTED_EDGE('',*,*,#4277,.T.);
#4279=ORIENTED_EDGE('',*,*,#3980,.T.);
#4281=ORIENTED_EDGE('',*,*,#4280,.T.);
#4283=ORIENTED_EDGE('',*,*,#4282,.T.);
#4285=ORIENTED_EDGE('',*,*,#4284,.T.);
#4287=ORIENTED_EDGE('',*,*,#4286,.T.);
#4289=ORIENTED_EDGE('',*,*,#4288,.F.);
#4290=ORIENTED_EDGE('',*,*,#4035,.F.);
#4291=EDGE_LOOP('',(#4278,#4279,#4281,#4283,#4285,#4287,#4289,#4290));
#4292=FACE_OUTER_BOUND('',#4291,.F.);
#4293=ADVANCED_FACE('',(#4292),#4276,.F.);
#4294=CARTESIAN_POINT('',(3.6E0,0.E0,5.6E0));
#4295=DIRECTION('',(1.E0,0.E0,0.E0));
#4296=DIRECTION('',(0.E0,0.E0,-1.E0));
#4297=AXIS2_PLACEMENT_3D('',#4294,#4295,#4296);
#4298=PLANE('',#4297);
#4300=ORIENTED_EDGE('',*,*,#4299,.F.);
#4301=ORIENTED_EDGE('',*,*,#3966,.F.);
#4303=ORIENTED_EDGE('',*,*,#4302,.F.);
#4304=ORIENTED_EDGE('',*,*,#4049,.T.);
#4305=EDGE_LOOP('',(#4300,#4301,#4303,#4304));
#4306=FACE_OUTER_BOUND('',#4305,.F.);
#4307=ADVANCED_FACE('',(#4306),#4298,.T.);
#4308=CARTESIAN_POINT('',(3.6E0,0.E0,5.6E0));
#4309=DIRECTION('',(1.E0,0.E0,0.E0));
#4310=DIRECTION('',(0.E0,0.E0,-1.E0));
#4311=AXIS2_PLACEMENT_3D('',#4308,#4309,#4310);
#4312=PLANE('',#4311);
#4314=ORIENTED_EDGE('',*,*,#4313,.F.);
#4315=ORIENTED_EDGE('',*,*,#4041,.T.);
#4317=ORIENTED_EDGE('',*,*,#4316,.F.);
#4318=ORIENTED_EDGE('',*,*,#3974,.F.);
#4319=EDGE_LOOP('',(#4314,#4315,#4317,#4318));
#4320=FACE_OUTER_BOUND('',#4319,.F.);
#4321=ADVANCED_FACE('',(#4320),#4312,.T.);
#4322=CARTESIAN_POINT('',(3.6E0,0.E0,5.6E0));
#4323=DIRECTION('',(1.E0,0.E0,0.E0));
#4324=DIRECTION('',(0.E0,0.E0,-1.E0));
#4325=AXIS2_PLACEMENT_3D('',#4322,#4323,#4324);
#4326=PLANE('',#4325);
#4328=ORIENTED_EDGE('',*,*,#4327,.F.);
#4329=ORIENTED_EDGE('',*,*,#3958,.F.);
#4331=ORIENTED_EDGE('',*,*,#4330,.T.);
#4332=ORIENTED_EDGE('',*,*,#4057,.T.);
#4333=EDGE_LOOP('',(#4328,#4329,#4331,#4332));
#4334=FACE_OUTER_BOUND('',#4333,.F.);
#4335=ADVANCED_FACE('',(#4334),#4326,.T.);
#4336=CARTESIAN_POINT('',(3.6E0,0.E0,5.6E0));
#4337=DIRECTION('',(1.E0,0.E0,0.E0));
#4338=DIRECTION('',(0.E0,0.E0,-1.E0));
#4339=AXIS2_PLACEMENT_3D('',#4336,#4337,#4338);
#4340=PLANE('',#4339);
#4341=ORIENTED_EDGE('',*,*,#4277,.F.);
#4342=ORIENTED_EDGE('',*,*,#4193,.T.);
#4344=ORIENTED_EDGE('',*,*,#4343,.F.);
#4345=ORIENTED_EDGE('',*,*,#3982,.F.);
#4346=EDGE_LOOP('',(#4341,#4342,#4344,#4345));
#4347=FACE_OUTER_BOUND('',#4346,.F.);
#4348=ADVANCED_FACE('',(#4347),#4340,.T.);
#4349=CARTESIAN_POINT('',(3.2E0,8.E-1,3.2E0));
#4350=DIRECTION('',(0.E0,0.E0,1.E0));
#4351=DIRECTION('',(1.E0,0.E0,0.E0));
#4352=AXIS2_PLACEMENT_3D('',#4349,#4350,#4351);
#4353=PLANE('',#4352);
#4355=ORIENTED_EDGE('',*,*,#4354,.T.);
#4357=ORIENTED_EDGE('',*,*,#4356,.T.);
#4359=ORIENTED_EDGE('',*,*,#4358,.F.);
#4360=ORIENTED_EDGE('',*,*,#3968,.F.);
#4361=ORIENTED_EDGE('',*,*,#4299,.T.);
#4362=ORIENTED_EDGE('',*,*,#4047,.T.);
#4364=ORIENTED_EDGE('',*,*,#4363,.T.);
#4366=ORIENTED_EDGE('',*,*,#4365,.T.);
#4367=EDGE_LOOP('',(#4355,#4357,#4359,#4360,#4361,#4362,#4364,#4366));
#4368=FACE_OUTER_BOUND('',#4367,.F.);
#4369=ADVANCED_FACE('',(#4368),#4353,.F.);
#4370=CARTESIAN_POINT('',(3.58E0,0.E0,0.E0));
#4371=DIRECTION('',(1.E0,0.E0,0.E0));
#4372=DIRECTION('',(0.E0,0.E0,-1.E0));
#4373=AXIS2_PLACEMENT_3D('',#4370,#4371,#4372);
#4374=PLANE('',#4373);
#4376=ORIENTED_EDGE('',*,*,#4375,.T.);
#4378=ORIENTED_EDGE('',*,*,#4377,.F.);
#4380=ORIENTED_EDGE('',*,*,#4379,.F.);
#4382=ORIENTED_EDGE('',*,*,#4381,.T.);
#4383=EDGE_LOOP('',(#4376,#4378,#4380,#4382));
#4384=FACE_OUTER_BOUND('',#4383,.F.);
#4385=ADVANCED_FACE('',(#4384),#4374,.T.);
#4386=CARTESIAN_POINT('',(3.58E0,0.E0,0.E0));
#4387=DIRECTION('',(1.E0,0.E0,0.E0));
#4388=DIRECTION('',(0.E0,0.E0,-1.E0));
#4389=AXIS2_PLACEMENT_3D('',#4386,#4387,#4388);
#4390=PLANE('',#4389);
#4392=ORIENTED_EDGE('',*,*,#4391,.F.);
#4394=ORIENTED_EDGE('',*,*,#4393,.T.);
#4395=ORIENTED_EDGE('',*,*,#4354,.F.);
#4397=ORIENTED_EDGE('',*,*,#4396,.F.);
#4398=EDGE_LOOP('',(#4392,#4394,#4395,#4397));
#4399=FACE_OUTER_BOUND('',#4398,.F.);
#4400=ADVANCED_FACE('',(#4399),#4390,.T.);
#4401=CARTESIAN_POINT('',(3.58E0,0.E0,0.E0));
#4402=DIRECTION('',(1.E0,0.E0,0.E0));
#4403=DIRECTION('',(0.E0,0.E0,-1.E0));
#4404=AXIS2_PLACEMENT_3D('',#4401,#4402,#4403);
#4405=PLANE('',#4404);
#4407=ORIENTED_EDGE('',*,*,#4406,.T.);
#4408=ORIENTED_EDGE('',*,*,#4284,.F.);
#4410=ORIENTED_EDGE('',*,*,#4409,.F.);
#4412=ORIENTED_EDGE('',*,*,#4411,.T.);
#4413=EDGE_LOOP('',(#4407,#4408,#4410,#4412));
#4414=FACE_OUTER_BOUND('',#4413,.F.);
#4415=ADVANCED_FACE('',(#4414),#4405,.T.);
#4416=CARTESIAN_POINT('',(3.58E0,0.E0,0.E0));
#4417=DIRECTION('',(1.E0,0.E0,0.E0));
#4418=DIRECTION('',(0.E0,0.E0,-1.E0));
#4419=AXIS2_PLACEMENT_3D('',#4416,#4417,#4418);
#4420=PLANE('',#4419);
#4422=ORIENTED_EDGE('',*,*,#4421,.T.);
#4424=ORIENTED_EDGE('',*,*,#4423,.F.);
#4426=ORIENTED_EDGE('',*,*,#4425,.F.);
#4428=ORIENTED_EDGE('',*,*,#4427,.F.);
#4429=EDGE_LOOP('',(#4422,#4424,#4426,#4428));
#4430=FACE_OUTER_BOUND('',#4429,.F.);
#4431=ADVANCED_FACE('',(#4430),#4420,.T.);
#4432=CARTESIAN_POINT('',(3.58E0,0.E0,0.E0));
#4433=DIRECTION('',(1.E0,0.E0,0.E0));
#4434=DIRECTION('',(0.E0,0.E0,-1.E0));
#4435=AXIS2_PLACEMENT_3D('',#4432,#4433,#4434);
#4436=PLANE('',#4435);
#4438=ORIENTED_EDGE('',*,*,#4437,.T.);
#4440=ORIENTED_EDGE('',*,*,#4439,.F.);
#4442=ORIENTED_EDGE('',*,*,#4441,.F.);
#4444=ORIENTED_EDGE('',*,*,#4443,.T.);
#4445=EDGE_LOOP('',(#4438,#4440,#4442,#4444));
#4446=FACE_OUTER_BOUND('',#4445,.F.);
#4447=ADVANCED_FACE('',(#4446),#4436,.T.);
#4448=CARTESIAN_POINT('',(3.58E0,0.E0,0.E0));
#4449=DIRECTION('',(1.E0,0.E0,0.E0));
#4450=DIRECTION('',(0.E0,0.E0,-1.E0));
#4451=AXIS2_PLACEMENT_3D('',#4448,#4449,#4450);
#4452=PLANE('',#4451);
#4454=ORIENTED_EDGE('',*,*,#4453,.F.);
#4456=ORIENTED_EDGE('',*,*,#4455,.T.);
#4458=ORIENTED_EDGE('',*,*,#4457,.F.);
#4460=ORIENTED_EDGE('',*,*,#4459,.F.);
#4461=EDGE_LOOP('',(#4454,#4456,#4458,#4460));
#4462=FACE_OUTER_BOUND('',#4461,.F.);
#4463=ADVANCED_FACE('',(#4462),#4452,.T.);
#4464=CARTESIAN_POINT('',(3.6E0,8.E-1,3.E0));
#4465=DIRECTION('',(0.E0,1.E0,0.E0));
#4466=DIRECTION('',(1.E0,0.E0,0.E0));
#4467=AXIS2_PLACEMENT_3D('',#4464,#4465,#4466);
#4468=CYLINDRICAL_SURFACE('',#4467,7.5E-2);
#4469=ORIENTED_EDGE('',*,*,#4375,.F.);
#4471=ORIENTED_EDGE('',*,*,#4470,.T.);
#4472=ORIENTED_EDGE('',*,*,#4391,.T.);
#4474=ORIENTED_EDGE('',*,*,#4473,.F.);
#4475=EDGE_LOOP('',(#4469,#4471,#4472,#4474));
#4476=FACE_OUTER_BOUND('',#4475,.F.);
#4477=ADVANCED_FACE('',(#4476),#4468,.F.);
#4478=CARTESIAN_POINT('',(0.E0,1.E-2,0.E0));
#4479=DIRECTION('',(0.E0,-1.E0,0.E0));
#4480=DIRECTION('',(-1.E0,0.E0,0.E0));
#4481=AXIS2_PLACEMENT_3D('',#4478,#4479,#4480);
#4482=PLANE('',#4481);
#4483=ORIENTED_EDGE('',*,*,#4409,.T.);
#4484=ORIENTED_EDGE('',*,*,#4282,.F.);
#4486=ORIENTED_EDGE('',*,*,#4485,.F.);
#4488=ORIENTED_EDGE('',*,*,#4487,.F.);
#4489=ORIENTED_EDGE('',*,*,#4425,.T.);
#4491=ORIENTED_EDGE('',*,*,#4490,.F.);
#4492=EDGE_LOOP('',(#4483,#4484,#4486,#4488,#4489,#4491));
#4493=FACE_OUTER_BOUND('',#4492,.F.);
#4494=ADVANCED_FACE('',(#4493),#4482,.T.);
#4495=CARTESIAN_POINT('',(0.E0,1.E-2,0.E0));
#4496=DIRECTION('',(0.E0,-1.E0,0.E0));
#4497=DIRECTION('',(-1.E0,0.E0,0.E0));
#4498=AXIS2_PLACEMENT_3D('',#4495,#4496,#4497);
#4499=PLANE('',#4498);
#4500=ORIENTED_EDGE('',*,*,#4470,.F.);
#4501=ORIENTED_EDGE('',*,*,#4381,.F.);
#4503=ORIENTED_EDGE('',*,*,#4502,.F.);
#4505=ORIENTED_EDGE('',*,*,#4504,.F.);
#4506=ORIENTED_EDGE('',*,*,#4356,.F.);
#4507=ORIENTED_EDGE('',*,*,#4393,.F.);
#4508=EDGE_LOOP('',(#4500,#4501,#4503,#4505,#4506,#4507));
#4509=FACE_OUTER_BOUND('',#4508,.F.);
#4510=ADVANCED_FACE('',(#4509),#4499,.T.);
#4511=CARTESIAN_POINT('',(0.E0,1.E-2,0.E0));
#4512=DIRECTION('',(0.E0,-1.E0,0.E0));
#4513=DIRECTION('',(-1.E0,0.E0,0.E0));
#4514=AXIS2_PLACEMENT_3D('',#4511,#4512,#4513);
#4515=PLANE('',#4514);
#4516=ORIENTED_EDGE('',*,*,#4443,.F.);
#4518=ORIENTED_EDGE('',*,*,#4517,.F.);
#4520=ORIENTED_EDGE('',*,*,#4519,.F.);
#4522=ORIENTED_EDGE('',*,*,#4521,.F.);
#4523=ORIENTED_EDGE('',*,*,#4455,.F.);
#4525=ORIENTED_EDGE('',*,*,#4524,.F.);
#4526=EDGE_LOOP('',(#4516,#4518,#4520,#4522,#4523,#4525));
#4527=FACE_OUTER_BOUND('',#4526,.F.);
#4528=ADVANCED_FACE('',(#4527),#4515,.T.);
#4529=CARTESIAN_POINT('',(0.E0,1.E-2,0.E0));
#4530=DIRECTION('',(0.E0,-1.E0,0.E0));
#4531=DIRECTION('',(-1.E0,0.E0,0.E0));
#4532=AXIS2_PLACEMENT_3D('',#4529,#4530,#4531);
#4533=PLANE('',#4532);
#4535=ORIENTED_EDGE('',*,*,#4534,.T.);
#4537=ORIENTED_EDGE('',*,*,#4536,.F.);
#4539=ORIENTED_EDGE('',*,*,#4538,.T.);
#4541=ORIENTED_EDGE('',*,*,#4540,.F.);
#4543=ORIENTED_EDGE('',*,*,#4542,.F.);
#4545=ORIENTED_EDGE('',*,*,#4544,.F.);
#4546=EDGE_LOOP('',(#4535,#4537,#4539,#4541,#4543,#4545));
#4547=FACE_OUTER_BOUND('',#4546,.F.);
#4548=ADVANCED_FACE('',(#4547),#4533,.T.);
#4549=CARTESIAN_POINT('',(0.E0,1.E-2,0.E0));
#4550=DIRECTION('',(0.E0,-1.E0,0.E0));
#4551=DIRECTION('',(-1.E0,0.E0,0.E0));
#4552=AXIS2_PLACEMENT_3D('',#4549,#4550,#4551);
#4553=PLANE('',#4552);
#4555=ORIENTED_EDGE('',*,*,#4554,.T.);
#4557=ORIENTED_EDGE('',*,*,#4556,.F.);
#4559=ORIENTED_EDGE('',*,*,#4558,.T.);
#4561=ORIENTED_EDGE('',*,*,#4560,.F.);
#4563=ORIENTED_EDGE('',*,*,#4562,.F.);
#4565=ORIENTED_EDGE('',*,*,#4564,.F.);
#4566=EDGE_LOOP('',(#4555,#4557,#4559,#4561,#4563,#4565));
#4567=FACE_OUTER_BOUND('',#4566,.F.);
#4568=ADVANCED_FACE('',(#4567),#4553,.T.);
#4569=CARTESIAN_POINT('',(0.E0,1.E-2,0.E0));
#4570=DIRECTION('',(0.E0,-1.E0,0.E0));
#4571=DIRECTION('',(-1.E0,0.E0,0.E0));
#4572=AXIS2_PLACEMENT_3D('',#4569,#4570,#4571);
#4573=PLANE('',#4572);
#4575=ORIENTED_EDGE('',*,*,#4574,.T.);
#4577=ORIENTED_EDGE('',*,*,#4576,.F.);
#4579=ORIENTED_EDGE('',*,*,#4578,.T.);
#4581=ORIENTED_EDGE('',*,*,#4580,.F.);
#4583=ORIENTED_EDGE('',*,*,#4582,.F.);
#4585=ORIENTED_EDGE('',*,*,#4584,.F.);
#4586=EDGE_LOOP('',(#4575,#4577,#4579,#4581,#4583,#4585));
#4587=FACE_OUTER_BOUND('',#4586,.F.);
#4588=ADVANCED_FACE('',(#4587),#4573,.T.);
#4589=CARTESIAN_POINT('',(0.E0,1.E-2,0.E0));
#4590=DIRECTION('',(0.E0,-1.E0,0.E0));
#4591=DIRECTION('',(-1.E0,0.E0,0.E0));
#4592=AXIS2_PLACEMENT_3D('',#4589,#4590,#4591);
#4593=PLANE('',#4592);
#4595=ORIENTED_EDGE('',*,*,#4594,.T.);
#4597=ORIENTED_EDGE('',*,*,#4596,.F.);
#4599=ORIENTED_EDGE('',*,*,#4598,.T.);
#4601=ORIENTED_EDGE('',*,*,#4600,.F.);
#4603=ORIENTED_EDGE('',*,*,#4602,.F.);
#4605=ORIENTED_EDGE('',*,*,#4604,.F.);
#4606=EDGE_LOOP('',(#4595,#4597,#4599,#4601,#4603,#4605));
#4607=FACE_OUTER_BOUND('',#4606,.F.);
#4608=ADVANCED_FACE('',(#4607),#4593,.T.);
#4609=CARTESIAN_POINT('',(0.E0,1.E-2,0.E0));
#4610=DIRECTION('',(0.E0,-1.E0,0.E0));
#4611=DIRECTION('',(-1.E0,0.E0,0.E0));
#4612=AXIS2_PLACEMENT_3D('',#4609,#4610,#4611);
#4613=PLANE('',#4612);
#4615=ORIENTED_EDGE('',*,*,#4614,.T.);
#4617=ORIENTED_EDGE('',*,*,#4616,.F.);
#4619=ORIENTED_EDGE('',*,*,#4618,.T.);
#4621=ORIENTED_EDGE('',*,*,#4620,.F.);
#4623=ORIENTED_EDGE('',*,*,#4622,.F.);
#4625=ORIENTED_EDGE('',*,*,#4624,.F.);
#4626=EDGE_LOOP('',(#4615,#4617,#4619,#4621,#4623,#4625));
#4627=FACE_OUTER_BOUND('',#4626,.F.);
#4628=ADVANCED_FACE('',(#4627),#4613,.T.);
#4629=CARTESIAN_POINT('',(0.E0,1.E-2,0.E0));
#4630=DIRECTION('',(0.E0,-1.E0,0.E0));
#4631=DIRECTION('',(-1.E0,0.E0,0.E0));
#4632=AXIS2_PLACEMENT_3D('',#4629,#4630,#4631);
#4633=PLANE('',#4632);
#4635=ORIENTED_EDGE('',*,*,#4634,.T.);
#4637=ORIENTED_EDGE('',*,*,#4636,.F.);
#4639=ORIENTED_EDGE('',*,*,#4638,.T.);
#4641=ORIENTED_EDGE('',*,*,#4640,.F.);
#4643=ORIENTED_EDGE('',*,*,#4642,.F.);
#4645=ORIENTED_EDGE('',*,*,#4644,.F.);
#4646=EDGE_LOOP('',(#4635,#4637,#4639,#4641,#4643,#4645));
#4647=FACE_OUTER_BOUND('',#4646,.F.);
#4648=ADVANCED_FACE('',(#4647),#4633,.T.);
#4649=CARTESIAN_POINT('',(0.E0,1.E-2,0.E0));
#4650=DIRECTION('',(0.E0,-1.E0,0.E0));
#4651=DIRECTION('',(-1.E0,0.E0,0.E0));
#4652=AXIS2_PLACEMENT_3D('',#4649,#4650,#4651);
#4653=PLANE('',#4652);
#4655=ORIENTED_EDGE('',*,*,#4654,.T.);
#4657=ORIENTED_EDGE('',*,*,#4656,.F.);
#4659=ORIENTED_EDGE('',*,*,#4658,.T.);
#4661=ORIENTED_EDGE('',*,*,#4660,.F.);
#4663=ORIENTED_EDGE('',*,*,#4662,.F.);
#4665=ORIENTED_EDGE('',*,*,#4664,.F.);
#4666=EDGE_LOOP('',(#4655,#4657,#4659,#4661,#4663,#4665));
#4667=FACE_OUTER_BOUND('',#4666,.F.);
#4668=ADVANCED_FACE('',(#4667),#4653,.T.);
#4669=CARTESIAN_POINT('',(0.E0,1.E-2,0.E0));
#4670=DIRECTION('',(0.E0,-1.E0,0.E0));
#4671=DIRECTION('',(-1.E0,0.E0,0.E0));
#4672=AXIS2_PLACEMENT_3D('',#4669,#4670,#4671);
#4673=PLANE('',#4672);
#4675=ORIENTED_EDGE('',*,*,#4674,.T.);
#4677=ORIENTED_EDGE('',*,*,#4676,.F.);
#4679=ORIENTED_EDGE('',*,*,#4678,.T.);
#4681=ORIENTED_EDGE('',*,*,#4680,.F.);
#4683=ORIENTED_EDGE('',*,*,#4682,.F.);
#4685=ORIENTED_EDGE('',*,*,#4684,.F.);
#4686=EDGE_LOOP('',(#4675,#4677,#4679,#4681,#4683,#4685));
#4687=FACE_OUTER_BOUND('',#4686,.F.);
#4688=ADVANCED_FACE('',(#4687),#4673,.T.);
#4689=CARTESIAN_POINT('',(0.E0,1.E-2,0.E0));
#4690=DIRECTION('',(0.E0,-1.E0,0.E0));
#4691=DIRECTION('',(-1.E0,0.E0,0.E0));
#4692=AXIS2_PLACEMENT_3D('',#4689,#4690,#4691);
#4693=PLANE('',#4692);
#4695=ORIENTED_EDGE('',*,*,#4694,.T.);
#4697=ORIENTED_EDGE('',*,*,#4696,.F.);
#4699=ORIENTED_EDGE('',*,*,#4698,.T.);
#4701=ORIENTED_EDGE('',*,*,#4700,.F.);
#4703=ORIENTED_EDGE('',*,*,#4702,.F.);
#4705=ORIENTED_EDGE('',*,*,#4704,.F.);
#4706=EDGE_LOOP('',(#4695,#4697,#4699,#4701,#4703,#4705));
#4707=FACE_OUTER_BOUND('',#4706,.F.);
#4708=ADVANCED_FACE('',(#4707),#4693,.T.);
#4709=CARTESIAN_POINT('',(0.E0,1.E-2,0.E0));
#4710=DIRECTION('',(0.E0,-1.E0,0.E0));
#4711=DIRECTION('',(-1.E0,0.E0,0.E0));
#4712=AXIS2_PLACEMENT_3D('',#4709,#4710,#4711);
#4713=PLANE('',#4712);
#4715=ORIENTED_EDGE('',*,*,#4714,.T.);
#4717=ORIENTED_EDGE('',*,*,#4716,.F.);
#4719=ORIENTED_EDGE('',*,*,#4718,.T.);
#4721=ORIENTED_EDGE('',*,*,#4720,.F.);
#4723=ORIENTED_EDGE('',*,*,#4722,.F.);
#4725=ORIENTED_EDGE('',*,*,#4724,.F.);
#4726=EDGE_LOOP('',(#4715,#4717,#4719,#4721,#4723,#4725));
#4727=FACE_OUTER_BOUND('',#4726,.F.);
#4728=ADVANCED_FACE('',(#4727),#4713,.T.);
#4729=CARTESIAN_POINT('',(0.E0,1.E-2,0.E0));
#4730=DIRECTION('',(0.E0,-1.E0,0.E0));
#4731=DIRECTION('',(-1.E0,0.E0,0.E0));
#4732=AXIS2_PLACEMENT_3D('',#4729,#4730,#4731);
#4733=PLANE('',#4732);
#4735=ORIENTED_EDGE('',*,*,#4734,.T.);
#4737=ORIENTED_EDGE('',*,*,#4736,.F.);
#4739=ORIENTED_EDGE('',*,*,#4738,.T.);
#4741=ORIENTED_EDGE('',*,*,#4740,.F.);
#4743=ORIENTED_EDGE('',*,*,#4742,.F.);
#4745=ORIENTED_EDGE('',*,*,#4744,.F.);
#4746=EDGE_LOOP('',(#4735,#4737,#4739,#4741,#4743,#4745));
#4747=FACE_OUTER_BOUND('',#4746,.F.);
#4748=ADVANCED_FACE('',(#4747),#4733,.T.);
#4749=CARTESIAN_POINT('',(0.E0,1.E-2,0.E0));
#4750=DIRECTION('',(0.E0,-1.E0,0.E0));
#4751=DIRECTION('',(-1.E0,0.E0,0.E0));
#4752=AXIS2_PLACEMENT_3D('',#4749,#4750,#4751);
#4753=PLANE('',#4752);
#4755=ORIENTED_EDGE('',*,*,#4754,.T.);
#4757=ORIENTED_EDGE('',*,*,#4756,.F.);
#4759=ORIENTED_EDGE('',*,*,#4758,.T.);
#4761=ORIENTED_EDGE('',*,*,#4760,.F.);
#4763=ORIENTED_EDGE('',*,*,#4762,.F.);
#4765=ORIENTED_EDGE('',*,*,#4764,.F.);
#4766=EDGE_LOOP('',(#4755,#4757,#4759,#4761,#4763,#4765));
#4767=FACE_OUTER_BOUND('',#4766,.F.);
#4768=ADVANCED_FACE('',(#4767),#4753,.T.);
#4769=CARTESIAN_POINT('',(0.E0,1.E-2,0.E0));
#4770=DIRECTION('',(0.E0,-1.E0,0.E0));
#4771=DIRECTION('',(-1.E0,0.E0,0.E0));
#4772=AXIS2_PLACEMENT_3D('',#4769,#4770,#4771);
#4773=PLANE('',#4772);
#4775=ORIENTED_EDGE('',*,*,#4774,.T.);
#4777=ORIENTED_EDGE('',*,*,#4776,.F.);
#4779=ORIENTED_EDGE('',*,*,#4778,.T.);
#4781=ORIENTED_EDGE('',*,*,#4780,.F.);
#4783=ORIENTED_EDGE('',*,*,#4782,.F.);
#4785=ORIENTED_EDGE('',*,*,#4784,.F.);
#4786=EDGE_LOOP('',(#4775,#4777,#4779,#4781,#4783,#4785));
#4787=FACE_OUTER_BOUND('',#4786,.F.);
#4788=ADVANCED_FACE('',(#4787),#4773,.T.);
#4789=CARTESIAN_POINT('',(0.E0,1.E-2,0.E0));
#4790=DIRECTION('',(0.E0,-1.E0,0.E0));
#4791=DIRECTION('',(-1.E0,0.E0,0.E0));
#4792=AXIS2_PLACEMENT_3D('',#4789,#4790,#4791);
#4793=PLANE('',#4792);
#4795=ORIENTED_EDGE('',*,*,#4794,.T.);
#4797=ORIENTED_EDGE('',*,*,#4796,.F.);
#4799=ORIENTED_EDGE('',*,*,#4798,.T.);
#4801=ORIENTED_EDGE('',*,*,#4800,.F.);
#4803=ORIENTED_EDGE('',*,*,#4802,.F.);
#4805=ORIENTED_EDGE('',*,*,#4804,.F.);
#4806=EDGE_LOOP('',(#4795,#4797,#4799,#4801,#4803,#4805));
#4807=FACE_OUTER_BOUND('',#4806,.F.);
#4808=ADVANCED_FACE('',(#4807),#4793,.T.);
#4809=CARTESIAN_POINT('',(0.E0,1.E-2,0.E0));
#4810=DIRECTION('',(0.E0,-1.E0,0.E0));
#4811=DIRECTION('',(-1.E0,0.E0,0.E0));
#4812=AXIS2_PLACEMENT_3D('',#4809,#4810,#4811);
#4813=PLANE('',#4812);
#4815=ORIENTED_EDGE('',*,*,#4814,.T.);
#4817=ORIENTED_EDGE('',*,*,#4816,.F.);
#4819=ORIENTED_EDGE('',*,*,#4818,.T.);
#4821=ORIENTED_EDGE('',*,*,#4820,.F.);
#4823=ORIENTED_EDGE('',*,*,#4822,.F.);
#4825=ORIENTED_EDGE('',*,*,#4824,.F.);
#4826=EDGE_LOOP('',(#4815,#4817,#4819,#4821,#4823,#4825));
#4827=FACE_OUTER_BOUND('',#4826,.F.);
#4828=ADVANCED_FACE('',(#4827),#4813,.T.);
#4829=CARTESIAN_POINT('',(0.E0,1.E-2,0.E0));
#4830=DIRECTION('',(0.E0,-1.E0,0.E0));
#4831=DIRECTION('',(-1.E0,0.E0,0.E0));
#4832=AXIS2_PLACEMENT_3D('',#4829,#4830,#4831);
#4833=PLANE('',#4832);
#4835=ORIENTED_EDGE('',*,*,#4834,.T.);
#4837=ORIENTED_EDGE('',*,*,#4836,.F.);
#4839=ORIENTED_EDGE('',*,*,#4838,.T.);
#4841=ORIENTED_EDGE('',*,*,#4840,.F.);
#4843=ORIENTED_EDGE('',*,*,#4842,.F.);
#4845=ORIENTED_EDGE('',*,*,#4844,.F.);
#4846=EDGE_LOOP('',(#4835,#4837,#4839,#4841,#4843,#4845));
#4847=FACE_OUTER_BOUND('',#4846,.F.);
#4848=ADVANCED_FACE('',(#4847),#4833,.T.);
#4849=CARTESIAN_POINT('',(2.5E0,0.E0,-1.8E0));
#4850=DIRECTION('',(-1.E0,0.E0,0.E0));
#4851=DIRECTION('',(0.E0,0.E0,-1.E0));
#4852=AXIS2_PLACEMENT_3D('',#4849,#4850,#4851);
#4853=PLANE('',#4852);
#4854=ORIENTED_EDGE('',*,*,#3978,.F.);
#4856=ORIENTED_EDGE('',*,*,#4855,.T.);
#4857=ORIENTED_EDGE('',*,*,#4485,.T.);
#4858=ORIENTED_EDGE('',*,*,#4280,.F.);
#4859=EDGE_LOOP('',(#4854,#4856,#4857,#4858));
#4860=FACE_OUTER_BOUND('',#4859,.F.);
#4861=ADVANCED_FACE('',(#4860),#4853,.F.);
#4862=CARTESIAN_POINT('',(3.2E0,8.E-1,-1.8E0));
#4863=DIRECTION('',(0.E0,0.E0,1.E0));
#4864=DIRECTION('',(1.E0,0.E0,0.E0));
#4865=AXIS2_PLACEMENT_3D('',#4862,#4863,#4864);
#4866=PLANE('',#4865);
#4867=ORIENTED_EDGE('',*,*,#4427,.T.);
#4868=ORIENTED_EDGE('',*,*,#4487,.T.);
#4869=ORIENTED_EDGE('',*,*,#4855,.F.);
#4870=ORIENTED_EDGE('',*,*,#3976,.F.);
#4871=ORIENTED_EDGE('',*,*,#4316,.T.);
#4872=ORIENTED_EDGE('',*,*,#4039,.T.);
#4874=ORIENTED_EDGE('',*,*,#4873,.T.);
#4876=ORIENTED_EDGE('',*,*,#4875,.T.);
#4877=EDGE_LOOP('',(#4867,#4868,#4869,#4870,#4871,#4872,#4874,#4876));
#4878=FACE_OUTER_BOUND('',#4877,.F.);
#4879=ADVANCED_FACE('',(#4878),#4866,.F.);
#4880=CARTESIAN_POINT('',(3.2E0,8.E-1,-2.2E0));
#4881=DIRECTION('',(-1.E0,0.E0,0.E0));
#4882=DIRECTION('',(0.E0,0.E0,1.E0));
#4883=AXIS2_PLACEMENT_3D('',#4880,#4881,#4882);
#4884=PLANE('',#4883);
#4885=ORIENTED_EDGE('',*,*,#4037,.F.);
#4886=ORIENTED_EDGE('',*,*,#4288,.T.);
#4888=ORIENTED_EDGE('',*,*,#4887,.T.);
#4889=ORIENTED_EDGE('',*,*,#4873,.F.);
#4890=EDGE_LOOP('',(#4885,#4886,#4888,#4889));
#4891=FACE_OUTER_BOUND('',#4890,.F.);
#4892=ADVANCED_FACE('',(#4891),#4884,.F.);
#4893=CARTESIAN_POINT('',(0.E0,7.9E-1,0.E0));
#4894=DIRECTION('',(0.E0,1.E0,0.E0));
#4895=DIRECTION('',(1.E0,0.E0,0.E0));
#4896=AXIS2_PLACEMENT_3D('',#4893,#4894,#4895);
#4897=PLANE('',#4896);
#4898=ORIENTED_EDGE('',*,*,#4406,.F.);
#4900=ORIENTED_EDGE('',*,*,#4899,.T.);
#4901=ORIENTED_EDGE('',*,*,#4421,.F.);
#4902=ORIENTED_EDGE('',*,*,#4875,.F.);
#4903=ORIENTED_EDGE('',*,*,#4887,.F.);
#4904=ORIENTED_EDGE('',*,*,#4286,.F.);
#4905=EDGE_LOOP('',(#4898,#4900,#4901,#4902,#4903,#4904));
#4906=FACE_OUTER_BOUND('',#4905,.F.);
#4907=ADVANCED_FACE('',(#4906),#4897,.T.);
#4908=CARTESIAN_POINT('',(0.E0,7.9E-1,0.E0));
#4909=DIRECTION('',(0.E0,1.E0,0.E0));
#4910=DIRECTION('',(1.E0,0.E0,0.E0));
#4911=AXIS2_PLACEMENT_3D('',#4908,#4909,#4910);
#4912=PLANE('',#4911);
#4913=ORIENTED_EDGE('',*,*,#4473,.T.);
#4914=ORIENTED_EDGE('',*,*,#4396,.T.);
#4915=ORIENTED_EDGE('',*,*,#4365,.F.);
#4917=ORIENTED_EDGE('',*,*,#4916,.F.);
#4919=ORIENTED_EDGE('',*,*,#4918,.F.);
#4920=ORIENTED_EDGE('',*,*,#4377,.T.);
#4921=EDGE_LOOP('',(#4913,#4914,#4915,#4917,#4919,#4920));
#4922=FACE_OUTER_BOUND('',#4921,.F.);
#4923=ADVANCED_FACE('',(#4922),#4912,.T.);
#4924=CARTESIAN_POINT('',(0.E0,7.9E-1,0.E0));
#4925=DIRECTION('',(0.E0,1.E0,0.E0));
#4926=DIRECTION('',(1.E0,0.E0,0.E0));
#4927=AXIS2_PLACEMENT_3D('',#4924,#4925,#4926);
#4928=PLANE('',#4927);
#4929=ORIENTED_EDGE('',*,*,#4439,.T.);
#4931=ORIENTED_EDGE('',*,*,#4930,.T.);
#4932=ORIENTED_EDGE('',*,*,#4459,.T.);
#4934=ORIENTED_EDGE('',*,*,#4933,.F.);
#4936=ORIENTED_EDGE('',*,*,#4935,.F.);
#4938=ORIENTED_EDGE('',*,*,#4937,.F.);
#4939=EDGE_LOOP('',(#4929,#4931,#4932,#4934,#4936,#4938));
#4940=FACE_OUTER_BOUND('',#4939,.F.);
#4941=ADVANCED_FACE('',(#4940),#4928,.T.);
#4942=CARTESIAN_POINT('',(0.E0,7.9E-1,0.E0));
#4943=DIRECTION('',(0.E0,1.E0,0.E0));
#4944=DIRECTION('',(1.E0,0.E0,0.E0));
#4945=AXIS2_PLACEMENT_3D('',#4942,#4943,#4944);
#4946=PLANE('',#4945);
#4948=ORIENTED_EDGE('',*,*,#4947,.F.);
#4950=ORIENTED_EDGE('',*,*,#4949,.F.);
#4952=ORIENTED_EDGE('',*,*,#4951,.F.);
#4954=ORIENTED_EDGE('',*,*,#4953,.F.);
#4956=ORIENTED_EDGE('',*,*,#4955,.F.);
#4958=ORIENTED_EDGE('',*,*,#4957,.T.);
#4959=EDGE_LOOP('',(#4948,#4950,#4952,#4954,#4956,#4958));
#4960=FACE_OUTER_BOUND('',#4959,.F.);
#4961=ADVANCED_FACE('',(#4960),#4946,.T.);
#4962=CARTESIAN_POINT('',(0.E0,7.9E-1,0.E0));
#4963=DIRECTION('',(0.E0,1.E0,0.E0));
#4964=DIRECTION('',(1.E0,0.E0,0.E0));
#4965=AXIS2_PLACEMENT_3D('',#4962,#4963,#4964);
#4966=PLANE('',#4965);
#4968=ORIENTED_EDGE('',*,*,#4967,.F.);
#4970=ORIENTED_EDGE('',*,*,#4969,.F.);
#4972=ORIENTED_EDGE('',*,*,#4971,.F.);
#4974=ORIENTED_EDGE('',*,*,#4973,.F.);
#4976=ORIENTED_EDGE('',*,*,#4975,.F.);
#4978=ORIENTED_EDGE('',*,*,#4977,.T.);
#4979=EDGE_LOOP('',(#4968,#4970,#4972,#4974,#4976,#4978));
#4980=FACE_OUTER_BOUND('',#4979,.F.);
#4981=ADVANCED_FACE('',(#4980),#4966,.T.);
#4982=CARTESIAN_POINT('',(0.E0,7.9E-1,0.E0));
#4983=DIRECTION('',(0.E0,1.E0,0.E0));
#4984=DIRECTION('',(1.E0,0.E0,0.E0));
#4985=AXIS2_PLACEMENT_3D('',#4982,#4983,#4984);
#4986=PLANE('',#4985);
#4988=ORIENTED_EDGE('',*,*,#4987,.F.);
#4990=ORIENTED_EDGE('',*,*,#4989,.F.);
#4992=ORIENTED_EDGE('',*,*,#4991,.F.);
#4994=ORIENTED_EDGE('',*,*,#4993,.F.);
#4996=ORIENTED_EDGE('',*,*,#4995,.F.);
#4998=ORIENTED_EDGE('',*,*,#4997,.T.);
#4999=EDGE_LOOP('',(#4988,#4990,#4992,#4994,#4996,#4998));
#5000=FACE_OUTER_BOUND('',#4999,.F.);
#5001=ADVANCED_FACE('',(#5000),#4986,.T.);
#5002=CARTESIAN_POINT('',(0.E0,7.9E-1,0.E0));
#5003=DIRECTION('',(0.E0,1.E0,0.E0));
#5004=DIRECTION('',(1.E0,0.E0,0.E0));
#5005=AXIS2_PLACEMENT_3D('',#5002,#5003,#5004);
#5006=PLANE('',#5005);
#5008=ORIENTED_EDGE('',*,*,#5007,.F.);
#5010=ORIENTED_EDGE('',*,*,#5009,.F.);
#5012=ORIENTED_EDGE('',*,*,#5011,.F.);
#5014=ORIENTED_EDGE('',*,*,#5013,.F.);
#5016=ORIENTED_EDGE('',*,*,#5015,.F.);
#5018=ORIENTED_EDGE('',*,*,#5017,.T.);
#5019=EDGE_LOOP('',(#5008,#5010,#5012,#5014,#5016,#5018));
#5020=FACE_OUTER_BOUND('',#5019,.F.);
#5021=ADVANCED_FACE('',(#5020),#5006,.T.);
#5022=CARTESIAN_POINT('',(0.E0,7.9E-1,0.E0));
#5023=DIRECTION('',(0.E0,1.E0,0.E0));
#5024=DIRECTION('',(1.E0,0.E0,0.E0));
#5025=AXIS2_PLACEMENT_3D('',#5022,#5023,#5024);
#5026=PLANE('',#5025);
#5028=ORIENTED_EDGE('',*,*,#5027,.F.);
#5030=ORIENTED_EDGE('',*,*,#5029,.F.);
#5032=ORIENTED_EDGE('',*,*,#5031,.F.);
#5034=ORIENTED_EDGE('',*,*,#5033,.F.);
#5036=ORIENTED_EDGE('',*,*,#5035,.F.);
#5038=ORIENTED_EDGE('',*,*,#5037,.T.);
#5039=EDGE_LOOP('',(#5028,#5030,#5032,#5034,#5036,#5038));
#5040=FACE_OUTER_BOUND('',#5039,.F.);
#5041=ADVANCED_FACE('',(#5040),#5026,.T.);
#5042=CARTESIAN_POINT('',(0.E0,7.9E-1,0.E0));
#5043=DIRECTION('',(0.E0,1.E0,0.E0));
#5044=DIRECTION('',(1.E0,0.E0,0.E0));
#5045=AXIS2_PLACEMENT_3D('',#5042,#5043,#5044);
#5046=PLANE('',#5045);
#5048=ORIENTED_EDGE('',*,*,#5047,.F.);
#5050=ORIENTED_EDGE('',*,*,#5049,.F.);
#5052=ORIENTED_EDGE('',*,*,#5051,.F.);
#5054=ORIENTED_EDGE('',*,*,#5053,.F.);
#5056=ORIENTED_EDGE('',*,*,#5055,.F.);
#5058=ORIENTED_EDGE('',*,*,#5057,.T.);
#5059=EDGE_LOOP('',(#5048,#5050,#5052,#5054,#5056,#5058));
#5060=FACE_OUTER_BOUND('',#5059,.F.);
#5061=ADVANCED_FACE('',(#5060),#5046,.T.);
#5062=CARTESIAN_POINT('',(0.E0,7.9E-1,0.E0));
#5063=DIRECTION('',(0.E0,1.E0,0.E0));
#5064=DIRECTION('',(1.E0,0.E0,0.E0));
#5065=AXIS2_PLACEMENT_3D('',#5062,#5063,#5064);
#5066=PLANE('',#5065);
#5068=ORIENTED_EDGE('',*,*,#5067,.F.);
#5070=ORIENTED_EDGE('',*,*,#5069,.F.);
#5072=ORIENTED_EDGE('',*,*,#5071,.F.);
#5074=ORIENTED_EDGE('',*,*,#5073,.F.);
#5076=ORIENTED_EDGE('',*,*,#5075,.F.);
#5078=ORIENTED_EDGE('',*,*,#5077,.T.);
#5079=EDGE_LOOP('',(#5068,#5070,#5072,#5074,#5076,#5078));
#5080=FACE_OUTER_BOUND('',#5079,.F.);
#5081=ADVANCED_FACE('',(#5080),#5066,.T.);
#5082=CARTESIAN_POINT('',(0.E0,7.9E-1,0.E0));
#5083=DIRECTION('',(0.E0,1.E0,0.E0));
#5084=DIRECTION('',(1.E0,0.E0,0.E0));
#5085=AXIS2_PLACEMENT_3D('',#5082,#5083,#5084);
#5086=PLANE('',#5085);
#5088=ORIENTED_EDGE('',*,*,#5087,.F.);
#5090=ORIENTED_EDGE('',*,*,#5089,.F.);
#5092=ORIENTED_EDGE('',*,*,#5091,.F.);
#5094=ORIENTED_EDGE('',*,*,#5093,.F.);
#5096=ORIENTED_EDGE('',*,*,#5095,.F.);
#5098=ORIENTED_EDGE('',*,*,#5097,.T.);
#5099=EDGE_LOOP('',(#5088,#5090,#5092,#5094,#5096,#5098));
#5100=FACE_OUTER_BOUND('',#5099,.F.);
#5101=ADVANCED_FACE('',(#5100),#5086,.T.);
#5102=CARTESIAN_POINT('',(0.E0,7.9E-1,0.E0));
#5103=DIRECTION('',(0.E0,1.E0,0.E0));
#5104=DIRECTION('',(1.E0,0.E0,0.E0));
#5105=AXIS2_PLACEMENT_3D('',#5102,#5103,#5104);
#5106=PLANE('',#5105);
#5108=ORIENTED_EDGE('',*,*,#5107,.F.);
#5110=ORIENTED_EDGE('',*,*,#5109,.F.);
#5112=ORIENTED_EDGE('',*,*,#5111,.F.);
#5114=ORIENTED_EDGE('',*,*,#5113,.F.);
#5116=ORIENTED_EDGE('',*,*,#5115,.F.);
#5118=ORIENTED_EDGE('',*,*,#5117,.T.);
#5119=EDGE_LOOP('',(#5108,#5110,#5112,#5114,#5116,#5118));
#5120=FACE_OUTER_BOUND('',#5119,.F.);
#5121=ADVANCED_FACE('',(#5120),#5106,.T.);
#5122=CARTESIAN_POINT('',(0.E0,7.9E-1,0.E0));
#5123=DIRECTION('',(0.E0,1.E0,0.E0));
#5124=DIRECTION('',(1.E0,0.E0,0.E0));
#5125=AXIS2_PLACEMENT_3D('',#5122,#5123,#5124);
#5126=PLANE('',#5125);
#5128=ORIENTED_EDGE('',*,*,#5127,.F.);
#5130=ORIENTED_EDGE('',*,*,#5129,.F.);
#5132=ORIENTED_EDGE('',*,*,#5131,.F.);
#5134=ORIENTED_EDGE('',*,*,#5133,.F.);
#5136=ORIENTED_EDGE('',*,*,#5135,.F.);
#5138=ORIENTED_EDGE('',*,*,#5137,.T.);
#5139=EDGE_LOOP('',(#5128,#5130,#5132,#5134,#5136,#5138));
#5140=FACE_OUTER_BOUND('',#5139,.F.);
#5141=ADVANCED_FACE('',(#5140),#5126,.T.);
#5142=CARTESIAN_POINT('',(0.E0,7.9E-1,0.E0));
#5143=DIRECTION('',(0.E0,1.E0,0.E0));
#5144=DIRECTION('',(1.E0,0.E0,0.E0));
#5145=AXIS2_PLACEMENT_3D('',#5142,#5143,#5144);
#5146=PLANE('',#5145);
#5148=ORIENTED_EDGE('',*,*,#5147,.F.);
#5150=ORIENTED_EDGE('',*,*,#5149,.F.);
#5152=ORIENTED_EDGE('',*,*,#5151,.F.);
#5154=ORIENTED_EDGE('',*,*,#5153,.F.);
#5156=ORIENTED_EDGE('',*,*,#5155,.F.);
#5158=ORIENTED_EDGE('',*,*,#5157,.T.);
#5159=EDGE_LOOP('',(#5148,#5150,#5152,#5154,#5156,#5158));
#5160=FACE_OUTER_BOUND('',#5159,.F.);
#5161=ADVANCED_FACE('',(#5160),#5146,.T.);
#5162=CARTESIAN_POINT('',(0.E0,7.9E-1,0.E0));
#5163=DIRECTION('',(0.E0,1.E0,0.E0));
#5164=DIRECTION('',(1.E0,0.E0,0.E0));
#5165=AXIS2_PLACEMENT_3D('',#5162,#5163,#5164);
#5166=PLANE('',#5165);
#5168=ORIENTED_EDGE('',*,*,#5167,.F.);
#5170=ORIENTED_EDGE('',*,*,#5169,.F.);
#5172=ORIENTED_EDGE('',*,*,#5171,.F.);
#5174=ORIENTED_EDGE('',*,*,#5173,.F.);
#5176=ORIENTED_EDGE('',*,*,#5175,.F.);
#5178=ORIENTED_EDGE('',*,*,#5177,.T.);
#5179=EDGE_LOOP('',(#5168,#5170,#5172,#5174,#5176,#5178));
#5180=FACE_OUTER_BOUND('',#5179,.F.);
#5181=ADVANCED_FACE('',(#5180),#5166,.T.);
#5182=CARTESIAN_POINT('',(0.E0,7.9E-1,0.E0));
#5183=DIRECTION('',(0.E0,1.E0,0.E0));
#5184=DIRECTION('',(1.E0,0.E0,0.E0));
#5185=AXIS2_PLACEMENT_3D('',#5182,#5183,#5184);
#5186=PLANE('',#5185);
#5188=ORIENTED_EDGE('',*,*,#5187,.F.);
#5190=ORIENTED_EDGE('',*,*,#5189,.F.);
#5192=ORIENTED_EDGE('',*,*,#5191,.F.);
#5194=ORIENTED_EDGE('',*,*,#5193,.F.);
#5196=ORIENTED_EDGE('',*,*,#5195,.F.);
#5198=ORIENTED_EDGE('',*,*,#5197,.T.);
#5199=EDGE_LOOP('',(#5188,#5190,#5192,#5194,#5196,#5198));
#5200=FACE_OUTER_BOUND('',#5199,.F.);
#5201=ADVANCED_FACE('',(#5200),#5186,.T.);
#5202=CARTESIAN_POINT('',(0.E0,7.9E-1,0.E0));
#5203=DIRECTION('',(0.E0,1.E0,0.E0));
#5204=DIRECTION('',(1.E0,0.E0,0.E0));
#5205=AXIS2_PLACEMENT_3D('',#5202,#5203,#5204);
#5206=PLANE('',#5205);
#5208=ORIENTED_EDGE('',*,*,#5207,.F.);
#5210=ORIENTED_EDGE('',*,*,#5209,.F.);
#5212=ORIENTED_EDGE('',*,*,#5211,.F.);
#5214=ORIENTED_EDGE('',*,*,#5213,.F.);
#5216=ORIENTED_EDGE('',*,*,#5215,.F.);
#5218=ORIENTED_EDGE('',*,*,#5217,.T.);
#5219=EDGE_LOOP('',(#5208,#5210,#5212,#5214,#5216,#5218));
#5220=FACE_OUTER_BOUND('',#5219,.F.);
#5221=ADVANCED_FACE('',(#5220),#5206,.T.);
#5222=CARTESIAN_POINT('',(0.E0,7.9E-1,0.E0));
#5223=DIRECTION('',(0.E0,1.E0,0.E0));
#5224=DIRECTION('',(1.E0,0.E0,0.E0));
#5225=AXIS2_PLACEMENT_3D('',#5222,#5223,#5224);
#5226=PLANE('',#5225);
#5228=ORIENTED_EDGE('',*,*,#5227,.F.);
#5230=ORIENTED_EDGE('',*,*,#5229,.F.);
#5232=ORIENTED_EDGE('',*,*,#5231,.F.);
#5234=ORIENTED_EDGE('',*,*,#5233,.F.);
#5236=ORIENTED_EDGE('',*,*,#5235,.F.);
#5238=ORIENTED_EDGE('',*,*,#5237,.T.);
#5239=EDGE_LOOP('',(#5228,#5230,#5232,#5234,#5236,#5238));
#5240=FACE_OUTER_BOUND('',#5239,.F.);
#5241=ADVANCED_FACE('',(#5240),#5226,.T.);
#5242=CARTESIAN_POINT('',(0.E0,7.9E-1,0.E0));
#5243=DIRECTION('',(0.E0,1.E0,0.E0));
#5244=DIRECTION('',(1.E0,0.E0,0.E0));
#5245=AXIS2_PLACEMENT_3D('',#5242,#5243,#5244);
#5246=PLANE('',#5245);
#5248=ORIENTED_EDGE('',*,*,#5247,.F.);
#5250=ORIENTED_EDGE('',*,*,#5249,.F.);
#5252=ORIENTED_EDGE('',*,*,#5251,.F.);
#5254=ORIENTED_EDGE('',*,*,#5253,.F.);
#5256=ORIENTED_EDGE('',*,*,#5255,.F.);
#5258=ORIENTED_EDGE('',*,*,#5257,.T.);
#5259=EDGE_LOOP('',(#5248,#5250,#5252,#5254,#5256,#5258));
#5260=FACE_OUTER_BOUND('',#5259,.F.);
#5261=ADVANCED_FACE('',(#5260),#5246,.T.);
#5262=CARTESIAN_POINT('',(3.6E0,8.E-1,-2.E0));
#5263=DIRECTION('',(0.E0,1.E0,0.E0));
#5264=DIRECTION('',(1.E0,0.E0,0.E0));
#5265=AXIS2_PLACEMENT_3D('',#5262,#5263,#5264);
#5266=CYLINDRICAL_SURFACE('',#5265,7.5E-2);
#5267=ORIENTED_EDGE('',*,*,#4411,.F.);
#5268=ORIENTED_EDGE('',*,*,#4490,.T.);
#5269=ORIENTED_EDGE('',*,*,#4423,.T.);
#5270=ORIENTED_EDGE('',*,*,#4899,.F.);
#5271=EDGE_LOOP('',(#5267,#5268,#5269,#5270));
#5272=FACE_OUTER_BOUND('',#5271,.F.);
#5273=ADVANCED_FACE('',(#5272),#5266,.F.);
#5274=CARTESIAN_POINT('',(3.2E0,8.E-1,2.8E0));
#5275=DIRECTION('',(-1.E0,0.E0,0.E0));
#5276=DIRECTION('',(0.E0,0.E0,1.E0));
#5277=AXIS2_PLACEMENT_3D('',#5274,#5275,#5276);
#5278=PLANE('',#5277);
#5279=ORIENTED_EDGE('',*,*,#4045,.F.);
#5281=ORIENTED_EDGE('',*,*,#5280,.T.);
#5282=ORIENTED_EDGE('',*,*,#4916,.T.);
#5283=ORIENTED_EDGE('',*,*,#4363,.F.);
#5284=EDGE_LOOP('',(#5279,#5281,#5282,#5283));
#5285=FACE_OUTER_BOUND('',#5284,.F.);
#5286=ADVANCED_FACE('',(#5285),#5278,.F.);
#5287=CARTESIAN_POINT('',(3.6E0,8.E-1,2.8E0));
#5288=DIRECTION('',(0.E0,0.E0,-1.E0));
#5289=DIRECTION('',(-1.E0,0.E0,0.E0));
#5290=AXIS2_PLACEMENT_3D('',#5287,#5288,#5289);
#5291=PLANE('',#5290);
#5292=ORIENTED_EDGE('',*,*,#4313,.T.);
#5293=ORIENTED_EDGE('',*,*,#3972,.T.);
#5295=ORIENTED_EDGE('',*,*,#5294,.T.);
#5296=ORIENTED_EDGE('',*,*,#4502,.T.);
#5297=ORIENTED_EDGE('',*,*,#4379,.T.);
#5298=ORIENTED_EDGE('',*,*,#4918,.T.);
#5299=ORIENTED_EDGE('',*,*,#5280,.F.);
#5300=ORIENTED_EDGE('',*,*,#4043,.F.);
#5301=EDGE_LOOP('',(#5292,#5293,#5295,#5296,#5297,#5298,#5299,#5300));
#5302=FACE_OUTER_BOUND('',#5301,.F.);
#5303=ADVANCED_FACE('',(#5302),#5291,.F.);
#5304=CARTESIAN_POINT('',(2.5E0,0.E0,3.2E0));
#5305=DIRECTION('',(-1.E0,0.E0,0.E0));
#5306=DIRECTION('',(0.E0,0.E0,-1.E0));
#5307=AXIS2_PLACEMENT_3D('',#5304,#5305,#5306);
#5308=PLANE('',#5307);
#5309=ORIENTED_EDGE('',*,*,#3970,.F.);
#5310=ORIENTED_EDGE('',*,*,#4358,.T.);
#5311=ORIENTED_EDGE('',*,*,#4504,.T.);
#5312=ORIENTED_EDGE('',*,*,#5294,.F.);
#5313=EDGE_LOOP('',(#5309,#5310,#5311,#5312));
#5314=FACE_OUTER_BOUND('',#5313,.F.);
#5315=ADVANCED_FACE('',(#5314),#5308,.F.);
#5316=CARTESIAN_POINT('',(3.6E0,8.E-1,3.7E0));
#5317=DIRECTION('',(0.E0,1.E0,0.E0));
#5318=DIRECTION('',(1.E0,0.E0,0.E0));
#5319=AXIS2_PLACEMENT_3D('',#5316,#5317,#5318);
#5320=CYLINDRICAL_SURFACE('',#5319,7.5E-2);
#5321=ORIENTED_EDGE('',*,*,#4437,.F.);
#5322=ORIENTED_EDGE('',*,*,#4524,.T.);
#5323=ORIENTED_EDGE('',*,*,#4453,.T.);
#5324=ORIENTED_EDGE('',*,*,#4930,.F.);
#5325=EDGE_LOOP('',(#5321,#5322,#5323,#5324));
#5326=FACE_OUTER_BOUND('',#5325,.F.);
#5327=ADVANCED_FACE('',(#5326),#5320,.F.);
#5328=CARTESIAN_POINT('',(3.2E0,8.E-1,3.9E0));
#5329=DIRECTION('',(0.E0,0.E0,1.E0));
#5330=DIRECTION('',(1.E0,0.E0,0.E0));
#5331=AXIS2_PLACEMENT_3D('',#5328,#5329,#5330);
#5332=PLANE('',#5331);
#5333=ORIENTED_EDGE('',*,*,#4457,.T.);
#5334=ORIENTED_EDGE('',*,*,#4521,.T.);
#5336=ORIENTED_EDGE('',*,*,#5335,.F.);
#5337=ORIENTED_EDGE('',*,*,#3960,.F.);
#5338=ORIENTED_EDGE('',*,*,#4327,.T.);
#5339=ORIENTED_EDGE('',*,*,#4055,.T.);
#5341=ORIENTED_EDGE('',*,*,#5340,.T.);
#5342=ORIENTED_EDGE('',*,*,#4933,.T.);
#5343=EDGE_LOOP('',(#5333,#5334,#5336,#5337,#5338,#5339,#5341,#5342));
#5344=FACE_OUTER_BOUND('',#5343,.F.);
#5345=ADVANCED_FACE('',(#5344),#5332,.F.);
#5346=CARTESIAN_POINT('',(2.5E0,0.E0,3.9E0));
#5347=DIRECTION('',(-1.E0,0.E0,0.E0));
#5348=DIRECTION('',(0.E0,0.E0,-1.E0));
#5349=AXIS2_PLACEMENT_3D('',#5346,#5347,#5348);
#5350=PLANE('',#5349);
#5351=ORIENTED_EDGE('',*,*,#3962,.F.);
#5352=ORIENTED_EDGE('',*,*,#5335,.T.);
#5353=ORIENTED_EDGE('',*,*,#4519,.T.);
#5355=ORIENTED_EDGE('',*,*,#5354,.F.);
#5356=EDGE_LOOP('',(#5351,#5352,#5353,#5355));
#5357=FACE_OUTER_BOUND('',#5356,.F.);
#5358=ADVANCED_FACE('',(#5357),#5350,.F.);
#5359=CARTESIAN_POINT('',(3.6E0,8.E-1,3.5E0));
#5360=DIRECTION('',(0.E0,0.E0,-1.E0));
#5361=DIRECTION('',(-1.E0,0.E0,0.E0));
#5362=AXIS2_PLACEMENT_3D('',#5359,#5360,#5361);
#5363=PLANE('',#5362);
#5364=ORIENTED_EDGE('',*,*,#4302,.T.);
#5365=ORIENTED_EDGE('',*,*,#3964,.T.);
#5366=ORIENTED_EDGE('',*,*,#5354,.T.);
#5367=ORIENTED_EDGE('',*,*,#4517,.T.);
#5368=ORIENTED_EDGE('',*,*,#4441,.T.);
#5369=ORIENTED_EDGE('',*,*,#4937,.T.);
#5371=ORIENTED_EDGE('',*,*,#5370,.F.);
#5372=ORIENTED_EDGE('',*,*,#4051,.F.);
#5373=EDGE_LOOP('',(#5364,#5365,#5366,#5367,#5368,#5369,#5371,#5372));
#5374=FACE_OUTER_BOUND('',#5373,.F.);
#5375=ADVANCED_FACE('',(#5374),#5363,.F.);
#5376=CARTESIAN_POINT('',(3.2E0,8.E-1,3.5E0));
#5377=DIRECTION('',(-1.E0,0.E0,0.E0));
#5378=DIRECTION('',(0.E0,0.E0,1.E0));
#5379=AXIS2_PLACEMENT_3D('',#5376,#5377,#5378);
#5380=PLANE('',#5379);
#5381=ORIENTED_EDGE('',*,*,#4053,.F.);
#5382=ORIENTED_EDGE('',*,*,#5370,.T.);
#5383=ORIENTED_EDGE('',*,*,#4935,.T.);
#5384=ORIENTED_EDGE('',*,*,#5340,.F.);
#5385=EDGE_LOOP('',(#5381,#5382,#5383,#5384));
#5386=FACE_OUTER_BOUND('',#5385,.F.);
#5387=ADVANCED_FACE('',(#5386),#5380,.F.);
#5388=CARTESIAN_POINT('',(0.E0,0.E0,5.58E0));
#5389=DIRECTION('',(0.E0,0.E0,1.E0));
#5390=DIRECTION('',(1.E0,0.E0,0.E0));
#5391=AXIS2_PLACEMENT_3D('',#5388,#5389,#5390);
#5392=PLANE('',#5391);
#5394=ORIENTED_EDGE('',*,*,#5393,.T.);
#5395=ORIENTED_EDGE('',*,*,#5075,.T.);
#5397=ORIENTED_EDGE('',*,*,#5396,.F.);
#5398=ORIENTED_EDGE('',*,*,#4658,.F.);
#5399=EDGE_LOOP('',(#5394,#5395,#5397,#5398));
#5400=FACE_OUTER_BOUND('',#5399,.F.);
#5401=ADVANCED_FACE('',(#5400),#5392,.T.);
#5402=CARTESIAN_POINT('',(0.E0,0.E0,5.58E0));
#5403=DIRECTION('',(0.E0,0.E0,1.E0));
#5404=DIRECTION('',(1.E0,0.E0,0.E0));
#5405=AXIS2_PLACEMENT_3D('',#5402,#5403,#5404);
#5406=PLANE('',#5405);
#5408=ORIENTED_EDGE('',*,*,#5407,.F.);
#5409=ORIENTED_EDGE('',*,*,#4654,.F.);
#5411=ORIENTED_EDGE('',*,*,#5410,.F.);
#5412=ORIENTED_EDGE('',*,*,#5067,.T.);
#5413=EDGE_LOOP('',(#5408,#5409,#5411,#5412));
#5414=FACE_OUTER_BOUND('',#5413,.F.);
#5415=ADVANCED_FACE('',(#5414),#5406,.T.);
#5416=CARTESIAN_POINT('',(0.E0,0.E0,5.58E0));
#5417=DIRECTION('',(0.E0,0.E0,1.E0));
#5418=DIRECTION('',(1.E0,0.E0,0.E0));
#5419=AXIS2_PLACEMENT_3D('',#5416,#5417,#5418);
#5420=PLANE('',#5419);
#5422=ORIENTED_EDGE('',*,*,#5421,.T.);
#5423=ORIENTED_EDGE('',*,*,#5055,.T.);
#5425=ORIENTED_EDGE('',*,*,#5424,.F.);
#5426=ORIENTED_EDGE('',*,*,#4638,.F.);
#5427=EDGE_LOOP('',(#5422,#5423,#5425,#5426));
#5428=FACE_OUTER_BOUND('',#5427,.F.);
#5429=ADVANCED_FACE('',(#5428),#5420,.T.);
#5430=CARTESIAN_POINT('',(0.E0,0.E0,5.58E0));
#5431=DIRECTION('',(0.E0,0.E0,1.E0));
#5432=DIRECTION('',(1.E0,0.E0,0.E0));
#5433=AXIS2_PLACEMENT_3D('',#5430,#5431,#5432);
#5434=PLANE('',#5433);
#5436=ORIENTED_EDGE('',*,*,#5435,.F.);
#5437=ORIENTED_EDGE('',*,*,#4634,.F.);
#5439=ORIENTED_EDGE('',*,*,#5438,.F.);
#5440=ORIENTED_EDGE('',*,*,#5047,.T.);
#5441=EDGE_LOOP('',(#5436,#5437,#5439,#5440));
#5442=FACE_OUTER_BOUND('',#5441,.F.);
#5443=ADVANCED_FACE('',(#5442),#5434,.T.);
#5444=CARTESIAN_POINT('',(0.E0,0.E0,5.58E0));
#5445=DIRECTION('',(0.E0,0.E0,1.E0));
#5446=DIRECTION('',(1.E0,0.E0,0.E0));
#5447=AXIS2_PLACEMENT_3D('',#5444,#5445,#5446);
#5448=PLANE('',#5447);
#5450=ORIENTED_EDGE('',*,*,#5449,.T.);
#5451=ORIENTED_EDGE('',*,*,#5035,.T.);
#5453=ORIENTED_EDGE('',*,*,#5452,.F.);
#5454=ORIENTED_EDGE('',*,*,#4618,.F.);
#5455=EDGE_LOOP('',(#5450,#5451,#5453,#5454));
#5456=FACE_OUTER_BOUND('',#5455,.F.);
#5457=ADVANCED_FACE('',(#5456),#5448,.T.);
#5458=CARTESIAN_POINT('',(0.E0,0.E0,5.58E0));
#5459=DIRECTION('',(0.E0,0.E0,1.E0));
#5460=DIRECTION('',(1.E0,0.E0,0.E0));
#5461=AXIS2_PLACEMENT_3D('',#5458,#5459,#5460);
#5462=PLANE('',#5461);
#5464=ORIENTED_EDGE('',*,*,#5463,.F.);
#5465=ORIENTED_EDGE('',*,*,#4614,.F.);
#5467=ORIENTED_EDGE('',*,*,#5466,.F.);
#5468=ORIENTED_EDGE('',*,*,#5027,.T.);
#5469=EDGE_LOOP('',(#5464,#5465,#5467,#5468));
#5470=FACE_OUTER_BOUND('',#5469,.F.);
#5471=ADVANCED_FACE('',(#5470),#5462,.T.);
#5472=CARTESIAN_POINT('',(0.E0,0.E0,5.58E0));
#5473=DIRECTION('',(0.E0,0.E0,1.E0));
#5474=DIRECTION('',(1.E0,0.E0,0.E0));
#5475=AXIS2_PLACEMENT_3D('',#5472,#5473,#5474);
#5476=PLANE('',#5475);
#5478=ORIENTED_EDGE('',*,*,#5477,.T.);
#5479=ORIENTED_EDGE('',*,*,#5015,.T.);
#5481=ORIENTED_EDGE('',*,*,#5480,.F.);
#5482=ORIENTED_EDGE('',*,*,#4598,.F.);
#5483=EDGE_LOOP('',(#5478,#5479,#5481,#5482));
#5484=FACE_OUTER_BOUND('',#5483,.F.);
#5485=ADVANCED_FACE('',(#5484),#5476,.T.);
#5486=CARTESIAN_POINT('',(0.E0,0.E0,5.58E0));
#5487=DIRECTION('',(0.E0,0.E0,1.E0));
#5488=DIRECTION('',(1.E0,0.E0,0.E0));
#5489=AXIS2_PLACEMENT_3D('',#5486,#5487,#5488);
#5490=PLANE('',#5489);
#5492=ORIENTED_EDGE('',*,*,#5491,.F.);
#5493=ORIENTED_EDGE('',*,*,#4594,.F.);
#5495=ORIENTED_EDGE('',*,*,#5494,.F.);
#5496=ORIENTED_EDGE('',*,*,#5007,.T.);
#5497=EDGE_LOOP('',(#5492,#5493,#5495,#5496));
#5498=FACE_OUTER_BOUND('',#5497,.F.);
#5499=ADVANCED_FACE('',(#5498),#5490,.T.);
#5500=CARTESIAN_POINT('',(0.E0,0.E0,5.58E0));
#5501=DIRECTION('',(0.E0,0.E0,1.E0));
#5502=DIRECTION('',(1.E0,0.E0,0.E0));
#5503=AXIS2_PLACEMENT_3D('',#5500,#5501,#5502);
#5504=PLANE('',#5503);
#5506=ORIENTED_EDGE('',*,*,#5505,.T.);
#5507=ORIENTED_EDGE('',*,*,#4955,.T.);
#5509=ORIENTED_EDGE('',*,*,#5508,.F.);
#5510=ORIENTED_EDGE('',*,*,#4538,.F.);
#5511=EDGE_LOOP('',(#5506,#5507,#5509,#5510));
#5512=FACE_OUTER_BOUND('',#5511,.F.);
#5513=ADVANCED_FACE('',(#5512),#5504,.T.);
#5514=CARTESIAN_POINT('',(0.E0,0.E0,5.58E0));
#5515=DIRECTION('',(0.E0,0.E0,1.E0));
#5516=DIRECTION('',(1.E0,0.E0,0.E0));
#5517=AXIS2_PLACEMENT_3D('',#5514,#5515,#5516);
#5518=PLANE('',#5517);
#5520=ORIENTED_EDGE('',*,*,#5519,.F.);
#5521=ORIENTED_EDGE('',*,*,#4534,.F.);
#5523=ORIENTED_EDGE('',*,*,#5522,.F.);
#5524=ORIENTED_EDGE('',*,*,#4947,.T.);
#5525=EDGE_LOOP('',(#5520,#5521,#5523,#5524));
#5526=FACE_OUTER_BOUND('',#5525,.F.);
#5527=ADVANCED_FACE('',(#5526),#5518,.T.);
#5528=CARTESIAN_POINT('',(0.E0,0.E0,5.58E0));
#5529=DIRECTION('',(0.E0,0.E0,1.E0));
#5530=DIRECTION('',(1.E0,0.E0,0.E0));
#5531=AXIS2_PLACEMENT_3D('',#5528,#5529,#5530);
#5532=PLANE('',#5531);
#5534=ORIENTED_EDGE('',*,*,#5533,.T.);
#5535=ORIENTED_EDGE('',*,*,#4975,.T.);
#5537=ORIENTED_EDGE('',*,*,#5536,.F.);
#5538=ORIENTED_EDGE('',*,*,#4558,.F.);
#5539=EDGE_LOOP('',(#5534,#5535,#5537,#5538));
#5540=FACE_OUTER_BOUND('',#5539,.F.);
#5541=ADVANCED_FACE('',(#5540),#5532,.T.);
#5542=CARTESIAN_POINT('',(0.E0,0.E0,5.58E0));
#5543=DIRECTION('',(0.E0,0.E0,1.E0));
#5544=DIRECTION('',(1.E0,0.E0,0.E0));
#5545=AXIS2_PLACEMENT_3D('',#5542,#5543,#5544);
#5546=PLANE('',#5545);
#5548=ORIENTED_EDGE('',*,*,#5547,.F.);
#5549=ORIENTED_EDGE('',*,*,#4554,.F.);
#5551=ORIENTED_EDGE('',*,*,#5550,.F.);
#5552=ORIENTED_EDGE('',*,*,#4967,.T.);
#5553=EDGE_LOOP('',(#5548,#5549,#5551,#5552));
#5554=FACE_OUTER_BOUND('',#5553,.F.);
#5555=ADVANCED_FACE('',(#5554),#5546,.T.);
#5556=CARTESIAN_POINT('',(0.E0,0.E0,5.58E0));
#5557=DIRECTION('',(0.E0,0.E0,1.E0));
#5558=DIRECTION('',(1.E0,0.E0,0.E0));
#5559=AXIS2_PLACEMENT_3D('',#5556,#5557,#5558);
#5560=PLANE('',#5559);
#5562=ORIENTED_EDGE('',*,*,#5561,.T.);
#5563=ORIENTED_EDGE('',*,*,#4995,.T.);
#5565=ORIENTED_EDGE('',*,*,#5564,.F.);
#5566=ORIENTED_EDGE('',*,*,#4578,.F.);
#5567=EDGE_LOOP('',(#5562,#5563,#5565,#5566));
#5568=FACE_OUTER_BOUND('',#5567,.F.);
#5569=ADVANCED_FACE('',(#5568),#5560,.T.);
#5570=CARTESIAN_POINT('',(0.E0,0.E0,5.58E0));
#5571=DIRECTION('',(0.E0,0.E0,1.E0));
#5572=DIRECTION('',(1.E0,0.E0,0.E0));
#5573=AXIS2_PLACEMENT_3D('',#5570,#5571,#5572);
#5574=PLANE('',#5573);
#5576=ORIENTED_EDGE('',*,*,#5575,.F.);
#5577=ORIENTED_EDGE('',*,*,#4574,.F.);
#5579=ORIENTED_EDGE('',*,*,#5578,.F.);
#5580=ORIENTED_EDGE('',*,*,#4987,.T.);
#5581=EDGE_LOOP('',(#5576,#5577,#5579,#5580));
#5582=FACE_OUTER_BOUND('',#5581,.F.);
#5583=ADVANCED_FACE('',(#5582),#5574,.T.);
#5584=CARTESIAN_POINT('',(2.1E0,8.E-1,5.6E0));
#5585=DIRECTION('',(0.E0,1.E0,0.E0));
#5586=DIRECTION('',(1.E0,0.E0,0.E0));
#5587=AXIS2_PLACEMENT_3D('',#5584,#5585,#5586);
#5588=CYLINDRICAL_SURFACE('',#5587,7.5E-2);
#5589=ORIENTED_EDGE('',*,*,#5393,.F.);
#5590=ORIENTED_EDGE('',*,*,#4656,.T.);
#5591=ORIENTED_EDGE('',*,*,#5407,.T.);
#5592=ORIENTED_EDGE('',*,*,#5077,.F.);
#5593=EDGE_LOOP('',(#5589,#5590,#5591,#5592));
#5594=FACE_OUTER_BOUND('',#5593,.F.);
#5595=ADVANCED_FACE('',(#5594),#5588,.F.);
#5596=CARTESIAN_POINT('',(2.3E0,8.E-1,5.6E0));
#5597=DIRECTION('',(1.E0,0.E0,0.E0));
#5598=DIRECTION('',(0.E0,0.E0,-1.E0));
#5599=AXIS2_PLACEMENT_3D('',#5596,#5597,#5598);
#5600=PLANE('',#5599);
#5602=ORIENTED_EDGE('',*,*,#5601,.T.);
#5603=ORIENTED_EDGE('',*,*,#3954,.T.);
#5605=ORIENTED_EDGE('',*,*,#5604,.T.);
#5606=ORIENTED_EDGE('',*,*,#4660,.T.);
#5607=ORIENTED_EDGE('',*,*,#5396,.T.);
#5608=ORIENTED_EDGE('',*,*,#5073,.T.);
#5610=ORIENTED_EDGE('',*,*,#5609,.F.);
#5611=ORIENTED_EDGE('',*,*,#4061,.F.);
#5612=EDGE_LOOP('',(#5602,#5603,#5605,#5606,#5607,#5608,#5610,#5611));
#5613=FACE_OUTER_BOUND('',#5612,.F.);
#5614=ADVANCED_FACE('',(#5613),#5600,.F.);
#5615=CARTESIAN_POINT('',(-3.6E0,0.E0,5.6E0));
#5616=DIRECTION('',(0.E0,0.E0,1.E0));
#5617=DIRECTION('',(1.E0,0.E0,0.E0));
#5618=AXIS2_PLACEMENT_3D('',#5615,#5616,#5617);
#5619=PLANE('',#5618);
#5621=ORIENTED_EDGE('',*,*,#5620,.F.);
#5622=ORIENTED_EDGE('',*,*,#3948,.F.);
#5624=ORIENTED_EDGE('',*,*,#5623,.F.);
#5625=ORIENTED_EDGE('',*,*,#4067,.T.);
#5626=EDGE_LOOP('',(#5621,#5622,#5624,#5625));
#5627=FACE_OUTER_BOUND('',#5626,.F.);
#5628=ADVANCED_FACE('',(#5627),#5619,.T.);
#5629=CARTESIAN_POINT('',(-3.6E0,0.E0,5.6E0));
#5630=DIRECTION('',(0.E0,0.E0,1.E0));
#5631=DIRECTION('',(1.E0,0.E0,0.E0));
#5632=AXIS2_PLACEMENT_3D('',#5629,#5630,#5631);
#5633=PLANE('',#5632);
#5634=ORIENTED_EDGE('',*,*,#5601,.F.);
#5635=ORIENTED_EDGE('',*,*,#4059,.T.);
#5636=ORIENTED_EDGE('',*,*,#4330,.F.);
#5637=ORIENTED_EDGE('',*,*,#3956,.F.);
#5638=EDGE_LOOP('',(#5634,#5635,#5636,#5637));
#5639=FACE_OUTER_BOUND('',#5638,.F.);
#5640=ADVANCED_FACE('',(#5639),#5633,.T.);
#5641=CARTESIAN_POINT('',(-3.6E0,0.E0,5.6E0));
#5642=DIRECTION('',(0.E0,0.E0,1.E0));
#5643=DIRECTION('',(1.E0,0.E0,0.E0));
#5644=AXIS2_PLACEMENT_3D('',#5641,#5642,#5643);
#5645=PLANE('',#5644);
#5647=ORIENTED_EDGE('',*,*,#5646,.F.);
#5648=ORIENTED_EDGE('',*,*,#3940,.F.);
#5650=ORIENTED_EDGE('',*,*,#5649,.F.);
#5651=ORIENTED_EDGE('',*,*,#4075,.T.);
#5652=EDGE_LOOP('',(#5647,#5648,#5650,#5651));
#5653=FACE_OUTER_BOUND('',#5652,.F.);
#5654=ADVANCED_FACE('',(#5653),#5645,.T.);
#5655=CARTESIAN_POINT('',(-3.6E0,0.E0,5.6E0));
#5656=DIRECTION('',(0.E0,0.E0,1.E0));
#5657=DIRECTION('',(1.E0,0.E0,0.E0));
#5658=AXIS2_PLACEMENT_3D('',#5655,#5656,#5657);
#5659=PLANE('',#5658);
#5661=ORIENTED_EDGE('',*,*,#5660,.F.);
#5662=ORIENTED_EDGE('',*,*,#3932,.F.);
#5664=ORIENTED_EDGE('',*,*,#5663,.F.);
#5665=ORIENTED_EDGE('',*,*,#4083,.T.);
#5666=EDGE_LOOP('',(#5661,#5662,#5664,#5665));
#5667=FACE_OUTER_BOUND('',#5666,.F.);
#5668=ADVANCED_FACE('',(#5667),#5659,.T.);
#5669=CARTESIAN_POINT('',(-3.6E0,0.E0,5.6E0));
#5670=DIRECTION('',(0.E0,0.E0,1.E0));
#5671=DIRECTION('',(1.E0,0.E0,0.E0));
#5672=AXIS2_PLACEMENT_3D('',#5669,#5670,#5671);
#5673=PLANE('',#5672);
#5675=ORIENTED_EDGE('',*,*,#5674,.F.);
#5676=ORIENTED_EDGE('',*,*,#3924,.F.);
#5678=ORIENTED_EDGE('',*,*,#5677,.F.);
#5679=ORIENTED_EDGE('',*,*,#4091,.T.);
#5680=EDGE_LOOP('',(#5675,#5676,#5678,#5679));
#5681=FACE_OUTER_BOUND('',#5680,.F.);
#5682=ADVANCED_FACE('',(#5681),#5673,.T.);
#5683=CARTESIAN_POINT('',(-3.6E0,0.E0,5.6E0));
#5684=DIRECTION('',(0.E0,0.E0,1.E0));
#5685=DIRECTION('',(1.E0,0.E0,0.E0));
#5686=AXIS2_PLACEMENT_3D('',#5683,#5684,#5685);
#5687=PLANE('',#5686);
#5689=ORIENTED_EDGE('',*,*,#5688,.F.);
#5690=ORIENTED_EDGE('',*,*,#3916,.F.);
#5692=ORIENTED_EDGE('',*,*,#5691,.F.);
#5693=ORIENTED_EDGE('',*,*,#4099,.T.);
#5694=EDGE_LOOP('',(#5689,#5690,#5692,#5693));
#5695=FACE_OUTER_BOUND('',#5694,.F.);
#5696=ADVANCED_FACE('',(#5695),#5687,.T.);
#5697=CARTESIAN_POINT('',(-3.6E0,0.E0,5.6E0));
#5698=DIRECTION('',(0.E0,0.E0,1.E0));
#5699=DIRECTION('',(1.E0,0.E0,0.E0));
#5700=AXIS2_PLACEMENT_3D('',#5697,#5698,#5699);
#5701=PLANE('',#5700);
#5703=ORIENTED_EDGE('',*,*,#5702,.F.);
#5704=ORIENTED_EDGE('',*,*,#3908,.F.);
#5706=ORIENTED_EDGE('',*,*,#5705,.F.);
#5707=ORIENTED_EDGE('',*,*,#4107,.T.);
#5708=EDGE_LOOP('',(#5703,#5704,#5706,#5707));
#5709=FACE_OUTER_BOUND('',#5708,.F.);
#5710=ADVANCED_FACE('',(#5709),#5701,.T.);
#5711=CARTESIAN_POINT('',(-3.6E0,0.E0,5.6E0));
#5712=DIRECTION('',(0.E0,0.E0,1.E0));
#5713=DIRECTION('',(1.E0,0.E0,0.E0));
#5714=AXIS2_PLACEMENT_3D('',#5711,#5712,#5713);
#5715=PLANE('',#5714);
#5717=ORIENTED_EDGE('',*,*,#5716,.F.);
#5718=ORIENTED_EDGE('',*,*,#3900,.F.);
#5720=ORIENTED_EDGE('',*,*,#5719,.T.);
#5721=ORIENTED_EDGE('',*,*,#4115,.T.);
#5722=EDGE_LOOP('',(#5717,#5718,#5720,#5721));
#5723=FACE_OUTER_BOUND('',#5722,.F.);
#5724=ADVANCED_FACE('',(#5723),#5715,.T.);
#5725=CARTESIAN_POINT('',(1.9E0,8.E-1,5.2E0));
#5726=DIRECTION('',(-1.E0,0.E0,0.E0));
#5727=DIRECTION('',(0.E0,0.E0,1.E0));
#5728=AXIS2_PLACEMENT_3D('',#5725,#5726,#5727);
#5729=PLANE('',#5728);
#5730=ORIENTED_EDGE('',*,*,#5410,.T.);
#5731=ORIENTED_EDGE('',*,*,#4664,.T.);
#5733=ORIENTED_EDGE('',*,*,#5732,.F.);
#5734=ORIENTED_EDGE('',*,*,#3950,.F.);
#5735=ORIENTED_EDGE('',*,*,#5620,.T.);
#5736=ORIENTED_EDGE('',*,*,#4065,.T.);
#5738=ORIENTED_EDGE('',*,*,#5737,.T.);
#5739=ORIENTED_EDGE('',*,*,#5069,.T.);
#5740=EDGE_LOOP('',(#5730,#5731,#5733,#5734,#5735,#5736,#5738,#5739));
#5741=FACE_OUTER_BOUND('',#5740,.F.);
#5742=ADVANCED_FACE('',(#5741),#5729,.F.);
#5743=CARTESIAN_POINT('',(1.9E0,0.E0,4.5E0));
#5744=DIRECTION('',(0.E0,0.E0,-1.E0));
#5745=DIRECTION('',(1.E0,0.E0,0.E0));
#5746=AXIS2_PLACEMENT_3D('',#5743,#5744,#5745);
#5747=PLANE('',#5746);
#5748=ORIENTED_EDGE('',*,*,#3952,.F.);
#5749=ORIENTED_EDGE('',*,*,#5732,.T.);
#5750=ORIENTED_EDGE('',*,*,#4662,.T.);
#5751=ORIENTED_EDGE('',*,*,#5604,.F.);
#5752=EDGE_LOOP('',(#5748,#5749,#5750,#5751));
#5753=FACE_OUTER_BOUND('',#5752,.F.);
#5754=ADVANCED_FACE('',(#5753),#5747,.F.);
#5755=CARTESIAN_POINT('',(2.3E0,8.E-1,5.2E0));
#5756=DIRECTION('',(0.E0,0.E0,-1.E0));
#5757=DIRECTION('',(-1.E0,0.E0,0.E0));
#5758=AXIS2_PLACEMENT_3D('',#5755,#5756,#5757);
#5759=PLANE('',#5758);
#5760=ORIENTED_EDGE('',*,*,#4063,.F.);
#5761=ORIENTED_EDGE('',*,*,#5609,.T.);
#5762=ORIENTED_EDGE('',*,*,#5071,.T.);
#5763=ORIENTED_EDGE('',*,*,#5737,.F.);
#5764=EDGE_LOOP('',(#5760,#5761,#5762,#5763));
#5765=FACE_OUTER_BOUND('',#5764,.F.);
#5766=ADVANCED_FACE('',(#5765),#5759,.F.);
#5767=CARTESIAN_POINT('',(1.6E0,8.E-1,5.6E0));
#5768=DIRECTION('',(1.E0,0.E0,0.E0));
#5769=DIRECTION('',(0.E0,0.E0,-1.E0));
#5770=AXIS2_PLACEMENT_3D('',#5767,#5768,#5769);
#5771=PLANE('',#5770);
#5772=ORIENTED_EDGE('',*,*,#5623,.T.);
#5773=ORIENTED_EDGE('',*,*,#3946,.T.);
#5775=ORIENTED_EDGE('',*,*,#5774,.T.);
#5776=ORIENTED_EDGE('',*,*,#4640,.T.);
#5777=ORIENTED_EDGE('',*,*,#5424,.T.);
#5778=ORIENTED_EDGE('',*,*,#5053,.T.);
#5780=ORIENTED_EDGE('',*,*,#5779,.F.);
#5781=ORIENTED_EDGE('',*,*,#4069,.F.);
#5782=EDGE_LOOP('',(#5772,#5773,#5775,#5776,#5777,#5778,#5780,#5781));
#5783=FACE_OUTER_BOUND('',#5782,.F.);
#5784=ADVANCED_FACE('',(#5783),#5771,.F.);
#5785=CARTESIAN_POINT('',(1.2E0,0.E0,4.5E0));
#5786=DIRECTION('',(0.E0,0.E0,-1.E0));
#5787=DIRECTION('',(1.E0,0.E0,0.E0));
#5788=AXIS2_PLACEMENT_3D('',#5785,#5786,#5787);
#5789=PLANE('',#5788);
#5790=ORIENTED_EDGE('',*,*,#3944,.F.);
#5792=ORIENTED_EDGE('',*,*,#5791,.T.);
#5793=ORIENTED_EDGE('',*,*,#4642,.T.);
#5794=ORIENTED_EDGE('',*,*,#5774,.F.);
#5795=EDGE_LOOP('',(#5790,#5792,#5793,#5794));
#5796=FACE_OUTER_BOUND('',#5795,.F.);
#5797=ADVANCED_FACE('',(#5796),#5789,.F.);
#5798=CARTESIAN_POINT('',(1.2E0,8.E-1,5.2E0));
#5799=DIRECTION('',(-1.E0,0.E0,0.E0));
#5800=DIRECTION('',(0.E0,0.E0,1.E0));
#5801=AXIS2_PLACEMENT_3D('',#5798,#5799,#5800);
#5802=PLANE('',#5801);
#5803=ORIENTED_EDGE('',*,*,#5438,.T.);
#5804=ORIENTED_EDGE('',*,*,#4644,.T.);
#5805=ORIENTED_EDGE('',*,*,#5791,.F.);
#5806=ORIENTED_EDGE('',*,*,#3942,.F.);
#5807=ORIENTED_EDGE('',*,*,#5646,.T.);
#5808=ORIENTED_EDGE('',*,*,#4073,.T.);
#5810=ORIENTED_EDGE('',*,*,#5809,.T.);
#5811=ORIENTED_EDGE('',*,*,#5049,.T.);
#5812=EDGE_LOOP('',(#5803,#5804,#5805,#5806,#5807,#5808,#5810,#5811));
#5813=FACE_OUTER_BOUND('',#5812,.F.);
#5814=ADVANCED_FACE('',(#5813),#5802,.F.);
#5815=CARTESIAN_POINT('',(1.6E0,8.E-1,5.2E0));
#5816=DIRECTION('',(0.E0,0.E0,-1.E0));
#5817=DIRECTION('',(-1.E0,0.E0,0.E0));
#5818=AXIS2_PLACEMENT_3D('',#5815,#5816,#5817);
#5819=PLANE('',#5818);
#5820=ORIENTED_EDGE('',*,*,#4071,.F.);
#5821=ORIENTED_EDGE('',*,*,#5779,.T.);
#5822=ORIENTED_EDGE('',*,*,#5051,.T.);
#5823=ORIENTED_EDGE('',*,*,#5809,.F.);
#5824=EDGE_LOOP('',(#5820,#5821,#5822,#5823));
#5825=FACE_OUTER_BOUND('',#5824,.F.);
#5826=ADVANCED_FACE('',(#5825),#5819,.F.);
#5827=CARTESIAN_POINT('',(9.E-1,8.E-1,5.6E0));
#5828=DIRECTION('',(1.E0,0.E0,0.E0));
#5829=DIRECTION('',(0.E0,0.E0,-1.E0));
#5830=AXIS2_PLACEMENT_3D('',#5827,#5828,#5829);
#5831=PLANE('',#5830);
#5832=ORIENTED_EDGE('',*,*,#5649,.T.);
#5833=ORIENTED_EDGE('',*,*,#3938,.T.);
#5835=ORIENTED_EDGE('',*,*,#5834,.T.);
#5836=ORIENTED_EDGE('',*,*,#4620,.T.);
#5837=ORIENTED_EDGE('',*,*,#5452,.T.);
#5838=ORIENTED_EDGE('',*,*,#5033,.T.);
#5840=ORIENTED_EDGE('',*,*,#5839,.F.);
#5841=ORIENTED_EDGE('',*,*,#4077,.F.);
#5842=EDGE_LOOP('',(#5832,#5833,#5835,#5836,#5837,#5838,#5840,#5841));
#5843=FACE_OUTER_BOUND('',#5842,.F.);
#5844=ADVANCED_FACE('',(#5843),#5831,.F.);
#5845=CARTESIAN_POINT('',(5.E-1,0.E0,4.5E0));
#5846=DIRECTION('',(0.E0,0.E0,-1.E0));
#5847=DIRECTION('',(1.E0,0.E0,0.E0));
#5848=AXIS2_PLACEMENT_3D('',#5845,#5846,#5847);
#5849=PLANE('',#5848);
#5850=ORIENTED_EDGE('',*,*,#3936,.F.);
#5852=ORIENTED_EDGE('',*,*,#5851,.T.);
#5853=ORIENTED_EDGE('',*,*,#4622,.T.);
#5854=ORIENTED_EDGE('',*,*,#5834,.F.);
#5855=EDGE_LOOP('',(#5850,#5852,#5853,#5854));
#5856=FACE_OUTER_BOUND('',#5855,.F.);
#5857=ADVANCED_FACE('',(#5856),#5849,.F.);
#5858=CARTESIAN_POINT('',(5.E-1,8.E-1,5.2E0));
#5859=DIRECTION('',(-1.E0,0.E0,0.E0));
#5860=DIRECTION('',(0.E0,0.E0,1.E0));
#5861=AXIS2_PLACEMENT_3D('',#5858,#5859,#5860);
#5862=PLANE('',#5861);
#5863=ORIENTED_EDGE('',*,*,#5466,.T.);
#5864=ORIENTED_EDGE('',*,*,#4624,.T.);
#5865=ORIENTED_EDGE('',*,*,#5851,.F.);
#5866=ORIENTED_EDGE('',*,*,#3934,.F.);
#5867=ORIENTED_EDGE('',*,*,#5660,.T.);
#5868=ORIENTED_EDGE('',*,*,#4081,.T.);
#5870=ORIENTED_EDGE('',*,*,#5869,.T.);
#5871=ORIENTED_EDGE('',*,*,#5029,.T.);
#5872=EDGE_LOOP('',(#5863,#5864,#5865,#5866,#5867,#5868,#5870,#5871));
#5873=FACE_OUTER_BOUND('',#5872,.F.);
#5874=ADVANCED_FACE('',(#5873),#5862,.F.);
#5875=CARTESIAN_POINT('',(9.E-1,8.E-1,5.2E0));
#5876=DIRECTION('',(0.E0,0.E0,-1.E0));
#5877=DIRECTION('',(-1.E0,0.E0,0.E0));
#5878=AXIS2_PLACEMENT_3D('',#5875,#5876,#5877);
#5879=PLANE('',#5878);
#5880=ORIENTED_EDGE('',*,*,#4079,.F.);
#5881=ORIENTED_EDGE('',*,*,#5839,.T.);
#5882=ORIENTED_EDGE('',*,*,#5031,.T.);
#5883=ORIENTED_EDGE('',*,*,#5869,.F.);
#5884=EDGE_LOOP('',(#5880,#5881,#5882,#5883));
#5885=FACE_OUTER_BOUND('',#5884,.F.);
#5886=ADVANCED_FACE('',(#5885),#5879,.F.);
#5887=CARTESIAN_POINT('',(2.E-1,8.E-1,5.6E0));
#5888=DIRECTION('',(1.E0,0.E0,0.E0));
#5889=DIRECTION('',(0.E0,0.E0,-1.E0));
#5890=AXIS2_PLACEMENT_3D('',#5887,#5888,#5889);
#5891=PLANE('',#5890);
#5892=ORIENTED_EDGE('',*,*,#5663,.T.);
#5893=ORIENTED_EDGE('',*,*,#3930,.T.);
#5895=ORIENTED_EDGE('',*,*,#5894,.T.);
#5896=ORIENTED_EDGE('',*,*,#4600,.T.);
#5897=ORIENTED_EDGE('',*,*,#5480,.T.);
#5898=ORIENTED_EDGE('',*,*,#5013,.T.);
#5900=ORIENTED_EDGE('',*,*,#5899,.F.);
#5901=ORIENTED_EDGE('',*,*,#4085,.F.);
#5902=EDGE_LOOP('',(#5892,#5893,#5895,#5896,#5897,#5898,#5900,#5901));
#5903=FACE_OUTER_BOUND('',#5902,.F.);
#5904=ADVANCED_FACE('',(#5903),#5891,.F.);
#5905=CARTESIAN_POINT('',(-2.E-1,0.E0,4.5E0));
#5906=DIRECTION('',(0.E0,0.E0,-1.E0));
#5907=DIRECTION('',(1.E0,0.E0,0.E0));
#5908=AXIS2_PLACEMENT_3D('',#5905,#5906,#5907);
#5909=PLANE('',#5908);
#5910=ORIENTED_EDGE('',*,*,#3928,.F.);
#5912=ORIENTED_EDGE('',*,*,#5911,.T.);
#5913=ORIENTED_EDGE('',*,*,#4602,.T.);
#5914=ORIENTED_EDGE('',*,*,#5894,.F.);
#5915=EDGE_LOOP('',(#5910,#5912,#5913,#5914));
#5916=FACE_OUTER_BOUND('',#5915,.F.);
#5917=ADVANCED_FACE('',(#5916),#5909,.F.);
#5918=CARTESIAN_POINT('',(-2.E-1,8.E-1,5.2E0));
#5919=DIRECTION('',(-1.E0,0.E0,0.E0));
#5920=DIRECTION('',(0.E0,0.E0,1.E0));
#5921=AXIS2_PLACEMENT_3D('',#5918,#5919,#5920);
#5922=PLANE('',#5921);
#5923=ORIENTED_EDGE('',*,*,#5494,.T.);
#5924=ORIENTED_EDGE('',*,*,#4604,.T.);
#5925=ORIENTED_EDGE('',*,*,#5911,.F.);
#5926=ORIENTED_EDGE('',*,*,#3926,.F.);
#5927=ORIENTED_EDGE('',*,*,#5674,.T.);
#5928=ORIENTED_EDGE('',*,*,#4089,.T.);
#5930=ORIENTED_EDGE('',*,*,#5929,.T.);
#5931=ORIENTED_EDGE('',*,*,#5009,.T.);
#5932=EDGE_LOOP('',(#5923,#5924,#5925,#5926,#5927,#5928,#5930,#5931));
#5933=FACE_OUTER_BOUND('',#5932,.F.);
#5934=ADVANCED_FACE('',(#5933),#5922,.F.);
#5935=CARTESIAN_POINT('',(2.E-1,8.E-1,5.2E0));
#5936=DIRECTION('',(0.E0,0.E0,-1.E0));
#5937=DIRECTION('',(-1.E0,0.E0,0.E0));
#5938=AXIS2_PLACEMENT_3D('',#5935,#5936,#5937);
#5939=PLANE('',#5938);
#5940=ORIENTED_EDGE('',*,*,#4087,.F.);
#5941=ORIENTED_EDGE('',*,*,#5899,.T.);
#5942=ORIENTED_EDGE('',*,*,#5011,.T.);
#5943=ORIENTED_EDGE('',*,*,#5929,.F.);
#5944=EDGE_LOOP('',(#5940,#5941,#5942,#5943));
#5945=FACE_OUTER_BOUND('',#5944,.F.);
#5946=ADVANCED_FACE('',(#5945),#5939,.F.);
#5947=CARTESIAN_POINT('',(-5.E-1,8.E-1,5.6E0));
#5948=DIRECTION('',(1.E0,0.E0,0.E0));
#5949=DIRECTION('',(0.E0,0.E0,-1.E0));
#5950=AXIS2_PLACEMENT_3D('',#5947,#5948,#5949);
#5951=PLANE('',#5950);
#5952=ORIENTED_EDGE('',*,*,#5677,.T.);
#5953=ORIENTED_EDGE('',*,*,#3922,.T.);
#5955=ORIENTED_EDGE('',*,*,#5954,.T.);
#5956=ORIENTED_EDGE('',*,*,#4580,.T.);
#5957=ORIENTED_EDGE('',*,*,#5564,.T.);
#5958=ORIENTED_EDGE('',*,*,#4993,.T.);
#5960=ORIENTED_EDGE('',*,*,#5959,.F.);
#5961=ORIENTED_EDGE('',*,*,#4093,.F.);
#5962=EDGE_LOOP('',(#5952,#5953,#5955,#5956,#5957,#5958,#5960,#5961));
#5963=FACE_OUTER_BOUND('',#5962,.F.);
#5964=ADVANCED_FACE('',(#5963),#5951,.F.);
#5965=CARTESIAN_POINT('',(-9.E-1,0.E0,4.5E0));
#5966=DIRECTION('',(0.E0,0.E0,-1.E0));
#5967=DIRECTION('',(1.E0,0.E0,0.E0));
#5968=AXIS2_PLACEMENT_3D('',#5965,#5966,#5967);
#5969=PLANE('',#5968);
#5970=ORIENTED_EDGE('',*,*,#3920,.F.);
#5972=ORIENTED_EDGE('',*,*,#5971,.T.);
#5973=ORIENTED_EDGE('',*,*,#4582,.T.);
#5974=ORIENTED_EDGE('',*,*,#5954,.F.);
#5975=EDGE_LOOP('',(#5970,#5972,#5973,#5974));
#5976=FACE_OUTER_BOUND('',#5975,.F.);
#5977=ADVANCED_FACE('',(#5976),#5969,.F.);
#5978=CARTESIAN_POINT('',(-9.E-1,8.E-1,5.2E0));
#5979=DIRECTION('',(-1.E0,0.E0,0.E0));
#5980=DIRECTION('',(0.E0,0.E0,1.E0));
#5981=AXIS2_PLACEMENT_3D('',#5978,#5979,#5980);
#5982=PLANE('',#5981);
#5983=ORIENTED_EDGE('',*,*,#5578,.T.);
#5984=ORIENTED_EDGE('',*,*,#4584,.T.);
#5985=ORIENTED_EDGE('',*,*,#5971,.F.);
#5986=ORIENTED_EDGE('',*,*,#3918,.F.);
#5987=ORIENTED_EDGE('',*,*,#5688,.T.);
#5988=ORIENTED_EDGE('',*,*,#4097,.T.);
#5990=ORIENTED_EDGE('',*,*,#5989,.T.);
#5991=ORIENTED_EDGE('',*,*,#4989,.T.);
#5992=EDGE_LOOP('',(#5983,#5984,#5985,#5986,#5987,#5988,#5990,#5991));
#5993=FACE_OUTER_BOUND('',#5992,.F.);
#5994=ADVANCED_FACE('',(#5993),#5982,.F.);
#5995=CARTESIAN_POINT('',(-5.E-1,8.E-1,5.2E0));
#5996=DIRECTION('',(0.E0,0.E0,-1.E0));
#5997=DIRECTION('',(-1.E0,0.E0,0.E0));
#5998=AXIS2_PLACEMENT_3D('',#5995,#5996,#5997);
#5999=PLANE('',#5998);
#6000=ORIENTED_EDGE('',*,*,#4095,.F.);
#6001=ORIENTED_EDGE('',*,*,#5959,.T.);
#6002=ORIENTED_EDGE('',*,*,#4991,.T.);
#6003=ORIENTED_EDGE('',*,*,#5989,.F.);
#6004=EDGE_LOOP('',(#6000,#6001,#6002,#6003));
#6005=FACE_OUTER_BOUND('',#6004,.F.);
#6006=ADVANCED_FACE('',(#6005),#5999,.F.);
#6007=CARTESIAN_POINT('',(-1.2E0,8.E-1,5.6E0));
#6008=DIRECTION('',(1.E0,0.E0,0.E0));
#6009=DIRECTION('',(0.E0,0.E0,-1.E0));
#6010=AXIS2_PLACEMENT_3D('',#6007,#6008,#6009);
#6011=PLANE('',#6010);
#6012=ORIENTED_EDGE('',*,*,#5691,.T.);
#6013=ORIENTED_EDGE('',*,*,#3914,.T.);
#6015=ORIENTED_EDGE('',*,*,#6014,.T.);
#6016=ORIENTED_EDGE('',*,*,#4560,.T.);
#6017=ORIENTED_EDGE('',*,*,#5536,.T.);
#6018=ORIENTED_EDGE('',*,*,#4973,.T.);
#6020=ORIENTED_EDGE('',*,*,#6019,.F.);
#6021=ORIENTED_EDGE('',*,*,#4101,.F.);
#6022=EDGE_LOOP('',(#6012,#6013,#6015,#6016,#6017,#6018,#6020,#6021));
#6023=FACE_OUTER_BOUND('',#6022,.F.);
#6024=ADVANCED_FACE('',(#6023),#6011,.F.);
#6025=CARTESIAN_POINT('',(-1.6E0,0.E0,4.5E0));
#6026=DIRECTION('',(0.E0,0.E0,-1.E0));
#6027=DIRECTION('',(1.E0,0.E0,0.E0));
#6028=AXIS2_PLACEMENT_3D('',#6025,#6026,#6027);
#6029=PLANE('',#6028);
#6030=ORIENTED_EDGE('',*,*,#3912,.F.);
#6032=ORIENTED_EDGE('',*,*,#6031,.T.);
#6033=ORIENTED_EDGE('',*,*,#4562,.T.);
#6034=ORIENTED_EDGE('',*,*,#6014,.F.);
#6035=EDGE_LOOP('',(#6030,#6032,#6033,#6034));
#6036=FACE_OUTER_BOUND('',#6035,.F.);
#6037=ADVANCED_FACE('',(#6036),#6029,.F.);
#6038=CARTESIAN_POINT('',(-1.6E0,8.E-1,5.2E0));
#6039=DIRECTION('',(-1.E0,0.E0,0.E0));
#6040=DIRECTION('',(0.E0,0.E0,1.E0));
#6041=AXIS2_PLACEMENT_3D('',#6038,#6039,#6040);
#6042=PLANE('',#6041);
#6043=ORIENTED_EDGE('',*,*,#5550,.T.);
#6044=ORIENTED_EDGE('',*,*,#4564,.T.);
#6045=ORIENTED_EDGE('',*,*,#6031,.F.);
#6046=ORIENTED_EDGE('',*,*,#3910,.F.);
#6047=ORIENTED_EDGE('',*,*,#5702,.T.);
#6048=ORIENTED_EDGE('',*,*,#4105,.T.);
#6050=ORIENTED_EDGE('',*,*,#6049,.T.);
#6051=ORIENTED_EDGE('',*,*,#4969,.T.);
#6052=EDGE_LOOP('',(#6043,#6044,#6045,#6046,#6047,#6048,#6050,#6051));
#6053=FACE_OUTER_BOUND('',#6052,.F.);
#6054=ADVANCED_FACE('',(#6053),#6042,.F.);
#6055=CARTESIAN_POINT('',(-1.2E0,8.E-1,5.2E0));
#6056=DIRECTION('',(0.E0,0.E0,-1.E0));
#6057=DIRECTION('',(-1.E0,0.E0,0.E0));
#6058=AXIS2_PLACEMENT_3D('',#6055,#6056,#6057);
#6059=PLANE('',#6058);
#6060=ORIENTED_EDGE('',*,*,#4103,.F.);
#6061=ORIENTED_EDGE('',*,*,#6019,.T.);
#6062=ORIENTED_EDGE('',*,*,#4971,.T.);
#6063=ORIENTED_EDGE('',*,*,#6049,.F.);
#6064=EDGE_LOOP('',(#6060,#6061,#6062,#6063));
#6065=FACE_OUTER_BOUND('',#6064,.F.);
#6066=ADVANCED_FACE('',(#6065),#6059,.F.);
#6067=CARTESIAN_POINT('',(-1.9E0,8.E-1,5.6E0));
#6068=DIRECTION('',(1.E0,0.E0,0.E0));
#6069=DIRECTION('',(0.E0,0.E0,-1.E0));
#6070=AXIS2_PLACEMENT_3D('',#6067,#6068,#6069);
#6071=PLANE('',#6070);
#6072=ORIENTED_EDGE('',*,*,#5705,.T.);
#6073=ORIENTED_EDGE('',*,*,#3906,.T.);
#6075=ORIENTED_EDGE('',*,*,#6074,.T.);
#6076=ORIENTED_EDGE('',*,*,#4540,.T.);
#6077=ORIENTED_EDGE('',*,*,#5508,.T.);
#6078=ORIENTED_EDGE('',*,*,#4953,.T.);
#6080=ORIENTED_EDGE('',*,*,#6079,.F.);
#6081=ORIENTED_EDGE('',*,*,#4109,.F.);
#6082=EDGE_LOOP('',(#6072,#6073,#6075,#6076,#6077,#6078,#6080,#6081));
#6083=FACE_OUTER_BOUND('',#6082,.F.);
#6084=ADVANCED_FACE('',(#6083),#6071,.F.);
#6085=CARTESIAN_POINT('',(-2.3E0,0.E0,4.5E0));
#6086=DIRECTION('',(0.E0,0.E0,-1.E0));
#6087=DIRECTION('',(1.E0,0.E0,0.E0));
#6088=AXIS2_PLACEMENT_3D('',#6085,#6086,#6087);
#6089=PLANE('',#6088);
#6090=ORIENTED_EDGE('',*,*,#3904,.F.);
#6092=ORIENTED_EDGE('',*,*,#6091,.T.);
#6093=ORIENTED_EDGE('',*,*,#4542,.T.);
#6094=ORIENTED_EDGE('',*,*,#6074,.F.);
#6095=EDGE_LOOP('',(#6090,#6092,#6093,#6094));
#6096=FACE_OUTER_BOUND('',#6095,.F.);
#6097=ADVANCED_FACE('',(#6096),#6089,.F.);
#6098=CARTESIAN_POINT('',(-2.3E0,8.E-1,5.2E0));
#6099=DIRECTION('',(-1.E0,0.E0,0.E0));
#6100=DIRECTION('',(0.E0,0.E0,1.E0));
#6101=AXIS2_PLACEMENT_3D('',#6098,#6099,#6100);
#6102=PLANE('',#6101);
#6103=ORIENTED_EDGE('',*,*,#5522,.T.);
#6104=ORIENTED_EDGE('',*,*,#4544,.T.);
#6105=ORIENTED_EDGE('',*,*,#6091,.F.);
#6106=ORIENTED_EDGE('',*,*,#3902,.F.);
#6107=ORIENTED_EDGE('',*,*,#5716,.T.);
#6108=ORIENTED_EDGE('',*,*,#4113,.T.);
#6110=ORIENTED_EDGE('',*,*,#6109,.T.);
#6111=ORIENTED_EDGE('',*,*,#4949,.T.);
#6112=EDGE_LOOP('',(#6103,#6104,#6105,#6106,#6107,#6108,#6110,#6111));
#6113=FACE_OUTER_BOUND('',#6112,.F.);
#6114=ADVANCED_FACE('',(#6113),#6102,.F.);
#6115=CARTESIAN_POINT('',(-1.9E0,8.E-1,5.2E0));
#6116=DIRECTION('',(0.E0,0.E0,-1.E0));
#6117=DIRECTION('',(-1.E0,0.E0,0.E0));
#6118=AXIS2_PLACEMENT_3D('',#6115,#6116,#6117);
#6119=PLANE('',#6118);
#6120=ORIENTED_EDGE('',*,*,#4111,.F.);
#6121=ORIENTED_EDGE('',*,*,#6079,.T.);
#6122=ORIENTED_EDGE('',*,*,#4951,.T.);
#6123=ORIENTED_EDGE('',*,*,#6109,.F.);
#6124=EDGE_LOOP('',(#6120,#6121,#6122,#6123));
#6125=FACE_OUTER_BOUND('',#6124,.F.);
#6126=ADVANCED_FACE('',(#6125),#6119,.F.);
#6127=CARTESIAN_POINT('',(-3.6E0,0.E0,-5.6E0));
#6128=DIRECTION('',(-1.E0,0.E0,0.E0));
#6129=DIRECTION('',(0.E0,0.E0,1.E0));
#6130=AXIS2_PLACEMENT_3D('',#6127,#6128,#6129);
#6131=PLANE('',#6130);
#6133=ORIENTED_EDGE('',*,*,#6132,.F.);
#6134=ORIENTED_EDGE('',*,*,#3890,.F.);
#6136=ORIENTED_EDGE('',*,*,#6135,.F.);
#6137=ORIENTED_EDGE('',*,*,#4125,.T.);
#6138=EDGE_LOOP('',(#6133,#6134,#6136,#6137));
#6139=FACE_OUTER_BOUND('',#6138,.F.);
#6140=ADVANCED_FACE('',(#6139),#6131,.T.);
#6141=CARTESIAN_POINT('',(-3.6E0,0.E0,-5.6E0));
#6142=DIRECTION('',(-1.E0,0.E0,0.E0));
#6143=DIRECTION('',(0.E0,0.E0,1.E0));
#6144=AXIS2_PLACEMENT_3D('',#6141,#6142,#6143);
#6145=PLANE('',#6144);
#6147=ORIENTED_EDGE('',*,*,#6146,.F.);
#6148=ORIENTED_EDGE('',*,*,#4117,.T.);
#6149=ORIENTED_EDGE('',*,*,#5719,.F.);
#6150=ORIENTED_EDGE('',*,*,#3898,.F.);
#6151=EDGE_LOOP('',(#6147,#6148,#6149,#6150));
#6152=FACE_OUTER_BOUND('',#6151,.F.);
#6153=ADVANCED_FACE('',(#6152),#6145,.T.);
#6154=CARTESIAN_POINT('',(-3.6E0,0.E0,-5.6E0));
#6155=DIRECTION('',(-1.E0,0.E0,0.E0));
#6156=DIRECTION('',(0.E0,0.E0,1.E0));
#6157=AXIS2_PLACEMENT_3D('',#6154,#6155,#6156);
#6158=PLANE('',#6157);
#6160=ORIENTED_EDGE('',*,*,#6159,.F.);
#6161=ORIENTED_EDGE('',*,*,#3882,.F.);
#6163=ORIENTED_EDGE('',*,*,#6162,.F.);
#6164=ORIENTED_EDGE('',*,*,#4133,.T.);
#6165=EDGE_LOOP('',(#6160,#6161,#6163,#6164));
#6166=FACE_OUTER_BOUND('',#6165,.F.);
#6167=ADVANCED_FACE('',(#6166),#6158,.T.);
#6168=CARTESIAN_POINT('',(-3.6E0,0.E0,-5.6E0));
#6169=DIRECTION('',(-1.E0,0.E0,0.E0));
#6170=DIRECTION('',(0.E0,0.E0,1.E0));
#6171=AXIS2_PLACEMENT_3D('',#6168,#6169,#6170);
#6172=PLANE('',#6171);
#6174=ORIENTED_EDGE('',*,*,#6173,.F.);
#6175=ORIENTED_EDGE('',*,*,#3874,.F.);
#6177=ORIENTED_EDGE('',*,*,#6176,.F.);
#6178=ORIENTED_EDGE('',*,*,#4141,.T.);
#6179=EDGE_LOOP('',(#6174,#6175,#6177,#6178));
#6180=FACE_OUTER_BOUND('',#6179,.F.);
#6181=ADVANCED_FACE('',(#6180),#6172,.T.);
#6182=CARTESIAN_POINT('',(-3.6E0,0.E0,-5.6E0));
#6183=DIRECTION('',(-1.E0,0.E0,0.E0));
#6184=DIRECTION('',(0.E0,0.E0,1.E0));
#6185=AXIS2_PLACEMENT_3D('',#6182,#6183,#6184);
#6186=PLANE('',#6185);
#6188=ORIENTED_EDGE('',*,*,#6187,.F.);
#6189=ORIENTED_EDGE('',*,*,#3866,.F.);
#6191=ORIENTED_EDGE('',*,*,#6190,.F.);
#6192=ORIENTED_EDGE('',*,*,#4149,.T.);
#6193=EDGE_LOOP('',(#6188,#6189,#6191,#6192));
#6194=FACE_OUTER_BOUND('',#6193,.F.);
#6195=ADVANCED_FACE('',(#6194),#6186,.T.);
#6196=CARTESIAN_POINT('',(-3.6E0,0.E0,-5.6E0));
#6197=DIRECTION('',(-1.E0,0.E0,0.E0));
#6198=DIRECTION('',(0.E0,0.E0,1.E0));
#6199=AXIS2_PLACEMENT_3D('',#6196,#6197,#6198);
#6200=PLANE('',#6199);
#6202=ORIENTED_EDGE('',*,*,#6201,.F.);
#6203=ORIENTED_EDGE('',*,*,#3858,.F.);
#6205=ORIENTED_EDGE('',*,*,#6204,.F.);
#6206=ORIENTED_EDGE('',*,*,#4157,.T.);
#6207=EDGE_LOOP('',(#6202,#6203,#6205,#6206));
#6208=FACE_OUTER_BOUND('',#6207,.F.);
#6209=ADVANCED_FACE('',(#6208),#6200,.T.);
#6210=CARTESIAN_POINT('',(-3.6E0,0.E0,-5.6E0));
#6211=DIRECTION('',(-1.E0,0.E0,0.E0));
#6212=DIRECTION('',(0.E0,0.E0,1.E0));
#6213=AXIS2_PLACEMENT_3D('',#6210,#6211,#6212);
#6214=PLANE('',#6213);
#6216=ORIENTED_EDGE('',*,*,#6215,.F.);
#6217=ORIENTED_EDGE('',*,*,#3850,.F.);
#6219=ORIENTED_EDGE('',*,*,#6218,.F.);
#6220=ORIENTED_EDGE('',*,*,#4165,.T.);
#6221=EDGE_LOOP('',(#6216,#6217,#6219,#6220));
#6222=FACE_OUTER_BOUND('',#6221,.F.);
#6223=ADVANCED_FACE('',(#6222),#6214,.T.);
#6224=CARTESIAN_POINT('',(-3.6E0,0.E0,-5.6E0));
#6225=DIRECTION('',(-1.E0,0.E0,0.E0));
#6226=DIRECTION('',(0.E0,0.E0,1.E0));
#6227=AXIS2_PLACEMENT_3D('',#6224,#6225,#6226);
#6228=PLANE('',#6227);
#6230=ORIENTED_EDGE('',*,*,#6229,.F.);
#6231=ORIENTED_EDGE('',*,*,#3842,.F.);
#6233=ORIENTED_EDGE('',*,*,#6232,.F.);
#6234=ORIENTED_EDGE('',*,*,#4173,.T.);
#6235=EDGE_LOOP('',(#6230,#6231,#6233,#6234));
#6236=FACE_OUTER_BOUND('',#6235,.F.);
#6237=ADVANCED_FACE('',(#6236),#6228,.T.);
#6238=CARTESIAN_POINT('',(-3.6E0,0.E0,-5.6E0));
#6239=DIRECTION('',(-1.E0,0.E0,0.E0));
#6240=DIRECTION('',(0.E0,0.E0,1.E0));
#6241=AXIS2_PLACEMENT_3D('',#6238,#6239,#6240);
#6242=PLANE('',#6241);
#6244=ORIENTED_EDGE('',*,*,#6243,.F.);
#6245=ORIENTED_EDGE('',*,*,#3834,.F.);
#6247=ORIENTED_EDGE('',*,*,#6246,.F.);
#6248=ORIENTED_EDGE('',*,*,#4181,.T.);
#6249=EDGE_LOOP('',(#6244,#6245,#6247,#6248));
#6250=FACE_OUTER_BOUND('',#6249,.F.);
#6251=ADVANCED_FACE('',(#6250),#6242,.T.);
#6252=CARTESIAN_POINT('',(-3.6E0,0.E0,-5.6E0));
#6253=DIRECTION('',(-1.E0,0.E0,0.E0));
#6254=DIRECTION('',(0.E0,0.E0,1.E0));
#6255=AXIS2_PLACEMENT_3D('',#6252,#6253,#6254);
#6256=PLANE('',#6255);
#6258=ORIENTED_EDGE('',*,*,#6257,.F.);
#6259=ORIENTED_EDGE('',*,*,#3986,.F.);
#6261=ORIENTED_EDGE('',*,*,#6260,.T.);
#6262=ORIENTED_EDGE('',*,*,#4189,.T.);
#6263=EDGE_LOOP('',(#6258,#6259,#6261,#6262));
#6264=FACE_OUTER_BOUND('',#6263,.F.);
#6265=ADVANCED_FACE('',(#6264),#6256,.T.);
#6266=CARTESIAN_POINT('',(-3.2E0,8.E-1,3.5E0));
#6267=DIRECTION('',(0.E0,0.E0,-1.E0));
#6268=DIRECTION('',(-1.E0,0.E0,0.E0));
#6269=AXIS2_PLACEMENT_3D('',#6266,#6267,#6268);
#6270=PLANE('',#6269);
#6272=ORIENTED_EDGE('',*,*,#6271,.T.);
#6273=ORIENTED_EDGE('',*,*,#4844,.T.);
#6275=ORIENTED_EDGE('',*,*,#6274,.F.);
#6276=ORIENTED_EDGE('',*,*,#3892,.F.);
#6277=ORIENTED_EDGE('',*,*,#6132,.T.);
#6278=ORIENTED_EDGE('',*,*,#4123,.T.);
#6280=ORIENTED_EDGE('',*,*,#6279,.T.);
#6281=ORIENTED_EDGE('',*,*,#5249,.T.);
#6282=EDGE_LOOP('',(#6272,#6273,#6275,#6276,#6277,#6278,#6280,#6281));
#6283=FACE_OUTER_BOUND('',#6282,.F.);
#6284=ADVANCED_FACE('',(#6283),#6270,.F.);
#6285=CARTESIAN_POINT('',(-3.58E0,0.E0,0.E0));
#6286=DIRECTION('',(-1.E0,0.E0,0.E0));
#6287=DIRECTION('',(0.E0,0.E0,1.E0));
#6288=AXIS2_PLACEMENT_3D('',#6285,#6286,#6287);
#6289=PLANE('',#6288);
#6291=ORIENTED_EDGE('',*,*,#6290,.T.);
#6292=ORIENTED_EDGE('',*,*,#5255,.T.);
#6294=ORIENTED_EDGE('',*,*,#6293,.F.);
#6295=ORIENTED_EDGE('',*,*,#4838,.F.);
#6296=EDGE_LOOP('',(#6291,#6292,#6294,#6295));
#6297=FACE_OUTER_BOUND('',#6296,.F.);
#6298=ADVANCED_FACE('',(#6297),#6289,.T.);
#6299=CARTESIAN_POINT('',(-3.58E0,0.E0,0.E0));
#6300=DIRECTION('',(-1.E0,0.E0,0.E0));
#6301=DIRECTION('',(0.E0,0.E0,1.E0));
#6302=AXIS2_PLACEMENT_3D('',#6299,#6300,#6301);
#6303=PLANE('',#6302);
#6305=ORIENTED_EDGE('',*,*,#6304,.F.);
#6306=ORIENTED_EDGE('',*,*,#4834,.F.);
#6307=ORIENTED_EDGE('',*,*,#6271,.F.);
#6308=ORIENTED_EDGE('',*,*,#5247,.T.);
#6309=EDGE_LOOP('',(#6305,#6306,#6307,#6308));
#6310=FACE_OUTER_BOUND('',#6309,.F.);
#6311=ADVANCED_FACE('',(#6310),#6303,.T.);
#6312=CARTESIAN_POINT('',(-3.58E0,0.E0,0.E0));
#6313=DIRECTION('',(-1.E0,0.E0,0.E0));
#6314=DIRECTION('',(0.E0,0.E0,1.E0));
#6315=AXIS2_PLACEMENT_3D('',#6312,#6313,#6314);
#6316=PLANE('',#6315);
#6318=ORIENTED_EDGE('',*,*,#6317,.T.);
#6319=ORIENTED_EDGE('',*,*,#5235,.T.);
#6321=ORIENTED_EDGE('',*,*,#6320,.F.);
#6322=ORIENTED_EDGE('',*,*,#4818,.F.);
#6323=EDGE_LOOP('',(#6318,#6319,#6321,#6322));
#6324=FACE_OUTER_BOUND('',#6323,.F.);
#6325=ADVANCED_FACE('',(#6324),#6316,.T.);
#6326=CARTESIAN_POINT('',(-3.58E0,0.E0,0.E0));
#6327=DIRECTION('',(-1.E0,0.E0,0.E0));
#6328=DIRECTION('',(0.E0,0.E0,1.E0));
#6329=AXIS2_PLACEMENT_3D('',#6326,#6327,#6328);
#6330=PLANE('',#6329);
#6332=ORIENTED_EDGE('',*,*,#6331,.F.);
#6333=ORIENTED_EDGE('',*,*,#4814,.F.);
#6335=ORIENTED_EDGE('',*,*,#6334,.F.);
#6336=ORIENTED_EDGE('',*,*,#5227,.T.);
#6337=EDGE_LOOP('',(#6332,#6333,#6335,#6336));
#6338=FACE_OUTER_BOUND('',#6337,.F.);
#6339=ADVANCED_FACE('',(#6338),#6330,.T.);
#6340=CARTESIAN_POINT('',(-3.58E0,0.E0,0.E0));
#6341=DIRECTION('',(-1.E0,0.E0,0.E0));
#6342=DIRECTION('',(0.E0,0.E0,1.E0));
#6343=AXIS2_PLACEMENT_3D('',#6340,#6341,#6342);
#6344=PLANE('',#6343);
#6346=ORIENTED_EDGE('',*,*,#6345,.T.);
#6347=ORIENTED_EDGE('',*,*,#5215,.T.);
#6349=ORIENTED_EDGE('',*,*,#6348,.F.);
#6350=ORIENTED_EDGE('',*,*,#4798,.F.);
#6351=EDGE_LOOP('',(#6346,#6347,#6349,#6350));
#6352=FACE_OUTER_BOUND('',#6351,.F.);
#6353=ADVANCED_FACE('',(#6352),#6344,.T.);
#6354=CARTESIAN_POINT('',(-3.58E0,0.E0,0.E0));
#6355=DIRECTION('',(-1.E0,0.E0,0.E0));
#6356=DIRECTION('',(0.E0,0.E0,1.E0));
#6357=AXIS2_PLACEMENT_3D('',#6354,#6355,#6356);
#6358=PLANE('',#6357);
#6360=ORIENTED_EDGE('',*,*,#6359,.F.);
#6361=ORIENTED_EDGE('',*,*,#4794,.F.);
#6363=ORIENTED_EDGE('',*,*,#6362,.F.);
#6364=ORIENTED_EDGE('',*,*,#5207,.T.);
#6365=EDGE_LOOP('',(#6360,#6361,#6363,#6364));
#6366=FACE_OUTER_BOUND('',#6365,.F.);
#6367=ADVANCED_FACE('',(#6366),#6358,.T.);
#6368=CARTESIAN_POINT('',(-3.58E0,0.E0,0.E0));
#6369=DIRECTION('',(-1.E0,0.E0,0.E0));
#6370=DIRECTION('',(0.E0,0.E0,1.E0));
#6371=AXIS2_PLACEMENT_3D('',#6368,#6369,#6370);
#6372=PLANE('',#6371);
#6374=ORIENTED_EDGE('',*,*,#6373,.T.);
#6375=ORIENTED_EDGE('',*,*,#5195,.T.);
#6377=ORIENTED_EDGE('',*,*,#6376,.F.);
#6378=ORIENTED_EDGE('',*,*,#4778,.F.);
#6379=EDGE_LOOP('',(#6374,#6375,#6377,#6378));
#6380=FACE_OUTER_BOUND('',#6379,.F.);
#6381=ADVANCED_FACE('',(#6380),#6372,.T.);
#6382=CARTESIAN_POINT('',(-3.58E0,0.E0,0.E0));
#6383=DIRECTION('',(-1.E0,0.E0,0.E0));
#6384=DIRECTION('',(0.E0,0.E0,1.E0));
#6385=AXIS2_PLACEMENT_3D('',#6382,#6383,#6384);
#6386=PLANE('',#6385);
#6388=ORIENTED_EDGE('',*,*,#6387,.F.);
#6389=ORIENTED_EDGE('',*,*,#4774,.F.);
#6391=ORIENTED_EDGE('',*,*,#6390,.F.);
#6392=ORIENTED_EDGE('',*,*,#5187,.T.);
#6393=EDGE_LOOP('',(#6388,#6389,#6391,#6392));
#6394=FACE_OUTER_BOUND('',#6393,.F.);
#6395=ADVANCED_FACE('',(#6394),#6386,.T.);
#6396=CARTESIAN_POINT('',(-3.58E0,0.E0,0.E0));
#6397=DIRECTION('',(-1.E0,0.E0,0.E0));
#6398=DIRECTION('',(0.E0,0.E0,1.E0));
#6399=AXIS2_PLACEMENT_3D('',#6396,#6397,#6398);
#6400=PLANE('',#6399);
#6402=ORIENTED_EDGE('',*,*,#6401,.T.);
#6403=ORIENTED_EDGE('',*,*,#5175,.T.);
#6405=ORIENTED_EDGE('',*,*,#6404,.F.);
#6406=ORIENTED_EDGE('',*,*,#4758,.F.);
#6407=EDGE_LOOP('',(#6402,#6403,#6405,#6406));
#6408=FACE_OUTER_BOUND('',#6407,.F.);
#6409=ADVANCED_FACE('',(#6408),#6400,.T.);
#6410=CARTESIAN_POINT('',(-3.58E0,0.E0,0.E0));
#6411=DIRECTION('',(-1.E0,0.E0,0.E0));
#6412=DIRECTION('',(0.E0,0.E0,1.E0));
#6413=AXIS2_PLACEMENT_3D('',#6410,#6411,#6412);
#6414=PLANE('',#6413);
#6416=ORIENTED_EDGE('',*,*,#6415,.F.);
#6417=ORIENTED_EDGE('',*,*,#4754,.F.);
#6419=ORIENTED_EDGE('',*,*,#6418,.F.);
#6420=ORIENTED_EDGE('',*,*,#5167,.T.);
#6421=EDGE_LOOP('',(#6416,#6417,#6419,#6420));
#6422=FACE_OUTER_BOUND('',#6421,.F.);
#6423=ADVANCED_FACE('',(#6422),#6414,.T.);
#6424=CARTESIAN_POINT('',(-3.58E0,0.E0,0.E0));
#6425=DIRECTION('',(-1.E0,0.E0,0.E0));
#6426=DIRECTION('',(0.E0,0.E0,1.E0));
#6427=AXIS2_PLACEMENT_3D('',#6424,#6425,#6426);
#6428=PLANE('',#6427);
#6430=ORIENTED_EDGE('',*,*,#6429,.T.);
#6431=ORIENTED_EDGE('',*,*,#5095,.T.);
#6433=ORIENTED_EDGE('',*,*,#6432,.F.);
#6434=ORIENTED_EDGE('',*,*,#4678,.F.);
#6435=EDGE_LOOP('',(#6430,#6431,#6433,#6434));
#6436=FACE_OUTER_BOUND('',#6435,.F.);
#6437=ADVANCED_FACE('',(#6436),#6428,.T.);
#6438=CARTESIAN_POINT('',(-3.58E0,0.E0,0.E0));
#6439=DIRECTION('',(-1.E0,0.E0,0.E0));
#6440=DIRECTION('',(0.E0,0.E0,1.E0));
#6441=AXIS2_PLACEMENT_3D('',#6438,#6439,#6440);
#6442=PLANE('',#6441);
#6444=ORIENTED_EDGE('',*,*,#6443,.F.);
#6445=ORIENTED_EDGE('',*,*,#4674,.F.);
#6447=ORIENTED_EDGE('',*,*,#6446,.F.);
#6448=ORIENTED_EDGE('',*,*,#5087,.T.);
#6449=EDGE_LOOP('',(#6444,#6445,#6447,#6448));
#6450=FACE_OUTER_BOUND('',#6449,.F.);
#6451=ADVANCED_FACE('',(#6450),#6442,.T.);
#6452=CARTESIAN_POINT('',(-3.58E0,0.E0,0.E0));
#6453=DIRECTION('',(-1.E0,0.E0,0.E0));
#6454=DIRECTION('',(0.E0,0.E0,1.E0));
#6455=AXIS2_PLACEMENT_3D('',#6452,#6453,#6454);
#6456=PLANE('',#6455);
#6458=ORIENTED_EDGE('',*,*,#6457,.T.);
#6459=ORIENTED_EDGE('',*,*,#5115,.T.);
#6461=ORIENTED_EDGE('',*,*,#6460,.F.);
#6462=ORIENTED_EDGE('',*,*,#4698,.F.);
#6463=EDGE_LOOP('',(#6458,#6459,#6461,#6462));
#6464=FACE_OUTER_BOUND('',#6463,.F.);
#6465=ADVANCED_FACE('',(#6464),#6456,.T.);
#6466=CARTESIAN_POINT('',(-3.58E0,0.E0,0.E0));
#6467=DIRECTION('',(-1.E0,0.E0,0.E0));
#6468=DIRECTION('',(0.E0,0.E0,1.E0));
#6469=AXIS2_PLACEMENT_3D('',#6466,#6467,#6468);
#6470=PLANE('',#6469);
#6472=ORIENTED_EDGE('',*,*,#6471,.F.);
#6473=ORIENTED_EDGE('',*,*,#4694,.F.);
#6475=ORIENTED_EDGE('',*,*,#6474,.F.);
#6476=ORIENTED_EDGE('',*,*,#5107,.T.);
#6477=EDGE_LOOP('',(#6472,#6473,#6475,#6476));
#6478=FACE_OUTER_BOUND('',#6477,.F.);
#6479=ADVANCED_FACE('',(#6478),#6470,.T.);
#6480=CARTESIAN_POINT('',(-3.58E0,0.E0,0.E0));
#6481=DIRECTION('',(-1.E0,0.E0,0.E0));
#6482=DIRECTION('',(0.E0,0.E0,1.E0));
#6483=AXIS2_PLACEMENT_3D('',#6480,#6481,#6482);
#6484=PLANE('',#6483);
#6486=ORIENTED_EDGE('',*,*,#6485,.T.);
#6487=ORIENTED_EDGE('',*,*,#5135,.T.);
#6489=ORIENTED_EDGE('',*,*,#6488,.F.);
#6490=ORIENTED_EDGE('',*,*,#4718,.F.);
#6491=EDGE_LOOP('',(#6486,#6487,#6489,#6490));
#6492=FACE_OUTER_BOUND('',#6491,.F.);
#6493=ADVANCED_FACE('',(#6492),#6484,.T.);
#6494=CARTESIAN_POINT('',(-3.58E0,0.E0,0.E0));
#6495=DIRECTION('',(-1.E0,0.E0,0.E0));
#6496=DIRECTION('',(0.E0,0.E0,1.E0));
#6497=AXIS2_PLACEMENT_3D('',#6494,#6495,#6496);
#6498=PLANE('',#6497);
#6500=ORIENTED_EDGE('',*,*,#6499,.F.);
#6501=ORIENTED_EDGE('',*,*,#4714,.F.);
#6503=ORIENTED_EDGE('',*,*,#6502,.F.);
#6504=ORIENTED_EDGE('',*,*,#5127,.T.);
#6505=EDGE_LOOP('',(#6500,#6501,#6503,#6504));
#6506=FACE_OUTER_BOUND('',#6505,.F.);
#6507=ADVANCED_FACE('',(#6506),#6498,.T.);
#6508=CARTESIAN_POINT('',(-3.58E0,0.E0,0.E0));
#6509=DIRECTION('',(-1.E0,0.E0,0.E0));
#6510=DIRECTION('',(0.E0,0.E0,1.E0));
#6511=AXIS2_PLACEMENT_3D('',#6508,#6509,#6510);
#6512=PLANE('',#6511);
#6514=ORIENTED_EDGE('',*,*,#6513,.T.);
#6515=ORIENTED_EDGE('',*,*,#5155,.T.);
#6517=ORIENTED_EDGE('',*,*,#6516,.F.);
#6518=ORIENTED_EDGE('',*,*,#4738,.F.);
#6519=EDGE_LOOP('',(#6514,#6515,#6517,#6518));
#6520=FACE_OUTER_BOUND('',#6519,.F.);
#6521=ADVANCED_FACE('',(#6520),#6512,.T.);
#6522=CARTESIAN_POINT('',(-3.58E0,0.E0,0.E0));
#6523=DIRECTION('',(-1.E0,0.E0,0.E0));
#6524=DIRECTION('',(0.E0,0.E0,1.E0));
#6525=AXIS2_PLACEMENT_3D('',#6522,#6523,#6524);
#6526=PLANE('',#6525);
#6528=ORIENTED_EDGE('',*,*,#6527,.F.);
#6529=ORIENTED_EDGE('',*,*,#4734,.F.);
#6531=ORIENTED_EDGE('',*,*,#6530,.F.);
#6532=ORIENTED_EDGE('',*,*,#5147,.T.);
#6533=EDGE_LOOP('',(#6528,#6529,#6531,#6532));
#6534=FACE_OUTER_BOUND('',#6533,.F.);
#6535=ADVANCED_FACE('',(#6534),#6526,.T.);
#6536=CARTESIAN_POINT('',(-3.6E0,8.E-1,3.7E0));
#6537=DIRECTION('',(0.E0,1.E0,0.E0));
#6538=DIRECTION('',(1.E0,0.E0,0.E0));
#6539=AXIS2_PLACEMENT_3D('',#6536,#6537,#6538);
#6540=CYLINDRICAL_SURFACE('',#6539,7.5E-2);
#6541=ORIENTED_EDGE('',*,*,#6290,.F.);
#6542=ORIENTED_EDGE('',*,*,#4836,.T.);
#6543=ORIENTED_EDGE('',*,*,#6304,.T.);
#6544=ORIENTED_EDGE('',*,*,#5257,.F.);
#6545=EDGE_LOOP('',(#6541,#6542,#6543,#6544));
#6546=FACE_OUTER_BOUND('',#6545,.F.);
#6547=ADVANCED_FACE('',(#6546),#6540,.F.);
#6548=CARTESIAN_POINT('',(-3.6E0,8.E-1,3.9E0));
#6549=DIRECTION('',(0.E0,0.E0,1.E0));
#6550=DIRECTION('',(1.E0,0.E0,0.E0));
#6551=AXIS2_PLACEMENT_3D('',#6548,#6549,#6550);
#6552=PLANE('',#6551);
#6553=ORIENTED_EDGE('',*,*,#6146,.T.);
#6554=ORIENTED_EDGE('',*,*,#3896,.T.);
#6556=ORIENTED_EDGE('',*,*,#6555,.T.);
#6557=ORIENTED_EDGE('',*,*,#4840,.T.);
#6558=ORIENTED_EDGE('',*,*,#6293,.T.);
#6559=ORIENTED_EDGE('',*,*,#5253,.T.);
#6561=ORIENTED_EDGE('',*,*,#6560,.F.);
#6562=ORIENTED_EDGE('',*,*,#4119,.F.);
#6563=EDGE_LOOP('',(#6553,#6554,#6556,#6557,#6558,#6559,#6561,#6562));
#6564=FACE_OUTER_BOUND('',#6563,.F.);
#6565=ADVANCED_FACE('',(#6564),#6552,.F.);
#6566=CARTESIAN_POINT('',(-2.5E0,0.E0,3.5E0));
#6567=DIRECTION('',(1.E0,0.E0,0.E0));
#6568=DIRECTION('',(0.E0,0.E0,1.E0));
#6569=AXIS2_PLACEMENT_3D('',#6566,#6567,#6568);
#6570=PLANE('',#6569);
#6571=ORIENTED_EDGE('',*,*,#3894,.F.);
#6572=ORIENTED_EDGE('',*,*,#6274,.T.);
#6573=ORIENTED_EDGE('',*,*,#4842,.T.);
#6574=ORIENTED_EDGE('',*,*,#6555,.F.);
#6575=EDGE_LOOP('',(#6571,#6572,#6573,#6574));
#6576=FACE_OUTER_BOUND('',#6575,.F.);
#6577=ADVANCED_FACE('',(#6576),#6570,.F.);
#6578=CARTESIAN_POINT('',(-3.2E0,8.E-1,3.9E0));
#6579=DIRECTION('',(1.E0,0.E0,0.E0));
#6580=DIRECTION('',(0.E0,0.E0,-1.E0));
#6581=AXIS2_PLACEMENT_3D('',#6578,#6579,#6580);
#6582=PLANE('',#6581);
#6583=ORIENTED_EDGE('',*,*,#4121,.F.);
#6584=ORIENTED_EDGE('',*,*,#6560,.T.);
#6585=ORIENTED_EDGE('',*,*,#5251,.T.);
#6586=ORIENTED_EDGE('',*,*,#6279,.F.);
#6587=EDGE_LOOP('',(#6583,#6584,#6585,#6586));
#6588=FACE_OUTER_BOUND('',#6587,.F.);
#6589=ADVANCED_FACE('',(#6588),#6582,.F.);
#6590=CARTESIAN_POINT('',(-3.6E0,8.E-1,3.E0));
#6591=DIRECTION('',(0.E0,1.E0,0.E0));
#6592=DIRECTION('',(1.E0,0.E0,0.E0));
#6593=AXIS2_PLACEMENT_3D('',#6590,#6591,#6592);
#6594=CYLINDRICAL_SURFACE('',#6593,7.5E-2);
#6595=ORIENTED_EDGE('',*,*,#6317,.F.);
#6596=ORIENTED_EDGE('',*,*,#4816,.T.);
#6597=ORIENTED_EDGE('',*,*,#6331,.T.);
#6598=ORIENTED_EDGE('',*,*,#5237,.F.);
#6599=EDGE_LOOP('',(#6595,#6596,#6597,#6598));
#6600=FACE_OUTER_BOUND('',#6599,.F.);
#6601=ADVANCED_FACE('',(#6600),#6594,.F.);
#6602=CARTESIAN_POINT('',(-3.6E0,8.E-1,3.2E0));
#6603=DIRECTION('',(0.E0,0.E0,1.E0));
#6604=DIRECTION('',(1.E0,0.E0,0.E0));
#6605=AXIS2_PLACEMENT_3D('',#6602,#6603,#6604);
#6606=PLANE('',#6605);
#6607=ORIENTED_EDGE('',*,*,#6135,.T.);
#6608=ORIENTED_EDGE('',*,*,#3888,.T.);
#6610=ORIENTED_EDGE('',*,*,#6609,.T.);
#6611=ORIENTED_EDGE('',*,*,#4820,.T.);
#6612=ORIENTED_EDGE('',*,*,#6320,.T.);
#6613=ORIENTED_EDGE('',*,*,#5233,.T.);
#6615=ORIENTED_EDGE('',*,*,#6614,.F.);
#6616=ORIENTED_EDGE('',*,*,#4127,.F.);
#6617=EDGE_LOOP('',(#6607,#6608,#6610,#6611,#6612,#6613,#6615,#6616));
#6618=FACE_OUTER_BOUND('',#6617,.F.);
#6619=ADVANCED_FACE('',(#6618),#6606,.F.);
#6620=CARTESIAN_POINT('',(-2.5E0,0.E0,2.8E0));
#6621=DIRECTION('',(1.E0,0.E0,0.E0));
#6622=DIRECTION('',(0.E0,0.E0,1.E0));
#6623=AXIS2_PLACEMENT_3D('',#6620,#6621,#6622);
#6624=PLANE('',#6623);
#6625=ORIENTED_EDGE('',*,*,#3886,.F.);
#6627=ORIENTED_EDGE('',*,*,#6626,.T.);
#6628=ORIENTED_EDGE('',*,*,#4822,.T.);
#6629=ORIENTED_EDGE('',*,*,#6609,.F.);
#6630=EDGE_LOOP('',(#6625,#6627,#6628,#6629));
#6631=FACE_OUTER_BOUND('',#6630,.F.);
#6632=ADVANCED_FACE('',(#6631),#6624,.F.);
#6633=CARTESIAN_POINT('',(-3.2E0,8.E-1,2.8E0));
#6634=DIRECTION('',(0.E0,0.E0,-1.E0));
#6635=DIRECTION('',(-1.E0,0.E0,0.E0));
#6636=AXIS2_PLACEMENT_3D('',#6633,#6634,#6635);
#6637=PLANE('',#6636);
#6638=ORIENTED_EDGE('',*,*,#6334,.T.);
#6639=ORIENTED_EDGE('',*,*,#4824,.T.);
#6640=ORIENTED_EDGE('',*,*,#6626,.F.);
#6641=ORIENTED_EDGE('',*,*,#3884,.F.);
#6642=ORIENTED_EDGE('',*,*,#6159,.T.);
#6643=ORIENTED_EDGE('',*,*,#4131,.T.);
#6645=ORIENTED_EDGE('',*,*,#6644,.T.);
#6646=ORIENTED_EDGE('',*,*,#5229,.T.);
#6647=EDGE_LOOP('',(#6638,#6639,#6640,#6641,#6642,#6643,#6645,#6646));
#6648=FACE_OUTER_BOUND('',#6647,.F.);
#6649=ADVANCED_FACE('',(#6648),#6637,.F.);
#6650=CARTESIAN_POINT('',(-3.2E0,8.E-1,3.2E0));
#6651=DIRECTION('',(1.E0,0.E0,0.E0));
#6652=DIRECTION('',(0.E0,0.E0,-1.E0));
#6653=AXIS2_PLACEMENT_3D('',#6650,#6651,#6652);
#6654=PLANE('',#6653);
#6655=ORIENTED_EDGE('',*,*,#4129,.F.);
#6656=ORIENTED_EDGE('',*,*,#6614,.T.);
#6657=ORIENTED_EDGE('',*,*,#5231,.T.);
#6658=ORIENTED_EDGE('',*,*,#6644,.F.);
#6659=EDGE_LOOP('',(#6655,#6656,#6657,#6658));
#6660=FACE_OUTER_BOUND('',#6659,.F.);
#6661=ADVANCED_FACE('',(#6660),#6654,.F.);
#6662=CARTESIAN_POINT('',(-3.6E0,8.E-1,2.3E0));
#6663=DIRECTION('',(0.E0,1.E0,0.E0));
#6664=DIRECTION('',(1.E0,0.E0,0.E0));
#6665=AXIS2_PLACEMENT_3D('',#6662,#6663,#6664);
#6666=CYLINDRICAL_SURFACE('',#6665,7.5E-2);
#6667=ORIENTED_EDGE('',*,*,#6345,.F.);
#6668=ORIENTED_EDGE('',*,*,#4796,.T.);
#6669=ORIENTED_EDGE('',*,*,#6359,.T.);
#6670=ORIENTED_EDGE('',*,*,#5217,.F.);
#6671=EDGE_LOOP('',(#6667,#6668,#6669,#6670));
#6672=FACE_OUTER_BOUND('',#6671,.F.);
#6673=ADVANCED_FACE('',(#6672),#6666,.F.);
#6674=CARTESIAN_POINT('',(-3.6E0,8.E-1,2.5E0));
#6675=DIRECTION('',(0.E0,0.E0,1.E0));
#6676=DIRECTION('',(1.E0,0.E0,0.E0));
#6677=AXIS2_PLACEMENT_3D('',#6674,#6675,#6676);
#6678=PLANE('',#6677);
#6679=ORIENTED_EDGE('',*,*,#6162,.T.);
#6680=ORIENTED_EDGE('',*,*,#3880,.T.);
#6682=ORIENTED_EDGE('',*,*,#6681,.T.);
#6683=ORIENTED_EDGE('',*,*,#4800,.T.);
#6684=ORIENTED_EDGE('',*,*,#6348,.T.);
#6685=ORIENTED_EDGE('',*,*,#5213,.T.);
#6687=ORIENTED_EDGE('',*,*,#6686,.F.);
#6688=ORIENTED_EDGE('',*,*,#4135,.F.);
#6689=EDGE_LOOP('',(#6679,#6680,#6682,#6683,#6684,#6685,#6687,#6688));
#6690=FACE_OUTER_BOUND('',#6689,.F.);
#6691=ADVANCED_FACE('',(#6690),#6678,.F.);
#6692=CARTESIAN_POINT('',(-2.5E0,0.E0,2.1E0));
#6693=DIRECTION('',(1.E0,0.E0,0.E0));
#6694=DIRECTION('',(0.E0,0.E0,1.E0));
#6695=AXIS2_PLACEMENT_3D('',#6692,#6693,#6694);
#6696=PLANE('',#6695);
#6697=ORIENTED_EDGE('',*,*,#3878,.F.);
#6699=ORIENTED_EDGE('',*,*,#6698,.T.);
#6700=ORIENTED_EDGE('',*,*,#4802,.T.);
#6701=ORIENTED_EDGE('',*,*,#6681,.F.);
#6702=EDGE_LOOP('',(#6697,#6699,#6700,#6701));
#6703=FACE_OUTER_BOUND('',#6702,.F.);
#6704=ADVANCED_FACE('',(#6703),#6696,.F.);
#6705=CARTESIAN_POINT('',(-3.2E0,8.E-1,2.1E0));
#6706=DIRECTION('',(0.E0,0.E0,-1.E0));
#6707=DIRECTION('',(-1.E0,0.E0,0.E0));
#6708=AXIS2_PLACEMENT_3D('',#6705,#6706,#6707);
#6709=PLANE('',#6708);
#6710=ORIENTED_EDGE('',*,*,#6362,.T.);
#6711=ORIENTED_EDGE('',*,*,#4804,.T.);
#6712=ORIENTED_EDGE('',*,*,#6698,.F.);
#6713=ORIENTED_EDGE('',*,*,#3876,.F.);
#6714=ORIENTED_EDGE('',*,*,#6173,.T.);
#6715=ORIENTED_EDGE('',*,*,#4139,.T.);
#6717=ORIENTED_EDGE('',*,*,#6716,.T.);
#6718=ORIENTED_EDGE('',*,*,#5209,.T.);
#6719=EDGE_LOOP('',(#6710,#6711,#6712,#6713,#6714,#6715,#6717,#6718));
#6720=FACE_OUTER_BOUND('',#6719,.F.);
#6721=ADVANCED_FACE('',(#6720),#6709,.F.);
#6722=CARTESIAN_POINT('',(-3.2E0,8.E-1,2.5E0));
#6723=DIRECTION('',(1.E0,0.E0,0.E0));
#6724=DIRECTION('',(0.E0,0.E0,-1.E0));
#6725=AXIS2_PLACEMENT_3D('',#6722,#6723,#6724);
#6726=PLANE('',#6725);
#6727=ORIENTED_EDGE('',*,*,#4137,.F.);
#6728=ORIENTED_EDGE('',*,*,#6686,.T.);
#6729=ORIENTED_EDGE('',*,*,#5211,.T.);
#6730=ORIENTED_EDGE('',*,*,#6716,.F.);
#6731=EDGE_LOOP('',(#6727,#6728,#6729,#6730));
#6732=FACE_OUTER_BOUND('',#6731,.F.);
#6733=ADVANCED_FACE('',(#6732),#6726,.F.);
#6734=CARTESIAN_POINT('',(-3.6E0,8.E-1,1.6E0));
#6735=DIRECTION('',(0.E0,1.E0,0.E0));
#6736=DIRECTION('',(1.E0,0.E0,0.E0));
#6737=AXIS2_PLACEMENT_3D('',#6734,#6735,#6736);
#6738=CYLINDRICAL_SURFACE('',#6737,7.5E-2);
#6739=ORIENTED_EDGE('',*,*,#6373,.F.);
#6740=ORIENTED_EDGE('',*,*,#4776,.T.);
#6741=ORIENTED_EDGE('',*,*,#6387,.T.);
#6742=ORIENTED_EDGE('',*,*,#5197,.F.);
#6743=EDGE_LOOP('',(#6739,#6740,#6741,#6742));
#6744=FACE_OUTER_BOUND('',#6743,.F.);
#6745=ADVANCED_FACE('',(#6744),#6738,.F.);
#6746=CARTESIAN_POINT('',(-3.6E0,8.E-1,1.8E0));
#6747=DIRECTION('',(0.E0,0.E0,1.E0));
#6748=DIRECTION('',(1.E0,0.E0,0.E0));
#6749=AXIS2_PLACEMENT_3D('',#6746,#6747,#6748);
#6750=PLANE('',#6749);
#6751=ORIENTED_EDGE('',*,*,#6176,.T.);
#6752=ORIENTED_EDGE('',*,*,#3872,.T.);
#6754=ORIENTED_EDGE('',*,*,#6753,.T.);
#6755=ORIENTED_EDGE('',*,*,#4780,.T.);
#6756=ORIENTED_EDGE('',*,*,#6376,.T.);
#6757=ORIENTED_EDGE('',*,*,#5193,.T.);
#6759=ORIENTED_EDGE('',*,*,#6758,.F.);
#6760=ORIENTED_EDGE('',*,*,#4143,.F.);
#6761=EDGE_LOOP('',(#6751,#6752,#6754,#6755,#6756,#6757,#6759,#6760));
#6762=FACE_OUTER_BOUND('',#6761,.F.);
#6763=ADVANCED_FACE('',(#6762),#6750,.F.);
#6764=CARTESIAN_POINT('',(-2.5E0,0.E0,1.4E0));
#6765=DIRECTION('',(1.E0,0.E0,0.E0));
#6766=DIRECTION('',(0.E0,0.E0,1.E0));
#6767=AXIS2_PLACEMENT_3D('',#6764,#6765,#6766);
#6768=PLANE('',#6767);
#6769=ORIENTED_EDGE('',*,*,#3870,.F.);
#6771=ORIENTED_EDGE('',*,*,#6770,.T.);
#6772=ORIENTED_EDGE('',*,*,#4782,.T.);
#6773=ORIENTED_EDGE('',*,*,#6753,.F.);
#6774=EDGE_LOOP('',(#6769,#6771,#6772,#6773));
#6775=FACE_OUTER_BOUND('',#6774,.F.);
#6776=ADVANCED_FACE('',(#6775),#6768,.F.);
#6777=CARTESIAN_POINT('',(-3.2E0,8.E-1,1.4E0));
#6778=DIRECTION('',(0.E0,0.E0,-1.E0));
#6779=DIRECTION('',(-1.E0,0.E0,0.E0));
#6780=AXIS2_PLACEMENT_3D('',#6777,#6778,#6779);
#6781=PLANE('',#6780);
#6782=ORIENTED_EDGE('',*,*,#6390,.T.);
#6783=ORIENTED_EDGE('',*,*,#4784,.T.);
#6784=ORIENTED_EDGE('',*,*,#6770,.F.);
#6785=ORIENTED_EDGE('',*,*,#3868,.F.);
#6786=ORIENTED_EDGE('',*,*,#6187,.T.);
#6787=ORIENTED_EDGE('',*,*,#4147,.T.);
#6789=ORIENTED_EDGE('',*,*,#6788,.T.);
#6790=ORIENTED_EDGE('',*,*,#5189,.T.);
#6791=EDGE_LOOP('',(#6782,#6783,#6784,#6785,#6786,#6787,#6789,#6790));
#6792=FACE_OUTER_BOUND('',#6791,.F.);
#6793=ADVANCED_FACE('',(#6792),#6781,.F.);
#6794=CARTESIAN_POINT('',(-3.2E0,8.E-1,1.8E0));
#6795=DIRECTION('',(1.E0,0.E0,0.E0));
#6796=DIRECTION('',(0.E0,0.E0,-1.E0));
#6797=AXIS2_PLACEMENT_3D('',#6794,#6795,#6796);
#6798=PLANE('',#6797);
#6799=ORIENTED_EDGE('',*,*,#4145,.F.);
#6800=ORIENTED_EDGE('',*,*,#6758,.T.);
#6801=ORIENTED_EDGE('',*,*,#5191,.T.);
#6802=ORIENTED_EDGE('',*,*,#6788,.F.);
#6803=EDGE_LOOP('',(#6799,#6800,#6801,#6802));
#6804=FACE_OUTER_BOUND('',#6803,.F.);
#6805=ADVANCED_FACE('',(#6804),#6798,.F.);
#6806=CARTESIAN_POINT('',(-3.6E0,8.E-1,9.E-1));
#6807=DIRECTION('',(0.E0,1.E0,0.E0));
#6808=DIRECTION('',(1.E0,0.E0,0.E0));
#6809=AXIS2_PLACEMENT_3D('',#6806,#6807,#6808);
#6810=CYLINDRICAL_SURFACE('',#6809,7.5E-2);
#6811=ORIENTED_EDGE('',*,*,#6401,.F.);
#6812=ORIENTED_EDGE('',*,*,#4756,.T.);
#6813=ORIENTED_EDGE('',*,*,#6415,.T.);
#6814=ORIENTED_EDGE('',*,*,#5177,.F.);
#6815=EDGE_LOOP('',(#6811,#6812,#6813,#6814));
#6816=FACE_OUTER_BOUND('',#6815,.F.);
#6817=ADVANCED_FACE('',(#6816),#6810,.F.);
#6818=CARTESIAN_POINT('',(-3.6E0,8.E-1,1.1E0));
#6819=DIRECTION('',(0.E0,0.E0,1.E0));
#6820=DIRECTION('',(1.E0,0.E0,0.E0));
#6821=AXIS2_PLACEMENT_3D('',#6818,#6819,#6820);
#6822=PLANE('',#6821);
#6823=ORIENTED_EDGE('',*,*,#6190,.T.);
#6824=ORIENTED_EDGE('',*,*,#3864,.T.);
#6826=ORIENTED_EDGE('',*,*,#6825,.T.);
#6827=ORIENTED_EDGE('',*,*,#4760,.T.);
#6828=ORIENTED_EDGE('',*,*,#6404,.T.);
#6829=ORIENTED_EDGE('',*,*,#5173,.T.);
#6831=ORIENTED_EDGE('',*,*,#6830,.F.);
#6832=ORIENTED_EDGE('',*,*,#4151,.F.);
#6833=EDGE_LOOP('',(#6823,#6824,#6826,#6827,#6828,#6829,#6831,#6832));
#6834=FACE_OUTER_BOUND('',#6833,.F.);
#6835=ADVANCED_FACE('',(#6834),#6822,.F.);
#6836=CARTESIAN_POINT('',(-2.5E0,0.E0,7.E-1));
#6837=DIRECTION('',(1.E0,0.E0,0.E0));
#6838=DIRECTION('',(0.E0,0.E0,1.E0));
#6839=AXIS2_PLACEMENT_3D('',#6836,#6837,#6838);
#6840=PLANE('',#6839);
#6841=ORIENTED_EDGE('',*,*,#3862,.F.);
#6843=ORIENTED_EDGE('',*,*,#6842,.T.);
#6844=ORIENTED_EDGE('',*,*,#4762,.T.);
#6845=ORIENTED_EDGE('',*,*,#6825,.F.);
#6846=EDGE_LOOP('',(#6841,#6843,#6844,#6845));
#6847=FACE_OUTER_BOUND('',#6846,.F.);
#6848=ADVANCED_FACE('',(#6847),#6840,.F.);
#6849=CARTESIAN_POINT('',(-3.2E0,8.E-1,7.E-1));
#6850=DIRECTION('',(0.E0,0.E0,-1.E0));
#6851=DIRECTION('',(-1.E0,0.E0,0.E0));
#6852=AXIS2_PLACEMENT_3D('',#6849,#6850,#6851);
#6853=PLANE('',#6852);
#6854=ORIENTED_EDGE('',*,*,#6418,.T.);
#6855=ORIENTED_EDGE('',*,*,#4764,.T.);
#6856=ORIENTED_EDGE('',*,*,#6842,.F.);
#6857=ORIENTED_EDGE('',*,*,#3860,.F.);
#6858=ORIENTED_EDGE('',*,*,#6201,.T.);
#6859=ORIENTED_EDGE('',*,*,#4155,.T.);
#6861=ORIENTED_EDGE('',*,*,#6860,.T.);
#6862=ORIENTED_EDGE('',*,*,#5169,.T.);
#6863=EDGE_LOOP('',(#6854,#6855,#6856,#6857,#6858,#6859,#6861,#6862));
#6864=FACE_OUTER_BOUND('',#6863,.F.);
#6865=ADVANCED_FACE('',(#6864),#6853,.F.);
#6866=CARTESIAN_POINT('',(-3.2E0,8.E-1,1.1E0));
#6867=DIRECTION('',(1.E0,0.E0,0.E0));
#6868=DIRECTION('',(0.E0,0.E0,-1.E0));
#6869=AXIS2_PLACEMENT_3D('',#6866,#6867,#6868);
#6870=PLANE('',#6869);
#6871=ORIENTED_EDGE('',*,*,#4153,.F.);
#6872=ORIENTED_EDGE('',*,*,#6830,.T.);
#6873=ORIENTED_EDGE('',*,*,#5171,.T.);
#6874=ORIENTED_EDGE('',*,*,#6860,.F.);
#6875=EDGE_LOOP('',(#6871,#6872,#6873,#6874));
#6876=FACE_OUTER_BOUND('',#6875,.F.);
#6877=ADVANCED_FACE('',(#6876),#6870,.F.);
#6878=CARTESIAN_POINT('',(-3.6E0,8.E-1,-1.9E0));
#6879=DIRECTION('',(0.E0,1.E0,0.E0));
#6880=DIRECTION('',(1.E0,0.E0,0.E0));
#6881=AXIS2_PLACEMENT_3D('',#6878,#6879,#6880);
#6882=CYLINDRICAL_SURFACE('',#6881,7.5E-2);
#6883=ORIENTED_EDGE('',*,*,#6429,.F.);
#6884=ORIENTED_EDGE('',*,*,#4676,.T.);
#6885=ORIENTED_EDGE('',*,*,#6443,.T.);
#6886=ORIENTED_EDGE('',*,*,#5097,.F.);
#6887=EDGE_LOOP('',(#6883,#6884,#6885,#6886));
#6888=FACE_OUTER_BOUND('',#6887,.F.);
#6889=ADVANCED_FACE('',(#6888),#6882,.F.);
#6890=CARTESIAN_POINT('',(-3.6E0,8.E-1,-1.7E0));
#6891=DIRECTION('',(0.E0,0.E0,1.E0));
#6892=DIRECTION('',(1.E0,0.E0,0.E0));
#6893=AXIS2_PLACEMENT_3D('',#6890,#6891,#6892);
#6894=PLANE('',#6893);
#6895=ORIENTED_EDGE('',*,*,#6246,.T.);
#6896=ORIENTED_EDGE('',*,*,#3832,.T.);
#6898=ORIENTED_EDGE('',*,*,#6897,.T.);
#6899=ORIENTED_EDGE('',*,*,#4680,.T.);
#6900=ORIENTED_EDGE('',*,*,#6432,.T.);
#6901=ORIENTED_EDGE('',*,*,#5093,.T.);
#6903=ORIENTED_EDGE('',*,*,#6902,.F.);
#6904=ORIENTED_EDGE('',*,*,#4183,.F.);
#6905=EDGE_LOOP('',(#6895,#6896,#6898,#6899,#6900,#6901,#6903,#6904));
#6906=FACE_OUTER_BOUND('',#6905,.F.);
#6907=ADVANCED_FACE('',(#6906),#6894,.F.);
#6908=CARTESIAN_POINT('',(-2.5E0,0.E0,-2.1E0));
#6909=DIRECTION('',(1.E0,0.E0,0.E0));
#6910=DIRECTION('',(0.E0,0.E0,1.E0));
#6911=AXIS2_PLACEMENT_3D('',#6908,#6909,#6910);
#6912=PLANE('',#6911);
#6913=ORIENTED_EDGE('',*,*,#3830,.F.);
#6915=ORIENTED_EDGE('',*,*,#6914,.T.);
#6916=ORIENTED_EDGE('',*,*,#4682,.T.);
#6917=ORIENTED_EDGE('',*,*,#6897,.F.);
#6918=EDGE_LOOP('',(#6913,#6915,#6916,#6917));
#6919=FACE_OUTER_BOUND('',#6918,.F.);
#6920=ADVANCED_FACE('',(#6919),#6912,.F.);
#6921=CARTESIAN_POINT('',(-3.2E0,8.E-1,-2.1E0));
#6922=DIRECTION('',(0.E0,0.E0,-1.E0));
#6923=DIRECTION('',(-1.E0,0.E0,0.E0));
#6924=AXIS2_PLACEMENT_3D('',#6921,#6922,#6923);
#6925=PLANE('',#6924);
#6926=ORIENTED_EDGE('',*,*,#6446,.T.);
#6927=ORIENTED_EDGE('',*,*,#4684,.T.);
#6928=ORIENTED_EDGE('',*,*,#6914,.F.);
#6929=ORIENTED_EDGE('',*,*,#3828,.F.);
#6930=ORIENTED_EDGE('',*,*,#6257,.T.);
#6931=ORIENTED_EDGE('',*,*,#4187,.T.);
#6933=ORIENTED_EDGE('',*,*,#6932,.T.);
#6934=ORIENTED_EDGE('',*,*,#5089,.T.);
#6935=EDGE_LOOP('',(#6926,#6927,#6928,#6929,#6930,#6931,#6933,#6934));
#6936=FACE_OUTER_BOUND('',#6935,.F.);
#6937=ADVANCED_FACE('',(#6936),#6925,.F.);
#6938=CARTESIAN_POINT('',(-3.2E0,8.E-1,-1.7E0));
#6939=DIRECTION('',(1.E0,0.E0,0.E0));
#6940=DIRECTION('',(0.E0,0.E0,-1.E0));
#6941=AXIS2_PLACEMENT_3D('',#6938,#6939,#6940);
#6942=PLANE('',#6941);
#6943=ORIENTED_EDGE('',*,*,#4185,.F.);
#6944=ORIENTED_EDGE('',*,*,#6902,.T.);
#6945=ORIENTED_EDGE('',*,*,#5091,.T.);
#6946=ORIENTED_EDGE('',*,*,#6932,.F.);
#6947=EDGE_LOOP('',(#6943,#6944,#6945,#6946));
#6948=FACE_OUTER_BOUND('',#6947,.F.);
#6949=ADVANCED_FACE('',(#6948),#6942,.F.);
#6950=CARTESIAN_POINT('',(-3.6E0,8.E-1,-1.2E0));
#6951=DIRECTION('',(0.E0,1.E0,0.E0));
#6952=DIRECTION('',(1.E0,0.E0,0.E0));
#6953=AXIS2_PLACEMENT_3D('',#6950,#6951,#6952);
#6954=CYLINDRICAL_SURFACE('',#6953,7.5E-2);
#6955=ORIENTED_EDGE('',*,*,#6457,.F.);
#6956=ORIENTED_EDGE('',*,*,#4696,.T.);
#6957=ORIENTED_EDGE('',*,*,#6471,.T.);
#6958=ORIENTED_EDGE('',*,*,#5117,.F.);
#6959=EDGE_LOOP('',(#6955,#6956,#6957,#6958));
#6960=FACE_OUTER_BOUND('',#6959,.F.);
#6961=ADVANCED_FACE('',(#6960),#6954,.F.);
#6962=CARTESIAN_POINT('',(-3.6E0,8.E-1,-1.E0));
#6963=DIRECTION('',(0.E0,0.E0,1.E0));
#6964=DIRECTION('',(1.E0,0.E0,0.E0));
#6965=AXIS2_PLACEMENT_3D('',#6962,#6963,#6964);
#6966=PLANE('',#6965);
#6967=ORIENTED_EDGE('',*,*,#6232,.T.);
#6968=ORIENTED_EDGE('',*,*,#3840,.T.);
#6970=ORIENTED_EDGE('',*,*,#6969,.T.);
#6971=ORIENTED_EDGE('',*,*,#4700,.T.);
#6972=ORIENTED_EDGE('',*,*,#6460,.T.);
#6973=ORIENTED_EDGE('',*,*,#5113,.T.);
#6975=ORIENTED_EDGE('',*,*,#6974,.F.);
#6976=ORIENTED_EDGE('',*,*,#4175,.F.);
#6977=EDGE_LOOP('',(#6967,#6968,#6970,#6971,#6972,#6973,#6975,#6976));
#6978=FACE_OUTER_BOUND('',#6977,.F.);
#6979=ADVANCED_FACE('',(#6978),#6966,.F.);
#6980=CARTESIAN_POINT('',(-2.5E0,0.E0,-1.4E0));
#6981=DIRECTION('',(1.E0,0.E0,0.E0));
#6982=DIRECTION('',(0.E0,0.E0,1.E0));
#6983=AXIS2_PLACEMENT_3D('',#6980,#6981,#6982);
#6984=PLANE('',#6983);
#6985=ORIENTED_EDGE('',*,*,#3838,.F.);
#6987=ORIENTED_EDGE('',*,*,#6986,.T.);
#6988=ORIENTED_EDGE('',*,*,#4702,.T.);
#6989=ORIENTED_EDGE('',*,*,#6969,.F.);
#6990=EDGE_LOOP('',(#6985,#6987,#6988,#6989));
#6991=FACE_OUTER_BOUND('',#6990,.F.);
#6992=ADVANCED_FACE('',(#6991),#6984,.F.);
#6993=CARTESIAN_POINT('',(-3.2E0,8.E-1,-1.4E0));
#6994=DIRECTION('',(0.E0,0.E0,-1.E0));
#6995=DIRECTION('',(-1.E0,0.E0,0.E0));
#6996=AXIS2_PLACEMENT_3D('',#6993,#6994,#6995);
#6997=PLANE('',#6996);
#6998=ORIENTED_EDGE('',*,*,#6474,.T.);
#6999=ORIENTED_EDGE('',*,*,#4704,.T.);
#7000=ORIENTED_EDGE('',*,*,#6986,.F.);
#7001=ORIENTED_EDGE('',*,*,#3836,.F.);
#7002=ORIENTED_EDGE('',*,*,#6243,.T.);
#7003=ORIENTED_EDGE('',*,*,#4179,.T.);
#7005=ORIENTED_EDGE('',*,*,#7004,.T.);
#7006=ORIENTED_EDGE('',*,*,#5109,.T.);
#7007=EDGE_LOOP('',(#6998,#6999,#7000,#7001,#7002,#7003,#7005,#7006));
#7008=FACE_OUTER_BOUND('',#7007,.F.);
#7009=ADVANCED_FACE('',(#7008),#6997,.F.);
#7010=CARTESIAN_POINT('',(-3.2E0,8.E-1,-1.E0));
#7011=DIRECTION('',(1.E0,0.E0,0.E0));
#7012=DIRECTION('',(0.E0,0.E0,-1.E0));
#7013=AXIS2_PLACEMENT_3D('',#7010,#7011,#7012);
#7014=PLANE('',#7013);
#7015=ORIENTED_EDGE('',*,*,#4177,.F.);
#7016=ORIENTED_EDGE('',*,*,#6974,.T.);
#7017=ORIENTED_EDGE('',*,*,#5111,.T.);
#7018=ORIENTED_EDGE('',*,*,#7004,.F.);
#7019=EDGE_LOOP('',(#7015,#7016,#7017,#7018));
#7020=FACE_OUTER_BOUND('',#7019,.F.);
#7021=ADVANCED_FACE('',(#7020),#7014,.F.);
#7022=CARTESIAN_POINT('',(-3.6E0,8.E-1,-5.E-1));
#7023=DIRECTION('',(0.E0,1.E0,0.E0));
#7024=DIRECTION('',(1.E0,0.E0,0.E0));
#7025=AXIS2_PLACEMENT_3D('',#7022,#7023,#7024);
#7026=CYLINDRICAL_SURFACE('',#7025,7.5E-2);
#7027=ORIENTED_EDGE('',*,*,#6485,.F.);
#7028=ORIENTED_EDGE('',*,*,#4716,.T.);
#7029=ORIENTED_EDGE('',*,*,#6499,.T.);
#7030=ORIENTED_EDGE('',*,*,#5137,.F.);
#7031=EDGE_LOOP('',(#7027,#7028,#7029,#7030));
#7032=FACE_OUTER_BOUND('',#7031,.F.);
#7033=ADVANCED_FACE('',(#7032),#7026,.F.);
#7034=CARTESIAN_POINT('',(-3.6E0,8.E-1,-3.E-1));
#7035=DIRECTION('',(0.E0,0.E0,1.E0));
#7036=DIRECTION('',(1.E0,0.E0,0.E0));
#7037=AXIS2_PLACEMENT_3D('',#7034,#7035,#7036);
#7038=PLANE('',#7037);
#7039=ORIENTED_EDGE('',*,*,#6218,.T.);
#7040=ORIENTED_EDGE('',*,*,#3848,.T.);
#7042=ORIENTED_EDGE('',*,*,#7041,.T.);
#7043=ORIENTED_EDGE('',*,*,#4720,.T.);
#7044=ORIENTED_EDGE('',*,*,#6488,.T.);
#7045=ORIENTED_EDGE('',*,*,#5133,.T.);
#7047=ORIENTED_EDGE('',*,*,#7046,.F.);
#7048=ORIENTED_EDGE('',*,*,#4167,.F.);
#7049=EDGE_LOOP('',(#7039,#7040,#7042,#7043,#7044,#7045,#7047,#7048));
#7050=FACE_OUTER_BOUND('',#7049,.F.);
#7051=ADVANCED_FACE('',(#7050),#7038,.F.);
#7052=CARTESIAN_POINT('',(-2.5E0,0.E0,-7.E-1));
#7053=DIRECTION('',(1.E0,0.E0,0.E0));
#7054=DIRECTION('',(0.E0,0.E0,1.E0));
#7055=AXIS2_PLACEMENT_3D('',#7052,#7053,#7054);
#7056=PLANE('',#7055);
#7057=ORIENTED_EDGE('',*,*,#3846,.F.);
#7059=ORIENTED_EDGE('',*,*,#7058,.T.);
#7060=ORIENTED_EDGE('',*,*,#4722,.T.);
#7061=ORIENTED_EDGE('',*,*,#7041,.F.);
#7062=EDGE_LOOP('',(#7057,#7059,#7060,#7061));
#7063=FACE_OUTER_BOUND('',#7062,.F.);
#7064=ADVANCED_FACE('',(#7063),#7056,.F.);
#7065=CARTESIAN_POINT('',(-3.2E0,8.E-1,-7.E-1));
#7066=DIRECTION('',(0.E0,0.E0,-1.E0));
#7067=DIRECTION('',(-1.E0,0.E0,0.E0));
#7068=AXIS2_PLACEMENT_3D('',#7065,#7066,#7067);
#7069=PLANE('',#7068);
#7070=ORIENTED_EDGE('',*,*,#6502,.T.);
#7071=ORIENTED_EDGE('',*,*,#4724,.T.);
#7072=ORIENTED_EDGE('',*,*,#7058,.F.);
#7073=ORIENTED_EDGE('',*,*,#3844,.F.);
#7074=ORIENTED_EDGE('',*,*,#6229,.T.);
#7075=ORIENTED_EDGE('',*,*,#4171,.T.);
#7077=ORIENTED_EDGE('',*,*,#7076,.T.);
#7078=ORIENTED_EDGE('',*,*,#5129,.T.);
#7079=EDGE_LOOP('',(#7070,#7071,#7072,#7073,#7074,#7075,#7077,#7078));
#7080=FACE_OUTER_BOUND('',#7079,.F.);
#7081=ADVANCED_FACE('',(#7080),#7069,.F.);
#7082=CARTESIAN_POINT('',(-3.2E0,8.E-1,-3.E-1));
#7083=DIRECTION('',(1.E0,0.E0,0.E0));
#7084=DIRECTION('',(0.E0,0.E0,-1.E0));
#7085=AXIS2_PLACEMENT_3D('',#7082,#7083,#7084);
#7086=PLANE('',#7085);
#7087=ORIENTED_EDGE('',*,*,#4169,.F.);
#7088=ORIENTED_EDGE('',*,*,#7046,.T.);
#7089=ORIENTED_EDGE('',*,*,#5131,.T.);
#7090=ORIENTED_EDGE('',*,*,#7076,.F.);
#7091=EDGE_LOOP('',(#7087,#7088,#7089,#7090));
#7092=FACE_OUTER_BOUND('',#7091,.F.);
#7093=ADVANCED_FACE('',(#7092),#7086,.F.);
#7094=CARTESIAN_POINT('',(-3.6E0,8.E-1,2.E-1));
#7095=DIRECTION('',(0.E0,1.E0,0.E0));
#7096=DIRECTION('',(1.E0,0.E0,0.E0));
#7097=AXIS2_PLACEMENT_3D('',#7094,#7095,#7096);
#7098=CYLINDRICAL_SURFACE('',#7097,7.5E-2);
#7099=ORIENTED_EDGE('',*,*,#6513,.F.);
#7100=ORIENTED_EDGE('',*,*,#4736,.T.);
#7101=ORIENTED_EDGE('',*,*,#6527,.T.);
#7102=ORIENTED_EDGE('',*,*,#5157,.F.);
#7103=EDGE_LOOP('',(#7099,#7100,#7101,#7102));
#7104=FACE_OUTER_BOUND('',#7103,.F.);
#7105=ADVANCED_FACE('',(#7104),#7098,.F.);
#7106=CARTESIAN_POINT('',(-3.6E0,8.E-1,4.E-1));
#7107=DIRECTION('',(0.E0,0.E0,1.E0));
#7108=DIRECTION('',(1.E0,0.E0,0.E0));
#7109=AXIS2_PLACEMENT_3D('',#7106,#7107,#7108);
#7110=PLANE('',#7109);
#7111=ORIENTED_EDGE('',*,*,#6204,.T.);
#7112=ORIENTED_EDGE('',*,*,#3856,.T.);
#7114=ORIENTED_EDGE('',*,*,#7113,.T.);
#7115=ORIENTED_EDGE('',*,*,#4740,.T.);
#7116=ORIENTED_EDGE('',*,*,#6516,.T.);
#7117=ORIENTED_EDGE('',*,*,#5153,.T.);
#7119=ORIENTED_EDGE('',*,*,#7118,.F.);
#7120=ORIENTED_EDGE('',*,*,#4159,.F.);
#7121=EDGE_LOOP('',(#7111,#7112,#7114,#7115,#7116,#7117,#7119,#7120));
#7122=FACE_OUTER_BOUND('',#7121,.F.);
#7123=ADVANCED_FACE('',(#7122),#7110,.F.);
#7124=CARTESIAN_POINT('',(-2.5E0,0.E0,0.E0));
#7125=DIRECTION('',(1.E0,0.E0,0.E0));
#7126=DIRECTION('',(0.E0,0.E0,1.E0));
#7127=AXIS2_PLACEMENT_3D('',#7124,#7125,#7126);
#7128=PLANE('',#7127);
#7129=ORIENTED_EDGE('',*,*,#3854,.F.);
#7131=ORIENTED_EDGE('',*,*,#7130,.T.);
#7132=ORIENTED_EDGE('',*,*,#4742,.T.);
#7133=ORIENTED_EDGE('',*,*,#7113,.F.);
#7134=EDGE_LOOP('',(#7129,#7131,#7132,#7133));
#7135=FACE_OUTER_BOUND('',#7134,.F.);
#7136=ADVANCED_FACE('',(#7135),#7128,.F.);
#7137=CARTESIAN_POINT('',(-3.2E0,8.E-1,0.E0));
#7138=DIRECTION('',(0.E0,0.E0,-1.E0));
#7139=DIRECTION('',(-1.E0,0.E0,0.E0));
#7140=AXIS2_PLACEMENT_3D('',#7137,#7138,#7139);
#7141=PLANE('',#7140);
#7142=ORIENTED_EDGE('',*,*,#6530,.T.);
#7143=ORIENTED_EDGE('',*,*,#4744,.T.);
#7144=ORIENTED_EDGE('',*,*,#7130,.F.);
#7145=ORIENTED_EDGE('',*,*,#3852,.F.);
#7146=ORIENTED_EDGE('',*,*,#6215,.T.);
#7147=ORIENTED_EDGE('',*,*,#4163,.T.);
#7149=ORIENTED_EDGE('',*,*,#7148,.T.);
#7150=ORIENTED_EDGE('',*,*,#5149,.T.);
#7151=EDGE_LOOP('',(#7142,#7143,#7144,#7145,#7146,#7147,#7149,#7150));
#7152=FACE_OUTER_BOUND('',#7151,.F.);
#7153=ADVANCED_FACE('',(#7152),#7141,.F.);
#7154=CARTESIAN_POINT('',(-3.2E0,8.E-1,4.E-1));
#7155=DIRECTION('',(1.E0,0.E0,0.E0));
#7156=DIRECTION('',(0.E0,0.E0,-1.E0));
#7157=AXIS2_PLACEMENT_3D('',#7154,#7155,#7156);
#7158=PLANE('',#7157);
#7159=ORIENTED_EDGE('',*,*,#4161,.F.);
#7160=ORIENTED_EDGE('',*,*,#7118,.T.);
#7161=ORIENTED_EDGE('',*,*,#5151,.T.);
#7162=ORIENTED_EDGE('',*,*,#7148,.F.);
#7163=EDGE_LOOP('',(#7159,#7160,#7161,#7162));
#7164=FACE_OUTER_BOUND('',#7163,.F.);
#7165=ADVANCED_FACE('',(#7164),#7158,.F.);
#7166=CARTESIAN_POINT('',(3.6E0,0.E0,-5.6E0));
#7167=DIRECTION('',(0.E0,0.E0,-1.E0));
#7168=DIRECTION('',(-1.E0,0.E0,0.E0));
#7169=AXIS2_PLACEMENT_3D('',#7166,#7167,#7168);
#7170=PLANE('',#7169);
#7171=ORIENTED_EDGE('',*,*,#3984,.F.);
#7172=ORIENTED_EDGE('',*,*,#4343,.T.);
#7173=ORIENTED_EDGE('',*,*,#4191,.T.);
#7174=ORIENTED_EDGE('',*,*,#6260,.F.);
#7175=EDGE_LOOP('',(#7171,#7172,#7173,#7174));
#7176=FACE_OUTER_BOUND('',#7175,.F.);
#7177=ADVANCED_FACE('',(#7176),#7170,.T.);
#7178=CARTESIAN_POINT('',(1.4E0,8.E-1,5.6E0));
#7179=DIRECTION('',(0.E0,1.E0,0.E0));
#7180=DIRECTION('',(1.E0,0.E0,0.E0));
#7181=AXIS2_PLACEMENT_3D('',#7178,#7179,#7180);
#7182=CYLINDRICAL_SURFACE('',#7181,7.5E-2);
#7183=ORIENTED_EDGE('',*,*,#5421,.F.);
#7184=ORIENTED_EDGE('',*,*,#4636,.T.);
#7185=ORIENTED_EDGE('',*,*,#5435,.T.);
#7186=ORIENTED_EDGE('',*,*,#5057,.F.);
#7187=EDGE_LOOP('',(#7183,#7184,#7185,#7186));
#7188=FACE_OUTER_BOUND('',#7187,.F.);
#7189=ADVANCED_FACE('',(#7188),#7182,.F.);
#7190=CARTESIAN_POINT('',(7.E-1,8.E-1,5.6E0));
#7191=DIRECTION('',(0.E0,1.E0,0.E0));
#7192=DIRECTION('',(1.E0,0.E0,0.E0));
#7193=AXIS2_PLACEMENT_3D('',#7190,#7191,#7192);
#7194=CYLINDRICAL_SURFACE('',#7193,7.5E-2);
#7195=ORIENTED_EDGE('',*,*,#5449,.F.);
#7196=ORIENTED_EDGE('',*,*,#4616,.T.);
#7197=ORIENTED_EDGE('',*,*,#5463,.T.);
#7198=ORIENTED_EDGE('',*,*,#5037,.F.);
#7199=EDGE_LOOP('',(#7195,#7196,#7197,#7198));
#7200=FACE_OUTER_BOUND('',#7199,.F.);
#7201=ADVANCED_FACE('',(#7200),#7194,.F.);
#7202=CARTESIAN_POINT('',(0.E0,8.E-1,5.6E0));
#7203=DIRECTION('',(0.E0,1.E0,0.E0));
#7204=DIRECTION('',(1.E0,0.E0,0.E0));
#7205=AXIS2_PLACEMENT_3D('',#7202,#7203,#7204);
#7206=CYLINDRICAL_SURFACE('',#7205,7.5E-2);
#7207=ORIENTED_EDGE('',*,*,#5477,.F.);
#7208=ORIENTED_EDGE('',*,*,#4596,.T.);
#7209=ORIENTED_EDGE('',*,*,#5491,.T.);
#7210=ORIENTED_EDGE('',*,*,#5017,.F.);
#7211=EDGE_LOOP('',(#7207,#7208,#7209,#7210));
#7212=FACE_OUTER_BOUND('',#7211,.F.);
#7213=ADVANCED_FACE('',(#7212),#7206,.F.);
#7214=CARTESIAN_POINT('',(-2.1E0,8.E-1,5.6E0));
#7215=DIRECTION('',(0.E0,1.E0,0.E0));
#7216=DIRECTION('',(1.E0,0.E0,0.E0));
#7217=AXIS2_PLACEMENT_3D('',#7214,#7215,#7216);
#7218=CYLINDRICAL_SURFACE('',#7217,7.5E-2);
#7219=ORIENTED_EDGE('',*,*,#5505,.F.);
#7220=ORIENTED_EDGE('',*,*,#4536,.T.);
#7221=ORIENTED_EDGE('',*,*,#5519,.T.);
#7222=ORIENTED_EDGE('',*,*,#4957,.F.);
#7223=EDGE_LOOP('',(#7219,#7220,#7221,#7222));
#7224=FACE_OUTER_BOUND('',#7223,.F.);
#7225=ADVANCED_FACE('',(#7224),#7218,.F.);
#7226=CARTESIAN_POINT('',(-1.4E0,8.E-1,5.6E0));
#7227=DIRECTION('',(0.E0,1.E0,0.E0));
#7228=DIRECTION('',(1.E0,0.E0,0.E0));
#7229=AXIS2_PLACEMENT_3D('',#7226,#7227,#7228);
#7230=CYLINDRICAL_SURFACE('',#7229,7.5E-2);
#7231=ORIENTED_EDGE('',*,*,#5533,.F.);
#7232=ORIENTED_EDGE('',*,*,#4556,.T.);
#7233=ORIENTED_EDGE('',*,*,#5547,.T.);
#7234=ORIENTED_EDGE('',*,*,#4977,.F.);
#7235=EDGE_LOOP('',(#7231,#7232,#7233,#7234));
#7236=FACE_OUTER_BOUND('',#7235,.F.);
#7237=ADVANCED_FACE('',(#7236),#7230,.F.);
#7238=CARTESIAN_POINT('',(-7.E-1,8.E-1,5.6E0));
#7239=DIRECTION('',(0.E0,1.E0,0.E0));
#7240=DIRECTION('',(1.E0,0.E0,0.E0));
#7241=AXIS2_PLACEMENT_3D('',#7238,#7239,#7240);
#7242=CYLINDRICAL_SURFACE('',#7241,7.5E-2);
#7243=ORIENTED_EDGE('',*,*,#5561,.F.);
#7244=ORIENTED_EDGE('',*,*,#4576,.T.);
#7245=ORIENTED_EDGE('',*,*,#5575,.T.);
#7246=ORIENTED_EDGE('',*,*,#4997,.F.);
#7247=EDGE_LOOP('',(#7243,#7244,#7245,#7246));
#7248=FACE_OUTER_BOUND('',#7247,.F.);
#7249=ADVANCED_FACE('',(#7248),#7242,.F.);
#7250=CARTESIAN_POINT('',(-2.9E0,1.6E0,4.9E0));
#7251=DIRECTION('',(0.E0,0.E0,1.E0));
#7252=DIRECTION('',(1.E0,0.E0,0.E0));
#7253=AXIS2_PLACEMENT_3D('',#7250,#7251,#7252);
#7254=PLANE('',#7253);
#7255=ORIENTED_EDGE('',*,*,#4197,.F.);
#7257=ORIENTED_EDGE('',*,*,#7256,.F.);
#7259=ORIENTED_EDGE('',*,*,#7258,.T.);
#7261=ORIENTED_EDGE('',*,*,#7260,.T.);
#7262=EDGE_LOOP('',(#7255,#7257,#7259,#7261));
#7263=FACE_OUTER_BOUND('',#7262,.F.);
#7264=ADVANCED_FACE('',(#7263),#7254,.T.);
#7265=CARTESIAN_POINT('',(-2.8E0,3.88576E0,4.8E0));
#7266=DIRECTION('',(0.E0,-1.E0,0.E0));
#7267=DIRECTION('',(0.E0,0.E0,1.E0));
#7268=AXIS2_PLACEMENT_3D('',#7265,#7266,#7267);
#7269=CYLINDRICAL_SURFACE('',#7268,1.E-1);
#7270=ORIENTED_EDGE('',*,*,#4226,.T.);
#7272=ORIENTED_EDGE('',*,*,#7271,.F.);
#7274=ORIENTED_EDGE('',*,*,#7273,.T.);
#7275=ORIENTED_EDGE('',*,*,#7256,.T.);
#7276=EDGE_LOOP('',(#7270,#7272,#7274,#7275));
#7277=FACE_OUTER_BOUND('',#7276,.F.);
#7278=ADVANCED_FACE('',(#7277),#7269,.T.);
#7279=CARTESIAN_POINT('',(-2.9E0,1.6E0,-2.1E0));
#7280=DIRECTION('',(-1.E0,0.E0,0.E0));
#7281=DIRECTION('',(0.E0,0.E0,1.E0));
#7282=AXIS2_PLACEMENT_3D('',#7279,#7280,#7281);
#7283=PLANE('',#7282);
#7284=ORIENTED_EDGE('',*,*,#4224,.F.);
#7286=ORIENTED_EDGE('',*,*,#7285,.T.);
#7288=ORIENTED_EDGE('',*,*,#7287,.T.);
#7289=ORIENTED_EDGE('',*,*,#7271,.T.);
#7290=EDGE_LOOP('',(#7284,#7286,#7288,#7289));
#7291=FACE_OUTER_BOUND('',#7290,.F.);
#7292=ADVANCED_FACE('',(#7291),#7283,.T.);
#7293=CARTESIAN_POINT('',(-2.8E0,-1.88576E0,-2.E0));
#7294=DIRECTION('',(0.E0,1.E0,0.E0));
#7295=DIRECTION('',(0.E0,0.E0,-1.E0));
#7296=AXIS2_PLACEMENT_3D('',#7293,#7294,#7295);
#7297=CYLINDRICAL_SURFACE('',#7296,1.E-1);
#7298=ORIENTED_EDGE('',*,*,#4222,.F.);
#7300=ORIENTED_EDGE('',*,*,#7299,.T.);
#7302=ORIENTED_EDGE('',*,*,#7301,.T.);
#7303=ORIENTED_EDGE('',*,*,#7285,.F.);
#7304=EDGE_LOOP('',(#7298,#7300,#7302,#7303));
#7305=FACE_OUTER_BOUND('',#7304,.F.);
#7306=ADVANCED_FACE('',(#7305),#7297,.T.);
#7307=CARTESIAN_POINT('',(2.9E0,1.6E0,-2.1E0));
#7308=DIRECTION('',(0.E0,0.E0,-1.E0));
#7309=DIRECTION('',(-1.E0,0.E0,0.E0));
#7310=AXIS2_PLACEMENT_3D('',#7307,#7308,#7309);
#7311=PLANE('',#7310);
#7312=ORIENTED_EDGE('',*,*,#4213,.F.);
#7314=ORIENTED_EDGE('',*,*,#7313,.F.);
#7316=ORIENTED_EDGE('',*,*,#7315,.T.);
#7317=ORIENTED_EDGE('',*,*,#7299,.F.);
#7318=ORIENTED_EDGE('',*,*,#4220,.F.);
#7320=ORIENTED_EDGE('',*,*,#7319,.F.);
#7322=ORIENTED_EDGE('',*,*,#7321,.T.);
#7324=ORIENTED_EDGE('',*,*,#7323,.T.);
#7326=ORIENTED_EDGE('',*,*,#7325,.F.);
#7328=ORIENTED_EDGE('',*,*,#7327,.F.);
#7329=EDGE_LOOP('',(#7312,#7314,#7316,#7317,#7318,#7320,#7322,#7324,#7326,
#7328));
#7330=FACE_OUTER_BOUND('',#7329,.F.);
#7331=ADVANCED_FACE('',(#7330),#7311,.T.);
#7332=CARTESIAN_POINT('',(2.8E0,3.88576E0,-2.E0));
#7333=DIRECTION('',(0.E0,-1.E0,0.E0));
#7334=DIRECTION('',(0.E0,0.E0,-1.E0));
#7335=AXIS2_PLACEMENT_3D('',#7332,#7333,#7334);
#7336=CYLINDRICAL_SURFACE('',#7335,1.E-1);
#7337=ORIENTED_EDGE('',*,*,#4211,.T.);
#7339=ORIENTED_EDGE('',*,*,#7338,.F.);
#7341=ORIENTED_EDGE('',*,*,#7340,.T.);
#7342=ORIENTED_EDGE('',*,*,#7313,.T.);
#7343=EDGE_LOOP('',(#7337,#7339,#7341,#7342));
#7344=FACE_OUTER_BOUND('',#7343,.F.);
#7345=ADVANCED_FACE('',(#7344),#7336,.T.);
#7346=CARTESIAN_POINT('',(2.9E0,1.6E0,4.9E0));
#7347=DIRECTION('',(1.E0,0.E0,0.E0));
#7348=DIRECTION('',(0.E0,0.E0,-1.E0));
#7349=AXIS2_PLACEMENT_3D('',#7346,#7347,#7348);
#7350=PLANE('',#7349);
#7351=ORIENTED_EDGE('',*,*,#4201,.F.);
#7353=ORIENTED_EDGE('',*,*,#7352,.F.);
#7355=ORIENTED_EDGE('',*,*,#7354,.T.);
#7356=ORIENTED_EDGE('',*,*,#7338,.T.);
#7357=ORIENTED_EDGE('',*,*,#4209,.F.);
#7359=ORIENTED_EDGE('',*,*,#7358,.F.);
#7361=ORIENTED_EDGE('',*,*,#7360,.T.);
#7363=ORIENTED_EDGE('',*,*,#7362,.T.);
#7365=ORIENTED_EDGE('',*,*,#7364,.F.);
#7367=ORIENTED_EDGE('',*,*,#7366,.F.);
#7368=EDGE_LOOP('',(#7351,#7353,#7355,#7356,#7357,#7359,#7361,#7363,#7365,
#7367));
#7369=FACE_OUTER_BOUND('',#7368,.F.);
#7370=ADVANCED_FACE('',(#7369),#7350,.T.);
#7371=CARTESIAN_POINT('',(2.8E0,3.88576E0,4.8E0));
#7372=DIRECTION('',(0.E0,-1.E0,0.E0));
#7373=DIRECTION('',(1.E0,0.E0,0.E0));
#7374=AXIS2_PLACEMENT_3D('',#7371,#7372,#7373);
#7375=CYLINDRICAL_SURFACE('',#7374,1.E-1);
#7376=ORIENTED_EDGE('',*,*,#4199,.T.);
#7377=ORIENTED_EDGE('',*,*,#7260,.F.);
#7379=ORIENTED_EDGE('',*,*,#7378,.T.);
#7380=ORIENTED_EDGE('',*,*,#7352,.T.);
#7381=EDGE_LOOP('',(#7376,#7377,#7379,#7380));
#7382=FACE_OUTER_BOUND('',#7381,.F.);
#7383=ADVANCED_FACE('',(#7382),#7375,.T.);
#7384=CARTESIAN_POINT('',(2.8E0,1.7E0,4.8E0));
#7385=DIRECTION('',(-7.071067736876E-1,0.E0,7.071067886855E-1));
#7386=DIRECTION('',(7.071067886855E-1,0.E0,7.071067736876E-1));
#7387=AXIS2_PLACEMENT_3D('',#7384,#7385,#7386);
#7388=SPHERICAL_SURFACE('',#7387,1.E-1);
#7389=ORIENTED_EDGE('',*,*,#7378,.F.);
#7391=ORIENTED_EDGE('',*,*,#7390,.F.);
#7393=ORIENTED_EDGE('',*,*,#7392,.T.);
#7394=EDGE_LOOP('',(#7389,#7391,#7393));
#7395=FACE_OUTER_BOUND('',#7394,.F.);
#7396=ADVANCED_FACE('',(#7395),#7388,.T.);
#7397=CARTESIAN_POINT('',(-2.815375754389E0,1.7E0,4.8E0));
#7398=DIRECTION('',(1.E0,0.E0,0.E0));
#7399=DIRECTION('',(0.E0,1.E0,0.E0));
#7400=AXIS2_PLACEMENT_3D('',#7397,#7398,#7399);
#7401=CYLINDRICAL_SURFACE('',#7400,1.E-1);
#7403=ORIENTED_EDGE('',*,*,#7402,.T.);
#7404=ORIENTED_EDGE('',*,*,#7390,.T.);
#7405=ORIENTED_EDGE('',*,*,#7258,.F.);
#7407=ORIENTED_EDGE('',*,*,#7406,.F.);
#7408=EDGE_LOOP('',(#7403,#7404,#7405,#7407));
#7409=FACE_OUTER_BOUND('',#7408,.F.);
#7410=ADVANCED_FACE('',(#7409),#7401,.T.);
#7411=CARTESIAN_POINT('',(0.E0,1.8E0,1.4E0));
#7412=DIRECTION('',(0.E0,1.E0,0.E0));
#7413=DIRECTION('',(1.E0,0.E0,0.E0));
#7414=AXIS2_PLACEMENT_3D('',#7411,#7412,#7413);
#7415=PLANE('',#7414);
#7417=ORIENTED_EDGE('',*,*,#7416,.F.);
#7419=ORIENTED_EDGE('',*,*,#7418,.F.);
#7421=ORIENTED_EDGE('',*,*,#7420,.F.);
#7422=ORIENTED_EDGE('',*,*,#7402,.F.);
#7423=EDGE_LOOP('',(#7417,#7419,#7421,#7422));
#7424=FACE_OUTER_BOUND('',#7423,.F.);
#7425=ADVANCED_FACE('',(#7424),#7415,.T.);
#7426=CARTESIAN_POINT('',(-2.8E0,1.7E0,-2.015375754389E0));
#7427=DIRECTION('',(0.E0,0.E0,1.E0));
#7428=DIRECTION('',(0.E0,1.E0,0.E0));
#7429=AXIS2_PLACEMENT_3D('',#7426,#7427,#7428);
#7430=CYLINDRICAL_SURFACE('',#7429,1.E-1);
#7431=ORIENTED_EDGE('',*,*,#7416,.T.);
#7433=ORIENTED_EDGE('',*,*,#7432,.T.);
#7434=ORIENTED_EDGE('',*,*,#7287,.F.);
#7436=ORIENTED_EDGE('',*,*,#7435,.F.);
#7437=EDGE_LOOP('',(#7431,#7433,#7434,#7436));
#7438=FACE_OUTER_BOUND('',#7437,.F.);
#7439=ADVANCED_FACE('',(#7438),#7430,.T.);
#7440=CARTESIAN_POINT('',(-2.8E0,1.7E0,4.8E0));
#7441=DIRECTION('',(-7.071067886855E-1,0.E0,-7.071067736876E-1));
#7442=DIRECTION('',(-7.071067736876E-1,0.E0,7.071067886855E-1));
#7443=AXIS2_PLACEMENT_3D('',#7440,#7441,#7442);
#7444=SPHERICAL_SURFACE('',#7443,1.E-1);
#7445=ORIENTED_EDGE('',*,*,#7273,.F.);
#7446=ORIENTED_EDGE('',*,*,#7432,.F.);
#7447=ORIENTED_EDGE('',*,*,#7406,.T.);
#7448=EDGE_LOOP('',(#7445,#7446,#7447));
#7449=FACE_OUTER_BOUND('',#7448,.F.);
#7450=ADVANCED_FACE('',(#7449),#7444,.T.);
#7451=CARTESIAN_POINT('',(-2.8E0,1.7E0,-2.E0));
#7452=DIRECTION('',(7.071067886855E-1,0.E0,-7.071067736876E-1));
#7453=DIRECTION('',(-7.071067736876E-1,0.E0,-7.071067886855E-1));
#7454=AXIS2_PLACEMENT_3D('',#7451,#7452,#7453);
#7455=SPHERICAL_SURFACE('',#7454,1.E-1);
#7456=ORIENTED_EDGE('',*,*,#7301,.F.);
#7458=ORIENTED_EDGE('',*,*,#7457,.F.);
#7459=ORIENTED_EDGE('',*,*,#7435,.T.);
#7460=EDGE_LOOP('',(#7456,#7458,#7459));
#7461=FACE_OUTER_BOUND('',#7460,.F.);
#7462=ADVANCED_FACE('',(#7461),#7455,.T.);
#7463=CARTESIAN_POINT('',(2.815375754389E0,1.7E0,-2.E0));
#7464=DIRECTION('',(-1.E0,0.E0,0.E0));
#7465=DIRECTION('',(0.E0,1.E0,0.E0));
#7466=AXIS2_PLACEMENT_3D('',#7463,#7464,#7465);
#7467=CYLINDRICAL_SURFACE('',#7466,1.E-1);
#7468=ORIENTED_EDGE('',*,*,#7418,.T.);
#7469=ORIENTED_EDGE('',*,*,#7457,.T.);
#7470=ORIENTED_EDGE('',*,*,#7315,.F.);
#7472=ORIENTED_EDGE('',*,*,#7471,.F.);
#7473=EDGE_LOOP('',(#7468,#7469,#7470,#7472));
#7474=FACE_OUTER_BOUND('',#7473,.F.);
#7475=ADVANCED_FACE('',(#7474),#7467,.T.);
#7476=CARTESIAN_POINT('',(2.8E0,1.7E0,-2.E0));
#7477=DIRECTION('',(7.071067886855E-1,0.E0,7.071067736876E-1));
#7478=DIRECTION('',(7.071067736876E-1,0.E0,-7.071067886855E-1));
#7479=AXIS2_PLACEMENT_3D('',#7476,#7477,#7478);
#7480=SPHERICAL_SURFACE('',#7479,1.E-1);
#7481=ORIENTED_EDGE('',*,*,#7340,.F.);
#7483=ORIENTED_EDGE('',*,*,#7482,.F.);
#7484=ORIENTED_EDGE('',*,*,#7471,.T.);
#7485=EDGE_LOOP('',(#7481,#7483,#7484));
#7486=FACE_OUTER_BOUND('',#7485,.F.);
#7487=ADVANCED_FACE('',(#7486),#7480,.T.);
#7488=CARTESIAN_POINT('',(2.8E0,1.7E0,4.815375754389E0));
#7489=DIRECTION('',(0.E0,0.E0,-1.E0));
#7490=DIRECTION('',(0.E0,1.E0,0.E0));
#7491=AXIS2_PLACEMENT_3D('',#7488,#7489,#7490);
#7492=CYLINDRICAL_SURFACE('',#7491,1.E-1);
#7493=ORIENTED_EDGE('',*,*,#7420,.T.);
#7494=ORIENTED_EDGE('',*,*,#7482,.T.);
#7495=ORIENTED_EDGE('',*,*,#7354,.F.);
#7496=ORIENTED_EDGE('',*,*,#7392,.F.);
#7497=EDGE_LOOP('',(#7493,#7494,#7495,#7496));
#7498=FACE_OUTER_BOUND('',#7497,.F.);
#7499=ADVANCED_FACE('',(#7498),#7492,.T.);
#7500=CARTESIAN_POINT('',(0.E0,8.E-1,1.4E0));
#7501=DIRECTION('',(0.E0,1.E0,0.E0));
#7502=DIRECTION('',(1.E0,0.E0,0.E0));
#7503=AXIS2_PLACEMENT_3D('',#7500,#7501,#7502);
#7504=PLANE('',#7503);
#7505=ORIENTED_EDGE('',*,*,#4025,.T.);
#7507=ORIENTED_EDGE('',*,*,#7506,.T.);
#7509=ORIENTED_EDGE('',*,*,#7508,.F.);
#7510=ORIENTED_EDGE('',*,*,#7319,.T.);
#7511=EDGE_LOOP('',(#7505,#7507,#7509,#7510));
#7512=FACE_OUTER_BOUND('',#7511,.F.);
#7513=ADVANCED_FACE('',(#7512),#7504,.F.);
#7514=CARTESIAN_POINT('',(0.E0,8.E-1,1.4E0));
#7515=DIRECTION('',(0.E0,1.E0,0.E0));
#7516=DIRECTION('',(1.E0,0.E0,0.E0));
#7517=AXIS2_PLACEMENT_3D('',#7514,#7515,#7516);
#7518=PLANE('',#7517);
#7520=ORIENTED_EDGE('',*,*,#7519,.T.);
#7521=ORIENTED_EDGE('',*,*,#7327,.T.);
#7523=ORIENTED_EDGE('',*,*,#7522,.T.);
#7525=ORIENTED_EDGE('',*,*,#7524,.T.);
#7526=EDGE_LOOP('',(#7520,#7521,#7523,#7525));
#7527=FACE_OUTER_BOUND('',#7526,.F.);
#7528=ADVANCED_FACE('',(#7527),#7518,.F.);
#7529=CARTESIAN_POINT('',(0.E0,8.E-1,1.4E0));
#7530=DIRECTION('',(0.E0,1.E0,0.E0));
#7531=DIRECTION('',(1.E0,0.E0,0.E0));
#7532=AXIS2_PLACEMENT_3D('',#7529,#7530,#7531);
#7533=PLANE('',#7532);
#7535=ORIENTED_EDGE('',*,*,#7534,.T.);
#7537=ORIENTED_EDGE('',*,*,#7536,.T.);
#7539=ORIENTED_EDGE('',*,*,#7538,.F.);
#7540=ORIENTED_EDGE('',*,*,#7358,.T.);
#7541=EDGE_LOOP('',(#7535,#7537,#7539,#7540));
#7542=FACE_OUTER_BOUND('',#7541,.F.);
#7543=ADVANCED_FACE('',(#7542),#7533,.F.);
#7544=CARTESIAN_POINT('',(0.E0,8.E-1,1.4E0));
#7545=DIRECTION('',(0.E0,1.E0,0.E0));
#7546=DIRECTION('',(1.E0,0.E0,0.E0));
#7547=AXIS2_PLACEMENT_3D('',#7544,#7545,#7546);
#7548=PLANE('',#7547);
#7550=ORIENTED_EDGE('',*,*,#7549,.T.);
#7551=ORIENTED_EDGE('',*,*,#7366,.T.);
#7553=ORIENTED_EDGE('',*,*,#7552,.T.);
#7555=ORIENTED_EDGE('',*,*,#7554,.T.);
#7556=EDGE_LOOP('',(#7550,#7551,#7553,#7555));
#7557=FACE_OUTER_BOUND('',#7556,.F.);
#7558=ADVANCED_FACE('',(#7557),#7548,.F.);
#7559=CARTESIAN_POINT('',(-2.7E0,1.8E0,-1.9E0));
#7560=DIRECTION('',(0.E0,0.E0,1.E0));
#7561=DIRECTION('',(1.E0,0.E0,0.E0));
#7562=AXIS2_PLACEMENT_3D('',#7559,#7560,#7561);
#7563=PLANE('',#7562);
#7564=ORIENTED_EDGE('',*,*,#4267,.F.);
#7566=ORIENTED_EDGE('',*,*,#7565,.F.);
#7568=ORIENTED_EDGE('',*,*,#7567,.T.);
#7570=ORIENTED_EDGE('',*,*,#7569,.T.);
#7571=ORIENTED_EDGE('',*,*,#4251,.F.);
#7572=ORIENTED_EDGE('',*,*,#7524,.F.);
#7574=ORIENTED_EDGE('',*,*,#7573,.T.);
#7576=ORIENTED_EDGE('',*,*,#7575,.T.);
#7578=ORIENTED_EDGE('',*,*,#7577,.F.);
#7579=ORIENTED_EDGE('',*,*,#7506,.F.);
#7580=EDGE_LOOP('',(#7564,#7566,#7568,#7570,#7571,#7572,#7574,#7576,#7578,
#7579));
#7581=FACE_OUTER_BOUND('',#7580,.F.);
#7582=ADVANCED_FACE('',(#7581),#7563,.T.);
#7583=CARTESIAN_POINT('',(-2.7E0,1.8E0,4.7E0));
#7584=DIRECTION('',(1.E0,0.E0,0.E0));
#7585=DIRECTION('',(0.E0,0.E0,-1.E0));
#7586=AXIS2_PLACEMENT_3D('',#7583,#7584,#7585);
#7587=PLANE('',#7586);
#7588=ORIENTED_EDGE('',*,*,#4265,.F.);
#7590=ORIENTED_EDGE('',*,*,#7589,.F.);
#7592=ORIENTED_EDGE('',*,*,#7591,.T.);
#7593=ORIENTED_EDGE('',*,*,#7565,.T.);
#7594=EDGE_LOOP('',(#7588,#7590,#7592,#7593));
#7595=FACE_OUTER_BOUND('',#7594,.F.);
#7596=ADVANCED_FACE('',(#7595),#7587,.T.);
#7597=CARTESIAN_POINT('',(2.7E0,1.8E0,4.7E0));
#7598=DIRECTION('',(0.E0,0.E0,-1.E0));
#7599=DIRECTION('',(-1.E0,0.E0,0.E0));
#7600=AXIS2_PLACEMENT_3D('',#7597,#7598,#7599);
#7601=PLANE('',#7600);
#7602=ORIENTED_EDGE('',*,*,#4263,.F.);
#7604=ORIENTED_EDGE('',*,*,#7603,.F.);
#7606=ORIENTED_EDGE('',*,*,#7605,.T.);
#7607=ORIENTED_EDGE('',*,*,#7589,.T.);
#7608=EDGE_LOOP('',(#7602,#7604,#7606,#7607));
#7609=FACE_OUTER_BOUND('',#7608,.F.);
#7610=ADVANCED_FACE('',(#7609),#7601,.T.);
#7611=CARTESIAN_POINT('',(2.7E0,1.8E0,-1.9E0));
#7612=DIRECTION('',(-1.E0,0.E0,0.E0));
#7613=DIRECTION('',(0.E0,0.E0,1.E0));
#7614=AXIS2_PLACEMENT_3D('',#7611,#7612,#7613);
#7615=PLANE('',#7614);
#7616=ORIENTED_EDGE('',*,*,#4253,.F.);
#7617=ORIENTED_EDGE('',*,*,#7569,.F.);
#7619=ORIENTED_EDGE('',*,*,#7618,.T.);
#7620=ORIENTED_EDGE('',*,*,#7603,.T.);
#7621=ORIENTED_EDGE('',*,*,#4261,.F.);
#7622=ORIENTED_EDGE('',*,*,#7554,.F.);
#7624=ORIENTED_EDGE('',*,*,#7623,.T.);
#7626=ORIENTED_EDGE('',*,*,#7625,.T.);
#7628=ORIENTED_EDGE('',*,*,#7627,.F.);
#7629=ORIENTED_EDGE('',*,*,#7536,.F.);
#7630=EDGE_LOOP('',(#7616,#7617,#7619,#7620,#7621,#7622,#7624,#7626,#7628,
#7629));
#7631=FACE_OUTER_BOUND('',#7630,.F.);
#7632=ADVANCED_FACE('',(#7631),#7615,.T.);
#7633=CARTESIAN_POINT('',(0.E0,1.6E0,1.4E0));
#7634=DIRECTION('',(0.E0,1.E0,0.E0));
#7635=DIRECTION('',(1.E0,0.E0,0.E0));
#7636=AXIS2_PLACEMENT_3D('',#7633,#7634,#7635);
#7637=PLANE('',#7636);
#7638=ORIENTED_EDGE('',*,*,#7567,.F.);
#7639=ORIENTED_EDGE('',*,*,#7591,.F.);
#7640=ORIENTED_EDGE('',*,*,#7605,.F.);
#7641=ORIENTED_EDGE('',*,*,#7618,.F.);
#7642=EDGE_LOOP('',(#7638,#7639,#7640,#7641));
#7643=FACE_OUTER_BOUND('',#7642,.F.);
#7644=ADVANCED_FACE('',(#7643),#7637,.F.);
#7645=CARTESIAN_POINT('',(2.9E0,8.E-1,2.4E0));
#7646=DIRECTION('',(0.E0,0.E0,1.E0));
#7647=DIRECTION('',(-1.E0,0.E0,0.E0));
#7648=AXIS2_PLACEMENT_3D('',#7645,#7646,#7647);
#7649=PLANE('',#7648);
#7650=ORIENTED_EDGE('',*,*,#7552,.F.);
#7651=ORIENTED_EDGE('',*,*,#7364,.T.);
#7653=ORIENTED_EDGE('',*,*,#7652,.T.);
#7654=ORIENTED_EDGE('',*,*,#7623,.F.);
#7655=EDGE_LOOP('',(#7650,#7651,#7653,#7654));
#7656=FACE_OUTER_BOUND('',#7655,.F.);
#7657=ADVANCED_FACE('',(#7656),#7649,.T.);
#7658=CARTESIAN_POINT('',(0.E0,2.E-1,1.4E0));
#7659=DIRECTION('',(0.E0,-1.E0,0.E0));
#7660=DIRECTION('',(-1.E0,0.E0,0.E0));
#7661=AXIS2_PLACEMENT_3D('',#7658,#7659,#7660);
#7662=PLANE('',#7661);
#7663=ORIENTED_EDGE('',*,*,#7362,.F.);
#7665=ORIENTED_EDGE('',*,*,#7664,.F.);
#7666=ORIENTED_EDGE('',*,*,#7625,.F.);
#7667=ORIENTED_EDGE('',*,*,#7652,.F.);
#7668=EDGE_LOOP('',(#7663,#7665,#7666,#7667));
#7669=FACE_OUTER_BOUND('',#7668,.F.);
#7670=ADVANCED_FACE('',(#7669),#7662,.T.);
#7671=CARTESIAN_POINT('',(2.7E0,8.E-1,1.4E0));
#7672=DIRECTION('',(0.E0,0.E0,-1.E0));
#7673=DIRECTION('',(1.E0,0.E0,0.E0));
#7674=AXIS2_PLACEMENT_3D('',#7671,#7672,#7673);
#7675=PLANE('',#7674);
#7676=ORIENTED_EDGE('',*,*,#7538,.T.);
#7677=ORIENTED_EDGE('',*,*,#7627,.T.);
#7678=ORIENTED_EDGE('',*,*,#7664,.T.);
#7679=ORIENTED_EDGE('',*,*,#7360,.F.);
#7680=EDGE_LOOP('',(#7676,#7677,#7678,#7679));
#7681=FACE_OUTER_BOUND('',#7680,.F.);
#7682=ADVANCED_FACE('',(#7681),#7675,.T.);
#7683=CARTESIAN_POINT('',(2.2E0,8.E-1,-2.1E0));
#7684=DIRECTION('',(1.E0,0.E0,0.E0));
#7685=DIRECTION('',(0.E0,0.E0,1.E0));
#7686=AXIS2_PLACEMENT_3D('',#7683,#7684,#7685);
#7687=PLANE('',#7686);
#7688=ORIENTED_EDGE('',*,*,#7522,.F.);
#7689=ORIENTED_EDGE('',*,*,#7325,.T.);
#7691=ORIENTED_EDGE('',*,*,#7690,.T.);
#7692=ORIENTED_EDGE('',*,*,#7573,.F.);
#7693=EDGE_LOOP('',(#7688,#7689,#7691,#7692));
#7694=FACE_OUTER_BOUND('',#7693,.F.);
#7695=ADVANCED_FACE('',(#7694),#7687,.T.);
#7696=CARTESIAN_POINT('',(0.E0,2.E-1,1.4E0));
#7697=DIRECTION('',(0.E0,-1.E0,0.E0));
#7698=DIRECTION('',(-1.E0,0.E0,0.E0));
#7699=AXIS2_PLACEMENT_3D('',#7696,#7697,#7698);
#7700=PLANE('',#7699);
#7701=ORIENTED_EDGE('',*,*,#7690,.F.);
#7702=ORIENTED_EDGE('',*,*,#7323,.F.);
#7704=ORIENTED_EDGE('',*,*,#7703,.F.);
#7705=ORIENTED_EDGE('',*,*,#7575,.F.);
#7706=EDGE_LOOP('',(#7701,#7702,#7704,#7705));
#7707=FACE_OUTER_BOUND('',#7706,.F.);
#7708=ADVANCED_FACE('',(#7707),#7700,.T.);
#7709=CARTESIAN_POINT('',(6.E-1,8.E-1,-1.9E0));
#7710=DIRECTION('',(-1.E0,0.E0,0.E0));
#7711=DIRECTION('',(0.E0,0.E0,-1.E0));
#7712=AXIS2_PLACEMENT_3D('',#7709,#7710,#7711);
#7713=PLANE('',#7712);
#7714=ORIENTED_EDGE('',*,*,#7508,.T.);
#7715=ORIENTED_EDGE('',*,*,#7577,.T.);
#7716=ORIENTED_EDGE('',*,*,#7703,.T.);
#7717=ORIENTED_EDGE('',*,*,#7321,.F.);
#7718=EDGE_LOOP('',(#7714,#7715,#7716,#7717));
#7719=FACE_OUTER_BOUND('',#7718,.F.);
#7720=ADVANCED_FACE('',(#7719),#7713,.T.);
#7721=CARTESIAN_POINT('',(2.075E0,8.E-1,-2.E0));
#7722=DIRECTION('',(0.E0,1.E0,0.E0));
#7723=DIRECTION('',(1.E0,0.E0,0.E0));
#7724=AXIS2_PLACEMENT_3D('',#7721,#7722,#7723);
#7725=CYLINDRICAL_SURFACE('',#7724,2.25E-1);
#7726=ORIENTED_EDGE('',*,*,#4249,.F.);
#7728=ORIENTED_EDGE('',*,*,#7727,.T.);
#7729=ORIENTED_EDGE('',*,*,#4004,.T.);
#7731=ORIENTED_EDGE('',*,*,#7730,.F.);
#7732=ORIENTED_EDGE('',*,*,#4215,.F.);
#7733=ORIENTED_EDGE('',*,*,#7519,.F.);
#7734=EDGE_LOOP('',(#7726,#7728,#7729,#7731,#7732,#7733));
#7735=FACE_OUTER_BOUND('',#7734,.F.);
#7736=ADVANCED_FACE('',(#7735),#7725,.F.);
#7737=CARTESIAN_POINT('',(7.25E-1,8.E-1,-1.775E0));
#7738=DIRECTION('',(0.E0,0.E0,1.E0));
#7739=DIRECTION('',(1.E0,0.E0,0.E0));
#7740=AXIS2_PLACEMENT_3D('',#7737,#7738,#7739);
#7741=PLANE('',#7740);
#7742=ORIENTED_EDGE('',*,*,#4006,.T.);
#7743=ORIENTED_EDGE('',*,*,#7727,.F.);
#7744=ORIENTED_EDGE('',*,*,#4247,.F.);
#7745=ORIENTED_EDGE('',*,*,#4021,.T.);
#7746=EDGE_LOOP('',(#7742,#7743,#7744,#7745));
#7747=FACE_OUTER_BOUND('',#7746,.F.);
#7748=ADVANCED_FACE('',(#7747),#7741,.F.);
#7749=CARTESIAN_POINT('',(2.075E0,8.E-1,-2.225E0));
#7750=DIRECTION('',(0.E0,0.E0,-1.E0));
#7751=DIRECTION('',(-1.E0,0.E0,0.E0));
#7752=AXIS2_PLACEMENT_3D('',#7749,#7750,#7751);
#7753=PLANE('',#7752);
#7754=ORIENTED_EDGE('',*,*,#4002,.T.);
#7755=ORIENTED_EDGE('',*,*,#4018,.F.);
#7756=ORIENTED_EDGE('',*,*,#4217,.F.);
#7757=ORIENTED_EDGE('',*,*,#7730,.T.);
#7758=EDGE_LOOP('',(#7754,#7755,#7756,#7757));
#7759=FACE_OUTER_BOUND('',#7758,.F.);
#7760=ADVANCED_FACE('',(#7759),#7753,.F.);
#7761=CARTESIAN_POINT('',(2.8E0,8.E-1,1.525E0));
#7762=DIRECTION('',(0.E0,1.E0,0.E0));
#7763=DIRECTION('',(1.E0,0.E0,0.E0));
#7764=AXIS2_PLACEMENT_3D('',#7761,#7762,#7763);
#7765=CYLINDRICAL_SURFACE('',#7764,2.25E-1);
#7766=ORIENTED_EDGE('',*,*,#7534,.F.);
#7767=ORIENTED_EDGE('',*,*,#4207,.F.);
#7769=ORIENTED_EDGE('',*,*,#7768,.T.);
#7770=ORIENTED_EDGE('',*,*,#3990,.T.);
#7772=ORIENTED_EDGE('',*,*,#7771,.F.);
#7773=ORIENTED_EDGE('',*,*,#4255,.F.);
#7774=EDGE_LOOP('',(#7766,#7767,#7769,#7770,#7772,#7773));
#7775=FACE_OUTER_BOUND('',#7774,.F.);
#7776=ADVANCED_FACE('',(#7775),#7765,.F.);
#7777=CARTESIAN_POINT('',(3.025E0,8.E-1,2.275E0));
#7778=DIRECTION('',(1.E0,0.E0,0.E0));
#7779=DIRECTION('',(0.E0,0.E0,-1.E0));
#7780=AXIS2_PLACEMENT_3D('',#7777,#7778,#7779);
#7781=PLANE('',#7780);
#7782=ORIENTED_EDGE('',*,*,#3992,.T.);
#7783=ORIENTED_EDGE('',*,*,#7768,.F.);
#7784=ORIENTED_EDGE('',*,*,#4205,.F.);
#7786=ORIENTED_EDGE('',*,*,#7785,.T.);
#7787=EDGE_LOOP('',(#7782,#7783,#7784,#7786));
#7788=FACE_OUTER_BOUND('',#7787,.F.);
#7789=ADVANCED_FACE('',(#7788),#7781,.F.);
#7790=CARTESIAN_POINT('',(2.8E0,8.E-1,2.275E0));
#7791=DIRECTION('',(0.E0,1.E0,0.E0));
#7792=DIRECTION('',(1.E0,0.E0,0.E0));
#7793=AXIS2_PLACEMENT_3D('',#7790,#7791,#7792);
#7794=CYLINDRICAL_SURFACE('',#7793,2.25E-1);
#7795=ORIENTED_EDGE('',*,*,#7549,.F.);
#7796=ORIENTED_EDGE('',*,*,#4259,.F.);
#7798=ORIENTED_EDGE('',*,*,#7797,.T.);
#7799=ORIENTED_EDGE('',*,*,#3994,.T.);
#7800=ORIENTED_EDGE('',*,*,#7785,.F.);
#7801=ORIENTED_EDGE('',*,*,#4203,.F.);
#7802=EDGE_LOOP('',(#7795,#7796,#7798,#7799,#7800,#7801));
#7803=FACE_OUTER_BOUND('',#7802,.F.);
#7804=ADVANCED_FACE('',(#7803),#7794,.F.);
#7805=CARTESIAN_POINT('',(2.575E0,8.E-1,1.525E0));
#7806=DIRECTION('',(-1.E0,0.E0,0.E0));
#7807=DIRECTION('',(0.E0,0.E0,1.E0));
#7808=AXIS2_PLACEMENT_3D('',#7805,#7806,#7807);
#7809=PLANE('',#7808);
#7810=ORIENTED_EDGE('',*,*,#3996,.T.);
#7811=ORIENTED_EDGE('',*,*,#7797,.F.);
#7812=ORIENTED_EDGE('',*,*,#4257,.F.);
#7813=ORIENTED_EDGE('',*,*,#7771,.T.);
#7814=EDGE_LOOP('',(#7810,#7811,#7812,#7813));
#7815=FACE_OUTER_BOUND('',#7814,.F.);
#7816=ADVANCED_FACE('',(#7815),#7809,.F.);
#7817=CARTESIAN_POINT('',(-2.56E0,8.E-1,-5.12E0));
#7818=DIRECTION('',(-1.E0,0.E0,0.E0));
#7819=DIRECTION('',(0.E0,0.E0,1.E0));
#7820=AXIS2_PLACEMENT_3D('',#7817,#7818,#7819);
#7821=PLANE('',#7820);
#7822=ORIENTED_EDGE('',*,*,#4230,.F.);
#7824=ORIENTED_EDGE('',*,*,#7823,.T.);
#7826=ORIENTED_EDGE('',*,*,#7825,.T.);
#7828=ORIENTED_EDGE('',*,*,#7827,.F.);
#7829=EDGE_LOOP('',(#7822,#7824,#7826,#7828));
#7830=FACE_OUTER_BOUND('',#7829,.F.);
#7831=ADVANCED_FACE('',(#7830),#7821,.T.);
#7832=CARTESIAN_POINT('',(2.46E0,8.E-1,-5.12E0));
#7833=DIRECTION('',(0.E0,0.E0,-1.E0));
#7834=DIRECTION('',(-1.E0,0.E0,0.E0));
#7835=AXIS2_PLACEMENT_3D('',#7832,#7833,#7834);
#7836=PLANE('',#7835);
#7837=ORIENTED_EDGE('',*,*,#4236,.F.);
#7839=ORIENTED_EDGE('',*,*,#7838,.T.);
#7841=ORIENTED_EDGE('',*,*,#7840,.T.);
#7842=ORIENTED_EDGE('',*,*,#7823,.F.);
#7843=EDGE_LOOP('',(#7837,#7839,#7841,#7842));
#7844=FACE_OUTER_BOUND('',#7843,.F.);
#7845=ADVANCED_FACE('',(#7844),#7836,.T.);
#7846=CARTESIAN_POINT('',(2.46E0,8.E-1,-3.87E0));
#7847=DIRECTION('',(1.E0,0.E0,0.E0));
#7848=DIRECTION('',(0.E0,0.E0,-1.E0));
#7849=AXIS2_PLACEMENT_3D('',#7846,#7847,#7848);
#7850=PLANE('',#7849);
#7851=ORIENTED_EDGE('',*,*,#4234,.F.);
#7853=ORIENTED_EDGE('',*,*,#7852,.T.);
#7855=ORIENTED_EDGE('',*,*,#7854,.T.);
#7856=ORIENTED_EDGE('',*,*,#7838,.F.);
#7857=EDGE_LOOP('',(#7851,#7853,#7855,#7856));
#7858=FACE_OUTER_BOUND('',#7857,.F.);
#7859=ADVANCED_FACE('',(#7858),#7850,.T.);
#7860=CARTESIAN_POINT('',(-2.56E0,8.E-1,-3.87E0));
#7861=DIRECTION('',(0.E0,0.E0,1.E0));
#7862=DIRECTION('',(1.E0,0.E0,0.E0));
#7863=AXIS2_PLACEMENT_3D('',#7860,#7861,#7862);
#7864=PLANE('',#7863);
#7865=ORIENTED_EDGE('',*,*,#4232,.F.);
#7866=ORIENTED_EDGE('',*,*,#7827,.T.);
#7868=ORIENTED_EDGE('',*,*,#7867,.T.);
#7869=ORIENTED_EDGE('',*,*,#7852,.F.);
#7870=EDGE_LOOP('',(#7865,#7866,#7868,#7869));
#7871=FACE_OUTER_BOUND('',#7870,.F.);
#7872=ADVANCED_FACE('',(#7871),#7864,.T.);
#7873=CARTESIAN_POINT('',(-5.E-2,2.05E0,-4.495E0));
#7874=DIRECTION('',(0.E0,1.E0,0.E0));
#7875=DIRECTION('',(1.E0,0.E0,0.E0));
#7876=AXIS2_PLACEMENT_3D('',#7873,#7874,#7875);
#7877=PLANE('',#7876);
#7878=ORIENTED_EDGE('',*,*,#7825,.F.);
#7879=ORIENTED_EDGE('',*,*,#7840,.F.);
#7880=ORIENTED_EDGE('',*,*,#7854,.F.);
#7881=ORIENTED_EDGE('',*,*,#7867,.F.);
#7882=EDGE_LOOP('',(#7878,#7879,#7880,#7881));
#7883=FACE_OUTER_BOUND('',#7882,.F.);
#7884=ADVANCED_FACE('',(#7883),#7877,.T.);
#7885=CLOSED_SHELL('',(#4010,#4029,#4240,#4271,#4293,#4307,#4321,#4335,#4348,
#4369,#4385,#4400,#4415,#4431,#4447,#4463,#4477,#4494,#4510,#4528,#4548,#4568,
#4588,#4608,#4628,#4648,#4668,#4688,#4708,#4728,#4748,#4768,#4788,#4808,#4828,
#4848,#4861,#4879,#4892,#4907,#4923,#4941,#4961,#4981,#5001,#5021,#5041,#5061,
#5081,#5101,#5121,#5141,#5161,#5181,#5201,#5221,#5241,#5261,#5273,#5286,#5303,
#5315,#5327,#5345,#5358,#5375,#5387,#5401,#5415,#5429,#5443,#5457,#5471,#5485,
#5499,#5513,#5527,#5541,#5555,#5569,#5583,#5595,#5614,#5628,#5640,#5654,#5668,
#5682,#5696,#5710,#5724,#5742,#5754,#5766,#5784,#5797,#5814,#5826,#5844,#5857,
#5874,#5886,#5904,#5917,#5934,#5946,#5964,#5977,#5994,#6006,#6024,#6037,#6054,
#6066,#6084,#6097,#6114,#6126,#6140,#6153,#6167,#6181,#6195,#6209,#6223,#6237,
#6251,#6265,#6284,#6298,#6311,#6325,#6339,#6353,#6367,#6381,#6395,#6409,#6423,
#6437,#6451,#6465,#6479,#6493,#6507,#6521,#6535,#6547,#6565,#6577,#6589,#6601,
#6619,#6632,#6649,#6661,#6673,#6691,#6704,#6721,#6733,#6745,#6763,#6776,#6793,
#6805,#6817,#6835,#6848,#6865,#6877,#6889,#6907,#6920,#6937,#6949,#6961,#6979,
#6992,#7009,#7021,#7033,#7051,#7064,#7081,#7093,#7105,#7123,#7136,#7153,#7165,
#7177,#7189,#7201,#7213,#7225,#7237,#7249,#7264,#7278,#7292,#7306,#7331,#7345,
#7370,#7383,#7396,#7410,#7425,#7439,#7450,#7462,#7475,#7487,#7499,#7513,#7528,
#7543,#7558,#7582,#7596,#7610,#7632,#7644,#7657,#7670,#7682,#7695,#7708,#7720,
#7736,#7748,#7760,#7776,#7789,#7804,#7816,#7831,#7845,#7859,#7872,#7884));
#7886=MANIFOLD_SOLID_BREP('',#7885);
#7888=DIMENSIONAL_EXPONENTS(0.E0,0.E0,0.E0,0.E0,0.E0,0.E0,0.E0);
#7890=PLANE_ANGLE_MEASURE_WITH_UNIT(PLANE_ANGLE_MEASURE(1.745329251994E-2),
#7889);
#7891=(CONVERSION_BASED_UNIT('DEGREE',#7890)NAMED_UNIT(*)PLANE_ANGLE_UNIT());
#7893=UNCERTAINTY_MEASURE_WITH_UNIT(LENGTH_MEASURE(1.464553309508E-3),#7887,
'closure',
'Maximum model space distance between geometric entities at asserted connectivities');
#7894=(GEOMETRIC_REPRESENTATION_CONTEXT(3)GLOBAL_UNCERTAINTY_ASSIGNED_CONTEXT((
#7893))GLOBAL_UNIT_ASSIGNED_CONTEXT((#7887,#7891,#7892))REPRESENTATION_CONTEXT(
'ID1','3'));
#7896=APPLICATION_CONTEXT(
'CONFIGURATION CONTROLLED 3D DESIGNS OF MECHANICAL PARTS AND ASSEMBLIES');
#7897=APPLICATION_PROTOCOL_DEFINITION('international standard',
'config_control_design',1994,#7896);
#7898=DESIGN_CONTEXT('',#7896,'design');
#7899=MECHANICAL_CONTEXT('',#7896,'mechanical');
#7900=PRODUCT('PCB','PCB','NOT SPECIFIED',(#7899));
#7901=PRODUCT_DEFINITION_FORMATION_WITH_SPECIFIED_SOURCE('20','LAST_VERSION',
#7900,.MADE.);
#7905=PRODUCT_CATEGORY('part','');
#7906=PRODUCT_RELATED_PRODUCT_CATEGORY('detail','',(#7900));
#7907=PRODUCT_CATEGORY_RELATIONSHIP('','',#7905,#7906);
#7908=SECURITY_CLASSIFICATION_LEVEL('unclassified');
#7909=SECURITY_CLASSIFICATION('','',#7908);
#7910=CC_DESIGN_SECURITY_CLASSIFICATION(#7909,(#7901));
#7911=APPROVAL_STATUS('approved');
#7912=APPROVAL(#7911,'');
#7913=CC_DESIGN_APPROVAL(#7912,(#7909,#7901,#7902));
#7914=CALENDAR_DATE(119,30,10);
#7915=COORDINATED_UNIVERSAL_TIME_OFFSET(8,0,.AHEAD.);
#7916=LOCAL_TIME(10,3,9.E0,#7915);
#7917=DATE_AND_TIME(#7914,#7916);
#7918=APPROVAL_DATE_TIME(#7917,#7912);
#7919=DATE_TIME_ROLE('creation_date');
#7920=CC_DESIGN_DATE_AND_TIME_ASSIGNMENT(#7917,#7919,(#7902));
#7921=DATE_TIME_ROLE('classification_date');
#7922=CC_DESIGN_DATE_AND_TIME_ASSIGNMENT(#7917,#7921,(#7909));
#7923=PERSON('UNSPECIFIED','UNSPECIFIED',$,$,$,$);
#7924=ORGANIZATION('UNSPECIFIED','UNSPECIFIED','UNSPECIFIED');
#7925=PERSON_AND_ORGANIZATION(#7923,#7924);
#7926=APPROVAL_ROLE('approver');
#7927=APPROVAL_PERSON_ORGANIZATION(#7925,#7912,#7926);
#7928=PERSON_AND_ORGANIZATION_ROLE('creator');
#7929=CC_DESIGN_PERSON_AND_ORGANIZATION_ASSIGNMENT(#7925,#7928,(#7901,#7902));
#7930=PERSON_AND_ORGANIZATION_ROLE('design_supplier');
#7931=CC_DESIGN_PERSON_AND_ORGANIZATION_ASSIGNMENT(#7925,#7930,(#7901));
#7932=PERSON_AND_ORGANIZATION_ROLE('classification_officer');
#7933=CC_DESIGN_PERSON_AND_ORGANIZATION_ASSIGNMENT(#7925,#7932,(#7909));
#7934=PERSON_AND_ORGANIZATION_ROLE('design_owner');
#7935=CC_DESIGN_PERSON_AND_ORGANIZATION_ASSIGNMENT(#7925,#7934,(#7900));
#5=CIRCLE('',#4,2.25E-1);
#14=CIRCLE('',#13,2.25E-1);
#23=CIRCLE('',#22,2.25E-1);
#32=CIRCLE('',#31,2.25E-1);
#365=CIRCLE('',#364,2.25E-1);
#694=CIRCLE('',#693,1.E-1);
#703=CIRCLE('',#702,2.25E-1);
#712=CIRCLE('',#711,2.25E-1);
#721=CIRCLE('',#720,1.E-1);
#730=CIRCLE('',#729,2.25E-1);
#739=CIRCLE('',#738,2.25E-1);
#748=CIRCLE('',#747,1.E-1);
#757=CIRCLE('',#756,1.E-1);
#762=CIRCLE('',#761,2.25E-1);
#771=CIRCLE('',#770,2.25E-1);
#784=CIRCLE('',#783,2.25E-1);
#793=CIRCLE('',#792,2.25E-1);
#878=CIRCLE('',#877,7.5E-2);
#887=CIRCLE('',#886,7.5E-2);
#1672=CIRCLE('',#1671,7.5E-2);
#1681=CIRCLE('',#1680,7.5E-2);
#1706=CIRCLE('',#1705,7.5E-2);
#1715=CIRCLE('',#1714,7.5E-2);
#1804=CIRCLE('',#1803,7.5E-2);
#1813=CIRCLE('',#1812,7.5E-2);
#2078=CIRCLE('',#2077,7.5E-2);
#2087=CIRCLE('',#2086,7.5E-2);
#2112=CIRCLE('',#2111,7.5E-2);
#2121=CIRCLE('',#2120,7.5E-2);
#2154=CIRCLE('',#2153,7.5E-2);
#2163=CIRCLE('',#2162,7.5E-2);
#2196=CIRCLE('',#2195,7.5E-2);
#2205=CIRCLE('',#2204,7.5E-2);
#2238=CIRCLE('',#2237,7.5E-2);
#2247=CIRCLE('',#2246,7.5E-2);
#2280=CIRCLE('',#2279,7.5E-2);
#2289=CIRCLE('',#2288,7.5E-2);
#2322=CIRCLE('',#2321,7.5E-2);
#2331=CIRCLE('',#2330,7.5E-2);
#2364=CIRCLE('',#2363,7.5E-2);
#2373=CIRCLE('',#2372,7.5E-2);
#2406=CIRCLE('',#2405,7.5E-2);
#2415=CIRCLE('',#2414,7.5E-2);
#2452=CIRCLE('',#2451,7.5E-2);
#2461=CIRCLE('',#2460,7.5E-2);
#2470=CIRCLE('',#2469,7.5E-2);
#2479=CIRCLE('',#2478,7.5E-2);
#2488=CIRCLE('',#2487,7.5E-2);
#2497=CIRCLE('',#2496,7.5E-2);
#2506=CIRCLE('',#2505,7.5E-2);
#2515=CIRCLE('',#2514,7.5E-2);
#2524=CIRCLE('',#2523,7.5E-2);
#2533=CIRCLE('',#2532,7.5E-2);
#2542=CIRCLE('',#2541,7.5E-2);
#2551=CIRCLE('',#2550,7.5E-2);
#2568=CIRCLE('',#2567,1.E-1);
#2585=CIRCLE('',#2584,1.E-1);
#2606=CIRCLE('',#2605,1.E-1);
#2627=CIRCLE('',#2626,1.E-1);
#2632=CIRCLE('',#2631,1.E-1);
#2637=CIRCLE('',#2636,1.E-1);
#2658=CIRCLE('',#2657,1.E-1);
#2663=CIRCLE('',#2662,1.E-1);
#2668=CIRCLE('',#2667,1.E-1);
#2673=CIRCLE('',#2672,1.E-1);
#2678=CIRCLE('',#2677,1.E-1);
#2683=CIRCLE('',#2682,1.E-1);
#2828=CIRCLE('',#2827,2.25E-1);
#2841=CIRCLE('',#2840,2.25E-1);
#2854=CIRCLE('',#2853,2.25E-1);
#3828=EDGE_CURVE('',#3369,#3370,#40,.T.);
#3830=EDGE_CURVE('',#3370,#3372,#44,.T.);
#3832=EDGE_CURVE('',#3374,#3372,#48,.T.);
#3834=EDGE_CURVE('',#3374,#3377,#52,.T.);
#3836=EDGE_CURVE('',#3377,#3378,#56,.T.);
#3838=EDGE_CURVE('',#3378,#3380,#60,.T.);
#3840=EDGE_CURVE('',#3382,#3380,#64,.T.);
#3842=EDGE_CURVE('',#3382,#3385,#68,.T.);
#3844=EDGE_CURVE('',#3385,#3386,#72,.T.);
#3846=EDGE_CURVE('',#3386,#3388,#76,.T.);
#3848=EDGE_CURVE('',#3390,#3388,#80,.T.);
#3850=EDGE_CURVE('',#3390,#3393,#84,.T.);
#3852=EDGE_CURVE('',#3393,#3394,#88,.T.);
#3854=EDGE_CURVE('',#3394,#3396,#92,.T.);
#3856=EDGE_CURVE('',#3398,#3396,#96,.T.);
#3858=EDGE_CURVE('',#3398,#3401,#100,.T.);
#3860=EDGE_CURVE('',#3401,#3402,#104,.T.);
#3862=EDGE_CURVE('',#3402,#3404,#108,.T.);
#3864=EDGE_CURVE('',#3406,#3404,#112,.T.);
#3866=EDGE_CURVE('',#3406,#3409,#116,.T.);
#3868=EDGE_CURVE('',#3409,#3410,#120,.T.);
#3870=EDGE_CURVE('',#3410,#3412,#124,.T.);
#3872=EDGE_CURVE('',#3414,#3412,#128,.T.);
#3874=EDGE_CURVE('',#3414,#3417,#132,.T.);
#3876=EDGE_CURVE('',#3417,#3418,#136,.T.);
#3878=EDGE_CURVE('',#3418,#3420,#140,.T.);
#3880=EDGE_CURVE('',#3422,#3420,#144,.T.);
#3882=EDGE_CURVE('',#3422,#3425,#148,.T.);
#3884=EDGE_CURVE('',#3425,#3426,#152,.T.);
#3886=EDGE_CURVE('',#3426,#3428,#156,.T.);
#3888=EDGE_CURVE('',#3430,#3428,#160,.T.);
#3890=EDGE_CURVE('',#3430,#3433,#164,.T.);
#3892=EDGE_CURVE('',#3433,#3434,#168,.T.);
#3894=EDGE_CURVE('',#3434,#3436,#172,.T.);
#3896=EDGE_CURVE('',#3438,#3436,#176,.T.);
#3898=EDGE_CURVE('',#3438,#2905,#180,.T.);
#3900=EDGE_CURVE('',#2905,#3441,#184,.T.);
#3902=EDGE_CURVE('',#3441,#3442,#188,.T.);
#3904=EDGE_CURVE('',#3442,#3444,#192,.T.);
#3906=EDGE_CURVE('',#3446,#3444,#196,.T.);
#3908=EDGE_CURVE('',#3446,#3449,#200,.T.);
#3910=EDGE_CURVE('',#3449,#3450,#204,.T.);
#3912=EDGE_CURVE('',#3450,#3452,#208,.T.);
#3914=EDGE_CURVE('',#3454,#3452,#212,.T.);
#3916=EDGE_CURVE('',#3454,#3457,#216,.T.);
#3918=EDGE_CURVE('',#3457,#3458,#220,.T.);
#3920=EDGE_CURVE('',#3458,#3460,#224,.T.);
#3922=EDGE_CURVE('',#3462,#3460,#228,.T.);
#3924=EDGE_CURVE('',#3462,#3465,#232,.T.);
#3926=EDGE_CURVE('',#3465,#3466,#236,.T.);
#3928=EDGE_CURVE('',#3466,#3468,#240,.T.);
#3930=EDGE_CURVE('',#3470,#3468,#244,.T.);
#3932=EDGE_CURVE('',#3470,#3473,#248,.T.);
#3934=EDGE_CURVE('',#3473,#3474,#252,.T.);
#3936=EDGE_CURVE('',#3474,#3476,#256,.T.);
#3938=EDGE_CURVE('',#3478,#3476,#260,.T.);
#3940=EDGE_CURVE('',#3478,#3481,#264,.T.);
#3942=EDGE_CURVE('',#3481,#3482,#268,.T.);
#3944=EDGE_CURVE('',#3482,#3484,#272,.T.);
#3946=EDGE_CURVE('',#3486,#3484,#276,.T.);
#3948=EDGE_CURVE('',#3486,#3489,#280,.T.);
#3950=EDGE_CURVE('',#3489,#3490,#284,.T.);
#3952=EDGE_CURVE('',#3490,#3492,#288,.T.);
#3954=EDGE_CURVE('',#3494,#3492,#292,.T.);
#3956=EDGE_CURVE('',#3494,#2909,#296,.T.);
#3958=EDGE_CURVE('',#2909,#3497,#300,.T.);
#3960=EDGE_CURVE('',#3497,#3498,#304,.T.);
#3962=EDGE_CURVE('',#3498,#3500,#308,.T.);
#3964=EDGE_CURVE('',#3502,#3500,#312,.T.);
#3966=EDGE_CURVE('',#3502,#3505,#316,.T.);
#3968=EDGE_CURVE('',#3505,#3506,#320,.T.);
#3970=EDGE_CURVE('',#3506,#3508,#324,.T.);
#3972=EDGE_CURVE('',#3510,#3508,#328,.T.);
#3974=EDGE_CURVE('',#3510,#3513,#332,.T.);
#3976=EDGE_CURVE('',#3513,#3514,#336,.T.);
#3978=EDGE_CURVE('',#3514,#3516,#340,.T.);
#3980=EDGE_CURVE('',#3518,#3516,#344,.T.);
#3982=EDGE_CURVE('',#3518,#2897,#348,.T.);
#3984=EDGE_CURVE('',#2897,#2898,#352,.T.);
#3986=EDGE_CURVE('',#2898,#3369,#356,.T.);
#3990=EDGE_CURVE('',#2967,#2968,#23,.T.);
#3992=EDGE_CURVE('',#2972,#2967,#27,.T.);
#3994=EDGE_CURVE('',#2970,#2972,#32,.T.);
#3996=EDGE_CURVE('',#2968,#2970,#36,.T.);
#4000=EDGE_CURVE('',#2913,#2914,#5,.T.);
#4002=EDGE_CURVE('',#2918,#2913,#9,.T.);
#4004=EDGE_CURVE('',#2916,#2918,#14,.T.);
#4006=EDGE_CURVE('',#2914,#2916,#18,.T.);
#4016=EDGE_CURVE('',#2926,#2944,#739,.T.);
#4018=EDGE_CURVE('',#2926,#2913,#360,.T.);
#4021=EDGE_CURVE('',#2921,#2914,#2832,.T.);
#4023=EDGE_CURVE('',#2946,#2921,#762,.T.);
#4025=EDGE_CURVE('',#2944,#2946,#365,.T.);
#4035=EDGE_CURVE('',#3141,#3142,#369,.T.);
#4037=EDGE_CURVE('',#3142,#3144,#373,.T.);
#4039=EDGE_CURVE('',#3146,#3144,#377,.T.);
#4041=EDGE_CURVE('',#3149,#3146,#381,.T.);
#4043=EDGE_CURVE('',#3149,#3150,#385,.T.);
#4045=EDGE_CURVE('',#3150,#3152,#389,.T.);
#4047=EDGE_CURVE('',#3154,#3152,#393,.T.);
#4049=EDGE_CURVE('',#3157,#3154,#397,.T.);
#4051=EDGE_CURVE('',#3157,#3158,#401,.T.);
#4053=EDGE_CURVE('',#3158,#3160,#405,.T.);
#4055=EDGE_CURVE('',#3162,#3160,#409,.T.);
#4057=EDGE_CURVE('',#2910,#3162,#413,.T.);
#4059=EDGE_CURVE('',#3165,#2910,#417,.T.);
#4061=EDGE_CURVE('',#3165,#3166,#421,.T.);
#4063=EDGE_CURVE('',#3166,#3168,#425,.T.);
#4065=EDGE_CURVE('',#3170,#3168,#429,.T.);
#4067=EDGE_CURVE('',#3173,#3170,#433,.T.);
#4069=EDGE_CURVE('',#3173,#3174,#437,.T.);
#4071=EDGE_CURVE('',#3174,#3176,#441,.T.);
#4073=EDGE_CURVE('',#3178,#3176,#445,.T.);
#4075=EDGE_CURVE('',#3181,#3178,#449,.T.);
#4077=EDGE_CURVE('',#3181,#3182,#453,.T.);
#4079=EDGE_CURVE('',#3182,#3184,#457,.T.);
#4081=EDGE_CURVE('',#3186,#3184,#461,.T.);
#4083=EDGE_CURVE('',#3189,#3186,#465,.T.);
#4085=EDGE_CURVE('',#3189,#3190,#469,.T.);
#4087=EDGE_CURVE('',#3190,#3192,#473,.T.);
#4089=EDGE_CURVE('',#3194,#3192,#477,.T.);
#4091=EDGE_CURVE('',#3197,#3194,#481,.T.);
#4093=EDGE_CURVE('',#3197,#3198,#485,.T.);
#4095=EDGE_CURVE('',#3198,#3200,#489,.T.);
#4097=EDGE_CURVE('',#3202,#3200,#493,.T.);
#4099=EDGE_CURVE('',#3205,#3202,#497,.T.);
#4101=EDGE_CURVE('',#3205,#3206,#501,.T.);
#4103=EDGE_CURVE('',#3206,#3208,#505,.T.);
#4105=EDGE_CURVE('',#3210,#3208,#509,.T.);
#4107=EDGE_CURVE('',#3213,#3210,#513,.T.);
#4109=EDGE_CURVE('',#3213,#3214,#517,.T.);
#4111=EDGE_CURVE('',#3214,#3216,#521,.T.);
#4113=EDGE_CURVE('',#3218,#3216,#525,.T.);
#4115=EDGE_CURVE('',#2906,#3218,#529,.T.);
#4117=EDGE_CURVE('',#3221,#2906,#533,.T.);
#4119=EDGE_CURVE('',#3221,#3222,#537,.T.);
#4121=EDGE_CURVE('',#3222,#3224,#541,.T.);
#4123=EDGE_CURVE('',#3226,#3224,#545,.T.);
#4125=EDGE_CURVE('',#3229,#3226,#549,.T.);
#4127=EDGE_CURVE('',#3229,#3230,#553,.T.);
#4129=EDGE_CURVE('',#3230,#3232,#557,.T.);
#4131=EDGE_CURVE('',#3234,#3232,#561,.T.);
#4133=EDGE_CURVE('',#3237,#3234,#565,.T.);
#4135=EDGE_CURVE('',#3237,#3238,#569,.T.);
#4137=EDGE_CURVE('',#3238,#3240,#573,.T.);
#4139=EDGE_CURVE('',#3242,#3240,#577,.T.);
#4141=EDGE_CURVE('',#3285,#3242,#581,.T.);
#4143=EDGE_CURVE('',#3285,#3286,#585,.T.);
#4145=EDGE_CURVE('',#3286,#3288,#589,.T.);
#4147=EDGE_CURVE('',#3290,#3288,#593,.T.);
#4149=EDGE_CURVE('',#3277,#3290,#597,.T.);
#4151=EDGE_CURVE('',#3277,#3278,#601,.T.);
#4153=EDGE_CURVE('',#3278,#3280,#605,.T.);
#4155=EDGE_CURVE('',#3282,#3280,#609,.T.);
#4157=EDGE_CURVE('',#3269,#3282,#613,.T.);
#4159=EDGE_CURVE('',#3269,#3270,#617,.T.);
#4161=EDGE_CURVE('',#3270,#3272,#621,.T.);
#4163=EDGE_CURVE('',#3274,#3272,#625,.T.);
#4165=EDGE_CURVE('',#3261,#3274,#629,.T.);
#4167=EDGE_CURVE('',#3261,#3262,#633,.T.);
#4169=EDGE_CURVE('',#3262,#3264,#637,.T.);
#4171=EDGE_CURVE('',#3266,#3264,#641,.T.);
#4173=EDGE_CURVE('',#3253,#3266,#645,.T.);
#4175=EDGE_CURVE('',#3253,#3254,#649,.T.);
#4177=EDGE_CURVE('',#3254,#3256,#653,.T.);
#4179=EDGE_CURVE('',#3258,#3256,#657,.T.);
#4181=EDGE_CURVE('',#3245,#3258,#661,.T.);
#4183=EDGE_CURVE('',#3245,#3246,#665,.T.);
#4185=EDGE_CURVE('',#3246,#3248,#669,.T.);
#4187=EDGE_CURVE('',#3250,#3248,#673,.T.);
#4189=EDGE_CURVE('',#2902,#3250,#677,.T.);
#4191=EDGE_CURVE('',#2901,#2902,#681,.T.);
#4193=EDGE_CURVE('',#3141,#2901,#685,.T.);
#4197=EDGE_CURVE('',#2929,#2930,#689,.T.);
#4199=EDGE_CURVE('',#2933,#2930,#694,.T.);
#4201=EDGE_CURVE('',#2933,#2934,#698,.T.);
#4203=EDGE_CURVE('',#2934,#2979,#703,.T.);
#4205=EDGE_CURVE('',#2979,#2980,#707,.T.);
#4207=EDGE_CURVE('',#2980,#2937,#712,.T.);
#4209=EDGE_CURVE('',#2937,#2938,#716,.T.);
#4211=EDGE_CURVE('',#2941,#2938,#721,.T.);
#4213=EDGE_CURVE('',#2941,#2942,#725,.T.);
#4215=EDGE_CURVE('',#2942,#2925,#730,.T.);
#4217=EDGE_CURVE('',#2925,#2926,#734,.T.);
#4220=EDGE_CURVE('',#2944,#3046,#743,.T.);
#4222=EDGE_CURVE('',#3046,#3049,#748,.T.);
#4224=EDGE_CURVE('',#3049,#3050,#752,.T.);
#4226=EDGE_CURVE('',#2929,#3050,#757,.T.);
#4230=EDGE_CURVE('',#2951,#2952,#813,.T.);
#4232=EDGE_CURVE('',#2952,#2954,#817,.T.);
#4234=EDGE_CURVE('',#2954,#2956,#821,.T.);
#4236=EDGE_CURVE('',#2956,#2951,#825,.T.);
#4247=EDGE_CURVE('',#2921,#2922,#766,.T.);
#4249=EDGE_CURVE('',#2922,#2948,#771,.T.);
#4251=EDGE_CURVE('',#2948,#3054,#775,.T.);
#4253=EDGE_CURVE('',#3054,#3056,#779,.T.);
#4255=EDGE_CURVE('',#3056,#2975,#784,.T.);
#4257=EDGE_CURVE('',#2975,#2976,#788,.T.);
#4259=EDGE_CURVE('',#2976,#3059,#793,.T.);
#4261=EDGE_CURVE('',#3059,#3060,#797,.T.);
#4263=EDGE_CURVE('',#3060,#3062,#801,.T.);
#4265=EDGE_CURVE('',#3062,#3052,#805,.T.);
#4267=EDGE_CURVE('',#3052,#2946,#809,.T.);
#4277=EDGE_CURVE('',#3141,#3518,#829,.T.);
#4280=EDGE_CURVE('',#3516,#3366,#833,.T.);
#4282=EDGE_CURVE('',#3366,#3538,#895,.T.);
#4284=EDGE_CURVE('',#3538,#3530,#857,.T.);
#4286=EDGE_CURVE('',#3530,#3065,#1303,.T.);
#4288=EDGE_CURVE('',#3142,#3065,#1283,.T.);
#4299=EDGE_CURVE('',#3505,#3154,#841,.T.);
#4302=EDGE_CURVE('',#3157,#3502,#1731,.T.);
#4313=EDGE_CURVE('',#3149,#3510,#1689,.T.);
#4316=EDGE_CURVE('',#3513,#3146,#1275,.T.);
#4327=EDGE_CURVE('',#3497,#3162,#1719,.T.);
#4330=EDGE_CURVE('',#2909,#2910,#837,.T.);
#4343=EDGE_CURVE('',#2897,#2901,#2443,.T.);
#4354=EDGE_CURVE('',#3546,#3548,#853,.T.);
#4356=EDGE_CURVE('',#3548,#3361,#923,.T.);
#4358=EDGE_CURVE('',#3506,#3361,#1697,.T.);
#4363=EDGE_CURVE('',#3152,#3070,#845,.T.);
#4365=EDGE_CURVE('',#3070,#3546,#1311,.T.);
#4375=EDGE_CURVE('',#3521,#3522,#873,.T.);
#4377=EDGE_CURVE('',#3544,#3522,#1323,.T.);
#4379=EDGE_CURVE('',#3550,#3544,#849,.T.);
#4381=EDGE_CURVE('',#3550,#3521,#911,.T.);
#4391=EDGE_CURVE('',#3525,#3526,#882,.T.);
#4393=EDGE_CURVE('',#3525,#3548,#927,.T.);
#4396=EDGE_CURVE('',#3526,#3546,#1307,.T.);
#4406=EDGE_CURVE('',#3529,#3530,#1287,.T.);
#4409=EDGE_CURVE('',#3537,#3538,#891,.T.);
#4411=EDGE_CURVE('',#3537,#3529,#1667,.T.);
#4421=EDGE_CURVE('',#3533,#3534,#1291,.T.);
#4423=EDGE_CURVE('',#3542,#3534,#1676,.T.);
#4425=EDGE_CURVE('',#3541,#3542,#907,.T.);
#4427=EDGE_CURVE('',#3533,#3541,#861,.T.);
#4437=EDGE_CURVE('',#3553,#3554,#1701,.T.);
#4439=EDGE_CURVE('',#3560,#3554,#1327,.T.);
#4441=EDGE_CURVE('',#3564,#3560,#865,.T.);
#4443=EDGE_CURVE('',#3564,#3553,#931,.T.);
#4453=EDGE_CURVE('',#3557,#3558,#1710,.T.);
#4455=EDGE_CURVE('',#3557,#3566,#947,.T.);
#4457=EDGE_CURVE('',#3562,#3566,#869,.T.);
#4459=EDGE_CURVE('',#3558,#3562,#1331,.T.);
#4470=EDGE_CURVE('',#3521,#3525,#878,.T.);
#4473=EDGE_CURVE('',#3522,#3526,#887,.T.);
#4485=EDGE_CURVE('',#3365,#3366,#899,.T.);
#4487=EDGE_CURVE('',#3541,#3365,#903,.T.);
#4490=EDGE_CURVE('',#3537,#3542,#1672,.T.);
#4502=EDGE_CURVE('',#3362,#3550,#915,.T.);
#4504=EDGE_CURVE('',#3361,#3362,#919,.T.);
#4517=EDGE_CURVE('',#3358,#3564,#935,.T.);
#4519=EDGE_CURVE('',#3357,#3358,#939,.T.);
#4521=EDGE_CURVE('',#3566,#3357,#943,.T.);
#4524=EDGE_CURVE('',#3553,#3557,#1706,.T.);
#4534=EDGE_CURVE('',#3652,#3605,#951,.T.);
#4536=EDGE_CURVE('',#3601,#3605,#2506,.T.);
#4538=EDGE_CURVE('',#3601,#3654,#955,.T.);
#4540=EDGE_CURVE('',#3330,#3654,#959,.T.);
#4542=EDGE_CURVE('',#3329,#3330,#963,.T.);
#4544=EDGE_CURVE('',#3652,#3329,#967,.T.);
#4554=EDGE_CURVE('',#3656,#3613,#971,.T.);
#4556=EDGE_CURVE('',#3609,#3613,#2524,.T.);
#4558=EDGE_CURVE('',#3609,#3658,#975,.T.);
#4560=EDGE_CURVE('',#3334,#3658,#979,.T.);
#4562=EDGE_CURVE('',#3333,#3334,#983,.T.);
#4564=EDGE_CURVE('',#3656,#3333,#987,.T.);
#4574=EDGE_CURVE('',#3660,#3621,#991,.T.);
#4576=EDGE_CURVE('',#3617,#3621,#2542,.T.);
#4578=EDGE_CURVE('',#3617,#3662,#995,.T.);
#4580=EDGE_CURVE('',#3338,#3662,#999,.T.);
#4582=EDGE_CURVE('',#3337,#3338,#1003,.T.);
#4584=EDGE_CURVE('',#3660,#3337,#1007,.T.);
#4594=EDGE_CURVE('',#3664,#3597,#1011,.T.);
#4596=EDGE_CURVE('',#3593,#3597,#2488,.T.);
#4598=EDGE_CURVE('',#3593,#3666,#1015,.T.);
#4600=EDGE_CURVE('',#3342,#3666,#1019,.T.);
#4602=EDGE_CURVE('',#3341,#3342,#1023,.T.);
#4604=EDGE_CURVE('',#3664,#3341,#1027,.T.);
#4614=EDGE_CURVE('',#3668,#3589,#1031,.T.);
#4616=EDGE_CURVE('',#3585,#3589,#2470,.T.);
#4618=EDGE_CURVE('',#3585,#3670,#1035,.T.);
#4620=EDGE_CURVE('',#3346,#3670,#1039,.T.);
#4622=EDGE_CURVE('',#3345,#3346,#1043,.T.);
#4624=EDGE_CURVE('',#3668,#3345,#1047,.T.);
#4634=EDGE_CURVE('',#3672,#3581,#1051,.T.);
#4636=EDGE_CURVE('',#3577,#3581,#2452,.T.);
#4638=EDGE_CURVE('',#3577,#3674,#1055,.T.);
#4640=EDGE_CURVE('',#3350,#3674,#1059,.T.);
#4642=EDGE_CURVE('',#3349,#3350,#1063,.T.);
#4644=EDGE_CURVE('',#3672,#3349,#1067,.T.);
#4654=EDGE_CURVE('',#3676,#3573,#1071,.T.);
#4656=EDGE_CURVE('',#3569,#3573,#1804,.T.);
#4658=EDGE_CURVE('',#3569,#3678,#1075,.T.);
#4660=EDGE_CURVE('',#3354,#3678,#1079,.T.);
#4662=EDGE_CURVE('',#3353,#3354,#1083,.T.);
#4664=EDGE_CURVE('',#3676,#3353,#1087,.T.);
#4674=EDGE_CURVE('',#3788,#3725,#1091,.T.);
#4676=EDGE_CURVE('',#3721,#3725,#2280,.T.);
#4678=EDGE_CURVE('',#3721,#3790,#1095,.T.);
#4680=EDGE_CURVE('',#3294,#3790,#1099,.T.);
#4682=EDGE_CURVE('',#3293,#3294,#1103,.T.);
#4684=EDGE_CURVE('',#3788,#3293,#1107,.T.);
#4694=EDGE_CURVE('',#3792,#3733,#1111,.T.);
#4696=EDGE_CURVE('',#3729,#3733,#2322,.T.);
#4698=EDGE_CURVE('',#3729,#3794,#1115,.T.);
#4700=EDGE_CURVE('',#3298,#3794,#1119,.T.);
#4702=EDGE_CURVE('',#3297,#3298,#1123,.T.);
#4704=EDGE_CURVE('',#3792,#3297,#1127,.T.);
#4714=EDGE_CURVE('',#3796,#3741,#1131,.T.);
#4716=EDGE_CURVE('',#3737,#3741,#2364,.T.);
#4718=EDGE_CURVE('',#3737,#3798,#1135,.T.);
#4720=EDGE_CURVE('',#3302,#3798,#1139,.T.);
#4722=EDGE_CURVE('',#3301,#3302,#1143,.T.);
#4724=EDGE_CURVE('',#3796,#3301,#1147,.T.);
#4734=EDGE_CURVE('',#3800,#3749,#1151,.T.);
#4736=EDGE_CURVE('',#3745,#3749,#2406,.T.);
#4738=EDGE_CURVE('',#3745,#3802,#1155,.T.);
#4740=EDGE_CURVE('',#3306,#3802,#1159,.T.);
#4742=EDGE_CURVE('',#3305,#3306,#1163,.T.);
#4744=EDGE_CURVE('',#3800,#3305,#1167,.T.);
#4754=EDGE_CURVE('',#3804,#3717,#1171,.T.);
#4756=EDGE_CURVE('',#3713,#3717,#2238,.T.);
#4758=EDGE_CURVE('',#3713,#3806,#1175,.T.);
#4760=EDGE_CURVE('',#3310,#3806,#1179,.T.);
#4762=EDGE_CURVE('',#3309,#3310,#1183,.T.);
#4764=EDGE_CURVE('',#3804,#3309,#1187,.T.);
#4774=EDGE_CURVE('',#3808,#3709,#1191,.T.);
#4776=EDGE_CURVE('',#3705,#3709,#2196,.T.);
#4778=EDGE_CURVE('',#3705,#3810,#1195,.T.);
#4780=EDGE_CURVE('',#3314,#3810,#1199,.T.);
#4782=EDGE_CURVE('',#3313,#3314,#1203,.T.);
#4784=EDGE_CURVE('',#3808,#3313,#1207,.T.);
#4794=EDGE_CURVE('',#3812,#3701,#1211,.T.);
#4796=EDGE_CURVE('',#3697,#3701,#2154,.T.);
#4798=EDGE_CURVE('',#3697,#3814,#1215,.T.);
#4800=EDGE_CURVE('',#3318,#3814,#1219,.T.);
#4802=EDGE_CURVE('',#3317,#3318,#1223,.T.);
#4804=EDGE_CURVE('',#3812,#3317,#1227,.T.);
#4814=EDGE_CURVE('',#3816,#3693,#1231,.T.);
#4816=EDGE_CURVE('',#3689,#3693,#2112,.T.);
#4818=EDGE_CURVE('',#3689,#3818,#1235,.T.);
#4820=EDGE_CURVE('',#3322,#3818,#1239,.T.);
#4822=EDGE_CURVE('',#3321,#3322,#1243,.T.);
#4824=EDGE_CURVE('',#3816,#3321,#1247,.T.);
#4834=EDGE_CURVE('',#3820,#3685,#1251,.T.);
#4836=EDGE_CURVE('',#3681,#3685,#2078,.T.);
#4838=EDGE_CURVE('',#3681,#3822,#1255,.T.);
#4840=EDGE_CURVE('',#3326,#3822,#1259,.T.);
#4842=EDGE_CURVE('',#3325,#3326,#1263,.T.);
#4844=EDGE_CURVE('',#3820,#3325,#1267,.T.);
#4855=EDGE_CURVE('',#3514,#3365,#1271,.T.);
#4873=EDGE_CURVE('',#3144,#3066,#1279,.T.);
#4875=EDGE_CURVE('',#3066,#3533,#1295,.T.);
#4887=EDGE_CURVE('',#3065,#3066,#1299,.T.);
#4899=EDGE_CURVE('',#3529,#3534,#1681,.T.);
#4916=EDGE_CURVE('',#3069,#3070,#1315,.T.);
#4918=EDGE_CURVE('',#3544,#3069,#1319,.T.);
#4930=EDGE_CURVE('',#3554,#3558,#1715,.T.);
#4933=EDGE_CURVE('',#3074,#3562,#1335,.T.);
#4935=EDGE_CURVE('',#3073,#3074,#1339,.T.);
#4937=EDGE_CURVE('',#3560,#3073,#1343,.T.);
#4947=EDGE_CURVE('',#3624,#3606,#1347,.T.);
#4949=EDGE_CURVE('',#3102,#3624,#1351,.T.);
#4951=EDGE_CURVE('',#3101,#3102,#1355,.T.);
#4953=EDGE_CURVE('',#3626,#3101,#1359,.T.);
#4955=EDGE_CURVE('',#3602,#3626,#1363,.T.);
#4957=EDGE_CURVE('',#3602,#3606,#2515,.T.);
#4967=EDGE_CURVE('',#3628,#3614,#1367,.T.);
#4969=EDGE_CURVE('',#3098,#3628,#1371,.T.);
#4971=EDGE_CURVE('',#3097,#3098,#1375,.T.);
#4973=EDGE_CURVE('',#3630,#3097,#1379,.T.);
#4975=EDGE_CURVE('',#3610,#3630,#1383,.T.);
#4977=EDGE_CURVE('',#3610,#3614,#2533,.T.);
#4987=EDGE_CURVE('',#3632,#3622,#1387,.T.);
#4989=EDGE_CURVE('',#3094,#3632,#1391,.T.);
#4991=EDGE_CURVE('',#3093,#3094,#1395,.T.);
#4993=EDGE_CURVE('',#3634,#3093,#1399,.T.);
#4995=EDGE_CURVE('',#3618,#3634,#1403,.T.);
#4997=EDGE_CURVE('',#3618,#3622,#2551,.T.);
#5007=EDGE_CURVE('',#3636,#3598,#1407,.T.);
#5009=EDGE_CURVE('',#3090,#3636,#1411,.T.);
#5011=EDGE_CURVE('',#3089,#3090,#1415,.T.);
#5013=EDGE_CURVE('',#3638,#3089,#1419,.T.);
#5015=EDGE_CURVE('',#3594,#3638,#1423,.T.);
#5017=EDGE_CURVE('',#3594,#3598,#2497,.T.);
#5027=EDGE_CURVE('',#3640,#3590,#1427,.T.);
#5029=EDGE_CURVE('',#3086,#3640,#1431,.T.);
#5031=EDGE_CURVE('',#3085,#3086,#1435,.T.);
#5033=EDGE_CURVE('',#3642,#3085,#1439,.T.);
#5035=EDGE_CURVE('',#3586,#3642,#1443,.T.);
#5037=EDGE_CURVE('',#3586,#3590,#2479,.T.);
#5047=EDGE_CURVE('',#3644,#3582,#1447,.T.);
#5049=EDGE_CURVE('',#3082,#3644,#1451,.T.);
#5051=EDGE_CURVE('',#3081,#3082,#1455,.T.);
#5053=EDGE_CURVE('',#3646,#3081,#1459,.T.);
#5055=EDGE_CURVE('',#3578,#3646,#1463,.T.);
#5057=EDGE_CURVE('',#3578,#3582,#2461,.T.);
#5067=EDGE_CURVE('',#3648,#3574,#1467,.T.);
#5069=EDGE_CURVE('',#3078,#3648,#1471,.T.);
#5071=EDGE_CURVE('',#3077,#3078,#1475,.T.);
#5073=EDGE_CURVE('',#3650,#3077,#1479,.T.);
#5075=EDGE_CURVE('',#3570,#3650,#1483,.T.);
#5077=EDGE_CURVE('',#3570,#3574,#1813,.T.);
#5087=EDGE_CURVE('',#3752,#3726,#1487,.T.);
#5089=EDGE_CURVE('',#3118,#3752,#1491,.T.);
#5091=EDGE_CURVE('',#3117,#3118,#1495,.T.);
#5093=EDGE_CURVE('',#3754,#3117,#1499,.T.);
#5095=EDGE_CURVE('',#3722,#3754,#1503,.T.);
#5097=EDGE_CURVE('',#3722,#3726,#2289,.T.);
#5107=EDGE_CURVE('',#3756,#3734,#1507,.T.);
#5109=EDGE_CURVE('',#3122,#3756,#1511,.T.);
#5111=EDGE_CURVE('',#3121,#3122,#1515,.T.);
#5113=EDGE_CURVE('',#3758,#3121,#1519,.T.);
#5115=EDGE_CURVE('',#3730,#3758,#1523,.T.);
#5117=EDGE_CURVE('',#3730,#3734,#2331,.T.);
#5127=EDGE_CURVE('',#3760,#3742,#1527,.T.);
#5129=EDGE_CURVE('',#3126,#3760,#1531,.T.);
#5131=EDGE_CURVE('',#3125,#3126,#1535,.T.);
#5133=EDGE_CURVE('',#3762,#3125,#1539,.T.);
#5135=EDGE_CURVE('',#3738,#3762,#1543,.T.);
#5137=EDGE_CURVE('',#3738,#3742,#2373,.T.);
#5147=EDGE_CURVE('',#3764,#3750,#1547,.T.);
#5149=EDGE_CURVE('',#3130,#3764,#1551,.T.);
#5151=EDGE_CURVE('',#3129,#3130,#1555,.T.);
#5153=EDGE_CURVE('',#3766,#3129,#1559,.T.);
#5155=EDGE_CURVE('',#3746,#3766,#1563,.T.);
#5157=EDGE_CURVE('',#3746,#3750,#2415,.T.);
#5167=EDGE_CURVE('',#3768,#3718,#1567,.T.);
#5169=EDGE_CURVE('',#3134,#3768,#1571,.T.);
#5171=EDGE_CURVE('',#3133,#3134,#1575,.T.);
#5173=EDGE_CURVE('',#3770,#3133,#1579,.T.);
#5175=EDGE_CURVE('',#3714,#3770,#1583,.T.);
#5177=EDGE_CURVE('',#3714,#3718,#2247,.T.);
#5187=EDGE_CURVE('',#3772,#3710,#1587,.T.);
#5189=EDGE_CURVE('',#3138,#3772,#1591,.T.);
#5191=EDGE_CURVE('',#3137,#3138,#1595,.T.);
#5193=EDGE_CURVE('',#3774,#3137,#1599,.T.);
#5195=EDGE_CURVE('',#3706,#3774,#1603,.T.);
#5197=EDGE_CURVE('',#3706,#3710,#2205,.T.);
#5207=EDGE_CURVE('',#3776,#3702,#1607,.T.);
#5209=EDGE_CURVE('',#3114,#3776,#1611,.T.);
#5211=EDGE_CURVE('',#3113,#3114,#1615,.T.);
#5213=EDGE_CURVE('',#3778,#3113,#1619,.T.);
#5215=EDGE_CURVE('',#3698,#3778,#1623,.T.);
#5217=EDGE_CURVE('',#3698,#3702,#2163,.T.);
#5227=EDGE_CURVE('',#3780,#3694,#1627,.T.);
#5229=EDGE_CURVE('',#3110,#3780,#1631,.T.);
#5231=EDGE_CURVE('',#3109,#3110,#1635,.T.);
#5233=EDGE_CURVE('',#3782,#3109,#1639,.T.);
#5235=EDGE_CURVE('',#3690,#3782,#1643,.T.);
#5237=EDGE_CURVE('',#3690,#3694,#2121,.T.);
#5247=EDGE_CURVE('',#3784,#3686,#1647,.T.);
#5249=EDGE_CURVE('',#3106,#3784,#1651,.T.);
#5251=EDGE_CURVE('',#3105,#3106,#1655,.T.);
#5253=EDGE_CURVE('',#3786,#3105,#1659,.T.);
#5255=EDGE_CURVE('',#3682,#3786,#1663,.T.);
#5257=EDGE_CURVE('',#3682,#3686,#2087,.T.);
#5280=EDGE_CURVE('',#3150,#3069,#1685,.T.);
#5294=EDGE_CURVE('',#3508,#3362,#1693,.T.);
#5335=EDGE_CURVE('',#3498,#3357,#1727,.T.);
#5340=EDGE_CURVE('',#3160,#3074,#1723,.T.);
#5354=EDGE_CURVE('',#3500,#3358,#1735,.T.);
#5370=EDGE_CURVE('',#3158,#3073,#1739,.T.);
#5393=EDGE_CURVE('',#3569,#3570,#1799,.T.);
#5396=EDGE_CURVE('',#3678,#3650,#1743,.T.);
#5407=EDGE_CURVE('',#3573,#3574,#1808,.T.);
#5410=EDGE_CURVE('',#3648,#3676,#1747,.T.);
#5421=EDGE_CURVE('',#3577,#3578,#2447,.T.);
#5424=EDGE_CURVE('',#3674,#3646,#1751,.T.);
#5435=EDGE_CURVE('',#3581,#3582,#2456,.T.);
#5438=EDGE_CURVE('',#3644,#3672,#1755,.T.);
#5449=EDGE_CURVE('',#3585,#3586,#2465,.T.);
#5452=EDGE_CURVE('',#3670,#3642,#1759,.T.);
#5463=EDGE_CURVE('',#3589,#3590,#2474,.T.);
#5466=EDGE_CURVE('',#3640,#3668,#1763,.T.);
#5477=EDGE_CURVE('',#3593,#3594,#2483,.T.);
#5480=EDGE_CURVE('',#3666,#3638,#1767,.T.);
#5491=EDGE_CURVE('',#3597,#3598,#2492,.T.);
#5494=EDGE_CURVE('',#3636,#3664,#1771,.T.);
#5505=EDGE_CURVE('',#3601,#3602,#2501,.T.);
#5508=EDGE_CURVE('',#3654,#3626,#1775,.T.);
#5519=EDGE_CURVE('',#3605,#3606,#2510,.T.);
#5522=EDGE_CURVE('',#3624,#3652,#1779,.T.);
#5533=EDGE_CURVE('',#3609,#3610,#2519,.T.);
#5536=EDGE_CURVE('',#3658,#3630,#1783,.T.);
#5547=EDGE_CURVE('',#3613,#3614,#2528,.T.);
#5550=EDGE_CURVE('',#3628,#3656,#1787,.T.);
#5561=EDGE_CURVE('',#3617,#3618,#2537,.T.);
#5564=EDGE_CURVE('',#3662,#3634,#1791,.T.);
#5575=EDGE_CURVE('',#3621,#3622,#2546,.T.);
#5578=EDGE_CURVE('',#3632,#3660,#1795,.T.);
#5601=EDGE_CURVE('',#3165,#3494,#1817,.T.);
#5604=EDGE_CURVE('',#3492,#3354,#1821,.T.);
#5609=EDGE_CURVE('',#3166,#3077,#1841,.T.);
#5620=EDGE_CURVE('',#3489,#3170,#1829,.T.);
#5623=EDGE_CURVE('',#3173,#3486,#1845,.T.);
#5646=EDGE_CURVE('',#3481,#3178,#1857,.T.);
#5649=EDGE_CURVE('',#3181,#3478,#1869,.T.);
#5660=EDGE_CURVE('',#3473,#3186,#1881,.T.);
#5663=EDGE_CURVE('',#3189,#3470,#1893,.T.);
#5674=EDGE_CURVE('',#3465,#3194,#1905,.T.);
#5677=EDGE_CURVE('',#3197,#3462,#1917,.T.);
#5688=EDGE_CURVE('',#3457,#3202,#1929,.T.);
#5691=EDGE_CURVE('',#3205,#3454,#1941,.T.);
#5702=EDGE_CURVE('',#3449,#3210,#1953,.T.);
#5705=EDGE_CURVE('',#3213,#3446,#1965,.T.);
#5716=EDGE_CURVE('',#3441,#3218,#1977,.T.);
#5719=EDGE_CURVE('',#2905,#2906,#1825,.T.);
#5732=EDGE_CURVE('',#3490,#3353,#1837,.T.);
#5737=EDGE_CURVE('',#3168,#3078,#1833,.T.);
#5774=EDGE_CURVE('',#3484,#3350,#1849,.T.);
#5779=EDGE_CURVE('',#3174,#3081,#1865,.T.);
#5791=EDGE_CURVE('',#3482,#3349,#1853,.T.);
#5809=EDGE_CURVE('',#3176,#3082,#1861,.T.);
#5834=EDGE_CURVE('',#3476,#3346,#1873,.T.);
#5839=EDGE_CURVE('',#3182,#3085,#1889,.T.);
#5851=EDGE_CURVE('',#3474,#3345,#1877,.T.);
#5869=EDGE_CURVE('',#3184,#3086,#1885,.T.);
#5894=EDGE_CURVE('',#3468,#3342,#1897,.T.);
#5899=EDGE_CURVE('',#3190,#3089,#1913,.T.);
#5911=EDGE_CURVE('',#3466,#3341,#1901,.T.);
#5929=EDGE_CURVE('',#3192,#3090,#1909,.T.);
#5954=EDGE_CURVE('',#3460,#3338,#1921,.T.);
#5959=EDGE_CURVE('',#3198,#3093,#1937,.T.);
#5971=EDGE_CURVE('',#3458,#3337,#1925,.T.);
#5989=EDGE_CURVE('',#3200,#3094,#1933,.T.);
#6014=EDGE_CURVE('',#3452,#3334,#1945,.T.);
#6019=EDGE_CURVE('',#3206,#3097,#1961,.T.);
#6031=EDGE_CURVE('',#3450,#3333,#1949,.T.);
#6049=EDGE_CURVE('',#3208,#3098,#1957,.T.);
#6074=EDGE_CURVE('',#3444,#3330,#1969,.T.);
#6079=EDGE_CURVE('',#3214,#3101,#1985,.T.);
#6091=EDGE_CURVE('',#3442,#3329,#1973,.T.);
#6109=EDGE_CURVE('',#3216,#3102,#1981,.T.);
#6132=EDGE_CURVE('',#3433,#3226,#1993,.T.);
#6135=EDGE_CURVE('',#3229,#3430,#2125,.T.);
#6146=EDGE_CURVE('',#3221,#3438,#2091,.T.);
#6159=EDGE_CURVE('',#3425,#3234,#2137,.T.);
#6162=EDGE_CURVE('',#3237,#3422,#2167,.T.);
#6173=EDGE_CURVE('',#3417,#3242,#2179,.T.);
#6176=EDGE_CURVE('',#3285,#3414,#2209,.T.);
#6187=EDGE_CURVE('',#3409,#3290,#2221,.T.);
#6190=EDGE_CURVE('',#3277,#3406,#2251,.T.);
#6201=EDGE_CURVE('',#3401,#3282,#2263,.T.);
#6204=EDGE_CURVE('',#3269,#3398,#2419,.T.);
#6215=EDGE_CURVE('',#3393,#3274,#2431,.T.);
#6218=EDGE_CURVE('',#3261,#3390,#2377,.T.);
#6229=EDGE_CURVE('',#3385,#3266,#2389,.T.);
#6232=EDGE_CURVE('',#3253,#3382,#2335,.T.);
#6243=EDGE_CURVE('',#3377,#3258,#2347,.T.);
#6246=EDGE_CURVE('',#3245,#3374,#2293,.T.);
#6257=EDGE_CURVE('',#3369,#3250,#2305,.T.);
#6260=EDGE_CURVE('',#2898,#2902,#1989,.T.);
#6271=EDGE_CURVE('',#3784,#3820,#2005,.T.);
#6274=EDGE_CURVE('',#3434,#3325,#2099,.T.);
#6279=EDGE_CURVE('',#3224,#3106,#1997,.T.);
#6290=EDGE_CURVE('',#3681,#3682,#2073,.T.);
#6293=EDGE_CURVE('',#3822,#3786,#2001,.T.);
#6304=EDGE_CURVE('',#3685,#3686,#2082,.T.);
#6317=EDGE_CURVE('',#3689,#3690,#2107,.T.);
#6320=EDGE_CURVE('',#3818,#3782,#2009,.T.);
#6331=EDGE_CURVE('',#3693,#3694,#2116,.T.);
#6334=EDGE_CURVE('',#3780,#3816,#2013,.T.);
#6345=EDGE_CURVE('',#3697,#3698,#2149,.T.);
#6348=EDGE_CURVE('',#3814,#3778,#2017,.T.);
#6359=EDGE_CURVE('',#3701,#3702,#2158,.T.);
#6362=EDGE_CURVE('',#3776,#3812,#2021,.T.);
#6373=EDGE_CURVE('',#3705,#3706,#2191,.T.);
#6376=EDGE_CURVE('',#3810,#3774,#2025,.T.);
#6387=EDGE_CURVE('',#3709,#3710,#2200,.T.);
#6390=EDGE_CURVE('',#3772,#3808,#2029,.T.);
#6401=EDGE_CURVE('',#3713,#3714,#2233,.T.);
#6404=EDGE_CURVE('',#3806,#3770,#2033,.T.);
#6415=EDGE_CURVE('',#3717,#3718,#2242,.T.);
#6418=EDGE_CURVE('',#3768,#3804,#2037,.T.);
#6429=EDGE_CURVE('',#3721,#3722,#2275,.T.);
#6432=EDGE_CURVE('',#3790,#3754,#2041,.T.);
#6443=EDGE_CURVE('',#3725,#3726,#2284,.T.);
#6446=EDGE_CURVE('',#3752,#3788,#2045,.T.);
#6457=EDGE_CURVE('',#3729,#3730,#2317,.T.);
#6460=EDGE_CURVE('',#3794,#3758,#2049,.T.);
#6471=EDGE_CURVE('',#3733,#3734,#2326,.T.);
#6474=EDGE_CURVE('',#3756,#3792,#2053,.T.);
#6485=EDGE_CURVE('',#3737,#3738,#2359,.T.);
#6488=EDGE_CURVE('',#3798,#3762,#2057,.T.);
#6499=EDGE_CURVE('',#3741,#3742,#2368,.T.);
#6502=EDGE_CURVE('',#3760,#3796,#2061,.T.);
#6513=EDGE_CURVE('',#3745,#3746,#2401,.T.);
#6516=EDGE_CURVE('',#3802,#3766,#2065,.T.);
#6527=EDGE_CURVE('',#3749,#3750,#2410,.T.);
#6530=EDGE_CURVE('',#3764,#3800,#2069,.T.);
#6555=EDGE_CURVE('',#3436,#3326,#2095,.T.);
#6560=EDGE_CURVE('',#3222,#3105,#2103,.T.);
#6609=EDGE_CURVE('',#3428,#3322,#2129,.T.);
#6614=EDGE_CURVE('',#3230,#3109,#2145,.T.);
#6626=EDGE_CURVE('',#3426,#3321,#2133,.T.);
#6644=EDGE_CURVE('',#3232,#3110,#2141,.T.);
#6681=EDGE_CURVE('',#3420,#3318,#2171,.T.);
#6686=EDGE_CURVE('',#3238,#3113,#2187,.T.);
#6698=EDGE_CURVE('',#3418,#3317,#2175,.T.);
#6716=EDGE_CURVE('',#3240,#3114,#2183,.T.);
#6753=EDGE_CURVE('',#3412,#3314,#2213,.T.);
#6758=EDGE_CURVE('',#3286,#3137,#2229,.T.);
#6770=EDGE_CURVE('',#3410,#3313,#2217,.T.);
#6788=EDGE_CURVE('',#3288,#3138,#2225,.T.);
#6825=EDGE_CURVE('',#3404,#3310,#2255,.T.);
#6830=EDGE_CURVE('',#3278,#3133,#2271,.T.);
#6842=EDGE_CURVE('',#3402,#3309,#2259,.T.);
#6860=EDGE_CURVE('',#3280,#3134,#2267,.T.);
#6897=EDGE_CURVE('',#3372,#3294,#2297,.T.);
#6902=EDGE_CURVE('',#3246,#3117,#2313,.T.);
#6914=EDGE_CURVE('',#3370,#3293,#2301,.T.);
#6932=EDGE_CURVE('',#3248,#3118,#2309,.T.);
#6969=EDGE_CURVE('',#3380,#3298,#2339,.T.);
#6974=EDGE_CURVE('',#3254,#3121,#2355,.T.);
#6986=EDGE_CURVE('',#3378,#3297,#2343,.T.);
#7004=EDGE_CURVE('',#3256,#3122,#2351,.T.);
#7041=EDGE_CURVE('',#3388,#3302,#2381,.T.);
#7046=EDGE_CURVE('',#3262,#3125,#2397,.T.);
#7058=EDGE_CURVE('',#3386,#3301,#2385,.T.);
#7076=EDGE_CURVE('',#3264,#3126,#2393,.T.);
#7113=EDGE_CURVE('',#3396,#3306,#2423,.T.);
#7118=EDGE_CURVE('',#3270,#3129,#2439,.T.);
#7130=EDGE_CURVE('',#3394,#3305,#2427,.T.);
#7148=EDGE_CURVE('',#3272,#3130,#2435,.T.);
#7256=EDGE_CURVE('',#3032,#2929,#2555,.T.);
#7258=EDGE_CURVE('',#3032,#3036,#2559,.T.);
#7260=EDGE_CURVE('',#3036,#2930,#2563,.T.);
#7271=EDGE_CURVE('',#3030,#3050,#2580,.T.);
#7273=EDGE_CURVE('',#3030,#3032,#2568,.T.);
#7285=EDGE_CURVE('',#3049,#3024,#2572,.T.);
#7287=EDGE_CURVE('',#3024,#3030,#2576,.T.);
#7299=EDGE_CURVE('',#3046,#3023,#2597,.T.);
#7301=EDGE_CURVE('',#3023,#3024,#2585,.T.);
#7313=EDGE_CURVE('',#3044,#2941,#2589,.T.);
#7315=EDGE_CURVE('',#3044,#3023,#2593,.T.);
#7319=EDGE_CURVE('',#3003,#2944,#2695,.T.);
#7321=EDGE_CURVE('',#3003,#2996,#2601,.T.);
#7323=EDGE_CURVE('',#2996,#2991,#2807,.T.);
#7325=EDGE_CURVE('',#2999,#2991,#2799,.T.);
#7327=EDGE_CURVE('',#2942,#2999,#2699,.T.);
#7338=EDGE_CURVE('',#3042,#2938,#2618,.T.);
#7340=EDGE_CURVE('',#3042,#3044,#2606,.T.);
#7352=EDGE_CURVE('',#3038,#2933,#2610,.T.);
#7354=EDGE_CURVE('',#3038,#3042,#2614,.T.);
#7358=EDGE_CURVE('',#3019,#2937,#2719,.T.);
#7360=EDGE_CURVE('',#3019,#3007,#2622,.T.);
#7362=EDGE_CURVE('',#3007,#3008,#2779,.T.);
#7364=EDGE_CURVE('',#3015,#3008,#2775,.T.);
#7366=EDGE_CURVE('',#2934,#3015,#2723,.T.);
#7378=EDGE_CURVE('',#3036,#3038,#2627,.T.);
#7390=EDGE_CURVE('',#3034,#3036,#2632,.T.);
#7392=EDGE_CURVE('',#3034,#3038,#2683,.T.);
#7402=EDGE_CURVE('',#3028,#3034,#2653,.T.);
#7406=EDGE_CURVE('',#3028,#3032,#2637,.T.);
#7416=EDGE_CURVE('',#3027,#3028,#2641,.T.);
#7418=EDGE_CURVE('',#3040,#3027,#2645,.T.);
#7420=EDGE_CURVE('',#3034,#3040,#2649,.T.);
#7432=EDGE_CURVE('',#3028,#3030,#2663,.T.);
#7435=EDGE_CURVE('',#3027,#3024,#2658,.T.);
#7457=EDGE_CURVE('',#3027,#3023,#2668,.T.);
#7471=EDGE_CURVE('',#3040,#3044,#2673,.T.);
#7482=EDGE_CURVE('',#3040,#3042,#2678,.T.);
#7506=EDGE_CURVE('',#2946,#3004,#2687,.T.);
#7508=EDGE_CURVE('',#3003,#3004,#2691,.T.);
#7519=EDGE_CURVE('',#2948,#2942,#2828,.T.);
#7522=EDGE_CURVE('',#2999,#3000,#2703,.T.);
#7524=EDGE_CURVE('',#3000,#2948,#2707,.T.);
#7534=EDGE_CURVE('',#2937,#3056,#2841,.T.);
#7536=EDGE_CURVE('',#3056,#3020,#2711,.T.);
#7538=EDGE_CURVE('',#3019,#3020,#2715,.T.);
#7549=EDGE_CURVE('',#3059,#2934,#2854,.T.);
#7552=EDGE_CURVE('',#3015,#3016,#2727,.T.);
#7554=EDGE_CURVE('',#3016,#3059,#2731,.T.);
#7565=EDGE_CURVE('',#2983,#3052,#2735,.T.);
#7567=EDGE_CURVE('',#2983,#2984,#2759,.T.);
#7569=EDGE_CURVE('',#2984,#3054,#2751,.T.);
#7573=EDGE_CURVE('',#3000,#2992,#2739,.T.);
#7575=EDGE_CURVE('',#2992,#2994,#2815,.T.);
#7577=EDGE_CURVE('',#3004,#2994,#2819,.T.);
#7589=EDGE_CURVE('',#2988,#3062,#2743,.T.);
#7591=EDGE_CURVE('',#2988,#2983,#2763,.T.);
#7603=EDGE_CURVE('',#2986,#3060,#2747,.T.);
#7605=EDGE_CURVE('',#2986,#2988,#2767,.T.);
#7618=EDGE_CURVE('',#2984,#2986,#2771,.T.);
#7623=EDGE_CURVE('',#3016,#3010,#2755,.T.);
#7625=EDGE_CURVE('',#3010,#3012,#2787,.T.);
#7627=EDGE_CURVE('',#3020,#3012,#2795,.T.);
#7652=EDGE_CURVE('',#3008,#3010,#2791,.T.);
#7664=EDGE_CURVE('',#3012,#3007,#2783,.T.);
#7690=EDGE_CURVE('',#2991,#2992,#2803,.T.);
#7703=EDGE_CURVE('',#2994,#2996,#2811,.T.);
#7727=EDGE_CURVE('',#2922,#2916,#2823,.T.);
#7730=EDGE_CURVE('',#2925,#2918,#2836,.T.);
#7768=EDGE_CURVE('',#2980,#2967,#2845,.T.);
#7771=EDGE_CURVE('',#2975,#2968,#2862,.T.);
#7785=EDGE_CURVE('',#2979,#2972,#2849,.T.);
#7797=EDGE_CURVE('',#2976,#2970,#2858,.T.);
#7823=EDGE_CURVE('',#2951,#2958,#2866,.T.);
#7825=EDGE_CURVE('',#2958,#2960,#2882,.T.);
#7827=EDGE_CURVE('',#2952,#2960,#2878,.T.);
#7838=EDGE_CURVE('',#2956,#2964,#2870,.T.);
#7840=EDGE_CURVE('',#2964,#2958,#2886,.T.);
#7852=EDGE_CURVE('',#2954,#2962,#2874,.T.);
#7854=EDGE_CURVE('',#2962,#2964,#2890,.T.);
#7867=EDGE_CURVE('',#2960,#2962,#2894,.T.);
#7887=(LENGTH_UNIT()NAMED_UNIT(*)SI_UNIT(.MILLI.,.METRE.));
#7889=(NAMED_UNIT(*)PLANE_ANGLE_UNIT()SI_UNIT($,.RADIAN.));
#7892=(NAMED_UNIT(*)SI_UNIT($,.STERADIAN.)SOLID_ANGLE_UNIT());
#7895=ADVANCED_BREP_SHAPE_REPRESENTATION('',(#7886),#7894);
#7902=PRODUCT_DEFINITION('design','',#7901,#7898);
#7903=PRODUCT_DEFINITION_SHAPE('','SHAPE FOR PCB.',#7902);
#7904=SHAPE_DEFINITION_REPRESENTATION(#7903,#7895);
ENDSEC;
END-ISO-10303-21;
