ISO-10303-21;
HEADER;
FILE_DESCRIPTION (( 'STEP AP214' ),
    '1' );
FILE_NAME ('120591-1.STEP',
    '2025-06-10T06:29:27',
    ( '' ),
    ( '' ),
    'SwSTEP 2.0',
    'SolidWorks 2021',
    '' );
FILE_SCHEMA (( 'AUTOMOTIVE_DESIGN' ));
ENDSEC;

DATA;
#1 = ADVANCED_FACE ( 'NONE', ( #1677 ), #1173, .F. ) ;
#2 = ORIENTED_EDGE ( 'NONE', *, *, #5775, .T. ) ;
#3 = DIRECTION ( 'NONE',  ( 1.000000000000000000, 0.000000000000000000, 8.106184467181343480E-16 ) ) ;
#4 = DIRECTION ( 'NONE',  ( -1.000000000000000000, 3.977264022323940376E-16, 0.000000000000000000 ) ) ;
#5 = LINE ( 'NONE', #2210, #3277 ) ;
#6 = CARTESIAN_POINT ( 'NONE',  ( -11.23799999999999955, 2.130000000000000782, -0.7619999999999953477 ) ) ;
#7 = DIRECTION ( 'NONE',  ( 0.000000000000000000, 0.000000000000000000, 1.000000000000000000 ) ) ;
#8 = ORIENTED_EDGE ( 'NONE', *, *, #6823, .T. ) ;
#9 = LINE ( 'NONE', #2214, #2573 ) ;
#10 = ADVANCED_FACE ( 'NONE', ( #4959 ), #3846, .T. ) ;
#11 = ORIENTED_EDGE ( 'NONE', *, *, #3893, .T. ) ;
#12 = FACE_BOUND ( 'NONE', #6378, .T. ) ;
#13 = FACE_OUTER_BOUND ( 'NONE', #6316, .T. ) ;
#14 = FACE_OUTER_BOUND ( 'NONE', #740, .T. ) ;
#15 = EDGE_CURVE ( 'NONE', #5887, #3849, #3278, .T. ) ;
#16 = DIRECTION ( 'NONE',  ( -0.000000000000000000, -1.000000000000000000, 0.000000000000000000 ) ) ;
#17 = ORIENTED_EDGE ( 'NONE', *, *, #3102, .F. ) ;
#18 = CARTESIAN_POINT ( 'NONE',  ( 1.230000000000000204, 1.780000000000000693, 5.204170427930421283E-15 ) ) ;
#19 = ORIENTED_EDGE ( 'NONE', *, *, #6305, .F. ) ;
#20 = ORIENTED_EDGE ( 'NONE', *, *, #4467, .F. ) ;
#21 = DIRECTION ( 'NONE',  ( -0.000000000000000000, -1.000000000000000000, 0.000000000000000000 ) ) ;
#22 = DIRECTION ( 'NONE',  ( -1.000000000000000000, -1.891443042342280741E-15, 8.106184467181345452E-16 ) ) ;
#23 = DIRECTION ( 'NONE',  ( 1.000000000000000000, -3.286955199289085105E-16, -0.000000000000000000 ) ) ;
#25 = ORIENTED_EDGE ( 'NONE', *, *, #4234, .F. ) ;
#24 = DIRECTION ( 'NONE',  ( 0.000000000000000000, 1.000000000000000000, -0.000000000000000000 ) ) ;
#26 = ORIENTED_EDGE ( 'NONE', *, *, #3096, .F. ) ;
#27 = PLANE ( 'NONE',  #1954 ) ;
#28 = CARTESIAN_POINT ( 'NONE',  ( 9.250000000000001776, 1.600000000000000755, 1.900000000000000577 ) ) ;
#29 = DIRECTION ( 'NONE',  ( 0.000000000000000000, 0.9191450300180553645, 0.3939192985791735158 ) ) ;
#30 = AXIS2_PLACEMENT_3D ( 'NONE', #6563, #6028, #1093 ) ;
#31 = VERTEX_POINT ( 'NONE', #2846 ) ;
#32 = DIRECTION ( 'NONE',  ( 0.000000000000000000, 0.000000000000000000, 1.000000000000000000 ) ) ;
#33 = ORIENTED_EDGE ( 'NONE', *, *, #4639, .F. ) ;
#34 = VECTOR ( 'NONE', #2511, 1000.000000000000000 ) ;
#35 = LINE ( 'NONE', #3908, #2375 ) ;
#36 = LINE ( 'NONE', #6631, #311 ) ;
#37 = EDGE_CURVE ( 'NONE', #3481, #5916, #1889, .T. ) ;
#38 = CARTESIAN_POINT ( 'NONE',  ( 13.40240000000000542, -0.2999999999999873324, -0.007085511171399969804 ) ) ;
#39 = EDGE_CURVE ( 'NONE', #5356, #387, #2264, .T. ) ;
#40 = DIRECTION ( 'NONE',  ( 0.000000000000000000, 1.000000000000000000, 0.000000000000000000 ) ) ;
#41 = VERTEX_POINT ( 'NONE', #3389 ) ;
#42 = CARTESIAN_POINT ( 'NONE',  ( -13.15000000000000036, 2.130000000000000782, -1.424999999999995159 ) ) ;
#43 = AXIS2_PLACEMENT_3D ( 'NONE', #3134, #1470, #5869 ) ;
#44 = AXIS2_PLACEMENT_3D ( 'NONE', #3125, #6989, #3195 ) ;
#45 = VECTOR ( 'NONE', #4186, 1000.000000000000000 ) ;
#46 = ORIENTED_EDGE ( 'NONE', *, *, #6353, .F. ) ;
#47 = ADVANCED_FACE ( 'NONE', ( #5580 ), #643, .F. ) ;
#48 = AXIS2_PLACEMENT_3D ( 'NONE', #1133, #2802, #4450 ) ;
#49 = CARTESIAN_POINT ( 'NONE',  ( 4.674049973841272632, 3.294534569904111976, -1.147954685115623041 ) ) ;
#50 = CARTESIAN_POINT ( 'NONE',  ( -9.650000000000000355, 2.280000000000000693, -1.874999999999995559 ) ) ;
#51 = DIRECTION ( 'NONE',  ( -0.000000000000000000, 1.000000000000000000, -0.000000000000000000 ) ) ;
#52 = DIRECTION ( 'NONE',  ( 0.000000000000000000, 0.000000000000000000, 1.000000000000000000 ) ) ;
#53 = EDGE_CURVE ( 'NONE', #1316, #6358, #163, .T. ) ;
#54 = ORIENTED_EDGE ( 'NONE', *, *, #219, .T. ) ;
#55 = CARTESIAN_POINT ( 'NONE',  ( 12.58000000000000007, -3.299999999999996714, -1.900000000000002354 ) ) ;
#56 = CIRCLE ( 'NONE', #644, 1.020000000000000018 ) ;
#57 = VERTEX_POINT ( 'NONE', #746 ) ;
#58 = EDGE_CURVE ( 'NONE', #6389, #2551, #5322, .T. ) ;
#59 = ORIENTED_EDGE ( 'NONE', *, *, #1598, .F. ) ;
#60 = CARTESIAN_POINT ( 'NONE',  ( 8.704020783462596000, 5.179199999999999804, 6.858860596204999993 ) ) ;
#61 = CARTESIAN_POINT ( 'NONE',  ( -6.400000000000000355, 1.665000000000000702, -1.599999999999994982 ) ) ;
#62 = CARTESIAN_POINT ( 'NONE',  ( 3.110000000000002984, 1.780000000000000693, -1.900000000000001021 ) ) ;
#63 = CIRCLE ( 'NONE', #2720, 0.3810000000000000608 ) ;
#64 = FACE_OUTER_BOUND ( 'NONE', #2848, .T. ) ;
#66 = ORIENTED_EDGE ( 'NONE', *, *, #6566, .T. ) ;
#65 = PLANE ( 'NONE',  #690 ) ;
#67 = AXIS2_PLACEMENT_3D ( 'NONE', #5918, #5414, #981 ) ;
#68 = VERTEX_POINT ( 'NONE', #1213 ) ;
#69 = DIRECTION ( 'NONE',  ( 0.000000000000000000, 1.000000000000000000, 0.000000000000000000 ) ) ;
#70 = LINE ( 'NONE', #4969, #1730 ) ;
#71 = DIRECTION ( 'NONE',  ( -3.286955199289085105E-16, -1.000000000000000000, 0.000000000000000000 ) ) ;
#72 = VECTOR ( 'NONE', #6976, 1000.000000000000000 ) ;
#73 = UNCERTAINTY_MEASURE_WITH_UNIT (LENGTH_MEASURE( 1.000000000000000082E-05 ), #1294, 'distance_accuracy_value', 'NONE');
#74 = ORIENTED_EDGE ( 'NONE', *, *, #4458, .T. ) ;
#75 = DIRECTION ( 'NONE',  ( 0.000000000000000000, 0.000000000000000000, -1.000000000000000000 ) ) ;
#76 = EDGE_LOOP ( 'NONE', ( #4601, #6704, #3991, #1532 ) ) ;
#77 = CARTESIAN_POINT ( 'NONE',  ( -4.250000000000000000, 1.877200000000000646, -9.524999999999998579 ) ) ;
#78 = DIRECTION ( 'NONE',  ( 0.9271838545667888676, -0.3746065934159082400, 1.445602896647336944E-15 ) ) ;
#79 = CYLINDRICAL_SURFACE ( 'NONE', #1782, 0.7600000000000001199 ) ;
#80 = CARTESIAN_POINT ( 'NONE',  ( 1.230000000000000204, 1.780000000000000693, -5.204170427930421283E-15 ) ) ;
#81 = ORIENTED_EDGE ( 'NONE', *, *, #1506, .T. ) ;
#82 = DIRECTION ( 'NONE',  ( 0.000000000000000000, 0.000000000000000000, -1.000000000000000000 ) ) ;
#83 = ORIENTED_EDGE ( 'NONE', *, *, #3983, .T. ) ;
#84 = ADVANCED_FACE ( 'NONE', ( #5142 ), #6144, .T. ) ;
#85 = DIRECTION ( 'NONE',  ( 0.000000000000000000, 0.000000000000000000, 1.000000000000000000 ) ) ;
#86 = CARTESIAN_POINT ( 'NONE',  ( 9.605903242727681146, 5.255337990269910442, 4.746124827704643501 ) ) ;
#87 = DIRECTION ( 'NONE',  ( 0.000000000000000000, 1.000000000000000000, 0.000000000000000000 ) ) ;
#88 = CARTESIAN_POINT ( 'NONE',  ( 9.250000000000001776, 1.280000000000001359, 1.900000000000000577 ) ) ;
#89 = ORIENTED_EDGE ( 'NONE', *, *, #1416, .T. ) ;
#90 = CARTESIAN_POINT ( 'NONE',  ( 1.230000000000000204, 1.877200000000000646, 5.204170427930421283E-15 ) ) ;
#91 = ADVANCED_FACE ( 'NONE', ( #4067 ), #4564, .T. ) ;
#92 = ORIENTED_EDGE ( 'NONE', *, *, #528, .F. ) ;
#93 = EDGE_CURVE ( 'NONE', #5944, #5229, #679, .T. ) ;
#94 = AXIS2_PLACEMENT_3D ( 'NONE', #1043, #7081, #2202 ) ;
#95 = CARTESIAN_POINT ( 'NONE',  ( 1.230000000000000204, 6.500000000000000888, -5.204170427930421283E-15 ) ) ;
#96 = CARTESIAN_POINT ( 'NONE',  ( -13.15000000000000036, 0.3800000000000001155, -1.779999999999998028 ) ) ;
#97 = DIRECTION ( 'NONE',  ( -0.000000000000000000, -0.000000000000000000, 1.000000000000000000 ) ) ;
#98 = LINE ( 'NONE', #1723, #2434 ) ;
#100 = ORIENTED_EDGE ( 'NONE', *, *, #6004, .F. ) ;
#99 = FACE_OUTER_BOUND ( 'NONE', #6846, .T. ) ;
#101 = EDGE_CURVE ( 'NONE', #580, #6443, #5182, .T. ) ;
#102 = VECTOR ( 'NONE', #2534, 1000.000000000000000 ) ;
#103 = EDGE_CURVE ( 'NONE', #6067, #3209, #6715, .T. ) ;
#104 = ORIENTED_EDGE ( 'NONE', *, *, #4268, .F. ) ;
#105 = FACE_OUTER_BOUND ( 'NONE', #5800, .T. ) ;
#106 = CIRCLE ( 'NONE', #4143, 9.849999999999997868 ) ;
#107 = AXIS2_PLACEMENT_3D ( 'NONE', #4931, #1801, #1118 ) ;
#108 = CARTESIAN_POINT ( 'NONE',  ( 11.27983273990924395, 2.339187290722939849, 5.231611787952944681 ) ) ;
#109 = DIRECTION ( 'NONE',  ( -0.000000000000000000, 1.000000000000000000, -0.000000000000000000 ) ) ;
#110 = DIRECTION ( 'NONE',  ( 1.000000000000000000, 0.000000000000000000, 0.000000000000000000 ) ) ;
#111 = ORIENTED_EDGE ( 'NONE', *, *, #2409, .T. ) ;
#112 = PLANE ( 'NONE',  #1652 ) ;
#113 = AXIS2_PLACEMENT_3D ( 'NONE', #28, #1580, #4935 ) ;
#114 = ORIENTED_EDGE ( 'NONE', *, *, #3194, .T. ) ;
#115 = FACE_OUTER_BOUND ( 'NONE', #6153, .T. ) ;
#116 = AXIS2_PLACEMENT_3D ( 'NONE', #6337, #391, #5838 ) ;
#117 = FACE_OUTER_BOUND ( 'NONE', #2131, .T. ) ;
#118 = CARTESIAN_POINT ( 'NONE',  ( -3.937814305403076531, 1.918136595853532356, 8.629725504487787191 ) ) ;
#119 = CARTESIAN_POINT ( 'NONE',  ( -6.500000000000000888, 1.780000000000000693, -0.7999999999999948264 ) ) ;
#120 = ORIENTED_EDGE ( 'NONE', *, *, #3184, .T. ) ;
#121 = CARTESIAN_POINT ( 'NONE',  ( -10.55742020121451397, 6.500000000000000888, 3.684999999999993836 ) ) ;
#122 = ORIENTED_EDGE ( 'NONE', *, *, #6295, .F. ) ;
#123 = LINE ( 'NONE', #3424, #5468 ) ;
#124 = CARTESIAN_POINT ( 'NONE',  ( 6.594497594954197517, 5.255337990269913107, 8.016768633032956615 ) ) ;
#125 = CARTESIAN_POINT ( 'NONE',  ( -13.15000000000000036, 0.3800000000000001155, 1.780000000000002247 ) ) ;
#126 = CARTESIAN_POINT ( 'NONE',  ( -9.650000000000000355, 5.030000000000000249, 1.874999999999995559 ) ) ;
#127 = EDGE_LOOP ( 'NONE', ( #6242, #922, #4128, #3446 ) ) ;
#128 = PLANE ( 'NONE',  #6362 ) ;
#129 = EDGE_CURVE ( 'NONE', #2599, #4696, #5460, .T. ) ;
#130 = ORIENTED_EDGE ( 'NONE', *, *, #236, .T. ) ;
#131 = PLANE ( 'NONE',  #5582 ) ;
#132 = FACE_BOUND ( 'NONE', #653, .T. ) ;
#133 = ADVANCED_FACE ( 'NONE', ( #244 ), #2449, .F. ) ;
#134 = CARTESIAN_POINT ( 'NONE',  ( 13.59500000000000419, -2.299999999999987832, 0.2000000000000005107 ) ) ;
#135 = LINE ( 'NONE', #172, #336 ) ;
#136 = VERTEX_POINT ( 'NONE', #6821 ) ;
#137 = ADVANCED_FACE ( 'NONE', ( #5721 ), #3496, .T. ) ;
#138 = EDGE_CURVE ( 'NONE', #5257, #5720, #4105, .T. ) ;
#139 = VERTEX_POINT ( 'NONE', #5214 ) ;
#140 = ADVANCED_FACE ( 'NONE', ( #272 ), #128, .T. ) ;
#141 = CARTESIAN_POINT ( 'NONE',  ( 7.555855525484991730, 5.179199999999999804, -7.822285655171796748 ) ) ;
#142 = FACE_BOUND ( 'NONE', #5172, .T. ) ;
#144 = FACE_OUTER_BOUND ( 'NONE', #4537, .T. ) ;
#143 = DIRECTION ( 'NONE',  ( -0.4617486132350351880, 0.000000000000000000, 0.8870108331782210476 ) ) ;
#145 = EDGE_CURVE ( 'NONE', #5141, #5303, #4673, .T. ) ;
#146 = ORIENTED_EDGE ( 'NONE', *, *, #2600, .T. ) ;
#147 = FACE_OUTER_BOUND ( 'NONE', #3290, .T. ) ;
#148 = ORIENTED_EDGE ( 'NONE', *, *, #2921, .T. ) ;
#149 = EDGE_CURVE ( 'NONE', #1271, #5730, #2917, .T. ) ;
#150 = DIRECTION ( 'NONE',  ( -0.8870108331782210476, 0.000000000000000000, 0.4617486132350351880 ) ) ;
#151 = CARTESIAN_POINT ( 'NONE',  ( -4.079932657619766090, 2.050950102829641075, -8.543012622015050184 ) ) ;
#152 = DIRECTION ( 'NONE',  ( -0.000000000000000000, 0.000000000000000000, 1.000000000000000000 ) ) ;
#153 = CARTESIAN_POINT ( 'NONE',  ( 7.284303324584026740, 5.255337990269911330, -7.486470137986121820 ) ) ;
#154 = ORIENTED_EDGE ( 'NONE', *, *, #1119, .F. ) ;
#155 = CARTESIAN_POINT ( 'NONE',  ( 13.59500000000000419, -2.600000000000008527, -0.4050000000000016920 ) ) ;
#156 = AXIS2_PLACEMENT_3D ( 'NONE', #4260, #6447, #1517 ) ;
#157 = ORIENTED_EDGE ( 'NONE', *, *, #1327, .F. ) ;
#158 = LINE ( 'NONE', #2368, #1660 ) ;
#159 = CARTESIAN_POINT ( 'NONE',  ( 9.180713141060143911, 5.255337990269995707, 5.431252693856430724 ) ) ;
#160 = CARTESIAN_POINT ( 'NONE',  ( 13.44500000000000384, -3.299999999999995826, 0.1050000000000020084 ) ) ;
#161 = VECTOR ( 'NONE', #2391, 1000.000000000000000 ) ;
#162 = DIRECTION ( 'NONE',  ( 0.000000000000000000, 0.000000000000000000, -1.000000000000000000 ) ) ;
#163 = CIRCLE ( 'NONE', #2238, 0.7873999999999997668 ) ;
#164 = ORIENTED_EDGE ( 'NONE', *, *, #1011, .F. ) ;
#165 = CARTESIAN_POINT ( 'NONE',  ( 9.292948119243549243, 5.255337990269911330, -5.263141456775872307 ) ) ;
#166 = EDGE_LOOP ( 'NONE', ( #415, #5421, #5723, #3108 ) ) ;
#167 = AXIS2_PLACEMENT_3D ( 'NONE', #5263, #759, #2424 ) ;
#168 = CIRCLE ( 'NONE', #2947, 9.999999999999998224 ) ;
#169 = CARTESIAN_POINT ( 'NONE',  ( 4.236884534604473451, 3.280299003502751276, 0.9569143895785540144 ) ) ;
#170 = DIRECTION ( 'NONE',  ( -0.000000000000000000, -0.000000000000000000, 1.000000000000000000 ) ) ;
#171 = DIRECTION ( 'NONE',  ( 3.286955199289085105E-16, 1.000000000000000000, 0.000000000000000000 ) ) ;
#172 = CARTESIAN_POINT ( 'NONE',  ( 13.65000000000000036, 6.500000000000000888, 3.174999999999994049 ) ) ;
#173 = ORIENTED_EDGE ( 'NONE', *, *, #4207, .T. ) ;
#174 = AXIS2_PLACEMENT_3D ( 'NONE', #3839, #2294, #4488 ) ;
#175 = ORIENTED_EDGE ( 'NONE', *, *, #3885, .F. ) ;
#176 = CIRCLE ( 'NONE', #867, 0.7873999999999997668 ) ;
#177 = DIRECTION ( 'NONE',  ( 1.000000000000000000, 0.000000000000000000, 0.000000000000000000 ) ) ;
#178 = ADVANCED_FACE ( 'NONE', ( #6896 ), #3056, .T. ) ;
#179 = CARTESIAN_POINT ( 'NONE',  ( 1.230000000000000204, 0.3800000000000000044, 9.524999999999998579 ) ) ;
#181 = ORIENTED_EDGE ( 'NONE', *, *, #3966, .T. ) ;
#180 = DIRECTION ( 'NONE',  ( 0.000000000000000000, 0.000000000000000000, -1.000000000000000000 ) ) ;
#182 = DIRECTION ( 'NONE',  ( -1.742467777208846130E-16, 0.000000000000000000, -1.000000000000000000 ) ) ;
#183 = CIRCLE ( 'NONE', #5481, 0.007085511171399470204 ) ;
#184 = EDGE_CURVE ( 'NONE', #995, #1658, #6034, .T. ) ;
#185 = ORIENTED_EDGE ( 'NONE', *, *, #546, .F. ) ;
#186 = ADVANCED_FACE ( 'NONE', ( #6863 ), #5314, .F. ) ;
#187 = CIRCLE ( 'NONE', #988, 0.4999999999999995004 ) ;
#188 = LINE ( 'NONE', #3554, #4666 ) ;
#189 = CARTESIAN_POINT ( 'NONE',  ( -13.32499999999999574, 1.830000000000003402, -0.9250000000000001554 ) ) ;
#190 = DIRECTION ( 'NONE',  ( 1.000000000000000000, 0.000000000000000000, -1.493467077894566109E-16 ) ) ;
#191 = CARTESIAN_POINT ( 'NONE',  ( 6.733202033115826879, 5.255337990269988602, -7.912247349472467661 ) ) ;
#192 = ORIENTED_EDGE ( 'NONE', *, *, #6794, .F. ) ;
#193 = FACE_OUTER_BOUND ( 'NONE', #6911, .T. ) ;
#194 = EDGE_CURVE ( 'NONE', #4171, #4772, #446, .T. ) ;
#195 = EDGE_CURVE ( 'NONE', #1974, #2963, #379, .T. ) ;
#196 = VECTOR ( 'NONE', #5565, 1000.000000000000000 ) ;
#197 = ORIENTED_EDGE ( 'NONE', *, *, #3891, .F. ) ;
#198 = EDGE_LOOP ( 'NONE', ( #2225, #5790, #4861, #2323 ) ) ;
#199 = DIRECTION ( 'NONE',  ( 0.000000000000000000, 0.000000000000000000, -1.000000000000000000 ) ) ;
#200 = LINE ( 'NONE', #1708, #1264 ) ;
#201 = DIRECTION ( 'NONE',  ( 0.000000000000000000, 0.000000000000000000, -1.000000000000000000 ) ) ;
#202 = DIRECTION ( 'NONE',  ( 0.000000000000000000, -1.000000000000000000, -0.000000000000000000 ) ) ;
#203 = ORIENTED_EDGE ( 'NONE', *, *, #7123, .F. ) ;
#204 = CARTESIAN_POINT ( 'NONE',  ( 7.727009489204066384, 5.255337990269911330, -7.114995514799065113 ) ) ;
#205 = ORIENTED_EDGE ( 'NONE', *, *, #6746, .F. ) ;
#206 = CARTESIAN_POINT ( 'NONE',  ( 4.494779218756091765, 3.458371453494654357, 0.8521946352945498626 ) ) ;
#207 = PLANE ( 'NONE',  #3467 ) ;
#208 = DIRECTION ( 'NONE',  ( -1.000000000000000000, -0.000000000000000000, -0.000000000000000000 ) ) ;
#209 = LINE ( 'NONE', #6117, #3360 ) ;
#210 = ORIENTED_EDGE ( 'NONE', *, *, #359, .F. ) ;
#211 = VECTOR ( 'NONE', #426, 999.9999999999998863 ) ;
#212 = VERTEX_POINT ( 'NONE', #5854 ) ;
#213 = FACE_OUTER_BOUND ( 'NONE', #2439, .T. ) ;
#214 = LINE ( 'NONE', #2319, #6099 ) ;
#215 = VECTOR ( 'NONE', #2033, 1000.000000000000000 ) ;
#217 = ORIENTED_EDGE ( 'NONE', *, *, #1103, .F. ) ;
#216 = CARTESIAN_POINT ( 'NONE',  ( -13.28239999999999910, -2.299999999999986944, 1.270000000000000906 ) ) ;
#218 = LINE ( 'NONE', #3942, #161 ) ;
#219 = EDGE_CURVE ( 'NONE', #2109, #5759, #1491, .T. ) ;
#220 = VECTOR ( 'NONE', #1137, 1000.000000000000000 ) ;
#221 = VECTOR ( 'NONE', #5000, 1000.000000000000000 ) ;
#222 = ORIENTED_EDGE ( 'NONE', *, *, #5341, .F. ) ;
#223 = CARTESIAN_POINT ( 'NONE',  ( -13.17259999999999565, 1.977600000000000469, -8.545133036385903935 ) ) ;
#224 = EDGE_CURVE ( 'NONE', #5303, #3398, #4203, .T. ) ;
#225 = FACE_OUTER_BOUND ( 'NONE', #5547, .T. ) ;
#226 = DIRECTION ( 'NONE',  ( -0.9271838545667894227, 0.3746065934159070188, 0.000000000000000000 ) ) ;
#227 = VECTOR ( 'NONE', #6679, 1000.000000000000000 ) ;
#228 = CARTESIAN_POINT ( 'NONE',  ( 9.750279935292137878, 5.255337990269954851, -4.481776953258796325 ) ) ;
#229 = AXIS2_PLACEMENT_3D ( 'NONE', #5353, #417, #991 ) ;
#230 = ORIENTED_EDGE ( 'NONE', *, *, #4321, .F. ) ;
#231 = CARTESIAN_POINT ( 'NONE',  ( 9.250000000000001776, 1.600000000000000755, -13.65917520938231178 ) ) ;
#232 = EDGE_CURVE ( 'NONE', #4079, #2366, #5506, .T. ) ;
#233 = EDGE_LOOP ( 'NONE', ( #2373, #5444 ) ) ;
#234 = ADVANCED_BREP_SHAPE_REPRESENTATION ( '120591-1', ( #1307, #6182, #3805, #5592 ), #398 ) ;
#235 = VECTOR ( 'NONE', #3509, 1000.000000000000000 ) ;
#236 = EDGE_CURVE ( 'NONE', #4045, #476, #2652, .T. ) ;
#237 = CARTESIAN_POINT ( 'NONE',  ( -12.81499999999999595, 2.280000000000000693, 1.274999999999995692 ) ) ;
#238 = CARTESIAN_POINT ( 'NONE',  ( -10.55742020121451397, 6.500000000000000888, -3.684999999999993836 ) ) ;
#239 = ADVANCED_FACE ( 'NONE', ( #2617 ), #6325, .F. ) ;
#240 = DIRECTION ( 'NONE',  ( -0.000000000000000000, -1.000000000000000000, -0.000000000000000000 ) ) ;
#241 = DIRECTION ( 'NONE',  ( 0.000000000000000000, -0.000000000000000000, -1.000000000000000000 ) ) ;
#242 = FACE_OUTER_BOUND ( 'NONE', #1265, .T. ) ;
#243 = ORIENTED_EDGE ( 'NONE', *, *, #2839, .T. ) ;
#244 = FACE_OUTER_BOUND ( 'NONE', #6356, .T. ) ;
#245 = EDGE_CURVE ( 'NONE', #6074, #5827, #5283, .T. ) ;
#246 = ORIENTED_EDGE ( 'NONE', *, *, #4281, .T. ) ;
#247 = EDGE_CURVE ( 'NONE', #2996, #5152, #1457, .T. ) ;
#248 = CARTESIAN_POINT ( 'NONE',  ( 13.26900000000000190, 1.129999999999999893, 0.5079999999999949001 ) ) ;
#249 = DIRECTION ( 'NONE',  ( 1.000000000000000000, 0.000000000000000000, 1.355252715606880543E-16 ) ) ;
#250 = CYLINDRICAL_SURFACE ( 'NONE', #6733, 1.020000000000000018 ) ;
#251 = LINE ( 'NONE', #1179, #4250 ) ;
#252 = ORIENTED_EDGE ( 'NONE', *, *, #4193, .T. ) ;
#253 = ORIENTED_EDGE ( 'NONE', *, *, #6086, .T. ) ;
#254 = CARTESIAN_POINT ( 'NONE',  ( 0.000000000000000000, 2.130000000000000782, 0.000000000000000000 ) ) ;
#255 = LINE ( 'NONE', #3970, #921 ) ;
#256 = ORIENTED_EDGE ( 'NONE', *, *, #5028, .F. ) ;
#257 = FACE_OUTER_BOUND ( 'NONE', #773, .T. ) ;
#258 = ORIENTED_EDGE ( 'NONE', *, *, #3712, .F. ) ;
#259 = CARTESIAN_POINT ( 'NONE',  ( -7.451302353909807330, 5.179199999999999804, 5.079999999999996518 ) ) ;
#260 = CARTESIAN_POINT ( 'NONE',  ( -3.677603559416528167, 1.797469991048113558, -8.780498278080061780 ) ) ;
#261 = FACE_OUTER_BOUND ( 'NONE', #3826, .T. ) ;
#262 = EDGE_LOOP ( 'NONE', ( #2726, #4058, #985, #2171, #329, #5094, #868, #2269 ) ) ;
#263 = DIRECTION ( 'NONE',  ( -0.7071067811865514585, 0.000000000000000000, -0.7071067811865435759 ) ) ;
#264 = ORIENTED_EDGE ( 'NONE', *, *, #3932, .T. ) ;
#265 = CARTESIAN_POINT ( 'NONE',  ( -4.250000000000000888, 5.179199999999999804, 8.434513060040865540 ) ) ;
#266 = EDGE_CURVE ( 'NONE', #4885, #5050, #310, .T. ) ;
#267 = CARTESIAN_POINT ( 'NONE',  ( -6.500000000000000888, 3.666054381999832579, 0.7999999999999948264 ) ) ;
#268 = DIRECTION ( 'NONE',  ( 1.000000000000000000, -3.286955199289085105E-16, -0.000000000000000000 ) ) ;
#269 = CYLINDRICAL_SURFACE ( 'NONE', #2310, 0.7620000000000011209 ) ;
#270 = CARTESIAN_POINT ( 'NONE',  ( 10.15190976443981974, 2.439580982986770064, 4.644452251363274442 ) ) ;
#271 = ORIENTED_EDGE ( 'NONE', *, *, #3194, .F. ) ;
#272 = FACE_OUTER_BOUND ( 'NONE', #4937, .T. ) ;
#273 = AXIS2_PLACEMENT_3D ( 'NONE', #5881, #2543, #909 ) ;
#274 = EDGE_CURVE ( 'NONE', #3381, #5053, #4267, .T. ) ;
#275 = ORIENTED_EDGE ( 'NONE', *, *, #1591, .T. ) ;
#276 = VECTOR ( 'NONE', #2648, 1000.000000000000000 ) ;
#277 = CARTESIAN_POINT ( 'NONE',  ( 4.903650697941815295, 3.155306196347412939, 1.061129556046413347 ) ) ;
#278 = EDGE_CURVE ( 'NONE', #349, #2626, #2120, .T. ) ;
#279 = FACE_OUTER_BOUND ( 'NONE', #5275, .T. ) ;
#280 = CARTESIAN_POINT ( 'NONE',  ( 13.40240000000000542, -2.299999999999987832, 0.007085511171399983682 ) ) ;
#281 = DIRECTION ( 'NONE',  ( -0.000000000000000000, 1.000000000000000000, -0.000000000000000000 ) ) ;
#282 = ORIENTED_EDGE ( 'NONE', *, *, #6983, .T. ) ;
#283 = EDGE_CURVE ( 'NONE', #2090, #4886, #3730, .T. ) ;
#284 = CIRCLE ( 'NONE', #859, 0.7873999999999997668 ) ;
#285 = VECTOR ( 'NONE', #4804, 1000.000000000000114 ) ;
#286 = VECTOR ( 'NONE', #3450, 1000.000000000000000 ) ;
#287 = ORIENTED_EDGE ( 'NONE', *, *, #4504, .F. ) ;
#288 = DIRECTION ( 'NONE',  ( 0.000000000000000000, 0.000000000000000000, 1.000000000000000000 ) ) ;
#289 = AXIS2_PLACEMENT_3D ( 'NONE', #4842, #6929, #2101 ) ;
#290 = DIRECTION ( 'NONE',  ( -0.000000000000000000, -1.000000000000000000, -0.000000000000000000 ) ) ;
#292 = ORIENTED_EDGE ( 'NONE', *, *, #2392, .F. ) ;
#291 = DIRECTION ( 'NONE',  ( 3.286955199289085105E-16, 1.000000000000000000, 0.000000000000000000 ) ) ;
#293 = AXIS2_PLACEMENT_3D ( 'NONE', #6343, #496, #1574 ) ;
#294 = ORIENTED_EDGE ( 'NONE', *, *, #129, .T. ) ;
#295 = ORIENTED_EDGE ( 'NONE', *, *, #4068, .T. ) ;
#296 = CARTESIAN_POINT ( 'NONE',  ( -13.32499999999999574, 0.4299999999999999378, -0.5650000000000000577 ) ) ;
#297 = CARTESIAN_POINT ( 'NONE',  ( 8.857477254755183438, 1.251678154257257036, 0.1498572332372787863 ) ) ;
#298 = AXIS2_PLACEMENT_3D ( 'NONE', #1685, #3435, #7107 ) ;
#299 = CARTESIAN_POINT ( 'NONE',  ( 0.2622504916441100176, 1.877200000000000646, -0.5037785072377347628 ) ) ;
#300 = EDGE_LOOP ( 'NONE', ( #5062, #4465, #4577, #861 ) ) ;
#301 = CARTESIAN_POINT ( 'NONE',  ( 13.14200000000000124, -11.92504368135278803, 3.175000000000009148 ) ) ;
#302 = ORIENTED_EDGE ( 'NONE', *, *, #4607, .F. ) ;
#303 = AXIS2_PLACEMENT_3D ( 'NONE', #2548, #6415, #3152 ) ;
#304 = DIRECTION ( 'NONE',  ( -1.000000000000000000, 0.000000000000000000, 1.742467777208846130E-16 ) ) ;
#305 = DIRECTION ( 'NONE',  ( 0.000000000000000000, -1.000000000000000000, 0.000000000000000000 ) ) ;
#306 = CARTESIAN_POINT ( 'NONE',  ( -13.15000000000000036, 5.180000000000000604, -1.424999999999994049 ) ) ;
#307 = DIRECTION ( 'NONE',  ( 1.000000000000000000, 0.000000000000000000, -6.851198562309674036E-17 ) ) ;
#308 = DIRECTION ( 'NONE',  ( 0.000000000000000000, 0.000000000000000000, 1.000000000000000000 ) ) ;
#309 = ORIENTED_EDGE ( 'NONE', *, *, #1410, .T. ) ;
#310 = LINE ( 'NONE', #1421, #4304 ) ;
#311 = VECTOR ( 'NONE', #1700, 1000.000000000000000 ) ;
#312 = ADVANCED_FACE ( 'NONE', ( #920 ), #4706, .F. ) ;
#313 = ORIENTED_EDGE ( 'NONE', *, *, #1056, .F. ) ;
#314 = CARTESIAN_POINT ( 'NONE',  ( -13.28239999999999732, 0.5500000000000131450, -1.262914488828601467 ) ) ;
#315 = CARTESIAN_POINT ( 'NONE',  ( -13.65000000000000213, 1.480000000000001315, -1.675000000000000044 ) ) ;
#316 = DIRECTION ( 'NONE',  ( -1.000000000000000000, 3.286955199289085105E-16, 0.000000000000000000 ) ) ;
#317 = CARTESIAN_POINT ( 'NONE',  ( -3.532500000000000195, -2.227103518025149054, 5.080000000000005400 ) ) ;
#318 = ADVANCED_FACE ( 'NONE', ( #883, #4741 ), #6927, .T. ) ;
#319 = ORIENTED_EDGE ( 'NONE', *, *, #6735, .F. ) ;
#320 = EDGE_CURVE ( 'NONE', #2551, #5144, #6488, .T. ) ;
#321 = EDGE_LOOP ( 'NONE', ( #2075, #2632, #5300, #1706 ) ) ;
#322 = CARTESIAN_POINT ( 'NONE',  ( 0.2622504916441100176, 6.500000000000000888, 0.5037785072377347628 ) ) ;
#323 = ADVANCED_FACE ( 'NONE', ( #483 ), #5570, .T. ) ;
#324 = PLANE ( 'NONE',  #3115 ) ;
#325 = EDGE_CURVE ( 'NONE', #5383, #4155, #4182, .T. ) ;
#327 = VERTEX_POINT ( 'NONE', #3874 ) ;
#326 = DIRECTION ( 'NONE',  ( 0.000000000000000000, 0.000000000000000000, 1.000000000000000000 ) ) ;
#328 = CIRCLE ( 'NONE', #1581, 0.007085511171399470204 ) ;
#329 = ORIENTED_EDGE ( 'NONE', *, *, #5739, .T. ) ;
#330 = AXIS2_PLACEMENT_3D ( 'NONE', #7008, #1650, #6050 ) ;
#331 = FACE_OUTER_BOUND ( 'NONE', #1175, .T. ) ;
#332 = DIRECTION ( 'NONE',  ( 0.000000000000000000, 0.000000000000000000, 1.000000000000000000 ) ) ;
#333 = CARTESIAN_POINT ( 'NONE',  ( -13.32499999999999751, -2.600000000000000089, 0.8649999999999999911 ) ) ;
#334 = ORIENTED_EDGE ( 'NONE', *, *, #716, .T. ) ;
#335 = DIRECTION ( 'NONE',  ( 3.286955199289085105E-16, 1.000000000000000000, 0.000000000000000000 ) ) ;
#336 = VECTOR ( 'NONE', #2381, 1000.000000000000000 ) ;
#337 = CIRCLE ( 'NONE', #567, 0.2726000000000000090 ) ;
#338 = ORIENTED_EDGE ( 'NONE', *, *, #4675, .F. ) ;
#339 = CARTESIAN_POINT ( 'NONE',  ( 9.250000000000001776, 1.130000000000001448, -13.65917520938231178 ) ) ;
#340 = CIRCLE ( 'NONE', #7109, 0.4999999999999995004 ) ;
#341 = CARTESIAN_POINT ( 'NONE',  ( -13.47499999999999964, -3.299999999999986944, 1.375000000000001998 ) ) ;
#342 = AXIS2_PLACEMENT_3D ( 'NONE', #4609, #4039, #609 ) ;
#343 = CARTESIAN_POINT ( 'NONE',  ( 9.250000000000001776, 1.600000000000000755, -1.900000000000000577 ) ) ;
#344 = CARTESIAN_POINT ( 'NONE',  ( -13.65000000000000036, 0.3800000000000000044, 2.664999999999993374 ) ) ;
#345 = DIRECTION ( 'NONE',  ( -1.000000000000000000, -0.000000000000000000, 0.000000000000000000 ) ) ;
#346 = VERTEX_POINT ( 'NONE', #3232 ) ;
#347 = DIRECTION ( 'NONE',  ( -1.000000000000000000, 3.286955199289085598E-16, -0.000000000000000000 ) ) ;
#348 = AXIS2_PLACEMENT_3D ( 'NONE', #6457, #5962, #2623 ) ;
#349 = VERTEX_POINT ( 'NONE', #4377 ) ;
#350 = CARTESIAN_POINT ( 'NONE',  ( 4.316786624489405533, 3.248016463690199362, -1.165647475203959171 ) ) ;
#351 = CARTESIAN_POINT ( 'NONE',  ( 9.250000000000001776, 1.280000000000001359, 1.900000000000000577 ) ) ;
#352 = CARTESIAN_POINT ( 'NONE',  ( -13.65000000000000213, 1.480000000000001315, 1.675000000000000044 ) ) ;
#353 = DIRECTION ( 'NONE',  ( -0.000000000000000000, 1.000000000000000000, -0.000000000000000000 ) ) ;
#354 = CIRCLE ( 'NONE', #3355, 0.2000000000000000944 ) ;
#355 = ORIENTED_EDGE ( 'NONE', *, *, #3010, .T. ) ;
#356 = EDGE_CURVE ( 'NONE', #5654, #4705, #3771, .T. ) ;
#357 = ORIENTED_EDGE ( 'NONE', *, *, #1459, .T. ) ;
#358 = DIRECTION ( 'NONE',  ( 0.000000000000000000, 0.000000000000000000, -1.000000000000000000 ) ) ;
#359 = EDGE_CURVE ( 'NONE', #1479, #3356, #4864, .T. ) ;
#360 = DIRECTION ( 'NONE',  ( -0.000000000000000000, 0.000000000000000000, 1.000000000000000000 ) ) ;
#361 = EDGE_CURVE ( 'NONE', #3274, #555, #2351, .T. ) ;
#363 = ORIENTED_EDGE ( 'NONE', *, *, #5026, .T. ) ;
#362 = LINE ( 'NONE', #2563, #2170 ) ;
#364 = EDGE_CURVE ( 'NONE', #730, #4134, #7092, .T. ) ;
#365 = EDGE_CURVE ( 'NONE', #1641, #4904, #3266, .T. ) ;
#366 = EDGE_LOOP ( 'NONE', ( #4437, #3390, #1881, #2979 ) ) ;
#367 = EDGE_CURVE ( 'NONE', #2909, #3017, #4752, .T. ) ;
#368 = DIRECTION ( 'NONE',  ( -1.000000000000000000, -0.000000000000000000, -6.851198562309674036E-17 ) ) ;
#369 = DIRECTION ( 'NONE',  ( 1.936075308009829170E-17, 0.000000000000000000, -1.000000000000000000 ) ) ;
#370 = ORIENTED_EDGE ( 'NONE', *, *, #365, .F. ) ;
#371 = DIRECTION ( 'NONE',  ( -0.3746065934159063526, -0.9271838545667897558, -0.000000000000000000 ) ) ;
#372 = EDGE_CURVE ( 'NONE', #995, #4012, #5419, .T. ) ;
#373 = ORIENTED_EDGE ( 'NONE', *, *, #3996, .T. ) ;
#374 = FACE_OUTER_BOUND ( 'NONE', #5109, .T. ) ;
#375 = FACE_OUTER_BOUND ( 'NONE', #166, .T. ) ;
#376 = CARTESIAN_POINT ( 'NONE',  ( 8.913668243767567390, 1.390755732442274351, -0.1498572332372787863 ) ) ;
#377 = DIRECTION ( 'NONE',  ( -0.000000000000000000, 1.000000000000000000, -0.000000000000000000 ) ) ;
#378 = ORIENTED_EDGE ( 'NONE', *, *, #633, .F. ) ;
#379 = LINE ( 'NONE', #2519, #4089 ) ;
#380 = ORIENTED_EDGE ( 'NONE', *, *, #2484, .T. ) ;
#381 = CARTESIAN_POINT ( 'NONE',  ( 8.900743007849118982, 5.179199999999701376, -6.520006839280296340 ) ) ;
#382 = FACE_OUTER_BOUND ( 'NONE', #2231, .T. ) ;
#383 = CARTESIAN_POINT ( 'NONE',  ( 13.14200000000000124, 1.130000000000000782, -3.175000000000009148 ) ) ;
#384 = AXIS2_PLACEMENT_3D ( 'NONE', #3638, #3667, #5825 ) ;
#385 = LINE ( 'NONE', #1393, #4481 ) ;
#386 = VERTEX_POINT ( 'NONE', #5454 ) ;
#387 = VERTEX_POINT ( 'NONE', #4911 ) ;
#388 = VECTOR ( 'NONE', #6024, 1000.000000000000000 ) ;
#389 = ORIENTED_EDGE ( 'NONE', *, *, #2790, .F. ) ;
#390 = CARTESIAN_POINT ( 'NONE',  ( 0.1395998524947442421, 2.540000000000000480, 0.1171381847407421267 ) ) ;
#391 = DIRECTION ( 'NONE',  ( -0.000000000000000000, 1.000000000000000000, 0.000000000000000000 ) ) ;
#393 = VERTEX_POINT ( 'NONE', #3345 ) ;
#392 = CARTESIAN_POINT ( 'NONE',  ( -11.23799999999999955, 2.799999999999997158, 0.7620000000000057838 ) ) ;
#394 = CIRCLE ( 'NONE', #4875, 0.7599999999999997868 ) ;
#395 = EDGE_CURVE ( 'NONE', #2776, #2864, #1130, .T. ) ;
#396 = EDGE_LOOP ( 'NONE', ( #629, #4107, #5006, #783 ) ) ;
#397 = VECTOR ( 'NONE', #951, 1000.000000000000000 ) ;
#398 =( GEOMETRIC_REPRESENTATION_CONTEXT ( 3 ) GLOBAL_UNCERTAINTY_ASSIGNED_CONTEXT ( ( #2241 ) ) GLOBAL_UNIT_ASSIGNED_CONTEXT ( ( #1188, #3370, #3903 ) ) REPRESENTATION_CONTEXT ( 'NONE', 'WORKASPACE' ) );
#399 = CARTESIAN_POINT ( 'NONE',  ( -13.65000000000000036, -3.299999999999986944, 1.375000000000001998 ) ) ;
#400 = PLANE ( 'NONE',  #4770 ) ;
#401 = ORIENTED_EDGE ( 'NONE', *, *, #2126, .T. ) ;
#402 = ADVANCED_FACE ( 'NONE', ( #3836 ), #2764, .T. ) ;
#403 = CARTESIAN_POINT ( 'NONE',  ( -9.650000000000000355, 5.030000000000000249, -1.274999999999994804 ) ) ;
#404 = VECTOR ( 'NONE', #4549, 1000.000000000000000 ) ;
#405 = EDGE_CURVE ( 'NONE', #1534, #346, #9, .T. ) ;
#406 = ORIENTED_EDGE ( 'NONE', *, *, #3454, .T. ) ;
#407 = CARTESIAN_POINT ( 'NONE',  ( -3.532500000000000195, 0.000000000000000000, -5.079999999999994742 ) ) ;
#408 = DIRECTION ( 'NONE',  ( 0.000000000000000000, 1.000000000000000000, -0.000000000000000000 ) ) ;
#409 = EDGE_CURVE ( 'NONE', #3758, #5660, #6597, .T. ) ;
#410 = LINE ( 'NONE', #7056, #4763 ) ;
#411 = LINE ( 'NONE', #4265, #3571 ) ;
#412 = ORIENTED_EDGE ( 'NONE', *, *, #3935, .F. ) ;
#413 = DIRECTION ( 'NONE',  ( -1.742467777208846130E-16, 0.000000000000000000, 1.000000000000000000 ) ) ;
#414 = VECTOR ( 'NONE', #6817, 1000.000000000000114 ) ;
#415 = ORIENTED_EDGE ( 'NONE', *, *, #6421, .F. ) ;
#416 = CARTESIAN_POINT ( 'NONE',  ( 7.365411559137652553, 6.500000000000000888, -9.524999999999998579 ) ) ;
#417 = DIRECTION ( 'NONE',  ( 0.000000000000000000, 1.000000000000000000, 0.000000000000000000 ) ) ;
#418 = DIRECTION ( 'NONE',  ( -0.000000000000000000, -0.000000000000000000, 1.000000000000000000 ) ) ;
#419 = AXIS2_PLACEMENT_3D ( 'NONE', #5776, #7011, #332 ) ;
#420 = CARTESIAN_POINT ( 'NONE',  ( -13.28239999999999732, 0.5500000000000132561, 1.277085511171400345 ) ) ;
#421 = ORIENTED_EDGE ( 'NONE', *, *, #4163, .F. ) ;
#422 = ORIENTED_EDGE ( 'NONE', *, *, #6432, .T. ) ;
#423 = EDGE_LOOP ( 'NONE', ( #2145, #2529, #5620, #1411 ) ) ;
#424 = VERTEX_POINT ( 'NONE', #42 ) ;
#425 = CARTESIAN_POINT ( 'NONE',  ( -13.15000000000000036, 0.3800000000000001155, 1.779999999999998028 ) ) ;
#427 = ORIENTED_EDGE ( 'NONE', *, *, #39, .F. ) ;
#426 = DIRECTION ( 'NONE',  ( 3.021188535318570096E-16, 0.9191450300180553645, 0.3939192985791735158 ) ) ;
#428 = VERTEX_POINT ( 'NONE', #2253 ) ;
#429 = PLANE ( 'NONE',  #5610 ) ;
#430 = CARTESIAN_POINT ( 'NONE',  ( 4.236884534604473451, 3.280299003502751276, -0.9569143895785540144 ) ) ;
#431 = EDGE_CURVE ( 'NONE', #3588, #2432, #4446, .T. ) ;
#432 = ORIENTED_EDGE ( 'NONE', *, *, #6964, .F. ) ;
#433 = DIRECTION ( 'NONE',  ( -0.000000000000000000, -0.000000000000000000, 1.000000000000000000 ) ) ;
#434 = AXIS2_PLACEMENT_3D ( 'NONE', #5803, #6303, #6405 ) ;
#435 = ORIENTED_EDGE ( 'NONE', *, *, #6643, .F. ) ;
#436 = ADVANCED_FACE ( 'NONE', ( #2099 ), #4077, .T. ) ;
#437 = DIRECTION ( 'NONE',  ( 0.000000000000000000, 1.000000000000000000, 0.000000000000000000 ) ) ;
#438 = PLANE ( 'NONE',  #6737 ) ;
#439 = ADVANCED_FACE ( 'NONE', ( #3382 ), #1299, .T. ) ;
#440 = LINE ( 'NONE', #5631, #276 ) ;
#441 = LINE ( 'NONE', #1629, #1890 ) ;
#442 = EDGE_CURVE ( 'NONE', #529, #6716, #2291, .T. ) ;
#443 = CARTESIAN_POINT ( 'NONE',  ( -4.250000000000007994, 6.500000000000000888, 3.380404891954844825E-15 ) ) ;
#444 = VECTOR ( 'NONE', #498, 1000.000000000000000 ) ;
#445 = ORIENTED_EDGE ( 'NONE', *, *, #6441, .T. ) ;
#446 = LINE ( 'NONE', #2001, #1761 ) ;
#447 = EDGE_LOOP ( 'NONE', ( #1034, #1004, #2000, #2625 ) ) ;
#448 = ADVANCED_FACE ( 'NONE', ( #193 ), #5022, .F. ) ;
#449 = AXIS2_PLACEMENT_3D ( 'NONE', #6686, #2995, #651 ) ;
#450 = CIRCLE ( 'NONE', #2179, 0.4699999999999999178 ) ;
#451 = ADVANCED_FACE ( 'NONE', ( #5676 ), #3989, .T. ) ;
#452 = CARTESIAN_POINT ( 'NONE',  ( 4.316786624489401980, 3.248016463690201139, -0.5387417953851387775 ) ) ;
#453 = LINE ( 'NONE', #4413, #1149 ) ;
#454 = DIRECTION ( 'NONE',  ( -0.3746065934159063526, -0.9271838545667898668, 0.000000000000000000 ) ) ;
#455 = DIRECTION ( 'NONE',  ( -1.000000000000000000, 0.000000000000000000, -6.851198562309674036E-17 ) ) ;
#456 = EDGE_CURVE ( 'NONE', #4863, #6636, #4588, .T. ) ;
#457 = ORIENTED_EDGE ( 'NONE', *, *, #5211, .F. ) ;
#458 = EDGE_LOOP ( 'NONE', ( #5931, #3474, #3816, #6862 ) ) ;
#459 = VECTOR ( 'NONE', #3021, 1000.000000000000000 ) ;
#460 = VECTOR ( 'NONE', #601, 1000.000000000000000 ) ;
#461 = VERTEX_POINT ( 'NONE', #738 ) ;
#462 = ADVANCED_FACE ( 'NONE', ( #4627 ), #3950, .T. ) ;
#463 = VERTEX_POINT ( 'NONE', #3522 ) ;
#464 = DIRECTION ( 'NONE',  ( 0.3746065934159064081, 0.9271838545667897558, 0.000000000000000000 ) ) ;
#465 = AXIS2_PLACEMENT_3D ( 'NONE', #497, #6617, #611 ) ;
#466 = DIRECTION ( 'NONE',  ( 1.000000000000000000, 0.000000000000000000, 1.121235145219832696E-16 ) ) ;
#467 = LINE ( 'NONE', #5939, #5070 ) ;
#469 = EDGE_LOOP ( 'NONE', ( #5121, #2199, #6611, #5670, #4266 ) ) ;
#468 = LINE ( 'NONE', #2157, #5170 ) ;
#470 = ORIENTED_EDGE ( 'NONE', *, *, #6222, .T. ) ;
#471 = CARTESIAN_POINT ( 'NONE',  ( -13.28239999999999732, 0.5500000000000132561, -1.277085511171400345 ) ) ;
#472 = DIRECTION ( 'NONE',  ( -1.000000000000000000, 0.000000000000000000, 0.000000000000000000 ) ) ;
#473 = CARTESIAN_POINT ( 'NONE',  ( 5.930000000000018368, 1.780000000000000693, 9.525000000000003908 ) ) ;
#474 = ORIENTED_EDGE ( 'NONE', *, *, #3096, .T. ) ;
#475 = CARTESIAN_POINT ( 'NONE',  ( 13.65000000000000036, 1.130000000000000782, -3.174999999999995826 ) ) ;
#476 = VERTEX_POINT ( 'NONE', #5132 ) ;
#477 = FACE_OUTER_BOUND ( 'NONE', #3741, .T. ) ;
#478 = DIRECTION ( 'NONE',  ( 0.000000000000000000, 1.000000000000000000, 0.000000000000000000 ) ) ;
#479 = CARTESIAN_POINT ( 'NONE',  ( 9.800806032063539064, 5.248987658920769128, 4.461679221721134958 ) ) ;
#480 = CARTESIAN_POINT ( 'NONE',  ( -9.251967164181534642, 2.280000000000000693, 1.665071770334923817 ) ) ;
#481 = CARTESIAN_POINT ( 'NONE',  ( 12.58000000000000007, -3.299999999999996714, -0.4049999999999999711 ) ) ;
#482 = EDGE_LOOP ( 'NONE', ( #3068, #1344, #5735, #6959 ) ) ;
#483 = FACE_OUTER_BOUND ( 'NONE', #839, .T. ) ;
#484 = VERTEX_POINT ( 'NONE', #774 ) ;
#485 = EDGE_CURVE ( 'NONE', #2872, #2290, #3453, .T. ) ;
#486 = CARTESIAN_POINT ( 'NONE',  ( 4.978631618257905345, 2.980613728770026061, -0.8521946352945493075 ) ) ;
#487 = LINE ( 'NONE', #1528, #4036 ) ;
#488 = DIRECTION ( 'NONE',  ( -1.000000000000000000, 3.286955199289085105E-16, 0.000000000000000000 ) ) ;
#489 = ORIENTED_EDGE ( 'NONE', *, *, #395, .T. ) ;
#490 = ORIENTED_EDGE ( 'NONE', *, *, #4974, .F. ) ;
#491 = VERTEX_POINT ( 'NONE', #1853 ) ;
#492 = EDGE_CURVE ( 'NONE', #6007, #4298, #2402, .T. ) ;
#493 = ORIENTED_EDGE ( 'NONE', *, *, #5252, .T. ) ;
#494 = AXIS2_PLACEMENT_3D ( 'NONE', #1865, #4637, #3532 ) ;
#495 = DIRECTION ( 'NONE',  ( 0.9243140908165016212, -0.3734471335988389651, -0.07861742761547847735 ) ) ;
#496 = DIRECTION ( 'NONE',  ( -0.000000000000000000, 1.000000000000000000, -0.000000000000000000 ) ) ;
#497 = CARTESIAN_POINT ( 'NONE',  ( 13.65000000000000036, 6.500000000000000888, -3.175000000000005596 ) ) ;
#499 = ORIENTED_EDGE ( 'NONE', *, *, #6315, .F. ) ;
#498 = DIRECTION ( 'NONE',  ( 0.000000000000000000, 0.000000000000000000, -1.000000000000000000 ) ) ;
#500 = EDGE_CURVE ( 'NONE', #6716, #5306, #5093, .T. ) ;
#501 = VECTOR ( 'NONE', #5997, 1000.000000000000000 ) ;
#502 = ORIENTED_EDGE ( 'NONE', *, *, #3475, .T. ) ;
#503 = AXIS2_PLACEMENT_3D ( 'NONE', #5950, #2717, #32 ) ;
#504 = CARTESIAN_POINT ( 'NONE',  ( -13.47499999999999787, -2.299999999999986944, -1.270000000000000906 ) ) ;
#505 = CARTESIAN_POINT ( 'NONE',  ( 13.40240000000000542, -0.2999999999999873324, 0.007085511171399388672 ) ) ;
#506 = CARTESIAN_POINT ( 'NONE',  ( 10.15190976443981974, 1.877200000000000646, -4.644452251363272666 ) ) ;
#507 = VERTEX_POINT ( 'NONE', #5744 ) ;
#508 = CARTESIAN_POINT ( 'NONE',  ( 7.094738775679740428, 1.780000000000000693, 8.171673613956837556 ) ) ;
#509 = AXIS2_PLACEMENT_3D ( 'NONE', #3294, #1007, #3215 ) ;
#510 = ORIENTED_EDGE ( 'NONE', *, *, #5118, .T. ) ;
#511 = DIRECTION ( 'NONE',  ( 0.7071067811865472397, 0.000000000000000000, -0.7071067811865479058 ) ) ;
#512 = B_SPLINE_CURVE_WITH_KNOTS ( 'NONE', 3,
 ( #6652, #270, #2815, #847, #3933, #6286, #4600, #2312 ),
 .UNSPECIFIED., .F., .F.,
 ( 4, 2, 2, 4 ),
 ( 4.336808689942017736E-19, 0.0002969815703601263513, 0.0005939631407202522690, 0.001187926281440504104 ),
 .UNSPECIFIED. ) ;
#513 = CARTESIAN_POINT ( 'NONE',  ( 11.88634618593554926, 0.3800000000000000044, -3.848530364372464430 ) ) ;
#514 = CIRCLE ( 'NONE', #6723, 0.2725999999999995649 ) ;
#515 = DIRECTION ( 'NONE',  ( 0.000000000000000000, 0.000000000000000000, 1.000000000000000000 ) ) ;
#516 = DIRECTION ( 'NONE',  ( 0.8845174129299223642, 0.000000000000000000, -0.4665071770334913714 ) ) ;
#517 = LINE ( 'NONE', #1745, #1601 ) ;
#518 = ORIENTED_EDGE ( 'NONE', *, *, #2834, .F. ) ;
#519 = DIRECTION ( 'NONE',  ( 0.000000000000000000, 1.000000000000000000, 0.000000000000000000 ) ) ;
#520 = ORIENTED_EDGE ( 'NONE', *, *, #4084, .F. ) ;
#521 = CARTESIAN_POINT ( 'NONE',  ( 4.980272008114184246, 3.028083704691638900, -0.7823141873963935788 ) ) ;
#522 = PLANE ( 'NONE',  #4148 ) ;
#523 = PLANE ( 'NONE',  #1222 ) ;
#524 = DIRECTION ( 'NONE',  ( 0.000000000000000000, 1.000000000000000000, 0.000000000000000000 ) ) ;
#525 = VERTEX_POINT ( 'NONE', #6780 ) ;
#526 = ORIENTED_EDGE ( 'NONE', *, *, #283, .T. ) ;
#527 = VECTOR ( 'NONE', #4140, 1000.000000000000000 ) ;
#528 = EDGE_CURVE ( 'NONE', #5685, #4060, #4057, .T. ) ;
#529 = VERTEX_POINT ( 'NONE', #708 ) ;
#530 = VERTEX_POINT ( 'NONE', #155 ) ;
#531 = AXIS2_PLACEMENT_3D ( 'NONE', #4063, #4101, #1787 ) ;
#532 = LINE ( 'NONE', #1647, #6262 ) ;
#533 = ADVANCED_FACE ( 'NONE', ( #5609 ), #6243, .F. ) ;
#534 = CARTESIAN_POINT ( 'NONE',  ( -13.47499999999999787, 1.830000000000003402, 0.9250000000000000444 ) ) ;
#535 = DIRECTION ( 'NONE',  ( 1.000000000000000000, 0.000000000000000000, 0.000000000000000000 ) ) ;
#537 = ORIENTED_EDGE ( 'NONE', *, *, #500, .T. ) ;
#536 = CARTESIAN_POINT ( 'NONE',  ( -9.583884281761978485, 0.3800000000000000044, 3.380651821862342032 ) ) ;
#538 = ADVANCED_FACE ( 'NONE', ( #6812 ), #6173, .F. ) ;
#539 = AXIS2_PLACEMENT_3D ( 'NONE', #399, #2508, #834 ) ;
#540 = ORIENTED_EDGE ( 'NONE', *, *, #4539, .F. ) ;
#541 = ADVANCED_FACE ( 'NONE', ( #1887 ), #1343, .F. ) ;
#542 = CARTESIAN_POINT ( 'NONE',  ( -9.650000000000000355, 2.130000000000000782, -0.9250000000000004885 ) ) ;
#543 = DIRECTION ( 'NONE',  ( -0.000000000000000000, 1.000000000000000000, -0.000000000000000000 ) ) ;
#544 = DIRECTION ( 'NONE',  ( 0.000000000000000000, 0.000000000000000000, 1.000000000000000000 ) ) ;
#545 = CARTESIAN_POINT ( 'NONE',  ( 4.236884534604473451, 3.280299003502751276, -0.8521946352945493075 ) ) ;
#546 = EDGE_CURVE ( 'NONE', #1919, #4145, #5684, .T. ) ;
#547 = EDGE_LOOP ( 'NONE', ( #646, #5743, #3142, #6453 ) ) ;
#548 = CARTESIAN_POINT ( 'NONE',  ( -9.583884281761978485, 0.3800000000000000044, -3.380651821862342032 ) ) ;
#549 = EDGE_LOOP ( 'NONE', ( #6673, #6707, #363, #203 ) ) ;
#550 = CARTESIAN_POINT ( 'NONE',  ( -7.451302353909807330, -8.552339098412836904, -5.079999999999996518 ) ) ;
#551 = CARTESIAN_POINT ( 'NONE',  ( 7.695414893271073531, 5.179199999999975823, 7.705181426667935263 ) ) ;
#552 = FACE_OUTER_BOUND ( 'NONE', #3388, .T. ) ;
#553 = DIRECTION ( 'NONE',  ( 0.000000000000000000, 1.000000000000000000, 0.000000000000000000 ) ) ;
#554 = CARTESIAN_POINT ( 'NONE',  ( 13.65000000000000036, 0.3800000000000000044, -0.5079999999999949001 ) ) ;
#555 = VERTEX_POINT ( 'NONE', #6916 ) ;
#556 = CARTESIAN_POINT ( 'NONE',  ( -9.650000000000000355, 2.280000000000000693, 1.424999999999995826 ) ) ;
#557 = VECTOR ( 'NONE', #6093, 1000.000000000000000 ) ;
#558 = ORIENTED_EDGE ( 'NONE', *, *, #1508, .T. ) ;
#559 = DIRECTION ( 'NONE',  ( 0.3746065934159063526, 0.9271838545667898668, -0.000000000000000000 ) ) ;
#560 = DIRECTION ( 'NONE',  ( 0.000000000000000000, 0.000000000000000000, 1.000000000000000000 ) ) ;
#561 = VECTOR ( 'NONE', #345, 1000.000000000000000 ) ;
#562 = LINE ( 'NONE', #2297, #5722 ) ;
#563 = CARTESIAN_POINT ( 'NONE',  ( -4.905411559137651700, 6.500000000000000888, 9.524999999999998579 ) ) ;
#564 = ORIENTED_EDGE ( 'NONE', *, *, #1511, .T. ) ;
#565 = VERTEX_POINT ( 'NONE', #5815 ) ;
#566 = CIRCLE ( 'NONE', #6221, 10.05839999999999712 ) ;
#567 = AXIS2_PLACEMENT_3D ( 'NONE', #4979, #2797, #2212 ) ;
#568 = EDGE_LOOP ( 'NONE', ( #2242, #5544, #111, #2526, #537, #5853, #378, #3704, #5366, #2043 ) ) ;
#569 = ORIENTED_EDGE ( 'NONE', *, *, #2607, .F. ) ;
#570 = CARTESIAN_POINT ( 'NONE',  ( -9.799113291647698176, 2.130000000000000782, -1.424999999999994493 ) ) ;
#571 = DIRECTION ( 'NONE',  ( 0.9973374683778117866, 0.000000000000000000, -0.07292444151131517727 ) ) ;
#572 = CARTESIAN_POINT ( 'NONE',  ( 13.29260000000000375, 1.280000000000001581, -13.65917520938231178 ) ) ;
#573 = CIRCLE ( 'NONE', #4715, 0.7873999999999997668 ) ;
#574 = VECTOR ( 'NONE', #3049, 1000.000000000000000 ) ;
#576 = ORIENTED_EDGE ( 'NONE', *, *, #1367, .T. ) ;
#575 = CARTESIAN_POINT ( 'NONE',  ( -13.32499999999999574, 1.830000000000003402, 0.9250000000000001554 ) ) ;
#577 = EDGE_CURVE ( 'NONE', #4399, #1352, #1480, .T. ) ;
#578 = AXIS2_PLACEMENT_3D ( 'NONE', #5956, #7089, #5993 ) ;
#579 = VECTOR ( 'NONE', #6503, 1000.000000000000000 ) ;
#580 = VERTEX_POINT ( 'NONE', #2571 ) ;
#581 = EDGE_CURVE ( 'NONE', #5295, #5798, #874, .T. ) ;
#582 = DIRECTION ( 'NONE',  ( -1.296892550819982002E-16, -0.000000000000000000, -1.000000000000000000 ) ) ;
#583 = EDGE_CURVE ( 'NONE', #6443, #2485, #3080, .T. ) ;
#584 = CARTESIAN_POINT ( 'NONE',  ( 1.230000000000000204, 1.877200000000000646, -5.204170427930421283E-15 ) ) ;
#585 = DIRECTION ( 'NONE',  ( 0.000000000000000000, 0.9191450300180553645, -0.3939192985791735158 ) ) ;
#586 = AXIS2_PLACEMENT_3D ( 'NONE', #1834, #6152, #4005 ) ;
#587 = ORIENTED_EDGE ( 'NONE', *, *, #5780, .F. ) ;
#588 = DIRECTION ( 'NONE',  ( 0.000000000000000000, 0.000000000000000000, -1.000000000000000000 ) ) ;
#589 = EDGE_CURVE ( 'NONE', #2285, #6499, #3659, .T. ) ;
#590 = VERTEX_POINT ( 'NONE', #3014 ) ;
#591 = EDGE_CURVE ( 'NONE', #4255, #5505, #2605, .T. ) ;
#592 = LINE ( 'NONE', #77, #1326 ) ;
#593 = CARTESIAN_POINT ( 'NONE',  ( -6.300000000000000711, 1.665000000000000702, 0.7999999999999948264 ) ) ;
#594 = CARTESIAN_POINT ( 'NONE',  ( 0.1395998524947441866, 2.540000000000000480, -0.1171381847407421545 ) ) ;
#595 = DIRECTION ( 'NONE',  ( 0.000000000000000000, 0.000000000000000000, -1.000000000000000000 ) ) ;
#596 = ORIENTED_EDGE ( 'NONE', *, *, #7029, .T. ) ;
#597 = CARTESIAN_POINT ( 'NONE',  ( 7.417859203408429636, -0.5517170886363883531, -7.374403436129160383 ) ) ;
#598 = ADVANCED_FACE ( 'NONE', ( #810 ), #4161, .F. ) ;
#599 = ORIENTED_EDGE ( 'NONE', *, *, #2790, .T. ) ;
#600 = CARTESIAN_POINT ( 'NONE',  ( 4.903650697941813519, 3.155306196347414271, -0.6432597145426861562 ) ) ;
#601 = DIRECTION ( 'NONE',  ( 1.000000000000000000, 0.000000000000000000, 0.000000000000000000 ) ) ;
#602 = CARTESIAN_POINT ( 'NONE',  ( 4.316786624489405533, 3.248016463690199362, 1.165647475203959171 ) ) ;
#603 = DIRECTION ( 'NONE',  ( 0.000000000000000000, 1.000000000000000000, 0.000000000000000000 ) ) ;
#604 = ORIENTED_EDGE ( 'NONE', *, *, #5258, .T. ) ;
#605 = DIRECTION ( 'NONE',  ( 0.3746065934159063526, 0.9271838545667898668, -0.000000000000000000 ) ) ;
#606 = ORIENTED_EDGE ( 'NONE', *, *, #4371, .F. ) ;
#607 = ORIENTED_EDGE ( 'NONE', *, *, #37, .F. ) ;
#608 = FACE_OUTER_BOUND ( 'NONE', #3353, .T. ) ;
#609 = DIRECTION ( 'NONE',  ( 0.000000000000000000, 0.000000000000000000, 1.000000000000000000 ) ) ;
#610 = PLANE ( 'NONE',  #5933 ) ;
#611 = DIRECTION ( 'NONE',  ( 0.000000000000000000, 0.000000000000000000, -1.000000000000000000 ) ) ;
#613 = EDGE_LOOP ( 'NONE', ( #3617, #3742, #4408, #1956 ) ) ;
#612 = CARTESIAN_POINT ( 'NONE',  ( 7.914186808958331376, 1.780000000000000693, 9.148253751560860181 ) ) ;
#614 = ORIENTED_EDGE ( 'NONE', *, *, #6983, .F. ) ;
#615 = CARTESIAN_POINT ( 'NONE',  ( -11.23799999999999955, 2.130000000000000782, -0.7619999999999959028 ) ) ;
#616 = DIRECTION ( 'NONE',  ( 0.3746065934159064081, 0.9271838545667897558, -0.000000000000000000 ) ) ;
#617 = DIRECTION ( 'NONE',  ( 0.000000000000000000, -1.000000000000000000, 0.000000000000000000 ) ) ;
#618 = CIRCLE ( 'NONE', #273, 1.020000000000000018 ) ;
#619 = ORIENTED_EDGE ( 'NONE', *, *, #6401, .F. ) ;
#620 = DIRECTION ( 'NONE',  ( 0.000000000000000000, 0.000000000000000000, 1.000000000000000000 ) ) ;
#621 = ADVANCED_FACE ( 'NONE', ( #1408 ), #2466, .T. ) ;
#622 = EDGE_LOOP ( 'NONE', ( #4805, #7091, #3126, #2387 ) ) ;
#623 = AXIS2_PLACEMENT_3D ( 'NONE', #4050, #6236, #1297 ) ;
#624 = CARTESIAN_POINT ( 'NONE',  ( 3.977201804068252411, 3.385217637035866201, -0.8609605380569113064 ) ) ;
#625 = EDGE_CURVE ( 'NONE', #4794, #2189, #5845, .T. ) ;
#626 = CARTESIAN_POINT ( 'NONE',  ( 7.401925596730693613, 1.875753171298947475, 7.942746586724156010 ) ) ;
#627 = CARTESIAN_POINT ( 'NONE',  ( -1.422527391694573942E-15, 1.780000000000000693, -9.524999999999998579 ) ) ;
#628 = LINE ( 'NONE', #4407, #2762 ) ;
#629 = ORIENTED_EDGE ( 'NONE', *, *, #2702, .T. ) ;
#630 = DIRECTION ( 'NONE',  ( 1.000000000000000000, -0.000000000000000000, -0.000000000000000000 ) ) ;
#631 = AXIS2_PLACEMENT_3D ( 'NONE', #4038, #5656, #1321 ) ;
#632 = VECTOR ( 'NONE', #986, 1000.000000000000000 ) ;
#633 = EDGE_CURVE ( 'NONE', #6244, #5390, #618, .T. ) ;
#634 = VECTOR ( 'NONE', #2166, 1000.000000000000000 ) ;
#635 = VERTEX_POINT ( 'NONE', #4732 ) ;
#636 = CIRCLE ( 'NONE', #4664, 0.2726000000000000090 ) ;
#637 = CARTESIAN_POINT ( 'NONE',  ( 4.674049973841275296, 3.294534569904111532, -0.5564345854734755736 ) ) ;
#638 = CARTESIAN_POINT ( 'NONE',  ( 9.654995840226611392, 5.255337990269868698, 4.658427592134093409 ) ) ;
#639 = ADVANCED_FACE ( 'NONE', ( #1990 ), #5307, .F. ) ;
#640 = CARTESIAN_POINT ( 'NONE',  ( -6.500000000000000888, 1.665000000000000702, -0.7999999999999948264 ) ) ;
#641 = CARTESIAN_POINT ( 'NONE',  ( -4.250000000000000888, 5.179199999999999804, -8.434513060040865540 ) ) ;
#642 = ORIENTED_EDGE ( 'NONE', *, *, #4421, .T. ) ;
#643 = CYLINDRICAL_SURFACE ( 'NONE', #6598, 10.05840000000000245 ) ;
#644 = AXIS2_PLACEMENT_3D ( 'NONE', #7052, #3765, #5531 ) ;
#645 = ORIENTED_EDGE ( 'NONE', *, *, #4504, .T. ) ;
#646 = ORIENTED_EDGE ( 'NONE', *, *, #2348, .F. ) ;
#647 = LINE ( 'NONE', #5073, #5809 ) ;
#648 = LINE ( 'NONE', #2851, #2058 ) ;
#649 = DIRECTION ( 'NONE',  ( -1.000000000000000000, 0.000000000000000000, -0.000000000000000000 ) ) ;
#650 = VECTOR ( 'NONE', #1648, 1000.000000000000000 ) ;
#651 = DIRECTION ( 'NONE',  ( 0.000000000000000000, 5.421010862427557669E-16, -1.000000000000000000 ) ) ;
#653 = EDGE_LOOP ( 'NONE', ( #6245, #46, #6970, #3690, #222, #3169 ) ) ;
#652 = CARTESIAN_POINT ( 'NONE',  ( 8.913668243767567390, 1.390755732442274351, 0.1498572332372787863 ) ) ;
#654 = CIRCLE ( 'NONE', #67, 0.2726000000000000090 ) ;
#655 = ORIENTED_EDGE ( 'NONE', *, *, #546, .T. ) ;
#656 = CARTESIAN_POINT ( 'NONE',  ( 11.60812642218991009, 1.780000000000000693, -4.545700382234141301 ) ) ;
#657 = CARTESIAN_POINT ( 'NONE',  ( 11.41201365417517799, 1.932167297552727758, 4.969951818517363229 ) ) ;
#658 = FACE_OUTER_BOUND ( 'NONE', #6021, .T. ) ;
#659 = VECTOR ( 'NONE', #2174, 1000.000000000000000 ) ;
#660 = ORIENTED_EDGE ( 'NONE', *, *, #3321, .F. ) ;
#661 = CARTESIAN_POINT ( 'NONE',  ( -3.490000000000001101, 1.780000000000000693, 8.882173751959602015 ) ) ;
#662 = ORIENTED_EDGE ( 'NONE', *, *, #6990, .F. ) ;
#663 = PLANE ( 'NONE',  #2594 ) ;
#664 = EDGE_CURVE ( 'NONE', #4512, #4731, #5222, .T. ) ;
#665 = DIRECTION ( 'NONE',  ( 0.000000000000000000, 0.000000000000000000, 1.000000000000000000 ) ) ;
#666 = DIRECTION ( 'NONE',  ( -0.000000000000000000, 0.000000000000000000, 1.000000000000000000 ) ) ;
#667 = DIRECTION ( 'NONE',  ( -0.8845174129299223642, 0.000000000000000000, -0.4665071770334913714 ) ) ;
#668 = ORIENTED_EDGE ( 'NONE', *, *, #6776, .F. ) ;
#669 = CARTESIAN_POINT ( 'NONE',  ( 13.26900000000000190, 0.3800000000000000044, 0.5079999999999949001 ) ) ;
#670 = EDGE_CURVE ( 'NONE', #4682, #3055, #5779, .T. ) ;
#671 = ORIENTED_EDGE ( 'NONE', *, *, #1689, .T. ) ;
#672 = EDGE_CURVE ( 'NONE', #3904, #5229, #3272, .T. ) ;
#673 = CARTESIAN_POINT ( 'NONE',  ( -12.81499999999999595, 1.830000000000000737, 1.424999999999995826 ) ) ;
#674 = ADVANCED_FACE ( 'NONE', ( #3721 ), #5204, .F. ) ;
#675 = CARTESIAN_POINT ( 'NONE',  ( 10.13254500954318438, 5.179199999999847925, 4.682641637301467874 ) ) ;
#676 = DIRECTION ( 'NONE',  ( 0.000000000000000000, 0.000000000000000000, -1.000000000000000000 ) ) ;
#677 = DIRECTION ( 'NONE',  ( 1.000000000000000000, 0.000000000000000000, 6.851198562309674036E-17 ) ) ;
#678 = VERTEX_POINT ( 'NONE', #1378 ) ;
#679 = LINE ( 'NONE', #5683, #5442 ) ;
#680 = EDGE_CURVE ( 'NONE', #2772, #1658, #838, .T. ) ;
#681 = ADVANCED_FACE ( 'NONE', ( #4697 ), #6886, .F. ) ;
#682 = EDGE_LOOP ( 'NONE', ( #6005, #6885 ) ) ;
#683 = AXIS2_PLACEMENT_3D ( 'NONE', #3864, #1006, #544 ) ;
#684 = DIRECTION ( 'NONE',  ( 1.000000000000000000, -3.286955199289085105E-16, -0.000000000000000000 ) ) ;
#685 = ADVANCED_FACE ( 'NONE', ( #4862 ), #5370, .F. ) ;
#686 = CARTESIAN_POINT ( 'NONE',  ( -7.200000000000001066, 1.665000000000000702, 5.204170427930421283E-15 ) ) ;
#687 = CARTESIAN_POINT ( 'NONE',  ( -9.119289552242044294, 2.280000000000000693, -1.595095693779899459 ) ) ;
#688 = DIRECTION ( 'NONE',  ( -0.000000000000000000, -1.000000000000000000, -0.000000000000000000 ) ) ;
#689 = ORIENTED_EDGE ( 'NONE', *, *, #37, .T. ) ;
#690 = AXIS2_PLACEMENT_3D ( 'NONE', #5180, #4065, #1419 ) ;
#691 = ADVANCED_FACE ( 'NONE', ( #2676 ), #2243, .T. ) ;
#692 = ORIENTED_EDGE ( 'NONE', *, *, #1462, .F. ) ;
#693 = CARTESIAN_POINT ( 'NONE',  ( -6.400000000000000355, 1.665000000000000702, 1.600000000000005196 ) ) ;
#694 = AXIS2_PLACEMENT_3D ( 'NONE', #4634, #5311, #2549 ) ;
#695 = VECTOR ( 'NONE', #1832, 1000.000000000000000 ) ;
#696 = CARTESIAN_POINT ( 'NONE',  ( -13.55499999999999794, 0.5500000000000133671, 1.262914488828601467 ) ) ;
#698 = CARTESIAN_POINT ( 'NONE',  ( -8.294999999999999929, 1.930000000000001048, 5.079999999999993854 ) ) ;
#697 = DIRECTION ( 'NONE',  ( 3.561869728205487067E-15, 0.000000000000000000, 1.000000000000000000 ) ) ;
#699 = VERTEX_POINT ( 'NONE', #475 ) ;
#700 = DIRECTION ( 'NONE',  ( -0.7071067811865482389, 0.000000000000000000, -0.7071067811865469066 ) ) ;
#701 = ORIENTED_EDGE ( 'NONE', *, *, #3555, .T. ) ;
#702 = DIRECTION ( 'NONE',  ( 0.000000000000000000, -1.000000000000000000, 0.000000000000000000 ) ) ;
#703 = VECTOR ( 'NONE', #6234, 1000.000000000000000 ) ;
#704 = CYLINDRICAL_SURFACE ( 'NONE', #2270, 0.2725999999999995649 ) ;
#705 = LINE ( 'NONE', #3012, #4997 ) ;
#706 = CARTESIAN_POINT ( 'NONE',  ( 10.27366768944652087, 5.179199999999672066, -4.404254586363004265 ) ) ;
#707 = ORIENTED_EDGE ( 'NONE', *, *, #1116, .F. ) ;
#708 = CARTESIAN_POINT ( 'NONE',  ( -8.294999999999994600, 1.930000000000001048, -5.079999999999994742 ) ) ;
#709 = ORIENTED_EDGE ( 'NONE', *, *, #4449, .T. ) ;
#710 = LINE ( 'NONE', #265, #3640 ) ;
#711 = DIRECTION ( 'NONE',  ( 0.000000000000000000, 0.000000000000000000, 1.000000000000000000 ) ) ;
#712 = PLANE ( 'NONE',  #1449 ) ;
#713 = DIRECTION ( 'NONE',  ( 0.000000000000000000, 0.000000000000000000, 1.000000000000000000 ) ) ;
#714 = ORIENTED_EDGE ( 'NONE', *, *, #1916, .F. ) ;
#715 = DIRECTION ( 'NONE',  ( 0.000000000000000000, 1.000000000000000000, 0.000000000000000000 ) ) ;
#716 = EDGE_CURVE ( 'NONE', #4606, #5887, #6554, .T. ) ;
#717 = ORIENTED_EDGE ( 'NONE', *, *, #232, .F. ) ;
#718 = CARTESIAN_POINT ( 'NONE',  ( -8.897314550264546540, 6.500000000000000888, 5.079999999999997407 ) ) ;
#719 = LINE ( 'NONE', #1177, #3220 ) ;
#720 = DIRECTION ( 'NONE',  ( -0.000000000000000000, 1.000000000000000000, -0.000000000000000000 ) ) ;
#721 = CARTESIAN_POINT ( 'NONE',  ( -13.65000000000000391, -3.299999999999987832, 0.8649999999999999911 ) ) ;
#722 = ORIENTED_EDGE ( 'NONE', *, *, #3979, .F. ) ;
#723 = ADVANCED_FACE ( 'NONE', ( #3183 ), #2004, .F. ) ;
#724 = VERTEX_POINT ( 'NONE', #548 ) ;
#725 = CARTESIAN_POINT ( 'NONE',  ( -13.55499999999999794, 0.5500000000000132561, -1.270000000000000906 ) ) ;
#726 = ADVANCED_FACE ( 'NONE', ( #7084 ), #1622, .F. ) ;
#727 = FACE_BOUND ( 'NONE', #1295, .T. ) ;
#728 = EDGE_CURVE ( 'NONE', #5295, #4953, #4330, .T. ) ;
#730 = VERTEX_POINT ( 'NONE', #6477 ) ;
#729 = LINE ( 'NONE', #3441, #6308 ) ;
#731 = DIRECTION ( 'NONE',  ( 0.000000000000000000, -0.000000000000000000, 1.000000000000000000 ) ) ;
#732 = EDGE_LOOP ( 'NONE', ( #256, #4545, #1992, #3275, #3934, #181, #2579, #1245, #2878, #6755 ) ) ;
#733 = CARTESIAN_POINT ( 'NONE',  ( 5.992500000000000604, 0.000000000000000000, 4.292600000000005522 ) ) ;
#734 = DIRECTION ( 'NONE',  ( 0.000000000000000000, -1.590905608929573587E-15, 1.000000000000000000 ) ) ;
#735 = PLANE ( 'NONE',  #2818 ) ;
#736 = CARTESIAN_POINT ( 'NONE',  ( 10.03280909891431527, 5.179199999999674731, -4.867545697726416876 ) ) ;
#737 = ORIENTED_EDGE ( 'NONE', *, *, #3600, .T. ) ;
#738 = CARTESIAN_POINT ( 'NONE',  ( -13.47499999999999787, 0.7500000000000132117, 1.270000000000000906 ) ) ;
#739 = CIRCLE ( 'NONE', #5805, 0.007085511171399388672 ) ;
#740 = EDGE_LOOP ( 'NONE', ( #2024, #1092, #2620, #4277, #3418, #3468, #1875, #4457 ) ) ;
#741 = DIRECTION ( 'NONE',  ( 0.000000000000000000, 1.000000000000000000, 0.000000000000000000 ) ) ;
#742 = CARTESIAN_POINT ( 'NONE',  ( 10.22214863052319522, 5.255337990269911330, 3.492712698815153782 ) ) ;
#743 = CARTESIAN_POINT ( 'NONE',  ( 1.230000000000000204, 6.500000000000000888, 5.204170427930421283E-15 ) ) ;
#744 = FACE_OUTER_BOUND ( 'NONE', #6176, .T. ) ;
#745 = VERTEX_POINT ( 'NONE', #2639 ) ;
#746 = CARTESIAN_POINT ( 'NONE',  ( -13.47499999999999787, 0.4299999999999978839, -0.8649999999999999911 ) ) ;
#747 = EDGE_LOOP ( 'NONE', ( #3550, #1599, #1456, #2559 ) ) ;
#748 = CIRCLE ( 'NONE', #4658, 0.1524000000000004518 ) ;
#749 = CARTESIAN_POINT ( 'NONE',  ( -7.043780303214237648, 5.030000000000000249, -4.479999999999994209 ) ) ;
#750 = DIRECTION ( 'NONE',  ( 1.000000000000000000, 0.000000000000000000, 7.953893863423143817E-16 ) ) ;
#751 = LINE ( 'NONE', #4645, #527 ) ;
#752 = DIRECTION ( 'NONE',  ( 0.000000000000000000, -1.000000000000000000, 0.000000000000000000 ) ) ;
#753 = EDGE_CURVE ( 'NONE', #491, #6804, #6515, .T. ) ;
#754 = VERTEX_POINT ( 'NONE', #4938 ) ;
#755 = AXIS2_PLACEMENT_3D ( 'NONE', #6167, #702, #5740 ) ;
#756 = EDGE_CURVE ( 'NONE', #2429, #2775, #5410, .T. ) ;
#757 = VERTEX_POINT ( 'NONE', #4363 ) ;
#758 = VECTOR ( 'NONE', #3797, 1000.000000000000000 ) ;
#759 = DIRECTION ( 'NONE',  ( -0.000000000000000000, 1.000000000000000000, -0.000000000000000000 ) ) ;
#760 = CARTESIAN_POINT ( 'NONE',  ( 11.31851119801020111, 2.142324879415177907, 5.158539942309060322 ) ) ;
#761 = ADVANCED_FACE ( 'NONE', ( #7124 ), #3296, .F. ) ;
#762 = ORIENTED_EDGE ( 'NONE', *, *, #4019, .F. ) ;
#763 = CARTESIAN_POINT ( 'NONE',  ( -1.182499999999994778, 0.3800000000000000044, 2.412500000000004974 ) ) ;
#764 = VECTOR ( 'NONE', #5148, 1000.000000000000000 ) ;
#765 = ADVANCED_FACE ( 'NONE', ( #3759 ), #1697, .T. ) ;
#766 = ORIENTED_EDGE ( 'NONE', *, *, #2124, .F. ) ;
#767 = VECTOR ( 'NONE', #4307, 1000.000000000000000 ) ;
#768 = DIRECTION ( 'NONE',  ( 0.000000000000000000, -0.000000000000000000, 1.000000000000000000 ) ) ;
#769 = EDGE_CURVE ( 'NONE', #4727, #1510, #3258, .T. ) ;
#770 = PLANE ( 'NONE',  #6062 ) ;
#771 = CARTESIAN_POINT ( 'NONE',  ( -0.4067930348823200482, 2.280000000000000693, 3.000000000000005329 ) ) ;
#772 = CARTESIAN_POINT ( 'NONE',  ( 9.605903242727681146, 5.255337990269910442, -4.746124827704643501 ) ) ;
#773 = EDGE_LOOP ( 'NONE', ( #6230, #7085, #4855, #3561 ) ) ;
#774 = CARTESIAN_POINT ( 'NONE',  ( -4.249999999999999112, 5.179199999999999804, -8.434513060040867316 ) ) ;
#775 = VECTOR ( 'NONE', #1590, 1000.000000000000000 ) ;
#776 = EDGE_CURVE ( 'NONE', #6636, #5978, #3218, .T. ) ;
#777 = VERTEX_POINT ( 'NONE', #508 ) ;
#778 = CARTESIAN_POINT ( 'NONE',  ( 1.230000000000000204, 0.3800000000000000044, 5.204170427930421283E-15 ) ) ;
#779 = CARTESIAN_POINT ( 'NONE',  ( -13.32499999999999574, 1.977599999999999580, 0.9250000000000004885 ) ) ;
#780 = CARTESIAN_POINT ( 'NONE',  ( 4.898729528372977704, 3.012896268582575310, 0.5387417953851396657 ) ) ;
#781 = CARTESIAN_POINT ( 'NONE',  ( 13.65000000000000036, 0.3800000000000000044, 3.175000000000005596 ) ) ;
#782 = CARTESIAN_POINT ( 'NONE',  ( 8.512783617748475251, 2.540000000000000480, 8.679283540538028419 ) ) ;
#783 = ORIENTED_EDGE ( 'NONE', *, *, #3140, .F. ) ;
#784 = CARTESIAN_POINT ( 'NONE',  ( 9.725047109085762642, 5.255337990269932646, -4.528557004713555045 ) ) ;
#785 = ORIENTED_EDGE ( 'NONE', *, *, #3899, .T. ) ;
#786 = DIRECTION ( 'NONE',  ( 0.6636987268331874246, 0.000000000000000000, 0.7480000000000041060 ) ) ;
#787 = CARTESIAN_POINT ( 'NONE',  ( -5.650000000000000355, 5.180000000000000604, 1.424999999999995159 ) ) ;
#788 = CARTESIAN_POINT ( 'NONE',  ( -9.799113291647698176, 2.130000000000001670, 1.805999999999994499 ) ) ;
#789 = PLANE ( 'NONE',  #449 ) ;
#790 = ORIENTED_EDGE ( 'NONE', *, *, #5898, .T. ) ;
#791 = VECTOR ( 'NONE', #2165, 1000.000000000000000 ) ;
#792 = ORIENTED_EDGE ( 'NONE', *, *, #6519, .T. ) ;
#793 = DIRECTION ( 'NONE',  ( 0.000000000000000000, 0.000000000000000000, -1.000000000000000000 ) ) ;
#794 = CARTESIAN_POINT ( 'NONE',  ( 11.44887459667818597, 1.875796108632623582, 4.894075718508505979 ) ) ;
#795 = CIRCLE ( 'NONE', #905, 0.7873999999999997668 ) ;
#797 = ORIENTED_EDGE ( 'NONE', *, *, #6599, .F. ) ;
#796 = CYLINDRICAL_SURFACE ( 'NONE', #6528, 1.600000000000000089 ) ;
#798 = PLANE ( 'NONE',  #6589 ) ;
#799 = EDGE_CURVE ( 'NONE', #1395, #1783, #1659, .T. ) ;
#800 = EDGE_CURVE ( 'NONE', #1407, #2909, #6060, .T. ) ;
#801 = AXIS2_PLACEMENT_3D ( 'NONE', #3304, #4909, #7 ) ;
#802 = ORIENTED_EDGE ( 'NONE', *, *, #4841, .F. ) ;
#803 = CARTESIAN_POINT ( 'NONE',  ( 7.680305154688148228, 2.341043069775885055, -7.717929076006501354 ) ) ;
#804 = CARTESIAN_POINT ( 'NONE',  ( 9.896641659953534287, 5.229936664862379736, -4.511568087110913616 ) ) ;
#805 = ADVANCED_FACE ( 'NONE', ( #2791 ), #4973, .F. ) ;
#806 = FACE_OUTER_BOUND ( 'NONE', #6771, .T. ) ;
#807 = VECTOR ( 'NONE', #1454, 1000.000000000000000 ) ;
#808 = VECTOR ( 'NONE', #5502, 999.9999999999998863 ) ;
#809 = ORIENTED_EDGE ( 'NONE', *, *, #274, .F. ) ;
#810 = FACE_OUTER_BOUND ( 'NONE', #198, .T. ) ;
#811 = EDGE_CURVE ( 'NONE', #2167, #1271, #2322, .T. ) ;
#812 = ORIENTED_EDGE ( 'NONE', *, *, #1112, .T. ) ;
#813 = VECTOR ( 'NONE', #6802, 1000.000000000000000 ) ;
#814 = LINE ( 'NONE', #5207, #1437 ) ;
#815 = DIRECTION ( 'NONE',  ( -1.000000000000000000, -0.000000000000000000, 1.936075308009829170E-17 ) ) ;
#816 = LINE ( 'NONE', #6710, #5936 ) ;
#817 = CARTESIAN_POINT ( 'NONE',  ( 9.130125890106910447, 1.303301166538628264, 1.900000000000000577 ) ) ;
#818 = CARTESIAN_POINT ( 'NONE',  ( 5.992500000000000604, 0.3800000000000001155, 5.867400000000005278 ) ) ;
#819 = VERTEX_POINT ( 'NONE', #661 ) ;
#820 = DIRECTION ( 'NONE',  ( -0.7595396670404974682, -0.5164931702367064892, -0.3953913242483285684 ) ) ;
#821 = ORIENTED_EDGE ( 'NONE', *, *, #1099, .T. ) ;
#822 = CARTESIAN_POINT ( 'NONE',  ( 4.316786624489405533, 3.248016463690199362, 1.165647475203959171 ) ) ;
#823 = CARTESIAN_POINT ( 'NONE',  ( -11.23799999999999955, 2.799999999999997158, 5.204170427930421283E-15 ) ) ;
#824 = DIRECTION ( 'NONE',  ( 1.000000000000000000, -3.286955199289085105E-16, -0.000000000000000000 ) ) ;
#825 = CARTESIAN_POINT ( 'NONE',  ( -13.15000000000000036, 0.3800000000000001155, -1.779999999999998028 ) ) ;
#826 = ORIENTED_EDGE ( 'NONE', *, *, #975, .F. ) ;
#827 = VERTEX_POINT ( 'NONE', #2936 ) ;
#828 = LINE ( 'NONE', #2531, #7049 ) ;
#829 = CARTESIAN_POINT ( 'NONE',  ( -13.65000000000000036, -3.299999999999986944, -1.375000000000001998 ) ) ;
#831 = ORIENTED_EDGE ( 'NONE', *, *, #987, .F. ) ;
#830 = CARTESIAN_POINT ( 'NONE',  ( -9.650000000000000355, 2.130000000000000782, -8.545133036385903935 ) ) ;
#832 = ORIENTED_EDGE ( 'NONE', *, *, #4894, .T. ) ;
#833 = DIRECTION ( 'NONE',  ( 0.9243140908165016212, -0.3734471335988388541, -0.07861742761547847735 ) ) ;
#834 = DIRECTION ( 'NONE',  ( 0.000000000000000000, -0.9191450300180553645, -0.3939192985791735158 ) ) ;
#835 = DIRECTION ( 'NONE',  ( 0.3746065934159064081, 0.9271838545667897558, -0.000000000000000000 ) ) ;
#836 = ADVANCED_FACE ( 'NONE', ( #3372 ), #112, .F. ) ;
#837 = VERTEX_POINT ( 'NONE', #5122 ) ;
#838 = LINE ( 'NONE', #3044, #34 ) ;
#839 = EDGE_LOOP ( 'NONE', ( #2066, #655, #4846, #5618 ) ) ;
#840 = AXIS2_PLACEMENT_3D ( 'NONE', #949, #6960, #3604 ) ;
#841 = EDGE_CURVE ( 'NONE', #4705, #3245, #4513, .T. ) ;
#842 = DIRECTION ( 'NONE',  ( 0.000000000000000000, 1.000000000000000000, 0.000000000000000000 ) ) ;
#843 = CARTESIAN_POINT ( 'NONE',  ( 7.417859203408429636, 5.550000000000005151, -7.374403436129160383 ) ) ;
#844 = DIRECTION ( 'NONE',  ( 1.000000000000000000, 0.000000000000000000, 0.000000000000000000 ) ) ;
#845 = LINE ( 'NONE', #1418, #4035 ) ;
#846 = EDGE_CURVE ( 'NONE', #2990, #5152, #5051, .T. ) ;
#847 = CARTESIAN_POINT ( 'NONE',  ( 10.19592398564250679, 2.156967621143929481, 4.559064914491067100 ) ) ;
#848 = ORIENTED_EDGE ( 'NONE', *, *, #625, .T. ) ;
#849 = DIRECTION ( 'NONE',  ( -1.000000000000000000, 0.000000000000000000, 0.000000000000000000 ) ) ;
#850 = VECTOR ( 'NONE', #4981, 1000.000000000000000 ) ;
#851 = ORIENTED_EDGE ( 'NONE', *, *, #2266, .F. ) ;
#852 = AXIS2_PLACEMENT_3D ( 'NONE', #4290, #7048, #2168 ) ;
#853 = CARTESIAN_POINT ( 'NONE',  ( 4.978631618257905345, 2.980613728770025617, 0.8521946352945493075 ) ) ;
#854 = CARTESIAN_POINT ( 'NONE',  ( 7.417859203408450952, 5.255337990269911330, -7.374403436129172817 ) ) ;
#855 = LINE ( 'NONE', #3063, #5358 ) ;
#856 = CARTESIAN_POINT ( 'NONE',  ( -3.532500000000000195, 0.3800000000000001155, -5.079999999999994742 ) ) ;
#857 = EDGE_CURVE ( 'NONE', #1183, #4967, #6697, .T. ) ;
#858 = ORIENTED_EDGE ( 'NONE', *, *, #5157, .F. ) ;
#859 = AXIS2_PLACEMENT_3D ( 'NONE', #2886, #4348, #6009 ) ;
#860 = AXIS2_PLACEMENT_3D ( 'NONE', #5056, #6170, #6131 ) ;
#861 = ORIENTED_EDGE ( 'NONE', *, *, #194, .F. ) ;
#862 = DIRECTION ( 'NONE',  ( 0.8870108331782211586, 0.000000000000000000, -0.4617486132350351880 ) ) ;
#863 = AXIS2_PLACEMENT_3D ( 'NONE', #4164, #7016, #3698 ) ;
#864 = CYLINDRICAL_SURFACE ( 'NONE', #5302, 9.626600000000003376 ) ;
#866 = ORIENTED_EDGE ( 'NONE', *, *, #5259, .F. ) ;
#865 = CARTESIAN_POINT ( 'NONE',  ( -9.650000000000000355, 2.280000000000000693, -8.545133036385903935 ) ) ;
#867 = AXIS2_PLACEMENT_3D ( 'NONE', #2794, #4943, #2208 ) ;
#868 = ORIENTED_EDGE ( 'NONE', *, *, #2028, .T. ) ;
#869 = DIRECTION ( 'NONE',  ( 1.121235145219832696E-16, 0.000000000000000000, -1.000000000000000000 ) ) ;
#870 = CARTESIAN_POINT ( 'NONE',  ( -7.451302353909810883, 1.930000000000001048, 5.079999999999998295 ) ) ;
#871 = VECTOR ( 'NONE', #1537, 1000.000000000000000 ) ;
#872 = CARTESIAN_POINT ( 'NONE',  ( 5.992500000000000604, -2.227103518025149054, 5.080000000000005400 ) ) ;
#873 = ORIENTED_EDGE ( 'NONE', *, *, #184, .T. ) ;
#874 = LINE ( 'NONE', #301, #1646 ) ;
#875 = VERTEX_POINT ( 'NONE', #1160 ) ;
#876 = VECTOR ( 'NONE', #3163, 1000.000000000000000 ) ;
#877 = LINE ( 'NONE', #3082, #1903 ) ;
#878 = CARTESIAN_POINT ( 'NONE',  ( -6.300000000000000711, 3.666054381999832579, 0.09999999999999492628 ) ) ;
#879 = DIRECTION ( 'NONE',  ( -0.000000000000000000, 1.000000000000000000, -0.000000000000000000 ) ) ;
#880 = CARTESIAN_POINT ( 'NONE',  ( 1.230000000000000204, 6.500000000000000888, -5.204170427930421283E-15 ) ) ;
#881 = DIRECTION ( 'NONE',  ( -1.000000000000000000, 0.000000000000000000, -1.121235145219832942E-16 ) ) ;
#882 = ORIENTED_EDGE ( 'NONE', *, *, #6210, .F. ) ;
#883 = FACE_OUTER_BOUND ( 'NONE', #6489, .T. ) ;
#884 = EDGE_CURVE ( 'NONE', #6448, #5906, #5086, .T. ) ;
#885 = AXIS2_PLACEMENT_3D ( 'NONE', #2248, #6100, #78 ) ;
#886 = ADVANCED_FACE ( 'NONE', ( #147 ), #5599, .F. ) ;
#887 = ORIENTED_EDGE ( 'NONE', *, *, #5034, .T. ) ;
#888 = ADVANCED_FACE ( 'NONE', ( #4546 ), #4475, .T. ) ;
#889 = EDGE_CURVE ( 'NONE', #2857, #4323, #1231, .T. ) ;
#890 = CARTESIAN_POINT ( 'NONE',  ( 4.412172879712625395, 3.353876124328246000, -0.6432597145426852681 ) ) ;
#891 = CARTESIAN_POINT ( 'NONE',  ( -6.300000000000000711, 3.666054381999832579, -0.7999999999999948264 ) ) ;
#892 = LINE ( 'NONE', #2587, #2498 ) ;
#893 = DIRECTION ( 'NONE',  ( 0.000000000000000000, 0.000000000000000000, 1.000000000000000000 ) ) ;
#894 = ORIENTED_EDGE ( 'NONE', *, *, #3896, .F. ) ;
#895 = EDGE_CURVE ( 'NONE', #1424, #2224, #218, .T. ) ;
#896 = EDGE_CURVE ( 'NONE', #2167, #428, #2430, .T. ) ;
#897 = ORIENTED_EDGE ( 'NONE', *, *, #4031, .T. ) ;
#898 = CARTESIAN_POINT ( 'NONE',  ( 5.992500000000000604, 0.3800000000000001155, -5.867399999999994620 ) ) ;
#899 = CARTESIAN_POINT ( 'NONE',  ( 13.44500000000000384, 0.9776000000000012458, -0.4049999999999991940 ) ) ;
#901 = EDGE_LOOP ( 'NONE', ( #3203, #2055, #1057, #287 ) ) ;
#900 = LINE ( 'NONE', #1398, #2871 ) ;
#902 = ADVANCED_FACE ( 'NONE', ( #1807 ), #6198, .T. ) ;
#903 = VECTOR ( 'NONE', #4218, 1000.000000000000000 ) ;
#904 = ORIENTED_EDGE ( 'NONE', *, *, #756, .T. ) ;
#905 = AXIS2_PLACEMENT_3D ( 'NONE', #3769, #1455, #984 ) ;
#906 = FACE_OUTER_BOUND ( 'NONE', #3124, .T. ) ;
#907 = CYLINDRICAL_SURFACE ( 'NONE', #6839, 0.3023999999999995580 ) ;
#908 = ORIENTED_EDGE ( 'NONE', *, *, #5017, .T. ) ;
#909 = DIRECTION ( 'NONE',  ( 0.000000000000000000, 0.000000000000000000, -1.000000000000000000 ) ) ;
#910 = AXIS2_PLACEMENT_3D ( 'NONE', #2660, #6459, #3200 ) ;
#911 = AXIS2_PLACEMENT_3D ( 'NONE', #5058, #40, #3872 ) ;
#912 = EDGE_LOOP ( 'NONE', ( #671, #81, #2627, #427, #2193, #1989, #5808, #689, #4202, #3570, #2482, #3822 ) ) ;
#913 = LINE ( 'NONE', #4798, #2244 ) ;
#914 = VECTOR ( 'NONE', #1752, 1000.000000000000000 ) ;
#915 = AXIS2_PLACEMENT_3D ( 'NONE', #5785, #1860, #3598 ) ;
#916 = CARTESIAN_POINT ( 'NONE',  ( 12.58000000000000007, 1.130000000000001448, 13.65917520938231178 ) ) ;
#917 = CARTESIAN_POINT ( 'NONE',  ( -12.81499999999999595, 5.030000000000000249, -1.424999999999995826 ) ) ;
#918 = CARTESIAN_POINT ( 'NONE',  ( -4.250000000000002665, 6.500000000000000888, 6.603999999999997428 ) ) ;
#919 = VERTEX_POINT ( 'NONE', #4620 ) ;
#920 = FACE_OUTER_BOUND ( 'NONE', #6947, .T. ) ;
#921 = VECTOR ( 'NONE', #3440, 1000.000000000000000 ) ;
#922 = ORIENTED_EDGE ( 'NONE', *, *, #1955, .T. ) ;
#923 = CARTESIAN_POINT ( 'NONE',  ( 10.15189057614266588, 5.179200000000006909, -4.644442262568017732 ) ) ;
#924 = CARTESIAN_POINT ( 'NONE',  ( 13.65000000000000036, 0.3800000000000000044, 0.5079999999999949001 ) ) ;
#925 = CARTESIAN_POINT ( 'NONE',  ( -13.47499999999999787, -2.299999999999986944, -1.270000000000000906 ) ) ;
#926 = DIRECTION ( 'NONE',  ( 0.000000000000000000, 0.000000000000000000, -1.000000000000000000 ) ) ;
#927 = VERTEX_POINT ( 'NONE', #3408 ) ;
#928 = ADVANCED_FACE ( 'NONE', ( #3445 ), #3482, .F. ) ;
#929 = ORIENTED_EDGE ( 'NONE', *, *, #1506, .F. ) ;
#930 = EDGE_CURVE ( 'NONE', #4094, #1943, #3843, .T. ) ;
#931 = LINE ( 'NONE', #2154, #1781 ) ;
#932 = CARTESIAN_POINT ( 'NONE',  ( -6.300000000000000711, 1.780000000000000693, -0.7999999999999948264 ) ) ;
#934 = ORIENTED_EDGE ( 'NONE', *, *, #6044, .F. ) ;
#933 = DIRECTION ( 'NONE',  ( 0.000000000000000000, 0.000000000000000000, 1.000000000000000000 ) ) ;
#935 = EDGE_CURVE ( 'NONE', #2494, #4255, #739, .T. ) ;
#936 = EDGE_LOOP ( 'NONE', ( #2662, #217, #2651, #5262 ) ) ;
#937 = ADVANCED_FACE ( 'NONE', ( #257 ), #798, .F. ) ;
#938 = ADVANCED_FACE ( 'NONE', ( #4086 ), #4655, .T. ) ;
#939 = DIRECTION ( 'NONE',  ( 0.000000000000000000, 1.000000000000000000, 0.000000000000000000 ) ) ;
#940 = CARTESIAN_POINT ( 'NONE',  ( -9.650000000000000355, 2.280000000000000693, -1.274999999999994804 ) ) ;
#941 = ORIENTED_EDGE ( 'NONE', *, *, #987, .T. ) ;
#942 = DIRECTION ( 'NONE',  ( 0.000000000000000000, 0.3939192985791735158, 0.9191450300180553645 ) ) ;
#943 = ORIENTED_EDGE ( 'NONE', *, *, #4207, .F. ) ;
#944 = DIRECTION ( 'NONE',  ( -0.000000000000000000, 1.000000000000000000, -0.000000000000000000 ) ) ;
#945 = CARTESIAN_POINT ( 'NONE',  ( -3.532500000000000195, 0.3800000000000001155, -5.867399999999994620 ) ) ;
#946 = PLANE ( 'NONE',  #578 ) ;
#947 = CARTESIAN_POINT ( 'NONE',  ( -10.55742020121451397, 0.3800000000000001155, -3.684999999999993836 ) ) ;
#948 = ORIENTED_EDGE ( 'NONE', *, *, #5554, .F. ) ;
#949 = CARTESIAN_POINT ( 'NONE',  ( -0.4067930348823200482, 5.030000000000000249, -3.000000000000005329 ) ) ;
#950 = ORIENTED_EDGE ( 'NONE', *, *, #1508, .F. ) ;
#951 = DIRECTION ( 'NONE',  ( 1.000000000000000000, 0.000000000000000000, 0.000000000000000000 ) ) ;
#952 = CARTESIAN_POINT ( 'NONE',  ( -6.400000000000000355, 1.780000000000000693, 5.204170427930421283E-15 ) ) ;
#953 = CARTESIAN_POINT ( 'NONE',  ( -9.423120793068802570, -8.552339098412836904, 1.744431818181813032 ) ) ;
#954 = LINE ( 'NONE', #825, #5538 ) ;
#955 = ORIENTED_EDGE ( 'NONE', *, *, #6826, .T. ) ;
#956 = ORIENTED_EDGE ( 'NONE', *, *, #485, .T. ) ;
#957 = ORIENTED_EDGE ( 'NONE', *, *, #5248, .F. ) ;
#958 = VECTOR ( 'NONE', #2384, 1000.000000000000000 ) ;
#959 = ORIENTED_EDGE ( 'NONE', *, *, #2409, .F. ) ;
#960 = DIRECTION ( 'NONE',  ( 0.000000000000000000, 0.000000000000000000, -1.000000000000000000 ) ) ;
#961 = EDGE_CURVE ( 'NONE', #5986, #2316, #7102, .T. ) ;
#962 = CARTESIAN_POINT ( 'NONE',  ( -13.47499999999999964, -3.299999999999986944, 1.164999999999999813 ) ) ;
#964 = ORIENTED_EDGE ( 'NONE', *, *, #1947, .T. ) ;
#963 = DIRECTION ( 'NONE',  ( 0.000000000000000000, 0.000000000000000000, 1.000000000000000000 ) ) ;
#965 = AXIS2_PLACEMENT_3D ( 'NONE', #4314, #6500, #2700 ) ;
#966 = MECHANICAL_DESIGN_GEOMETRIC_PRESENTATION_REPRESENTATION (  '', ( #6264 ), #2370 ) ;
#967 = VERTEX_POINT ( 'NONE', #3800 ) ;
#968 = AXIS2_PLACEMENT_3D ( 'NONE', #6246, #5137, #741 ) ;
#969 = EDGE_CURVE ( 'NONE', #3428, #1075, #5920, .T. ) ;
#970 = ADVANCED_FACE ( 'NONE', ( #552 ), #2095, .F. ) ;
#971 = PLANE ( 'NONE',  #539 ) ;
#972 = LINE ( 'NONE', #3757, #6717 ) ;
#973 = ORIENTED_EDGE ( 'NONE', *, *, #2742, .T. ) ;
#974 = DIRECTION ( 'NONE',  ( 0.000000000000000000, 1.000000000000000000, 0.000000000000000000 ) ) ;
#975 = EDGE_CURVE ( 'NONE', #4814, #1974, #5450, .T. ) ;
#976 = AXIS2_PLACEMENT_3D ( 'NONE', #2757, #3300, #4905 ) ;
#977 = ORIENTED_EDGE ( 'NONE', *, *, #2612, .T. ) ;
#978 = EDGE_CURVE ( 'NONE', #6067, #2857, #1628, .T. ) ;
#979 = AXIS2_PLACEMENT_3D ( 'NONE', #5289, #4343, #5318 ) ;
#980 = DIRECTION ( 'NONE',  ( -0.000000000000000000, 1.000000000000000000, -0.000000000000000000 ) ) ;
#981 = DIRECTION ( 'NONE',  ( 0.000000000000000000, -1.000000000000000000, 0.000000000000000000 ) ) ;
#982 = CARTESIAN_POINT ( 'NONE',  ( -6.300000000000000711, 1.665000000000000702, -0.09999999999999492628 ) ) ;
#983 = CARTESIAN_POINT ( 'NONE',  ( 7.995256826259310223, 1.780000000000000249, -9.089019808672825107 ) ) ;
#984 = DIRECTION ( 'NONE',  ( 0.000000000000000000, 0.000000000000000000, 1.000000000000000000 ) ) ;
#985 = ORIENTED_EDGE ( 'NONE', *, *, #2277, .F. ) ;
#986 = DIRECTION ( 'NONE',  ( 0.7071067811865479058, 0.000000000000000000, 0.7071067811865471286 ) ) ;
#987 = EDGE_CURVE ( 'NONE', #6653, #4162, #2175, .T. ) ;
#988 = AXIS2_PLACEMENT_3D ( 'NONE', #6458, #454, #2659 ) ;
#989 = VERTEX_POINT ( 'NONE', #982 ) ;
#990 = CARTESIAN_POINT ( 'NONE',  ( 4.236884534604473451, 3.280299003502751276, -0.8521946352945493075 ) ) ;
#991 = DIRECTION ( 'NONE',  ( 0.000000000000000000, -0.000000000000000000, 1.000000000000000000 ) ) ;
#992 = DIRECTION ( 'NONE',  ( 0.000000000000000000, 1.000000000000000000, 0.000000000000000000 ) ) ;
#993 = CIRCLE ( 'NONE', #3312, 9.626600000000003376 ) ;
#994 = CARTESIAN_POINT ( 'NONE',  ( 3.642499999999981419, 0.3800000000000000044, 2.412499999999959233 ) ) ;
#995 = VERTEX_POINT ( 'NONE', #1089 ) ;
#996 = ORIENTED_EDGE ( 'NONE', *, *, #1578, .T. ) ;
#997 = VERTEX_POINT ( 'NONE', #3726 ) ;
#998 = ORIENTED_EDGE ( 'NONE', *, *, #4378, .F. ) ;
#999 = CARTESIAN_POINT ( 'NONE',  ( -4.250000000000007994, 2.540000000000000480, 3.380404891954844825E-15 ) ) ;
#1000 = DIRECTION ( 'NONE',  ( 0.000000000000000000, 0.9191450300180553645, -0.3939192985791735158 ) ) ;
#1001 = FACE_OUTER_BOUND ( 'NONE', #3828, .T. ) ;
#1003 = ORIENTED_EDGE ( 'NONE', *, *, #776, .F. ) ;
#1002 = CARTESIAN_POINT ( 'NONE',  ( -9.251967164181534642, 5.030000000000000249, 1.665071770334923817 ) ) ;
#1004 = ORIENTED_EDGE ( 'NONE', *, *, #1192, .F. ) ;
#1005 = DIRECTION ( 'NONE',  ( 0.000000000000000000, -1.000000000000000000, 0.000000000000000000 ) ) ;
#1006 = DIRECTION ( 'NONE',  ( 0.000000000000000000, 1.000000000000000000, -0.000000000000000000 ) ) ;
#1007 = DIRECTION ( 'NONE',  ( 0.000000000000000000, 1.000000000000000000, 0.000000000000000000 ) ) ;
#1008 = B_SPLINE_CURVE_WITH_KNOTS ( 'NONE', 3,
 ( #2732, #1604, #4956, #5463, #602, #4490, #4383 ),
 .UNSPECIFIED., .F., .F.,
 ( 4, 1, 1, 1, 4 ),
 ( 0.000000000000000000, 0.2500000000000000000, 0.5000000000000000000, 0.7500000000000000000, 1.000000000000000000 ),
 .UNSPECIFIED. ) ;
#1009 = ORIENTED_EDGE ( 'NONE', *, *, #961, .T. ) ;
#1010 = DIRECTION ( 'NONE',  ( 1.000000000000000000, 0.000000000000000000, 1.296892550819982002E-16 ) ) ;
#1011 = EDGE_CURVE ( 'NONE', #6349, #5729, #5, .T. ) ;
#1012 = VECTOR ( 'NONE', #2320, 1000.000000000000000 ) ;
#1013 = ORIENTED_EDGE ( 'NONE', *, *, #2086, .T. ) ;
#1014 = EDGE_CURVE ( 'NONE', #2675, #3696, #1557, .T. ) ;
#1015 = CARTESIAN_POINT ( 'NONE',  ( 8.512783617748475251, 2.540000000000000480, -8.679283540538028419 ) ) ;
#1016 = LINE ( 'NONE', #3225, #4114 ) ;
#1017 = CARTESIAN_POINT ( 'NONE',  ( -8.897314550264544764, 6.500000000000000888, -5.079999999999997407 ) ) ;
#1018 = FACE_OUTER_BOUND ( 'NONE', #1101, .T. ) ;
#1019 = LINE ( 'NONE', #5886, #4813 ) ;
#1020 = VECTOR ( 'NONE', #3285, 1000.000000000000000 ) ;
#1021 = ORIENTED_EDGE ( 'NONE', *, *, #5301, .F. ) ;
#1022 = DIRECTION ( 'NONE',  ( 0.000000000000000000, 0.000000000000000000, 1.000000000000000000 ) ) ;
#1023 = EDGE_CURVE ( 'NONE', #4994, #3438, #4641, .T. ) ;
#1024 = VERTEX_POINT ( 'NONE', #5495 ) ;
#1025 = CIRCLE ( 'NONE', #5757, 0.4500000000000005107 ) ;
#1026 = CIRCLE ( 'NONE', #6544, 0.7873999999999997668 ) ;
#1027 = FACE_OUTER_BOUND ( 'NONE', #300, .T. ) ;
#1028 = CARTESIAN_POINT ( 'NONE',  ( 1.230000000000000204, 6.500000000000000888, 5.204170427930421283E-15 ) ) ;
#1029 = LINE ( 'NONE', #953, #876 ) ;
#1030 = FACE_OUTER_BOUND ( 'NONE', #2473, .T. ) ;
#1031 = ORIENTED_EDGE ( 'NONE', *, *, #2925, .T. ) ;
#1032 = ORIENTED_EDGE ( 'NONE', *, *, #6341, .F. ) ;
#1033 = AXIS2_PLACEMENT_3D ( 'NONE', #4470, #1185, #1734 ) ;
#1034 = ORIENTED_EDGE ( 'NONE', *, *, #1951, .F. ) ;
#1035 = ORIENTED_EDGE ( 'NONE', *, *, #2342, .T. ) ;
#1036 = VECTOR ( 'NONE', #3853, 1000.000000000000000 ) ;
#1037 = PLANE ( 'NONE',  #3415 ) ;
#1038 = CARTESIAN_POINT ( 'NONE',  ( 0.7217936292651684349, 2.540000000000000480, -0.6056567681025109007 ) ) ;
#1040 = ORIENTED_EDGE ( 'NONE', *, *, #2308, .F. ) ;
#1039 = DIRECTION ( 'NONE',  ( 0.3746065934159064081, 0.9271838545667897558, 0.000000000000000000 ) ) ;
#1041 = EDGE_LOOP ( 'NONE', ( #3887, #2784 ) ) ;
#1042 = PLANE ( 'NONE',  #1033 ) ;
#1043 = CARTESIAN_POINT ( 'NONE',  ( -0.4067930348823200482, 2.280000000000000693, 3.000000000000005329 ) ) ;
#1044 = CARTESIAN_POINT ( 'NONE',  ( 4.978631618257905345, 2.980613728770025617, -0.9569143895785540144 ) ) ;
#1045 = ORIENTED_EDGE ( 'NONE', *, *, #405, .T. ) ;
#1046 = CARTESIAN_POINT ( 'NONE',  ( 1.976946756233350477, -2.900320916616998090, 0.8609605380569113064 ) ) ;
#1047 = VERTEX_POINT ( 'NONE', #4907 ) ;
#1048 = CARTESIAN_POINT ( 'NONE',  ( -4.250000000000002665, 5.179199999999999804, 6.603999999999997428 ) ) ;
#1049 = EDGE_CURVE ( 'NONE', #6119, #4309, #440, .T. ) ;
#1050 = CARTESIAN_POINT ( 'NONE',  ( 6.538135258239492487, -4.743160692405219869, 1.750464270986195059 ) ) ;
#1051 = CARTESIAN_POINT ( 'NONE',  ( -9.782114919487536753, 6.500000000000000888, -2.664999999999993818 ) ) ;
#1052 = DIRECTION ( 'NONE',  ( -0.9271838545667888676, 0.3746065934159082400, 0.000000000000000000 ) ) ;
#1053 = CARTESIAN_POINT ( 'NONE',  ( -6.500000000000000888, 1.780000000000000693, 0.7999999999999948264 ) ) ;
#1054 = EDGE_LOOP ( 'NONE', ( #3762, #2263, #7069, #3967, #3411, #1541, #4848, #2207, #3534, #5563, #3257, #6535, #1442, #4075, #2911, #1201, #1933, #1394, #3344, #1132, #6574, #1329, #2809, #5246, #3168, #6172, #1308, #1584 ) ) ;
#1055 = DIRECTION ( 'NONE',  ( 0.000000000000000000, 0.000000000000000000, -1.000000000000000000 ) ) ;
#1056 = EDGE_CURVE ( 'NONE', #2189, #5771, #2900, .T. ) ;
#1057 = ORIENTED_EDGE ( 'NONE', *, *, #6614, .F. ) ;
#1058 = CYLINDRICAL_SURFACE ( 'NONE', #5591, 0.2999999999999999334 ) ;
#1059 = ADVANCED_FACE ( 'NONE', ( #144 ), #4835, .T. ) ;
#1060 = CARTESIAN_POINT ( 'NONE',  ( 0.000000000000000000, 0.000000000000000000, 9.524999999999998579 ) ) ;
#1061 = CARTESIAN_POINT ( 'NONE',  ( -4.250000000000002665, 6.500000000000000888, -6.603999999999997428 ) ) ;
#1062 = FACE_BOUND ( 'NONE', #6667, .T. ) ;
#1063 = VERTEX_POINT ( 'NONE', #1592 ) ;
#1064 = ORIENTED_EDGE ( 'NONE', *, *, #5465, .F. ) ;
#1065 = ORIENTED_EDGE ( 'NONE', *, *, #2581, .F. ) ;
#1066 = ORIENTED_EDGE ( 'NONE', *, *, #6424, .F. ) ;
#1067 = AXIS2_PLACEMENT_3D ( 'NONE', #4299, #630, #1055 ) ;
#1068 = CARTESIAN_POINT ( 'NONE',  ( 13.29260000000000375, 1.280000000000001359, 0.4050000000000005818 ) ) ;
#1069 = EDGE_CURVE ( 'NONE', #5306, #6219, #5955, .T. ) ;
#1070 = CARTESIAN_POINT ( 'NONE',  ( -13.64999999999999858, -3.299999999999995826, 0.1050000000000020084 ) ) ;
#1071 = CARTESIAN_POINT ( 'NONE',  ( -6.500000000000000888, 3.666054381999832579, 0.7999999999999948264 ) ) ;
#1073 = VERTEX_POINT ( 'NONE', #7055 ) ;
#1072 = DIRECTION ( 'NONE',  ( -0.000000000000000000, -1.000000000000000000, 0.000000000000000000 ) ) ;
#1074 = AXIS2_PLACEMENT_3D ( 'NONE', #6854, #4127, #6313 ) ;
#1075 = VERTEX_POINT ( 'NONE', #5992 ) ;
#1076 = VECTOR ( 'NONE', #5768, 1000.000000000000000 ) ;
#1077 = DIRECTION ( 'NONE',  ( 0.000000000000000000, 0.000000000000000000, 1.000000000000000000 ) ) ;
#1078 = AXIS2_PLACEMENT_3D ( 'NONE', #4947, #3153, #5378 ) ;
#1079 = CARTESIAN_POINT ( 'NONE',  ( 10.32032097159535233, 1.875753171298948363, -4.306501311490749551 ) ) ;
#1080 = CARTESIAN_POINT ( 'NONE',  ( 8.497674003901055428, 2.341068043185865477, 8.692023305306737058 ) ) ;
#1081 = ORIENTED_EDGE ( 'NONE', *, *, #6510, .F. ) ;
#1082 = CARTESIAN_POINT ( 'NONE',  ( 10.50283871049844464, 1.780000000000000693, -3.970324018147825207 ) ) ;
#1083 = VECTOR ( 'NONE', #820, 999.9999999999998863 ) ;
#1084 = AXIS2_PLACEMENT_3D ( 'NONE', #872, #5271, #3657 ) ;
#1085 = ORIENTED_EDGE ( 'NONE', *, *, #103, .T. ) ;
#1086 = CARTESIAN_POINT ( 'NONE',  ( 13.59500000000000419, -2.299999999999987388, 0.000000000000000000 ) ) ;
#1087 = CARTESIAN_POINT ( 'NONE',  ( 7.176318875257032381, 1.780000000000001137, 8.113124289067311423 ) ) ;
#1088 = CIRCLE ( 'NONE', #5123, 11.33000000000000007 ) ;
#1089 = CARTESIAN_POINT ( 'NONE',  ( -9.119289552242044294, 5.030000000000000249, 1.595095693779899459 ) ) ;
#1090 = DIRECTION ( 'NONE',  ( 8.106184467181343480E-16, 0.000000000000000000, -1.000000000000000000 ) ) ;
#1091 = DIRECTION ( 'NONE',  ( -1.000000000000000000, 0.000000000000000000, 4.336808689942013792E-16 ) ) ;
#1092 = ORIENTED_EDGE ( 'NONE', *, *, #2452, .T. ) ;
#1093 = DIRECTION ( 'NONE',  ( 0.000000000000000000, 0.000000000000000000, 1.000000000000000000 ) ) ;
#1094 = ORIENTED_EDGE ( 'NONE', *, *, #1828, .T. ) ;
#1095 = VECTOR ( 'NONE', #6590, 1000.000000000000000 ) ;
#1096 = CYLINDRICAL_SURFACE ( 'NONE', #3856, 0.7620000000000005658 ) ;
#1097 = CARTESIAN_POINT ( 'NONE',  ( -13.32499999999999574, 3.754744720070766206, -4.398462022887521528 ) ) ;
#1098 = DIRECTION ( 'NONE',  ( 1.000000000000000000, -3.286955199289085105E-16, -0.000000000000000000 ) ) ;
#1099 = EDGE_CURVE ( 'NONE', #5050, #68, #4335, .T. ) ;
#1100 = ORIENTED_EDGE ( 'NONE', *, *, #3943, .T. ) ;
#1101 = EDGE_LOOP ( 'NONE', ( #3821, #4742, #1350, #1986 ) ) ;
#1102 = CIRCLE ( 'NONE', #6277, 0.7873999999999997668 ) ;
#1103 = EDGE_CURVE ( 'NONE', #4758, #4252, #4651, .T. ) ;
#1104 = EDGE_CURVE ( 'NONE', #327, #2808, #4117, .T. ) ;
#1105 = ORIENTED_EDGE ( 'NONE', *, *, #3240, .F. ) ;
#1106 = ORIENTED_EDGE ( 'NONE', *, *, #2474, .T. ) ;
#1107 = AXIS2_PLACEMENT_3D ( 'NONE', #6639, #1674, #87 ) ;
#1108 = CARTESIAN_POINT ( 'NONE',  ( -13.55499999999999972, -2.299999999999987388, -1.262914488828601023 ) ) ;
#1109 = LINE ( 'NONE', #62, #3533 ) ;
#1110 = EDGE_CURVE ( 'NONE', #3407, #5268, #5665, .T. ) ;
#1111 = LINE ( 'NONE', #572, #5983 ) ;
#1112 = EDGE_CURVE ( 'NONE', #3916, #6237, #3070, .T. ) ;
#1114 = ORIENTED_EDGE ( 'NONE', *, *, #1361, .T. ) ;
#1113 = DIRECTION ( 'NONE',  ( -0.000000000000000000, -1.000000000000000000, -0.000000000000000000 ) ) ;
#1115 = AXIS2_PLACEMENT_3D ( 'NONE', #2209, #3831, #6130 ) ;
#1116 = EDGE_CURVE ( 'NONE', #5902, #1641, #7043, .T. ) ;
#1117 = ORIENTED_EDGE ( 'NONE', *, *, #2783, .T. ) ;
#1118 = DIRECTION ( 'NONE',  ( 1.000000000000000000, 0.000000000000000000, 1.296892550819982002E-16 ) ) ;
#1119 = EDGE_CURVE ( 'NONE', #5916, #5032, #4046, .T. ) ;
#1120 = DIRECTION ( 'NONE',  ( 0.000000000000000000, 1.000000000000000000, 0.000000000000000000 ) ) ;
#1121 = CARTESIAN_POINT ( 'NONE',  ( -13.55499999999999972, -2.299999999999986944, -1.270000000000000906 ) ) ;
#1122 = ORIENTED_EDGE ( 'NONE', *, *, #4411, .T. ) ;
#1123 = CARTESIAN_POINT ( 'NONE',  ( -9.650000000000000355, 5.030000000000000249, 1.274999999999994804 ) ) ;
#1124 = ORIENTED_EDGE ( 'NONE', *, *, #5554, .T. ) ;
#1125 = CARTESIAN_POINT ( 'NONE',  ( 4.404347326565326348, 3.212639643698991243, 1.359412968102929886 ) ) ;
#1126 = CARTESIAN_POINT ( 'NONE',  ( -7.200000000000001066, 1.780000000000000693, 0.09999999999999480138 ) ) ;
#1127 = CARTESIAN_POINT ( 'NONE',  ( -13.47499999999999787, 1.480000000000001092, -1.275000000000002798 ) ) ;
#1128 = DIRECTION ( 'NONE',  ( 3.286955199289085105E-16, 1.000000000000000000, 0.000000000000000000 ) ) ;
#1129 = ORIENTED_EDGE ( 'NONE', *, *, #5470, .T. ) ;
#1130 = LINE ( 'NONE', #5537, #3392 ) ;
#1131 = AXIS2_PLACEMENT_3D ( 'NONE', #5980, #4859, #5946 ) ;
#1132 = ORIENTED_EDGE ( 'NONE', *, *, #3560, .T. ) ;
#1133 = CARTESIAN_POINT ( 'NONE',  ( -12.81499999999999595, 5.030000000000000249, -1.274999999999995692 ) ) ;
#1134 = CARTESIAN_POINT ( 'NONE',  ( 7.284303324584026740, 5.255337990269911330, 7.486470137986121820 ) ) ;
#1135 = VECTOR ( 'NONE', #3363, 1000.000000000000000 ) ;
#1136 = CARTESIAN_POINT ( 'NONE',  ( -11.23799999999999955, 3.560000000000000497, -0.7619999999999953477 ) ) ;
#1137 = DIRECTION ( 'NONE',  ( 0.000000000000000000, 1.000000000000000000, 0.000000000000000000 ) ) ;
#1138 = EDGE_LOOP ( 'NONE', ( #619, #564, #1460, #3087 ) ) ;
#1139 = DIRECTION ( 'NONE',  ( 0.000000000000000000, 0.000000000000000000, 1.000000000000000000 ) ) ;
#1140 = AXIS2_PLACEMENT_3D ( 'NONE', #4964, #23, #752 ) ;
#1141 = AXIS2_PLACEMENT_3D ( 'NONE', #5688, #5586, #750 ) ;
#1142 = ORIENTED_EDGE ( 'NONE', *, *, #1425, .F. ) ;
#1143 = ORIENTED_EDGE ( 'NONE', *, *, #6650, .T. ) ;
#1144 = DIRECTION ( 'NONE',  ( -0.000000000000000000, 1.000000000000000000, -0.000000000000000000 ) ) ;
#1145 = DIRECTION ( 'NONE',  ( 0.7660444431189793457, 0.000000000000000000, 0.6427876096865379196 ) ) ;
#1146 = DIRECTION ( 'NONE',  ( 0.000000000000000000, 0.000000000000000000, -1.000000000000000000 ) ) ;
#1148 = EDGE_CURVE ( 'NONE', #6919, #3553, #6266, .T. ) ;
#1147 = CIRCLE ( 'NONE', #1600, 0.7599999999999997868 ) ;
#1149 = VECTOR ( 'NONE', #4560, 1000.000000000000114 ) ;
#1151 = VERTEX_POINT ( 'NONE', #1876 ) ;
#1150 = CARTESIAN_POINT ( 'NONE',  ( -9.251967164181534642, 2.280000000000000693, -1.665071770334923817 ) ) ;
#1152 = AXIS2_PLACEMENT_3D ( 'NONE', #2047, #5326, #6438 ) ;
#1153 = VERTEX_POINT ( 'NONE', #4616 ) ;
#1154 = LINE ( 'NONE', #3401, #2303 ) ;
#1155 = DIRECTION ( 'NONE',  ( -0.000000000000000000, 1.000000000000000000, -0.000000000000000000 ) ) ;
#1156 = EDGE_CURVE ( 'NONE', #6339, #3196, #5398, .T. ) ;
#1157 = LINE ( 'NONE', #1582, #6078 ) ;
#1158 = FILL_AREA_STYLE_COLOUR ( '', #4431 ) ;
#1159 = ORIENTED_EDGE ( 'NONE', *, *, #4759, .T. ) ;
#1160 = CARTESIAN_POINT ( 'NONE',  ( -12.81499999999999595, 5.030000000000000249, -1.274999999999995692 ) ) ;
#1161 = ORIENTED_EDGE ( 'NONE', *, *, #4204, .T. ) ;
#1162 = DIRECTION ( 'NONE',  ( 0.000000000000000000, 0.000000000000000000, -1.000000000000000000 ) ) ;
#1163 = CARTESIAN_POINT ( 'NONE',  ( -13.28239999999999732, 0.5500000000000131450, -1.262914488828601467 ) ) ;
#1164 = FACE_OUTER_BOUND ( 'NONE', #4505, .T. ) ;
#1165 = DIRECTION ( 'NONE',  ( -0.000000000000000000, -1.000000000000000000, -0.000000000000000000 ) ) ;
#1166 = ORIENTED_EDGE ( 'NONE', *, *, #3772, .T. ) ;
#1167 = ORIENTED_EDGE ( 'NONE', *, *, #5991, .F. ) ;
#1168 = CARTESIAN_POINT ( 'NONE',  ( 4.741475510777237723, 3.461418629958849635, -0.8521946352945496406 ) ) ;
#1169 = DIRECTION ( 'NONE',  ( 0.000000000000000000, 1.000000000000000000, 0.000000000000000000 ) ) ;
#1170 = LINE ( 'NONE', #3386, #6625 ) ;
#1171 = DIRECTION ( 'NONE',  ( 1.000000000000000000, 0.000000000000000000, 0.000000000000000000 ) ) ;
#1172 = VERTEX_POINT ( 'NONE', #3033 ) ;
#1173 = PLANE ( 'NONE',  #6713 ) ;
#1174 = EDGE_LOOP ( 'NONE', ( #4647, #6978, #3221, #5079 ) ) ;
#1175 = EDGE_LOOP ( 'NONE', ( #5369, #2736, #6760, #3579 ) ) ;
#1176 = DIRECTION ( 'NONE',  ( 0.000000000000000000, -0.9191450300180553645, -0.3939192985791735158 ) ) ;
#1177 = CARTESIAN_POINT ( 'NONE',  ( -4.250000000000002665, 6.500000000000000888, 6.603999999999997428 ) ) ;
#1178 = DIRECTION ( 'NONE',  ( 0.000000000000000000, 1.000000000000000000, 0.000000000000000000 ) ) ;
#1179 = CARTESIAN_POINT ( 'NONE',  ( -13.32499999999999574, 1.977599999999999580, -0.9250000000000004885 ) ) ;
#1181 = ORIENTED_EDGE ( 'NONE', *, *, #4070, .T. ) ;
#1180 = LINE ( 'NONE', #6894, #6537 ) ;
#1182 = EDGE_CURVE ( 'NONE', #1479, #3612, #1195, .T. ) ;
#1183 = VERTEX_POINT ( 'NONE', #4080 ) ;
#1184 = CARTESIAN_POINT ( 'NONE',  ( 7.133128377318626256, 5.179200000000049542, -8.151809648268407926 ) ) ;
#1185 = DIRECTION ( 'NONE',  ( -1.000000000000000000, 0.000000000000000000, 0.000000000000000000 ) ) ;
#1186 = DIRECTION ( 'NONE',  ( 0.000000000000000000, -1.000000000000000000, -0.000000000000000000 ) ) ;
#1187 = AXIS2_PLACEMENT_3D ( 'NONE', #4760, #942, #3147 ) ;
#1188 =( LENGTH_UNIT ( ) NAMED_UNIT ( * ) SI_UNIT ( .MILLI., .METRE. ) );
#1189 = ORIENTED_EDGE ( 'NONE', *, *, #3670, .T. ) ;
#1190 = ADVANCED_FACE ( 'NONE', ( #1332, #2966 ), #2459, .T. ) ;
#1191 = DIRECTION ( 'NONE',  ( 0.000000000000000000, 0.000000000000000000, 1.000000000000000000 ) ) ;
#1192 = EDGE_CURVE ( 'NONE', #2462, #1560, #828, .T. ) ;
#1193 = EDGE_CURVE ( 'NONE', #2590, #68, #6941, .T. ) ;
#1194 = ORIENTED_EDGE ( 'NONE', *, *, #5165, .F. ) ;
#1195 = CIRCLE ( 'NONE', #3965, 0.007085511171399470204 ) ;
#1196 = FACE_OUTER_BOUND ( 'NONE', #5530, .T. ) ;
#1197 = PLANE ( 'NONE',  #5835 ) ;
#1198 = ADVANCED_FACE ( 'NONE', ( #1360 ), #5153, .F. ) ;
#1199 = DIRECTION ( 'NONE',  ( -1.000000000000000000, -0.000000000000000000, -0.000000000000000000 ) ) ;
#1200 = LINE ( 'NONE', #2835, #3460 ) ;
#1201 = ORIENTED_EDGE ( 'NONE', *, *, #6263, .F. ) ;
#1202 = DIRECTION ( 'NONE',  ( -0.9271838545667897558, 0.3746065934159062971, 0.000000000000000000 ) ) ;
#1203 = VECTOR ( 'NONE', #6454, 1000.000000000000000 ) ;
#1204 = VECTOR ( 'NONE', #3592, 999.9999999999998863 ) ;
#1205 = EDGE_CURVE ( 'NONE', #1510, #5295, #3580, .T. ) ;
#1206 = ORIENTED_EDGE ( 'NONE', *, *, #236, .F. ) ;
#1207 = VECTOR ( 'NONE', #3809, 1000.000000000000000 ) ;
#1208 = CARTESIAN_POINT ( 'NONE',  ( -11.23799999999999955, 3.560000000000000497, 5.204170427930421283E-15 ) ) ;
#1209 = CARTESIAN_POINT ( 'NONE',  ( 9.168731911514477417, 5.179199999999974047, 6.190854495737119656 ) ) ;
#1210 = DIRECTION ( 'NONE',  ( -1.000000000000000000, 0.000000000000000000, 0.000000000000000000 ) ) ;
#1211 = LINE ( 'NONE', #4702, #6665 ) ;
#1212 = EDGE_LOOP ( 'NONE', ( #1223, #4764, #558, #2699 ) ) ;
#1213 = CARTESIAN_POINT ( 'NONE',  ( -13.17259999999999565, 2.280000000000000249, 0.9250000000000000444 ) ) ;
#1214 = CIRCLE ( 'NONE', #2598, 0.2000000000000000944 ) ;
#1215 = ORIENTED_EDGE ( 'NONE', *, *, #3966, .F. ) ;
#1216 = DIRECTION ( 'NONE',  ( 0.000000000000000000, 0.000000000000000000, 1.000000000000000000 ) ) ;
#1217 = CARTESIAN_POINT ( 'NONE',  ( -9.583884281761978485, 5.180000000000000604, 3.380651821862342032 ) ) ;
#1218 = DIRECTION ( 'NONE',  ( 0.000000000000000000, 0.000000000000000000, -1.000000000000000000 ) ) ;
#1219 = VECTOR ( 'NONE', #97, 1000.000000000000000 ) ;
#1220 = CARTESIAN_POINT ( 'NONE',  ( -13.47499999999999787, 0.7299999999999998712, 0.5650000000000000577 ) ) ;
#1221 = ORIENTED_EDGE ( 'NONE', *, *, #1585, .T. ) ;
#1222 = AXIS2_PLACEMENT_3D ( 'NONE', #2804, #1210, #6570 ) ;
#1223 = ORIENTED_EDGE ( 'NONE', *, *, #5566, .F. ) ;
#1224 = CARTESIAN_POINT ( 'NONE',  ( 7.414531797589169138, 5.179200000000049542, -7.934418877031439443 ) ) ;
#1225 = CARTESIAN_POINT ( 'NONE',  ( -12.81499999999999595, 1.480000000000000870, -1.275000000000002798 ) ) ;
#1227 = DIRECTION ( 'NONE',  ( -1.000000000000000000, 0.000000000000000000, -3.084144214486813332E-15 ) ) ;
#1226 = PLANE ( 'NONE',  #4015 ) ;
#1228 = AXIS2_PLACEMENT_3D ( 'NONE', #1514, #5812, #4185 ) ;
#1229 = PRODUCT_CONTEXT ( 'NONE', #2880, 'mechanical' ) ;
#1230 = ORIENTED_EDGE ( 'NONE', *, *, #4059, .T. ) ;
#1231 = LINE ( 'NONE', #5702, #6711 ) ;
#1232 = ORIENTED_EDGE ( 'NONE', *, *, #6603, .T. ) ;
#1233 = CARTESIAN_POINT ( 'NONE',  ( -12.81499999999999595, 2.380000000000000782, -1.174999999999995604 ) ) ;
#1234 = CYLINDRICAL_SURFACE ( 'NONE', #2618, 0.4500000000000007327 ) ;
#1235 = LINE ( 'NONE', #3416, #2011 ) ;
#1236 = EDGE_CURVE ( 'NONE', #3209, #4323, #2499, .T. ) ;
#1237 = CARTESIAN_POINT ( 'NONE',  ( 8.020921417378996665, 5.255337990269907777, -6.835135231356408880 ) ) ;
#1238 = VERTEX_POINT ( 'NONE', #6874 ) ;
#1239 = ORIENTED_EDGE ( 'NONE', *, *, #2619, .F. ) ;
#1240 = DIRECTION ( 'NONE',  ( 1.000000000000000000, -3.286955199289085105E-16, 0.000000000000000000 ) ) ;
#1241 = CARTESIAN_POINT ( 'NONE',  ( -10.55742020121451397, 5.180000000000000604, 2.664999999999993818 ) ) ;
#1242 = DIRECTION ( 'NONE',  ( -1.000000000000000000, 0.000000000000000000, 1.141265444721583757E-16 ) ) ;
#1243 = CARTESIAN_POINT ( 'NONE',  ( 7.417859203408450952, 5.255337990269911330, 7.374403436129172817 ) ) ;
#1244 = CIRCLE ( 'NONE', #4471, 11.20159999999999378 ) ;
#1245 = ORIENTED_EDGE ( 'NONE', *, *, #3184, .F. ) ;
#1246 = DIRECTION ( 'NONE',  ( 0.7480000000000042171, 0.000000000000000000, 0.6636987268331874246 ) ) ;
#1247 = EDGE_LOOP ( 'NONE', ( #5864, #6346, #6161, #6806 ) ) ;
#1248 = AXIS2_PLACEMENT_3D ( 'NONE', #1932, #3636, #6323 ) ;
#1249 = CARTESIAN_POINT ( 'NONE',  ( 4.978631618257905345, 2.980613728770026061, 0.8521946352945493075 ) ) ;
#1250 = CARTESIAN_POINT ( 'NONE',  ( -13.65000000000000213, 5.180000000000000604, -5.079999999999996518 ) ) ;
#1251 = DIRECTION ( 'NONE',  ( -3.286955199289085105E-16, -1.000000000000000000, 7.608436298143891306E-17 ) ) ;
#1252 = CARTESIAN_POINT ( 'NONE',  ( -6.500000000000000888, 1.665000000000000702, 0.09999999999999481526 ) ) ;
#1253 = EDGE_LOOP ( 'NONE', ( #6573, #6111, #1692, #722 ) ) ;
#1254 = VECTOR ( 'NONE', #4712, 1000.000000000000000 ) ;
#1255 = VECTOR ( 'NONE', #4520, 1000.000000000000000 ) ;
#1256 = ORIENTED_EDGE ( 'NONE', *, *, #3840, .F. ) ;
#1257 = CARTESIAN_POINT ( 'NONE',  ( -6.500000000000000888, 1.780000000000000693, -0.7999999999999948264 ) ) ;
#1258 = CIRCLE ( 'NONE', #5292, 0.007085511171399470204 ) ;
#1259 = CIRCLE ( 'NONE', #5758, 0.7620000000000005658 ) ;
#1260 = DIRECTION ( 'NONE',  ( 0.000000000000000000, 0.000000000000000000, -1.000000000000000000 ) ) ;
#1262 = ORIENTED_EDGE ( 'NONE', *, *, #5112, .T. ) ;
#1261 = CARTESIAN_POINT ( 'NONE',  ( -12.81499999999999595, 2.130000000000000782, -8.545133036385903935 ) ) ;
#1263 = CARTESIAN_POINT ( 'NONE',  ( 0.000000000000000000, 1.780000000000000693, 0.000000000000000000 ) ) ;
#1264 = VECTOR ( 'NONE', #3492, 1000.000000000000000 ) ;
#1265 = EDGE_LOOP ( 'NONE', ( #3506, #3525, #4183, #1035 ) ) ;
#1266 = DIRECTION ( 'NONE',  ( 0.000000000000000000, -1.000000000000000000, 7.608436298143890073E-17 ) ) ;
#1267 = VECTOR ( 'NONE', #5116, 1000.000000000000000 ) ;
#1268 = CARTESIAN_POINT ( 'NONE',  ( 0.000000000000000000, 0.000000000000000000, -9.524999999999998579 ) ) ;
#1269 = DIRECTION ( 'NONE',  ( 0.000000000000000000, -0.000000000000000000, 1.000000000000000000 ) ) ;
#1270 = LINE ( 'NONE', #4586, #5521 ) ;
#1271 = VERTEX_POINT ( 'NONE', #5801 ) ;
#1272 = DIRECTION ( 'NONE',  ( 0.000000000000000000, 0.000000000000000000, 1.000000000000000000 ) ) ;
#1273 = EDGE_LOOP ( 'NONE', ( #6865, #1045, #1512, #4998, #3637, #5498 ) ) ;
#1274 = ADVANCED_FACE ( 'NONE', ( #213 ), #1396, .T. ) ;
#1275 = CYLINDRICAL_SURFACE ( 'NONE', #968, 0.2999999999999999334 ) ;
#1276 = CARTESIAN_POINT ( 'NONE',  ( 9.504874527797996464, 5.255337990269910442, 4.920138060223870902 ) ) ;
#1277 = PLANE ( 'NONE',  #5143 ) ;
#1278 = DIRECTION ( 'NONE',  ( -0.000000000000000000, -1.000000000000000000, -0.000000000000000000 ) ) ;
#1279 = ORIENTED_EDGE ( 'NONE', *, *, #4721, .T. ) ;
#1280 = DIRECTION ( 'NONE',  ( -0.000000000000000000, -1.000000000000000000, 0.000000000000000000 ) ) ;
#1281 = EDGE_CURVE ( 'NONE', #6112, #4045, #2478, .T. ) ;
#1282 = VERTEX_POINT ( 'NONE', #1257 ) ;
#1283 = EDGE_CURVE ( 'NONE', #3895, #4910, #931, .T. ) ;
#1284 = CARTESIAN_POINT ( 'NONE',  ( -12.81499999999999595, 2.280000000000000249, -1.174999999999995604 ) ) ;
#1285 = FACE_OUTER_BOUND ( 'NONE', #4992, .T. ) ;
#1286 = DIRECTION ( 'NONE',  ( 0.000000000000000000, 0.000000000000000000, -1.000000000000000000 ) ) ;
#1287 = CARTESIAN_POINT ( 'NONE',  ( 12.58000000000000007, 1.280000000000001359, -0.4049999999999999711 ) ) ;
#1288 = ORIENTED_EDGE ( 'NONE', *, *, #2799, .F. ) ;
#1289 = ADVANCED_FACE ( 'NONE', ( #4279 ), #4784, .F. ) ;
#1290 = ADVANCED_FACE ( 'NONE', ( #4248 ), #3781, .F. ) ;
#1291 = ORIENTED_EDGE ( 'NONE', *, *, #4366, .F. ) ;
#1292 = DIRECTION ( 'NONE',  ( 0.000000000000000000, -1.000000000000000000, 0.000000000000000000 ) ) ;
#1293 = CARTESIAN_POINT ( 'NONE',  ( -13.65000000000000036, 0.3800000000000000044, -2.664999999999993374 ) ) ;
#1295 = EDGE_LOOP ( 'NONE', ( #7031, #2352 ) ) ;
#1294 =( LENGTH_UNIT ( ) NAMED_UNIT ( * ) SI_UNIT ( .MILLI., .METRE. ) );
#1296 = ADVANCED_FACE ( 'NONE', ( #5433 ), #7004, .T. ) ;
#1297 = DIRECTION ( 'NONE',  ( 0.000000000000000000, 0.000000000000000000, 1.000000000000000000 ) ) ;
#1298 = ORIENTED_EDGE ( 'NONE', *, *, #2266, .T. ) ;
#1299 = TOROIDAL_SURFACE ( 'NONE', #5799, 0.007085511171399388672, 0.2726000000000000090 ) ;
#1300 = DIRECTION ( 'NONE',  ( -0.000000000000000000, -1.000000000000000000, 0.000000000000000000 ) ) ;
#1301 = CARTESIAN_POINT ( 'NONE',  ( 10.15189057614266588, 5.179200000000006909, -4.644442262568017732 ) ) ;
#1302 = DIRECTION ( 'NONE',  ( 0.8870108331782210476, -0.000000000000000000, -0.4617486132350352435 ) ) ;
#1303 = FACE_OUTER_BOUND ( 'NONE', #4126, .T. ) ;
#1304 = EDGE_LOOP ( 'NONE', ( #2756, #3655, #5184, #2504 ) ) ;
#1305 = CARTESIAN_POINT ( 'NONE',  ( -12.81499999999999595, 2.380000000000000782, -1.274999999999995692 ) ) ;
#1306 = AXIS2_PLACEMENT_3D ( 'NONE', #4295, #6484, #3767 ) ;
#1307 = MANIFOLD_SOLID_BREP ( 'Combine3', #2698 ) ;
#1308 = ORIENTED_EDGE ( 'NONE', *, *, #896, .F. ) ;
#1309 = CARTESIAN_POINT ( 'NONE',  ( 9.250000000000012434, 1.130000000000001448, 0.4049999999999956413 ) ) ;
#1310 = FACE_OUTER_BOUND ( 'NONE', #1661, .T. ) ;
#1311 = DIRECTION ( 'NONE',  ( -0.000000000000000000, 1.000000000000000000, -0.000000000000000000 ) ) ;
#1312 = VECTOR ( 'NONE', #6436, 1000.000000000000000 ) ;
#1313 = CARTESIAN_POINT ( 'NONE',  ( -13.55499999999999794, 0.5500000000000133671, 1.277085511171400345 ) ) ;
#1315 = CARTESIAN_POINT ( 'NONE',  ( 12.58000000000000007, 1.130000000000001448, 1.900000000000000577 ) ) ;
#1314 = VECTOR ( 'NONE', #3947, 1000.000000000000000 ) ;
#1316 = VERTEX_POINT ( 'NONE', #898 ) ;
#1317 = DIRECTION ( 'NONE',  ( -0.000000000000000000, -1.000000000000000000, -0.000000000000000000 ) ) ;
#1318 = ORIENTED_EDGE ( 'NONE', *, *, #5863, .T. ) ;
#1319 = AXIS2_PLACEMENT_3D ( 'NONE', #3597, #4699, #6955 ) ;
#1320 = PRESENTATION_LAYER_ASSIGNMENT (  '', '', ( #6264 ) ) ;
#1321 = DIRECTION ( 'NONE',  ( 3.286955199289085105E-16, 1.000000000000000000, 0.000000000000000000 ) ) ;
#1322 = CARTESIAN_POINT ( 'NONE',  ( -13.28239999999999732, 0.5500000000000131450, -1.270000000000000906 ) ) ;
#1323 = DIRECTION ( 'NONE',  ( 0.000000000000000000, -1.000000000000000000, 0.000000000000000000 ) ) ;
#1324 = FACE_OUTER_BOUND ( 'NONE', #3046, .T. ) ;
#1325 = ORIENTED_EDGE ( 'NONE', *, *, #4847, .T. ) ;
#1326 = VECTOR ( 'NONE', #2286, 1000.000000000000000 ) ;
#1327 = EDGE_CURVE ( 'NONE', #2665, #6919, #5937, .T. ) ;
#1328 = ADVANCED_FACE ( 'NONE', ( #3205 ), #4851, .T. ) ;
#1329 = ORIENTED_EDGE ( 'NONE', *, *, #456, .F. ) ;
#1330 = EDGE_CURVE ( 'NONE', #2362, #2394, #3246, .T. ) ;
#1331 = AXIS2_PLACEMENT_3D ( 'NONE', #5075, #5001, #6720 ) ;
#1332 = FACE_BOUND ( 'NONE', #233, .T. ) ;
#1333 = ADVANCED_FACE ( 'NONE', ( #4887 ), #7072, .T. ) ;
#1334 = PLANE ( 'NONE',  #2068 ) ;
#1335 = ORIENTED_EDGE ( 'NONE', *, *, #2753, .F. ) ;
#1336 = DIRECTION ( 'NONE',  ( 0.000000000000000000, -0.000000000000000000, -1.000000000000000000 ) ) ;
#1337 = VERTEX_POINT ( 'NONE', #2560 ) ;
#1338 = AXIS2_PLACEMENT_3D ( 'NONE', #5884, #5343, #4766 ) ;
#1339 = DIRECTION ( 'NONE',  ( 1.000000000000000000, 0.000000000000000000, 0.000000000000000000 ) ) ;
#1340 = CARTESIAN_POINT ( 'NONE',  ( -3.490000000000001101, 1.780000000000000693, -8.882173751959591357 ) ) ;
#1341 = DIRECTION ( 'NONE',  ( 0.000000000000000000, -1.000000000000000000, 0.000000000000000000 ) ) ;
#1342 = ORIENTED_EDGE ( 'NONE', *, *, #2565, .F. ) ;
#1343 = CYLINDRICAL_SURFACE ( 'NONE', #1530, 1.020000000000000018 ) ;
#1344 = ORIENTED_EDGE ( 'NONE', *, *, #5737, .T. ) ;
#1345 = CARTESIAN_POINT ( 'NONE',  ( 8.907601765010884520, 1.393206748958446539, 0.000000000000000000 ) ) ;
#1346 = DIRECTION ( 'NONE',  ( 0.000000000000000000, 1.000000000000000000, 0.000000000000000000 ) ) ;
#1347 = CARTESIAN_POINT ( 'NONE',  ( 4.316786624489401980, 3.248016463690201139, 0.5387417953851387775 ) ) ;
#1348 = CARTESIAN_POINT ( 'NONE',  ( -13.32499999999999574, 1.480000000000001092, -1.275000000000002798 ) ) ;
#1349 = CYLINDRICAL_SURFACE ( 'NONE', #6418, 0.4699999999999999178 ) ;
#1350 = ORIENTED_EDGE ( 'NONE', *, *, #2342, .F. ) ;
#1351 = DIRECTION ( 'NONE',  ( 0.000000000000000000, 0.000000000000000000, 1.000000000000000000 ) ) ;
#1352 = VERTEX_POINT ( 'NONE', #4216 ) ;
#1353 = LINE ( 'NONE', #4568, #2946 ) ;
#1354 = CARTESIAN_POINT ( 'NONE',  ( 13.65000000000000036, 6.500000000000000888, -3.174999999999994049 ) ) ;
#1355 = DIRECTION ( 'NONE',  ( 0.000000000000000000, 1.000000000000000000, 0.000000000000000000 ) ) ;
#1356 = CARTESIAN_POINT ( 'NONE',  ( 4.236884534604473451, 3.280299003502751276, -0.8521946352945493075 ) ) ;
#1357 = ORIENTED_EDGE ( 'NONE', *, *, #6168, .F. ) ;
#1358 = AXIS2_PLACEMENT_3D ( 'NONE', #5299, #4750, #963 ) ;
#1359 = EDGE_LOOP ( 'NONE', ( #122, #2763, #7040, #4707, #6915, #692, #6413, #8 ) ) ;
#1360 = FACE_OUTER_BOUND ( 'NONE', #747, .T. ) ;
#1361 = EDGE_CURVE ( 'NONE', #4094, #3916, #3682, .T. ) ;
#1362 = B_SPLINE_CURVE_WITH_KNOTS ( 'NONE', 3,
 ( #5700, #2385, #1841, #794, #657, #760, #108, #5154 ),
 .UNSPECIFIED., .F., .F.,
 ( 4, 2, 2, 4 ),
 ( 0.000000000000000000, 0.0002969468540961176417, 0.0005938937081922352835, 0.001187787416384472085 ),
 .UNSPECIFIED. ) ;
#1363 = DIRECTION ( 'NONE',  ( 1.936075308009829170E-17, -0.000000000000000000, 1.000000000000000000 ) ) ;
#1364 = AXIS2_PLACEMENT_3D ( 'NONE', #80, #4482, #2868 ) ;
#1366 = ORIENTED_EDGE ( 'NONE', *, *, #5202, .F. ) ;
#1365 = DIRECTION ( 'NONE',  ( -1.000000000000000000, 0.000000000000000000, 1.355252715606880543E-16 ) ) ;
#1367 = EDGE_CURVE ( 'NONE', #4155, #5383, #3632, .T. ) ;
#1368 = CIRCLE ( 'NONE', #4356, 11.33000000000000007 ) ;
#1369 = CIRCLE ( 'NONE', #342, 0.7873999999999997668 ) ;
#1370 = ORIENTED_EDGE ( 'NONE', *, *, #2935, .F. ) ;
#1371 = ADVANCED_FACE ( 'NONE', ( #5324 ), #2593, .T. ) ;
#1372 = CARTESIAN_POINT ( 'NONE',  ( -6.400000000000000355, 1.665000000000000702, 5.204170427930421283E-15 ) ) ;
#1373 = CARTESIAN_POINT ( 'NONE',  ( -4.250000000000000888, 2.540000000000000480, -8.434513060040865540 ) ) ;
#1374 = FACE_OUTER_BOUND ( 'NONE', #6251, .T. ) ;
#1375 = VECTOR ( 'NONE', #2843, 1000.000000000000000 ) ;
#1376 = VECTOR ( 'NONE', #4700, 1000.000000000000000 ) ;
#1377 = ORIENTED_EDGE ( 'NONE', *, *, #5469, .T. ) ;
#1378 = CARTESIAN_POINT ( 'NONE',  ( -13.47499999999999787, 0.5500000000000132561, -1.470000000000001084 ) ) ;
#1379 = EDGE_CURVE ( 'NONE', #4219, #4682, #6576, .T. ) ;
#1380 = EDGE_CURVE ( 'NONE', #5439, #3346, #4999, .T. ) ;
#1381 = VERTEX_POINT ( 'NONE', #2777 ) ;
#1382 = CIRCLE ( 'NONE', #1493, 11.33000000000000007 ) ;
#1383 = CARTESIAN_POINT ( 'NONE',  ( 5.992500000000000604, -2.227103518025149054, 5.080000000000005400 ) ) ;
#1384 = CARTESIAN_POINT ( 'NONE',  ( -7.200000000000001066, 1.665000000000000702, -0.09999999999999480138 ) ) ;
#1385 = DIRECTION ( 'NONE',  ( 8.106184467181343480E-16, 0.000000000000000000, 1.000000000000000000 ) ) ;
#1386 = DIRECTION ( 'NONE',  ( 0.000000000000000000, 0.000000000000000000, 1.000000000000000000 ) ) ;
#1387 = ORIENTED_EDGE ( 'NONE', *, *, #1689, .F. ) ;
#1388 = DIRECTION ( 'NONE',  ( 0.000000000000000000, 0.000000000000000000, 1.000000000000000000 ) ) ;
#1389 = VERTEX_POINT ( 'NONE', #5585 ) ;
#1390 = CARTESIAN_POINT ( 'NONE',  ( 4.980272008114184246, 3.028083704691639344, 0.9220750831927052582 ) ) ;
#1391 = CARTESIAN_POINT ( 'NONE',  ( 6.527201336803595488, -4.738743101393897206, 1.900000000000000577 ) ) ;
#1392 = DIRECTION ( 'NONE',  ( 1.000000000000000000, 0.000000000000000000, 0.000000000000000000 ) ) ;
#1393 = CARTESIAN_POINT ( 'NONE',  ( 13.65000000000000036, 0.3800000000000000044, -3.175000000000005596 ) ) ;
#1394 = ORIENTED_EDGE ( 'NONE', *, *, #6814, .F. ) ;
#1395 = VERTEX_POINT ( 'NONE', #6046 ) ;
#1396 = CYLINDRICAL_SURFACE ( 'NONE', #6029, 0.1499999999999999667 ) ;
#1397 = DIRECTION ( 'NONE',  ( -1.296892550819982002E-16, 0.000000000000000000, -1.000000000000000000 ) ) ;
#1399 = ORIENTED_EDGE ( 'NONE', *, *, #3222, .F. ) ;
#1398 = CARTESIAN_POINT ( 'NONE',  ( 1.230000000000001537, -0.2565206349206209380, 6.319229184520675575E-15 ) ) ;
#1400 = EDGE_CURVE ( 'NONE', #4882, #1698, #647, .T. ) ;
#1401 = VERTEX_POINT ( 'NONE', #4425 ) ;
#1402 = VERTEX_POINT ( 'NONE', #4388 ) ;
#1403 = DIRECTION ( 'NONE',  ( 1.000000000000000000, -3.286955199289085105E-16, 0.000000000000000000 ) ) ;
#1404 = EDGE_CURVE ( 'NONE', #6646, #1501, #4962, .T. ) ;
#1405 = LINE ( 'NONE', #4223, #2849 ) ;
#1406 = LINE ( 'NONE', #5201, #45 ) ;
#1407 = VERTEX_POINT ( 'NONE', #2850 ) ;
#1408 = FACE_OUTER_BOUND ( 'NONE', #7083, .T. ) ;
#1409 = ADVANCED_FACE ( 'NONE', ( #608 ), #131, .F. ) ;
#1410 = EDGE_CURVE ( 'NONE', #3043, #2909, #5621, .T. ) ;
#1411 = ORIENTED_EDGE ( 'NONE', *, *, #3680, .F. ) ;
#1412 = VECTOR ( 'NONE', #849, 1000.000000000000000 ) ;
#1413 = EDGE_CURVE ( 'NONE', #3196, #3438, #2134, .T. ) ;
#1414 = PLANE ( 'NONE',  #3977 ) ;
#1415 = DIRECTION ( 'NONE',  ( 0.000000000000000000, 1.000000000000000000, 0.000000000000000000 ) ) ;
#1416 = EDGE_CURVE ( 'NONE', #4298, #1569, #532, .T. ) ;
#1417 = DIRECTION ( 'NONE',  ( 0.000000000000000000, -5.421010862427557669E-16, -1.000000000000000000 ) ) ;
#1418 = CARTESIAN_POINT ( 'NONE',  ( -13.15000000000000036, 2.130000000000000782, 1.780000000000002247 ) ) ;
#1419 = DIRECTION ( 'NONE',  ( 1.000000000000000000, 0.000000000000000000, -1.296892550819982002E-16 ) ) ;
#1420 = ORIENTED_EDGE ( 'NONE', *, *, #4494, .F. ) ;
#1421 = CARTESIAN_POINT ( 'NONE',  ( -12.81499999999999595, 2.280000000000000249, -0.9250000000000000444 ) ) ;
#1422 = VECTOR ( 'NONE', #2025, 1000.000000000000000 ) ;
#1423 = EDGE_CURVE ( 'NONE', #4918, #6634, #2271, .T. ) ;
#1424 = VERTEX_POINT ( 'NONE', #1108 ) ;
#1425 = EDGE_CURVE ( 'NONE', #4439, #6067, #3393, .T. ) ;
#1426 = VECTOR ( 'NONE', #3302, 1000.000000000000000 ) ;
#1427 = CARTESIAN_POINT ( 'NONE',  ( 9.876035985635374104, 5.179199999999766213, -5.140843202886856922 ) ) ;
#1428 = AXIS2_PLACEMENT_3D ( 'NONE', #18, #6075, #1139 ) ;
#1429 = DIRECTION ( 'NONE',  ( 0.000000000000000000, -0.000000000000000000, 1.000000000000000000 ) ) ;
#1430 = CARTESIAN_POINT ( 'NONE',  ( 13.26900000000000190, 0.3800000000000000044, 0.5080000000000051141 ) ) ;
#1431 = CARTESIAN_POINT ( 'NONE',  ( -13.47499999999999964, -2.299999999999987388, -1.070000000000000062 ) ) ;
#1432 = ORIENTED_EDGE ( 'NONE', *, *, #3978, .T. ) ;
#1433 = AXIS2_PLACEMENT_3D ( 'NONE', #2336, #1280, #2374 ) ;
#1434 = VECTOR ( 'NONE', #3519, 1000.000000000000000 ) ;
#1435 = EDGE_LOOP ( 'NONE', ( #2106, #6298, #1100, #1536 ) ) ;
#1436 = CARTESIAN_POINT ( 'NONE',  ( 13.67500000000000426, -0.2999999999999873324, 0.000000000000000000 ) ) ;
#1437 = VECTOR ( 'NONE', #5748, 1000.000000000000000 ) ;
#1438 = LINE ( 'NONE', #4749, #7005 ) ;
#1440 = ORIENTED_EDGE ( 'NONE', *, *, #5655, .F. ) ;
#1439 = DIRECTION ( 'NONE',  ( 0.3746065934159064081, 0.9271838545667897558, -0.000000000000000000 ) ) ;
#1441 = AXIS2_PLACEMENT_3D ( 'NONE', #6449, #3724, #5917 ) ;
#1442 = ORIENTED_EDGE ( 'NONE', *, *, #4273, .T. ) ;
#1443 = CARTESIAN_POINT ( 'NONE',  ( -13.47499999999999787, 0.5500000000000132561, -1.270000000000000906 ) ) ;
#1444 = VECTOR ( 'NONE', #3471, 1000.000000000000000 ) ;
#1445 = DIRECTION ( 'NONE',  ( 0.8870108331782210476, 0.000000000000000000, 0.4617486132350352435 ) ) ;
#1446 = ORIENTED_EDGE ( 'NONE', *, *, #3148, .F. ) ;
#1447 = DIRECTION ( 'NONE',  ( -0.7071067811865435759, 0.000000000000000000, 0.7071067811865514585 ) ) ;
#1448 = ORIENTED_EDGE ( 'NONE', *, *, #4078, .T. ) ;
#1449 = AXIS2_PLACEMENT_3D ( 'NONE', #5752, #4561, #1861 ) ;
#1450 = CARTESIAN_POINT ( 'NONE',  ( -0.4067930348823200482, 5.030000000000000249, -3.000000000000005329 ) ) ;
#1451 = ADVANCED_FACE ( 'NONE', ( #5511 ), #4922, .T. ) ;
#1452 = FACE_OUTER_BOUND ( 'NONE', #3211, .T. ) ;
#1453 = LINE ( 'NONE', #2094, #4222 ) ;
#1454 = DIRECTION ( 'NONE',  ( -0.000000000000000000, -1.000000000000000000, -0.000000000000000000 ) ) ;
#1455 = DIRECTION ( 'NONE',  ( 0.000000000000000000, 1.000000000000000000, 0.000000000000000000 ) ) ;
#1456 = ORIENTED_EDGE ( 'NONE', *, *, #1940, .T. ) ;
#1457 = LINE ( 'NONE', #6390, #285 ) ;
#1458 = CIRCLE ( 'NONE', #5492, 11.33000000000000007 ) ;
#1459 = EDGE_CURVE ( 'NONE', #6698, #3193, #2010, .T. ) ;
#1460 = ORIENTED_EDGE ( 'NONE', *, *, #1193, .T. ) ;
#1461 = CARTESIAN_POINT ( 'NONE',  ( 10.10612312808333613, 5.179199999999802628, -4.731626131804881119 ) ) ;
#1462 = EDGE_CURVE ( 'NONE', #525, #4171, #6080, .T. ) ;
#1463 = CARTESIAN_POINT ( 'NONE',  ( -9.423120793068802570, -8.552339098412836904, -1.744431818181813032 ) ) ;
#1464 = CARTESIAN_POINT ( 'NONE',  ( 1.940500351447028926, -2.885595613245920621, -1.359412968102929886 ) ) ;
#1465 = DIRECTION ( 'NONE',  ( 0.000000000000000000, 0.000000000000000000, 1.000000000000000000 ) ) ;
#1466 = ORIENTED_EDGE ( 'NONE', *, *, #3143, .F. ) ;
#1467 = ADVANCED_FACE ( 'NONE', ( #4460 ), #4497, .T. ) ;
#1468 = EDGE_CURVE ( 'NONE', #1172, #4789, #284, .T. ) ;
#1469 = ORIENTED_EDGE ( 'NONE', *, *, #6871, .T. ) ;
#1470 = DIRECTION ( 'NONE',  ( -0.000000000000000000, -1.000000000000000000, -0.000000000000000000 ) ) ;
#1471 = LINE ( 'NONE', #3651, #2195 ) ;
#1473 = VERTEX_POINT ( 'NONE', #1068 ) ;
#1472 = PLANE ( 'NONE',  #6987 ) ;
#1474 = VECTOR ( 'NONE', #4082, 1000.000000000000000 ) ;
#1475 = EDGE_LOOP ( 'NONE', ( #5393, #4410, #5569, #313, #5161, #832 ) ) ;
#1476 = VECTOR ( 'NONE', #4965, 1000.000000000000000 ) ;
#1477 = LINE ( 'NONE', #5441, #6191 ) ;
#1478 = CARTESIAN_POINT ( 'NONE',  ( 8.395448603457737136, 2.072708883517799805, 8.776682869802256093 ) ) ;
#1479 = VERTEX_POINT ( 'NONE', #3282 ) ;
#1480 = LINE ( 'NONE', #403, #4531 ) ;
#1481 = CIRCLE ( 'NONE', #6318, 0.007085511171399470204 ) ;
#1482 = CIRCLE ( 'NONE', #4357, 0.007085511171399470204 ) ;
#1483 = ORIENTED_EDGE ( 'NONE', *, *, #5349, .T. ) ;
#1484 = CARTESIAN_POINT ( 'NONE',  ( -4.250000000000002665, 5.179199999999999804, -6.603999999999997428 ) ) ;
#1485 = AXIS2_PLACEMENT_3D ( 'NONE', #6607, #3273, #5464 ) ;
#1486 = VECTOR ( 'NONE', #4736, 1000.000000000000000 ) ;
#1487 = CARTESIAN_POINT ( 'NONE',  ( -9.650000000000000355, 2.280000000000000693, 1.274999999999994804 ) ) ;
#1488 = DIRECTION ( 'NONE',  ( 0.000000000000000000, 0.000000000000000000, 1.000000000000000000 ) ) ;
#1489 = FACE_OUTER_BOUND ( 'NONE', #3202, .T. ) ;
#1490 = VERTEX_POINT ( 'NONE', #2194 ) ;
#1491 = LINE ( 'NONE', #5924, #4996 ) ;
#1492 = EDGE_CURVE ( 'NONE', #4045, #4921, #5185, .T. ) ;
#1493 = AXIS2_PLACEMENT_3D ( 'NONE', #4047, #3002, #1260 ) ;
#1494 = ORIENTED_EDGE ( 'NONE', *, *, #1640, .T. ) ;
#1495 = CARTESIAN_POINT ( 'NONE',  ( 4.236884534604473451, 3.280299003502751276, -0.8521946352945493075 ) ) ;
#1496 = CARTESIAN_POINT ( 'NONE',  ( -9.650000000000000355, 2.130000000000000782, 1.274999999999995692 ) ) ;
#1497 = CARTESIAN_POINT ( 'NONE',  ( -7.043780303214237648, 5.030000000000000249, 4.479999999999994209 ) ) ;
#1498 = CARTESIAN_POINT ( 'NONE',  ( -13.47499999999999964, -3.299999999999999822, 8.545133036385903935 ) ) ;
#1499 = VECTOR ( 'NONE', #16, 1000.000000000000000 ) ;
#1500 = EDGE_CURVE ( 'NONE', #507, #5978, #4108, .T. ) ;
#1501 = VERTEX_POINT ( 'NONE', #1284 ) ;
#1502 = ORIENTED_EDGE ( 'NONE', *, *, #4713, .T. ) ;
#1503 = ADVANCED_FACE ( 'NONE', ( #1793 ), #3051, .T. ) ;
#1504 = EDGE_LOOP ( 'NONE', ( #3888, #6928, #1031, #4942 ) ) ;
#1505 = DIRECTION ( 'NONE',  ( 1.000000000000000000, 0.000000000000000000, 0.000000000000000000 ) ) ;
#1506 = EDGE_CURVE ( 'NONE', #2751, #2485, #3535, .T. ) ;
#1507 = FACE_OUTER_BOUND ( 'NONE', #3031, .T. ) ;
#1508 = EDGE_CURVE ( 'NONE', #989, #6094, #2338, .T. ) ;
#1510 = VERTEX_POINT ( 'NONE', #2992 ) ;
#1509 = CARTESIAN_POINT ( 'NONE',  ( 13.65000000000000036, 0.3800000000000000044, -3.174999999999994049 ) ) ;
#1511 = EDGE_CURVE ( 'NONE', #5889, #2590, #1353, .T. ) ;
#1512 = ORIENTED_EDGE ( 'NONE', *, *, #3990, .T. ) ;
#1513 = EDGE_CURVE ( 'NONE', #3452, #2665, #394, .T. ) ;
#1514 = CARTESIAN_POINT ( 'NONE',  ( -0.4067930348823200482, 5.030000000000000249, 3.000000000000005329 ) ) ;
#1515 = CARTESIAN_POINT ( 'NONE',  ( 8.231693572372751788, 1.862403018296278523, 8.908695227814986239 ) ) ;
#1516 = ORIENTED_EDGE ( 'NONE', *, *, #680, .T. ) ;
#1517 = DIRECTION ( 'NONE',  ( 1.000000000000000000, 0.000000000000000000, -8.963311611156630033E-16 ) ) ;
#1518 = ORIENTED_EDGE ( 'NONE', *, *, #2247, .F. ) ;
#1519 = LINE ( 'NONE', #5818, #2486 ) ;
#1520 = DIRECTION ( 'NONE',  ( -0.000000000000000000, 1.000000000000000000, -0.000000000000000000 ) ) ;
#1521 = DIRECTION ( 'NONE',  ( -1.781861983965886964E-31, -5.421010862427557669E-16, -1.000000000000000000 ) ) ;
#1522 = CARTESIAN_POINT ( 'NONE',  ( 8.074008273066926478, 1.799680149252400385, -9.029779948554709890 ) ) ;
#1523 = CARTESIAN_POINT ( 'NONE',  ( 11.44296743328142085, 1.862403018296277413, -4.907530921984347039 ) ) ;
#1524 = VERTEX_POINT ( 'NONE', #4642 ) ;
#1525 = DIRECTION ( 'NONE',  ( -1.000000000000000000, 3.286955199289085105E-16, 0.000000000000000000 ) ) ;
#1526 = ORIENTED_EDGE ( 'NONE', *, *, #6751, .F. ) ;
#1527 = CARTESIAN_POINT ( 'NONE',  ( 13.59500000000000419, -0.2999999999999873324, 0.2000000000000005107 ) ) ;
#1528 = CARTESIAN_POINT ( 'NONE',  ( -9.650000000000000355, 2.130000000000000782, -8.545133036385903935 ) ) ;
#1529 = CARTESIAN_POINT ( 'NONE',  ( -3.532500000000000195, 0.000000000000000000, 4.292600000000005522 ) ) ;
#1530 = AXIS2_PLACEMENT_3D ( 'NONE', #121, #2329, #82 ) ;
#1531 = CARTESIAN_POINT ( 'NONE',  ( -12.81499999999999595, 5.030000000000000249, -1.274999999999995692 ) ) ;
#1532 = ORIENTED_EDGE ( 'NONE', *, *, #4793, .F. ) ;
#1533 = VERTEX_POINT ( 'NONE', #5687 ) ;
#1534 = VERTEX_POINT ( 'NONE', #718 ) ;
#1535 = AXIS2_PLACEMENT_3D ( 'NONE', #5490, #588, #4398 ) ;
#1536 = ORIENTED_EDGE ( 'NONE', *, *, #6387, .F. ) ;
#1537 = DIRECTION ( 'NONE',  ( 1.000000000000000000, 0.000000000000000000, 6.851198562309674036E-17 ) ) ;
#1538 = LINE ( 'NONE', #4891, #1036 ) ;
#1539 = ADVANCED_FACE ( 'NONE', ( #6828 ), #2856, .F. ) ;
#1541 = ORIENTED_EDGE ( 'NONE', *, *, #4234, .T. ) ;
#1540 = LINE ( 'NONE', #4822, #5392 ) ;
#1542 = VECTOR ( 'NONE', #684, 1000.000000000000000 ) ;
#1543 = VECTOR ( 'NONE', #5843, 1000.000000000000000 ) ;
#1544 = ADVANCED_FACE ( 'NONE', ( #2554 ), #2038, .F. ) ;
#1545 = ORIENTED_EDGE ( 'NONE', *, *, #4939, .T. ) ;
#1546 = AXIS2_PLACEMENT_3D ( 'NONE', #6857, #2406, #199 ) ;
#1547 = DIRECTION ( 'NONE',  ( 0.000000000000000000, 0.000000000000000000, -1.000000000000000000 ) ) ;
#1548 = CARTESIAN_POINT ( 'NONE',  ( -13.32499999999999574, 0.4299999999999978284, -0.8649999999999999911 ) ) ;
#1549 = ORIENTED_EDGE ( 'NONE', *, *, #2695, .T. ) ;
#1550 = DIRECTION ( 'NONE',  ( -1.000000000000000000, 0.000000000000000000, -0.000000000000000000 ) ) ;
#1551 = AXIS2_PLACEMENT_3D ( 'NONE', #4659, #869, #466 ) ;
#1552 = EDGE_CURVE ( 'NONE', #5590, #4219, #4540, .T. ) ;
#1553 = ORIENTED_EDGE ( 'NONE', *, *, #3543, .T. ) ;
#1554 = AXIS2_PLACEMENT_3D ( 'NONE', #6116, #5587, #649 ) ;
#1555 = DIRECTION ( 'NONE',  ( -0.000000000000000000, 1.000000000000000000, -0.000000000000000000 ) ) ;
#1556 = LINE ( 'NONE', #3766, #6400 ) ;
#1557 = LINE ( 'NONE', #6522, #388 ) ;
#1558 = CARTESIAN_POINT ( 'NONE',  ( 13.65000000000000036, 0.3800000000000000044, 0.5079999999999949001 ) ) ;
#1559 = CARTESIAN_POINT ( 'NONE',  ( 11.32387503425724695, 2.157010179331334765, -5.146264796896186766 ) ) ;
#1560 = VERTEX_POINT ( 'NONE', #1527 ) ;
#1561 = DIRECTION ( 'NONE',  ( 0.000000000000000000, 0.000000000000000000, 1.000000000000000000 ) ) ;
#1562 = CIRCLE ( 'NONE', #6058, 0.3199999999999991185 ) ;
#1563 = ORIENTED_EDGE ( 'NONE', *, *, #2446, .F. ) ;
#1564 = CARTESIAN_POINT ( 'NONE',  ( -13.32499999999999751, -2.600000000000000089, 1.675000000000001821 ) ) ;
#1565 = DIRECTION ( 'NONE',  ( 1.000000000000000000, 0.000000000000000000, 0.000000000000000000 ) ) ;
#1566 = CARTESIAN_POINT ( 'NONE',  ( -12.81499999999999595, 2.380000000000000782, 1.174999999999995604 ) ) ;
#1567 = AXIS2_PLACEMENT_3D ( 'NONE', #1443, #4827, #3656 ) ;
#1568 = CARTESIAN_POINT ( 'NONE',  ( -13.28239999999999910, -2.299999999999986944, -1.277085511171399679 ) ) ;
#1569 = VERTEX_POINT ( 'NONE', #2005 ) ;
#1570 = ORIENTED_EDGE ( 'NONE', *, *, #325, .T. ) ;
#1571 = ORIENTED_EDGE ( 'NONE', *, *, #4675, .T. ) ;
#1572 = VERTEX_POINT ( 'NONE', #5961 ) ;
#1573 = DIRECTION ( 'NONE',  ( 0.6427876096865379196, -0.000000000000000000, -0.7660444431189793457 ) ) ;
#1574 = DIRECTION ( 'NONE',  ( 0.000000000000000000, 0.000000000000000000, 1.000000000000000000 ) ) ;
#1575 = DIRECTION ( 'NONE',  ( 0.000000000000000000, 0.000000000000000000, 1.000000000000000000 ) ) ;
#1577 = EDGE_LOOP ( 'NONE', ( #7112, #6743, #5373, #6261, #3073, #4912, #2954 ) ) ;
#1576 = DIRECTION ( 'NONE',  ( 0.000000000000000000, 0.000000000000000000, 1.000000000000000000 ) ) ;
#1578 = EDGE_CURVE ( 'NONE', #57, #7024, #1975, .T. ) ;
#1579 = ORIENTED_EDGE ( 'NONE', *, *, #3882, .T. ) ;
#1580 = DIRECTION ( 'NONE',  ( 1.296892550819982002E-16, 0.000000000000000000, -1.000000000000000000 ) ) ;
#1581 = AXIS2_PLACEMENT_3D ( 'NONE', #1121, #4472, #4435 ) ;
#1582 = CARTESIAN_POINT ( 'NONE',  ( 6.449821268649270856, -4.707479524502637958, 0.1498572332372787863 ) ) ;
#1583 = CARTESIAN_POINT ( 'NONE',  ( -13.65000000000000391, -2.600000000000000089, 0.8649999999999999911 ) ) ;
#1584 = ORIENTED_EDGE ( 'NONE', *, *, #811, .T. ) ;
#1585 = EDGE_CURVE ( 'NONE', #2626, #5798, #5927, .T. ) ;
#1586 = CARTESIAN_POINT ( 'NONE',  ( 3.110000000000002984, 1.780000000000000693, -1.900000000000001021 ) ) ;
#1587 = ADVANCED_FACE ( 'NONE', ( #3197 ), #4172, .F. ) ;
#1588 = ORIENTED_EDGE ( 'NONE', *, *, #6564, .F. ) ;
#1589 = DIRECTION ( 'NONE',  ( 0.000000000000000000, 0.000000000000000000, -1.000000000000000000 ) ) ;
#1590 = DIRECTION ( 'NONE',  ( 0.3746065934159064081, 0.9271838545667897558, 0.000000000000000000 ) ) ;
#1591 = EDGE_CURVE ( 'NONE', #2224, #31, #514, .T. ) ;
#1592 = CARTESIAN_POINT ( 'NONE',  ( 7.695414893271073531, 5.179199999999975823, -7.705181426667935263 ) ) ;
#1593 = DIRECTION ( 'NONE',  ( 1.000000000000000000, -3.286955199289085105E-16, -0.000000000000000000 ) ) ;
#1594 = DIRECTION ( 'NONE',  ( 0.000000000000000000, 1.000000000000000000, -0.000000000000000000 ) ) ;
#1595 = VECTOR ( 'NONE', #2517, 999.9999999999998863 ) ;
#1596 = EDGE_LOOP ( 'NONE', ( #1731, #1753 ) ) ;
#1597 = DIRECTION ( 'NONE',  ( 0.000000000000000000, 0.000000000000000000, 1.000000000000000000 ) ) ;
#1598 = EDGE_CURVE ( 'NONE', #1063, #4338, #5372, .T. ) ;
#1599 = ORIENTED_EDGE ( 'NONE', *, *, #2606, .F. ) ;
#1600 = AXIS2_PLACEMENT_3D ( 'NONE', #5788, #1931, #6322 ) ;
#1601 = VECTOR ( 'NONE', #667, 1000.000000000000000 ) ;
#1602 = CARTESIAN_POINT ( 'NONE',  ( 4.978631618257905345, 2.980613728770025617, -0.8521946352945493075 ) ) ;
#1603 = DIRECTION ( 'NONE',  ( -0.000000000000000000, -1.000000000000000000, 0.000000000000000000 ) ) ;
#1604 = CARTESIAN_POINT ( 'NONE',  ( 4.978631618257905345, 2.980613728770025617, 0.9569143895785540144 ) ) ;
#1605 = PRESENTATION_STYLE_ASSIGNMENT (( #3239 ) ) ;
#1606 = EDGE_LOOP ( 'NONE', ( #5429, #5365, #1291, #6069 ) ) ;
#1607 = DIRECTION ( 'NONE',  ( 0.000000000000000000, 0.000000000000000000, -1.000000000000000000 ) ) ;
#1608 = AXIS2_PLACEMENT_3D ( 'NONE', #6394, #1429, #2522 ) ;
#1609 = ORIENTED_EDGE ( 'NONE', *, *, #2130, .T. ) ;
#1610 = ORIENTED_EDGE ( 'NONE', *, *, #2567, .F. ) ;
#1611 = CARTESIAN_POINT ( 'NONE',  ( -13.65000000000000213, 0.7299999999999999822, -0.5650000000000000577 ) ) ;
#1612 = CIRCLE ( 'NONE', #2545, 0.2726000000000000090 ) ;
#1613 = FACE_OUTER_BOUND ( 'NONE', #3131, .T. ) ;
#1614 = CARTESIAN_POINT ( 'NONE',  ( 8.512783617748475251, 6.500000000000000888, -8.679283540538028419 ) ) ;
#1616 = ORIENTED_EDGE ( 'NONE', *, *, #5252, .F. ) ;
#1615 = CARTESIAN_POINT ( 'NONE',  ( 1.230000000000000204, 1.780000000000000693, -5.204170427930421283E-15 ) ) ;
#1617 = ORIENTED_EDGE ( 'NONE', *, *, #6210, .T. ) ;
#1618 = DIRECTION ( 'NONE',  ( -1.000000000000000000, 3.286955199289085105E-16, 0.000000000000000000 ) ) ;
#1619 = CARTESIAN_POINT ( 'NONE',  ( 10.47733411724931329, 1.780000000000000693, -3.957047167264603260 ) ) ;
#1620 = LINE ( 'NONE', #5407, #3053 ) ;
#1621 = VERTEX_POINT ( 'NONE', #1564 ) ;
#1622 = PLANE ( 'NONE',  #2817 ) ;
#1623 = EDGE_LOOP ( 'NONE', ( #3897, #120, #2457, #2276, #1298 ) ) ;
#1624 = ADVANCED_FACE ( 'NONE', ( #1027 ), #5828, .F. ) ;
#1625 = DIRECTION ( 'NONE',  ( 0.000000000000000000, 1.000000000000000000, 0.000000000000000000 ) ) ;
#1626 = DIRECTION ( 'NONE',  ( 0.000000000000000000, 0.000000000000000000, 1.000000000000000000 ) ) ;
#1627 = EDGE_CURVE ( 'NONE', #4454, #2465, #6965, .T. ) ;
#1628 = LINE ( 'NONE', #2759, #3512 ) ;
#1629 = CARTESIAN_POINT ( 'NONE',  ( -4.250000000000002665, 5.179199999999999804, -6.603999999999997428 ) ) ;
#1630 = ADVANCED_FACE ( 'NONE', ( #3236 ), #5422, .T. ) ;
#1631 = CARTESIAN_POINT ( 'NONE',  ( 0.000000000000000000, 0.000000000000000000, 9.524999999999998579 ) ) ;
#1632 = ORIENTED_EDGE ( 'NONE', *, *, #6263, .T. ) ;
#1633 = DIRECTION ( 'NONE',  ( 0.000000000000000000, 1.000000000000000000, 0.000000000000000000 ) ) ;
#1634 = ORIENTED_EDGE ( 'NONE', *, *, #7113, .T. ) ;
#1635 = EDGE_CURVE ( 'NONE', #2223, #6074, #4341, .T. ) ;
#1636 = EDGE_CURVE ( 'NONE', #5457, #3245, #5423, .T. ) ;
#1637 = CARTESIAN_POINT ( 'NONE',  ( 4.961917469441981865, 3.096687661666921443, -0.8521946352945490855 ) ) ;
#1638 = PLANE ( 'NONE',  #7001 ) ;
#1639 = DIRECTION ( 'NONE',  ( -3.021188535318570096E-16, -0.9191450300180553645, 0.3939192985791735158 ) ) ;
#1640 = EDGE_CURVE ( 'NONE', #1282, #1153, #3952, .T. ) ;
#1641 = VERTEX_POINT ( 'NONE', #4913 ) ;
#1642 = DIRECTION ( 'NONE',  ( -1.000000000000000000, 0.000000000000000000, 0.000000000000000000 ) ) ;
#1643 = ORIENTED_EDGE ( 'NONE', *, *, #1817, .T. ) ;
#1644 = ADVANCED_FACE ( 'NONE', ( #3384, #7094, #12 ), #2840, .F. ) ;
#1645 = ORIENTED_EDGE ( 'NONE', *, *, #1627, .T. ) ;
#1646 = VECTOR ( 'NONE', #6948, 1000.000000000000000 ) ;
#1647 = CARTESIAN_POINT ( 'NONE',  ( -6.300000000000000711, 1.780000000000000693, -0.09999999999999492628 ) ) ;
#1648 = DIRECTION ( 'NONE',  ( 0.000000000000000000, 1.000000000000000000, 0.000000000000000000 ) ) ;
#1649 = DIRECTION ( 'NONE',  ( 1.000000000000000000, 0.000000000000000000, -1.121235145219832696E-16 ) ) ;
#1651 = ORIENTED_EDGE ( 'NONE', *, *, #3764, .T. ) ;
#1650 = DIRECTION ( 'NONE',  ( 0.000000000000000000, -0.000000000000000000, 1.000000000000000000 ) ) ;
#1652 = AXIS2_PLACEMENT_3D ( 'NONE', #5158, #5560, #620 ) ;
#1653 = ORIENTED_EDGE ( 'NONE', *, *, #4458, .F. ) ;
#1654 = CYLINDRICAL_SURFACE ( 'NONE', #5642, 0.3499999999999998113 ) ;
#1655 = VECTOR ( 'NONE', #1144, 1000.000000000000000 ) ;
#1656 = LINE ( 'NONE', #4858, #4152 ) ;
#1657 = CARTESIAN_POINT ( 'NONE',  ( 13.44500000000000384, 5.221380679259153723, -3.757020291111129673 ) ) ;
#1658 = VERTEX_POINT ( 'NONE', #6676 ) ;
#1659 = LINE ( 'NONE', #5914, #2582 ) ;
#1660 = VECTOR ( 'NONE', #2983, 1000.000000000000000 ) ;
#1661 = EDGE_LOOP ( 'NONE', ( #6373, #2441, #6538, #7035 ) ) ;
#1662 = CARTESIAN_POINT ( 'NONE',  ( 13.59500000000000419, -0.2999999999999873324, 0.000000000000000000 ) ) ;
#1663 = CARTESIAN_POINT ( 'NONE',  ( -13.65000000000000036, 0.3800000000000001155, -1.779999999999997806 ) ) ;
#1664 = VECTOR ( 'NONE', #6772, 999.9999999999998863 ) ;
#1665 = CARTESIAN_POINT ( 'NONE',  ( 11.27983273990924573, 2.540000000000000480, -5.231611787952942905 ) ) ;
#1666 = CARTESIAN_POINT ( 'NONE',  ( -13.47499999999999787, 1.480000000000001315, -1.675000000000000044 ) ) ;
#1667 = ORIENTED_EDGE ( 'NONE', *, *, #5133, .T. ) ;
#1668 = DIRECTION ( 'NONE',  ( 0.000000000000000000, 0.000000000000000000, -1.000000000000000000 ) ) ;
#1669 = ORIENTED_EDGE ( 'NONE', *, *, #2710, .F. ) ;
#1670 = AXIS2_PLACEMENT_3D ( 'NONE', #5255, #1906, #6293 ) ;
#1671 = ADVANCED_FACE ( 'NONE', ( #6138 ), #1096, .T. ) ;
#1672 = CARTESIAN_POINT ( 'NONE',  ( 4.978631618257905345, 2.980613728770026949, -0.8521946352945493075 ) ) ;
#1673 = CARTESIAN_POINT ( 'NONE',  ( 8.827960828766444834, 5.255337990269732806, 5.925039205011138677 ) ) ;
#1674 = DIRECTION ( 'NONE',  ( -1.000000000000000000, 3.286955199289085105E-16, -0.000000000000000000 ) ) ;
#1675 = DIRECTION ( 'NONE',  ( -0.7071067811865435759, 0.000000000000000000, 0.7071067811865514585 ) ) ;
#1676 = ORIENTED_EDGE ( 'NONE', *, *, #320, .T. ) ;
#1677 = FACE_OUTER_BOUND ( 'NONE', #6905, .T. ) ;
#1678 = CIRCLE ( 'NONE', #2380, 0.3810000000000000608 ) ;
#1679 = ADVANCED_FACE ( 'NONE', ( #6001 ), #1058, .F. ) ;
#1680 = EDGE_LOOP ( 'NONE', ( #4243, #1262, #2592, #802, #1676, #1579, #604 ) ) ;
#1681 = EDGE_CURVE ( 'NONE', #2366, #4162, #2730, .T. ) ;
#1682 = VERTEX_POINT ( 'NONE', #6033 ) ;
#1683 = AXIS2_PLACEMENT_3D ( 'NONE', #6037, #1098, #5542 ) ;
#1684 = DIRECTION ( 'NONE',  ( 1.000000000000000000, 0.000000000000000000, 6.851198562309674036E-17 ) ) ;
#1685 = CARTESIAN_POINT ( 'NONE',  ( -9.799113291647698176, -8.552339098412836904, 1.805999999999994499 ) ) ;
#1686 = DIRECTION ( 'NONE',  ( 1.000000000000000000, -0.000000000000000000, 0.000000000000000000 ) ) ;
#1688 = EDGE_LOOP ( 'NONE', ( #3217, #5932, #4221, #5223 ) ) ;
#1687 = DIRECTION ( 'NONE',  ( -0.000000000000000000, -1.000000000000000000, -0.000000000000000000 ) ) ;
#1689 = EDGE_CURVE ( 'NONE', #3463, #2751, #4884, .T. ) ;
#1690 = ADVANCED_FACE ( 'NONE', ( #6070 ), #2218, .F. ) ;
#1691 = AXIS2_PLACEMENT_3D ( 'NONE', #4370, #6558, #1626 ) ;
#1692 = ORIENTED_EDGE ( 'NONE', *, *, #372, .F. ) ;
#1693 = DIRECTION ( 'NONE',  ( 0.000000000000000000, 0.000000000000000000, -1.000000000000000000 ) ) ;
#1694 = DIRECTION ( 'NONE',  ( -0.000000000000000000, -1.000000000000000000, -0.000000000000000000 ) ) ;
#1695 = LINE ( 'NONE', #3755, #557 ) ;
#1696 = ORIENTED_EDGE ( 'NONE', *, *, #3587, .F. ) ;
#1697 = CYLINDRICAL_SURFACE ( 'NONE', #2110, 0.4999999999999998890 ) ;
#1698 = VERTEX_POINT ( 'NONE', #3349 ) ;
#1699 = CARTESIAN_POINT ( 'NONE',  ( 12.58000000000000007, 1.280000000000001359, 0.4049999999999999711 ) ) ;
#1700 = DIRECTION ( 'NONE',  ( -0.9263013809843634316, 0.3742500509449993573, -0.04361938736532862404 ) ) ;
#1701 = DIRECTION ( 'NONE',  ( -0.000000000000000000, 1.000000000000000000, -0.000000000000000000 ) ) ;
#1702 = FACE_OUTER_BOUND ( 'NONE', #5203, .T. ) ;
#1703 = ORIENTED_EDGE ( 'NONE', *, *, #6961, .F. ) ;
#1704 = CARTESIAN_POINT ( 'NONE',  ( 0.000000000000000000, 2.280000000000000693, -1.424999999999995826 ) ) ;
#1705 = AXIS2_PLACEMENT_3D ( 'NONE', #3406, #5155, #6803 ) ;
#1706 = ORIENTED_EDGE ( 'NONE', *, *, #3754, .F. ) ;
#1707 = CARTESIAN_POINT ( 'NONE',  ( 4.978631618257905345, 2.980613728770025617, -0.7474748810105446006 ) ) ;
#1708 = CARTESIAN_POINT ( 'NONE',  ( 3.110000000000002984, 1.130000000000000782, -1.900000000000001021 ) ) ;
#1709 = VECTOR ( 'NONE', #5851, 1000.000000000000000 ) ;
#1710 = DIRECTION ( 'NONE',  ( -0.000000000000000000, -1.000000000000000000, -0.000000000000000000 ) ) ;
#1711 = CARTESIAN_POINT ( 'NONE',  ( 12.58000000000000007, 1.280000000000001359, -1.900000000000002354 ) ) ;
#1712 = ORIENTED_EDGE ( 'NONE', *, *, #5420, .T. ) ;
#1713 = CARTESIAN_POINT ( 'NONE',  ( 4.348156337552939732, 3.073562065513971930, 1.359412968102929886 ) ) ;
#1714 = ADVANCED_FACE ( 'NONE', ( #4985 ), #2258, .T. ) ;
#1715 = AXIS2_PLACEMENT_3D ( 'NONE', #1568, #6534, #6003 ) ;
#1716 = AXIS2_PLACEMENT_3D ( 'NONE', #6089, #1763, #3862 ) ;
#1717 = ORIENTED_EDGE ( 'NONE', *, *, #5026, .F. ) ;
#1718 = ORIENTED_EDGE ( 'NONE', *, *, #4076, .F. ) ;
#1719 = CARTESIAN_POINT ( 'NONE',  ( -3.532500000000000195, -2.227103518025149054, -4.292599999999995752 ) ) ;
#1720 = LINE ( 'NONE', #4003, #695 ) ;
#1721 = EDGE_CURVE ( 'NONE', #2773, #1490, #1820, .T. ) ;
#1722 = CARTESIAN_POINT ( 'NONE',  ( 13.67500000000000426, -2.299999999999987832, 0.007085511171399388672 ) ) ;
#1723 = CARTESIAN_POINT ( 'NONE',  ( -12.81499999999999595, 2.280000000000000249, -1.675000000000000044 ) ) ;
#1724 = CIRCLE ( 'NONE', #5865, 11.33000000000000007 ) ;
#1725 = AXIS2_PLACEMENT_3D ( 'NONE', #3810, #5928, #5386 ) ;
#1727 = ORIENTED_EDGE ( 'NONE', *, *, #3137, .F. ) ;
#1726 = CARTESIAN_POINT ( 'NONE',  ( -9.782114919487536753, 0.3800000000000000044, 2.664999999999993818 ) ) ;
#1728 = EDGE_CURVE ( 'NONE', #1490, #757, #6601, .T. ) ;
#1729 = EDGE_CURVE ( 'NONE', #346, #4346, #814, .T. ) ;
#1730 = VECTOR ( 'NONE', #4434, 1000.000000000000000 ) ;
#1731 = ORIENTED_EDGE ( 'NONE', *, *, #2206, .F. ) ;
#1732 = CARTESIAN_POINT ( 'NONE',  ( 9.654619102224437199, 5.179199999999688941, -5.499206872838896309 ) ) ;
#1733 = EDGE_CURVE ( 'NONE', #4772, #967, #4129, .T. ) ;
#1734 = DIRECTION ( 'NONE',  ( 0.000000000000000000, 0.000000000000000000, 1.000000000000000000 ) ) ;
#1735 = CARTESIAN_POINT ( 'NONE',  ( -13.17259999999999565, 2.130000000000000782, -0.9250000000000004885 ) ) ;
#1736 = DIRECTION ( 'NONE',  ( 0.000000000000000000, 0.000000000000000000, 1.000000000000000000 ) ) ;
#1737 = EDGE_CURVE ( 'NONE', #1698, #2990, #123, .T. ) ;
#1738 = ORIENTED_EDGE ( 'NONE', *, *, #5475, .F. ) ;
#1739 = DIRECTION ( 'NONE',  ( -0.000000000000000000, 1.000000000000000000, -0.000000000000000000 ) ) ;
#1740 = EDGE_LOOP ( 'NONE', ( #1066, #3796, #5472, #5847 ) ) ;
#1741 = EDGE_CURVE ( 'NONE', #5827, #3553, #710, .T. ) ;
#1742 = DIRECTION ( 'NONE',  ( 0.000000000000000000, 1.000000000000000000, 0.000000000000000000 ) ) ;
#1743 = CARTESIAN_POINT ( 'NONE',  ( 7.468226159771702122, 1.932117114028895966, 7.890555773075059065 ) ) ;
#1744 = CARTESIAN_POINT ( 'NONE',  ( -8.294999999999996376, 5.180000000000000604, -5.079999999999997407 ) ) ;
#1745 = CARTESIAN_POINT ( 'NONE',  ( -9.119289552242044294, 5.030000000000000249, -1.595095693779899459 ) ) ;
#1746 = VERTEX_POINT ( 'NONE', #4593 ) ;
#1747 = DIRECTION ( 'NONE',  ( -1.000000000000000000, -0.000000000000000000, 0.000000000000000000 ) ) ;
#1748 = ORIENTED_EDGE ( 'NONE', *, *, #6564, .T. ) ;
#1749 = CARTESIAN_POINT ( 'NONE',  ( 4.978631618257905345, 2.980613728770026061, -0.8521946352945493075 ) ) ;
#1750 = CARTESIAN_POINT ( 'NONE',  ( 9.821773865168067275, 5.179199999999819504, 5.231024449786199071 ) ) ;
#1751 = CARTESIAN_POINT ( 'NONE',  ( -7.451302353909805554, 1.930000000000001048, -5.079999999999992966 ) ) ;
#1752 = DIRECTION ( 'NONE',  ( 0.000000000000000000, 0.000000000000000000, -1.000000000000000000 ) ) ;
#1753 = ORIENTED_EDGE ( 'NONE', *, *, #1955, .F. ) ;
#1754 = DIRECTION ( 'NONE',  ( 0.000000000000000000, -1.000000000000000000, 0.000000000000000000 ) ) ;
#1755 = ORIENTED_EDGE ( 'NONE', *, *, #3859, .T. ) ;
#1756 = DIRECTION ( 'NONE',  ( 0.000000000000000000, 1.000000000000000000, 0.000000000000000000 ) ) ;
#1757 = CARTESIAN_POINT ( 'NONE',  ( 5.992500000000000604, -2.227103518025149054, -4.292599999999995752 ) ) ;
#1758 = CARTESIAN_POINT ( 'NONE',  ( -9.799113291647698176, 5.180000000000000604, -1.805999999999994499 ) ) ;
#1759 = FACE_OUTER_BOUND ( 'NONE', #1740, .T. ) ;
#1760 = ORIENTED_EDGE ( 'NONE', *, *, #3141, .T. ) ;
#1761 = VECTOR ( 'NONE', #3156, 1000.000000000000000 ) ;
#1762 = ORIENTED_EDGE ( 'NONE', *, *, #1361, .F. ) ;
#1763 = DIRECTION ( 'NONE',  ( -8.106184467181343480E-16, -0.000000000000000000, 1.000000000000000000 ) ) ;
#1764 = EDGE_CURVE ( 'NONE', #4392, #3317, #6708, .T. ) ;
#1765 = DIRECTION ( 'NONE',  ( 1.000000000000000000, 0.000000000000000000, 0.000000000000000000 ) ) ;
#1766 = CARTESIAN_POINT ( 'NONE',  ( 4.316786624489401980, 3.248016463690201139, -0.5387417953851387775 ) ) ;
#1767 = APPLICATION_PROTOCOL_DEFINITION ( 'draft international standard', 'automotive_design', 1998, #2880 ) ;
#1768 = VERTEX_POINT ( 'NONE', #2475 ) ;
#1769 = CARTESIAN_POINT ( 'NONE',  ( -3.532500000000000195, -2.227103518025149054, 5.080000000000005400 ) ) ;
#1770 = ADVANCED_FACE ( 'NONE', ( #6282 ), #5173, .F. ) ;
#1771 = ORIENTED_EDGE ( 'NONE', *, *, #3279, .T. ) ;
#1772 = VECTOR ( 'NONE', #1010, 1000.000000000000000 ) ;
#1773 = EDGE_CURVE ( 'NONE', #5916, #6505, #2874, .T. ) ;
#1774 = DIRECTION ( 'NONE',  ( 0.000000000000000000, 0.000000000000000000, 1.000000000000000000 ) ) ;
#1775 = DIRECTION ( 'NONE',  ( 0.7071067811865479058, -0.000000000000000000, -0.7071067811865471286 ) ) ;
#1776 = CARTESIAN_POINT ( 'NONE',  ( -3.490000000000001101, 1.780000000000000693, 8.882173751959602015 ) ) ;
#1777 = DIRECTION ( 'NONE',  ( 0.000000000000000000, -1.000000000000000000, 0.000000000000000000 ) ) ;
#1778 = EDGE_LOOP ( 'NONE', ( #2026, #309, #3605, #2078 ) ) ;
#1779 = DIRECTION ( 'NONE',  ( 1.000000000000000000, 0.000000000000000000, 0.000000000000000000 ) ) ;
#1780 = EDGE_CURVE ( 'NONE', #6364, #5944, #4025, .T. ) ;
#1781 = VECTOR ( 'NONE', #464, 1000.000000000000000 ) ;
#1782 = AXIS2_PLACEMENT_3D ( 'NONE', #594, #2867, #5567 ) ;
#1783 = VERTEX_POINT ( 'NONE', #6748 ) ;
#1784 = CIRCLE ( 'NONE', #2828, 0.4999999999999995004 ) ;
#1785 = LINE ( 'NONE', #2442, #2712 ) ;
#1786 = CARTESIAN_POINT ( 'NONE',  ( 8.325486521447441390, 5.179200000000053983, 7.141768584438613843 ) ) ;
#1787 = DIRECTION ( 'NONE',  ( 0.000000000000000000, 0.000000000000000000, 1.000000000000000000 ) ) ;
#1788 = DIRECTION ( 'NONE',  ( -0.000000000000000000, -1.000000000000000000, -0.000000000000000000 ) ) ;
#1789 = ORIENTED_EDGE ( 'NONE', *, *, #5081, .F. ) ;
#1790 = CARTESIAN_POINT ( 'NONE',  ( -7.200000000000001066, 1.780000000000000693, 0.09999999999999480138 ) ) ;
#1791 = CIRCLE ( 'NONE', #5351, 0.7873999999999997668 ) ;
#1792 = ORIENTED_EDGE ( 'NONE', *, *, #3016, .F. ) ;
#1793 = FACE_OUTER_BOUND ( 'NONE', #6969, .T. ) ;
#1794 = CARTESIAN_POINT ( 'NONE',  ( -13.32499999999999751, -2.600000000000000089, -0.8649999999999999911 ) ) ;
#1795 = DIRECTION ( 'NONE',  ( 0.000000000000000000, 1.000000000000000000, -0.000000000000000000 ) ) ;
#1796 = VECTOR ( 'NONE', #833, 1000.000000000000114 ) ;
#1797 = CARTESIAN_POINT ( 'NONE',  ( 8.857477254755183438, 1.251678154257257036, -0.1498572332372787863 ) ) ;
#1798 = ORIENTED_EDGE ( 'NONE', *, *, #6591, .F. ) ;
#1799 = AXIS2_PLACEMENT_3D ( 'NONE', #2371, #1311, #201 ) ;
#1800 = EDGE_LOOP ( 'NONE', ( #6008, #2518, #3032, #3687 ) ) ;
#1801 = DIRECTION ( 'NONE',  ( 1.296892550819982002E-16, 0.000000000000000000, -1.000000000000000000 ) ) ;
#1802 = LINE ( 'NONE', #3479, #5408 ) ;
#1804 = EDGE_LOOP ( 'NONE', ( #6045, #2973, #6799, #1387 ) ) ;
#1803 = FACE_OUTER_BOUND ( 'NONE', #3013, .T. ) ;
#1805 = CIRCLE ( 'NONE', #885, 0.1500000000000002442 ) ;
#1806 = ORIENTED_EDGE ( 'NONE', *, *, #1728, .F. ) ;
#1807 = FACE_OUTER_BOUND ( 'NONE', #6934, .T. ) ;
#1808 = ADVANCED_FACE ( 'NONE', ( #4667 ), #1275, .F. ) ;
#1809 = ORIENTED_EDGE ( 'NONE', *, *, #4244, .F. ) ;
#1810 = DIRECTION ( 'NONE',  ( 0.4617486132350351880, 0.000000000000000000, 0.8870108331782210476 ) ) ;
#1811 = EDGE_CURVE ( 'NONE', #580, #2751, #1785, .T. ) ;
#1812 = PLANE ( 'NONE',  #5724 ) ;
#1813 = FACE_OUTER_BOUND ( 'NONE', #6553, .T. ) ;
#1814 = CARTESIAN_POINT ( 'NONE',  ( 10.44987485261481375, 5.179199999999755555, -4.035047607547486592 ) ) ;
#1815 = ORIENTED_EDGE ( 'NONE', *, *, #266, .T. ) ;
#1816 = DIRECTION ( 'NONE',  ( 3.286955199289085105E-16, 1.000000000000000000, 0.000000000000000000 ) ) ;
#1817 = EDGE_CURVE ( 'NONE', #4169, #6505, #4206, .T. ) ;
#1818 = VERTEX_POINT ( 'NONE', #5648 ) ;
#1819 = EDGE_CURVE ( 'NONE', #1047, #4112, #6154, .T. ) ;
#1820 = LINE ( 'NONE', #673, #6380 ) ;
#1821 = CARTESIAN_POINT ( 'NONE',  ( 7.414531797589169138, 5.179200000000049542, 7.934418877031439443 ) ) ;
#1822 = EDGE_CURVE ( 'NONE', #3895, #386, #6042, .T. ) ;
#1823 = LINE ( 'NONE', #5717, #4565 ) ;
#1824 = DIRECTION ( 'NONE',  ( -0.000000000000000000, -1.000000000000000000, -0.000000000000000000 ) ) ;
#1825 = AXIS2_PLACEMENT_3D ( 'NONE', #2501, #6876, #933 ) ;
#1826 = ORIENTED_EDGE ( 'NONE', *, *, #5999, .F. ) ;
#1827 = DIRECTION ( 'NONE',  ( 0.000000000000000000, 0.000000000000000000, 1.000000000000000000 ) ) ;
#1828 = EDGE_CURVE ( 'NONE', #754, #724, #1088, .T. ) ;
#1829 = ORIENTED_EDGE ( 'NONE', *, *, #5384, .F. ) ;
#1830 = VECTOR ( 'NONE', #308, 1000.000000000000000 ) ;
#1831 = DIRECTION ( 'NONE',  ( -0.000000000000000000, -0.000000000000000000, -1.000000000000000000 ) ) ;
#1832 = DIRECTION ( 'NONE',  ( 0.000000000000000000, 0.000000000000000000, 1.000000000000000000 ) ) ;
#1833 = CARTESIAN_POINT ( 'NONE',  ( 8.857477254755181661, 1.251678154257254594, 0.1498572332372787030 ) ) ;
#1834 = CARTESIAN_POINT ( 'NONE',  ( 5.992500000000000604, -2.227103518025149054, -5.079999999999994742 ) ) ;
#1835 = ORIENTED_EDGE ( 'NONE', *, *, #1958, .F. ) ;
#1836 = PRESENTATION_LAYER_ASSIGNMENT (  '', '', ( #2421 ) ) ;
#1837 = VECTOR ( 'NONE', #3937, 1000.000000000000000 ) ;
#1838 = ORIENTED_EDGE ( 'NONE', *, *, #2881, .F. ) ;
#1839 = CARTESIAN_POINT ( 'NONE',  ( -9.650000000000000355, 2.280000000000000693, 1.274999999999995692 ) ) ;
#1840 = VECTOR ( 'NONE', #6638, 1000.000000000000000 ) ;
#1841 = CARTESIAN_POINT ( 'NONE',  ( 11.52705261735738240, 1.799680149252400163, 4.727375863679853296 ) ) ;
#1843 = ORIENTED_EDGE ( 'NONE', *, *, #4759, .F. ) ;
#1842 = FACE_OUTER_BOUND ( 'NONE', #3958, .T. ) ;
#1844 = CARTESIAN_POINT ( 'NONE',  ( 13.65000000000000036, 6.500000000000000888, -3.174999999999994049 ) ) ;
#1845 = AXIS2_PLACEMENT_3D ( 'NONE', #3783, #7038, #1146 ) ;
#1846 = EDGE_LOOP ( 'NONE', ( #5321, #2566, #6800, #4386 ) ) ;
#1847 = CARTESIAN_POINT ( 'NONE',  ( 7.695414893271074419, 2.540000000000000480, -7.705181426667934375 ) ) ;
#1848 = AXIS2_PLACEMENT_3D ( 'NONE', #317, #281, #1465 ) ;
#1849 = CARTESIAN_POINT ( 'NONE',  ( -4.250000000000000888, 2.431039513432476262, -8.434513060040867316 ) ) ;
#1850 = CYLINDRICAL_SURFACE ( 'NONE', #4423, 0.1500000000000001610 ) ;
#1851 = CARTESIAN_POINT ( 'NONE',  ( 6.594497594954197517, 5.255337990269913107, -8.016768633032956615 ) ) ;
#1852 = EDGE_LOOP ( 'NONE', ( #3531, #934, #6255, #175 ) ) ;
#1853 = CARTESIAN_POINT ( 'NONE',  ( -6.500000000000000888, 1.665000000000000702, -0.7999999999999948264 ) ) ;
#1854 = EDGE_CURVE ( 'NONE', #827, #4961, #158, .T. ) ;
#1855 = VERTEX_POINT ( 'NONE', #4559 ) ;
#1856 = EDGE_LOOP ( 'NONE', ( #3158, #717, #1610, #19, #3155, #701 ) ) ;
#1857 = ADVANCED_FACE ( 'NONE', ( #2950 ), #3562, .T. ) ;
#1858 = DIRECTION ( 'NONE',  ( 0.000000000000000000, 0.9191450300180553645, 0.3939192985791735158 ) ) ;
#1859 = ADVANCED_FACE ( 'NONE', ( #3047 ), #4765, .F. ) ;
#1860 = DIRECTION ( 'NONE',  ( -0.000000000000000000, -1.000000000000000000, -0.000000000000000000 ) ) ;
#1861 = DIRECTION ( 'NONE',  ( -0.9991816208327026771, 0.000000000000000000, -0.04044859194252697909 ) ) ;
#1862 = CARTESIAN_POINT ( 'NONE',  ( -13.47499999999999787, 1.480000000000001315, -1.675000000000000044 ) ) ;
#1863 = FACE_OUTER_BOUND ( 'NONE', #3956, .T. ) ;
#1864 = ORIENTED_EDGE ( 'NONE', *, *, #4318, .F. ) ;
#1865 = CARTESIAN_POINT ( 'NONE',  ( -12.81499999999999595, 1.830000000000000737, -1.275000000000000133 ) ) ;
#1866 = EDGE_CURVE ( 'NONE', #1381, #525, #6414, .T. ) ;
#1867 = ORIENTED_EDGE ( 'NONE', *, *, #3458, .F. ) ;
#1868 = CARTESIAN_POINT ( 'NONE',  ( 4.916817225586893159, 3.287857030435817673, 0.8521946352945495295 ) ) ;
#1869 = ADVANCED_FACE ( 'NONE', ( #374 ), #1414, .T. ) ;
#1870 = LINE ( 'NONE', #1757, #3685 ) ;
#1871 = CARTESIAN_POINT ( 'NONE',  ( 13.26900000000000190, 1.129999999999999893, -0.5079999999999949001 ) ) ;
#1872 = DIRECTION ( 'NONE',  ( 0.000000000000000000, 0.000000000000000000, -1.000000000000000000 ) ) ;
#1873 = VERTEX_POINT ( 'NONE', #4227 ) ;
#1874 = EDGE_CURVE ( 'NONE', #5431, #4060, #3861, .T. ) ;
#1875 = ORIENTED_EDGE ( 'NONE', *, *, #93, .T. ) ;
#1876 = CARTESIAN_POINT ( 'NONE',  ( -13.47499999999999964, -3.299999999999986944, -1.375000000000001998 ) ) ;
#1877 = LINE ( 'NONE', #4081, #4258 ) ;
#1879 = ORIENTED_EDGE ( 'NONE', *, *, #4059, .F. ) ;
#1878 = LINE ( 'NONE', #4618, #4704 ) ;
#1880 = CARTESIAN_POINT ( 'NONE',  ( 9.250000000000001776, 1.130000000000001448, -13.65917520938231178 ) ) ;
#1881 = ORIENTED_EDGE ( 'NONE', *, *, #4275, .T. ) ;
#1882 = VECTOR ( 'NONE', #4339, 1000.000000000000000 ) ;
#1883 = LINE ( 'NONE', #5126, #5128 ) ;
#1884 = CARTESIAN_POINT ( 'NONE',  ( 9.928586868600117299, 5.223586333507019397, -4.528197710155322575 ) ) ;
#1885 = DIRECTION ( 'NONE',  ( -1.000000000000000000, 0.000000000000000000, 0.000000000000000000 ) ) ;
#1886 = ORIENTED_EDGE ( 'NONE', *, *, #4237, .F. ) ;
#1887 = FACE_OUTER_BOUND ( 'NONE', #4097, .T. ) ;
#1888 = AXIS2_PLACEMENT_3D ( 'NONE', #3827, #1550, #5985 ) ;
#1889 = CIRCLE ( 'NONE', #5456, 0.1500000000000000777 ) ;
#1890 = VECTOR ( 'NONE', #4296, 1000.000000000000000 ) ;
#1891 = ORIENTED_EDGE ( 'NONE', *, *, #2574, .T. ) ;
#1892 = DIRECTION ( 'NONE',  ( 0.3746065934159064081, 0.9271838545667897558, 0.000000000000000000 ) ) ;
#1893 = CARTESIAN_POINT ( 'NONE',  ( -13.15000000000000036, 0.3800000000000001155, -1.424999999999994271 ) ) ;
#1894 = CARTESIAN_POINT ( 'NONE',  ( -13.17259999999999565, 1.977600000000000469, -8.545133036385903935 ) ) ;
#1895 = VECTOR ( 'NONE', #6403, 1000.000000000000114 ) ;
#1896 = PLANE ( 'NONE',  #2882 ) ;
#1897 = VECTOR ( 'NONE', #3703, 1000.000000000000000 ) ;
#1898 = CARTESIAN_POINT ( 'NONE',  ( 0.000000000000000000, 5.180000000000000604, 0.000000000000000000 ) ) ;
#1899 = VERTEX_POINT ( 'NONE', #4735 ) ;
#1900 = DIRECTION ( 'NONE',  ( -0.6636987268331873135, 0.000000000000000000, 0.7480000000000041060 ) ) ;
#1901 = EDGE_CURVE ( 'NONE', #2012, #2362, #1784, .T. ) ;
#1902 = ORIENTED_EDGE ( 'NONE', *, *, #2783, .F. ) ;
#1903 = VECTOR ( 'NONE', #3661, 1000.000000000000000 ) ;
#1904 = CARTESIAN_POINT ( 'NONE',  ( 4.268679953012214590, 3.315585557048766230, 0.7823141873963935788 ) ) ;
#1905 = DIRECTION ( 'NONE',  ( -1.000000000000000000, 0.000000000000000000, 0.000000000000000000 ) ) ;
#1906 = DIRECTION ( 'NONE',  ( -0.3746065934159062971, -0.9271838545667897558, 0.000000000000000000 ) ) ;
#1907 = ADVANCED_FACE ( 'NONE', ( #4262 ), #3151, .F. ) ;
#1908 = DIRECTION ( 'NONE',  ( 1.000000000000000000, 0.000000000000000000, 7.114187483500664141E-16 ) ) ;
#1909 = EDGE_CURVE ( 'NONE', #139, #6879, #2546, .T. ) ;
#1910 = ORIENTED_EDGE ( 'NONE', *, *, #2921, .F. ) ;
#1911 = PRESENTATION_STYLE_ASSIGNMENT (( #5011 ) ) ;
#1912 = EDGE_CURVE ( 'NONE', #6007, #136, #913, .T. ) ;
#1913 = ORIENTED_EDGE ( 'NONE', *, *, #3555, .F. ) ;
#1914 = CIRCLE ( 'NONE', #3751, 0.2000000000000000944 ) ;
#1915 = DIRECTION ( 'NONE',  ( -1.000000000000000000, 3.286955199289085105E-16, 0.000000000000000000 ) ) ;
#1916 = EDGE_CURVE ( 'NONE', #4012, #2772, #5005, .T. ) ;
#1917 = DIRECTION ( 'NONE',  ( 0.000000000000000000, -0.000000000000000000, 1.000000000000000000 ) ) ;
#1919 = VERTEX_POINT ( 'NONE', #5375 ) ;
#1918 = CARTESIAN_POINT ( 'NONE',  ( 4.364381146483647278, 3.067006817196801460, 0.3614364272659821853 ) ) ;
#1920 = ORIENTED_EDGE ( 'NONE', *, *, #3229, .T. ) ;
#1921 = VECTOR ( 'NONE', #3261, 1000.000000000000000 ) ;
#1922 = DIRECTION ( 'NONE',  ( -0.3746065934159064081, -0.9271838545667897558, 0.000000000000000000 ) ) ;
#1923 = CARTESIAN_POINT ( 'NONE',  ( -3.532500000000000195, 0.3800000000000001155, -4.292599999999995752 ) ) ;
#1924 = CARTESIAN_POINT ( 'NONE',  ( 13.29260000000000375, 0.9776000000000012458, -13.65917520938231178 ) ) ;
#1925 = ORIENTED_EDGE ( 'NONE', *, *, #492, .T. ) ;
#1926 = DIRECTION ( 'NONE',  ( 0.8870108331782210476, 0.000000000000000000, 0.4617486132350352435 ) ) ;
#1927 = ORIENTED_EDGE ( 'NONE', *, *, #581, .T. ) ;
#1928 = DIRECTION ( 'NONE',  ( 0.9271838545667895337, -0.3746065934159066302, 0.000000000000000000 ) ) ;
#1929 = DIRECTION ( 'NONE',  ( -0.000000000000000000, -1.000000000000000000, 0.000000000000000000 ) ) ;
#1930 = CARTESIAN_POINT ( 'NONE',  ( 4.236884534604473451, 3.280299003502751276, 0.7474748810105446006 ) ) ;
#1931 = DIRECTION ( 'NONE',  ( 0.000000000000000000, 0.000000000000000000, 1.000000000000000000 ) ) ;
#1932 = CARTESIAN_POINT ( 'NONE',  ( -11.23799999999999955, 3.560000000000000497, 5.204170427930421283E-15 ) ) ;
#1933 = ORIENTED_EDGE ( 'NONE', *, *, #361, .T. ) ;
#1934 = DIRECTION ( 'NONE',  ( -0.000000000000000000, -1.000000000000000000, 0.000000000000000000 ) ) ;
#1935 = ORIENTED_EDGE ( 'NONE', *, *, #6694, .F. ) ;
#1936 = CARTESIAN_POINT ( 'NONE',  ( 4.607758076431186289, 3.130456366136391999, 1.295809480635352617 ) ) ;
#1937 = CARTESIAN_POINT ( 'NONE',  ( 7.695414893271073531, 5.179199999999975823, -7.705181426667935263 ) ) ;
#1938 = CARTESIAN_POINT ( 'NONE',  ( -3.490000000000001101, 1.780000000000000693, -8.882173751959591357 ) ) ;
#1939 = DIRECTION ( 'NONE',  ( -0.000000000000000000, -1.000000000000000000, -0.000000000000000000 ) ) ;
#1940 = EDGE_CURVE ( 'NONE', #3298, #4043, #1519, .T. ) ;
#1941 = ORIENTED_EDGE ( 'NONE', *, *, #3458, .T. ) ;
#1942 = EDGE_CURVE ( 'NONE', #5902, #4918, #877, .T. ) ;
#1943 = VERTEX_POINT ( 'NONE', #2093 ) ;
#1944 = CARTESIAN_POINT ( 'NONE',  ( -13.47499999999999787, 0.4299999999999999933, 0.5650000000000000577 ) ) ;
#1945 = EDGE_CURVE ( 'NONE', #919, #3438, #5848, .T. ) ;
#1946 = CARTESIAN_POINT ( 'NONE',  ( 8.430249688664721575, 6.500000000000000888, -8.580923434041547893 ) ) ;
#1947 = EDGE_CURVE ( 'NONE', #1402, #3209, #5342, .T. ) ;
#1948 = AXIS2_PLACEMENT_3D ( 'NONE', #6467, #4351, #5975 ) ;
#1950 = EDGE_LOOP ( 'NONE', ( #6529, #7122, #114, #3495, #858, #5479, #5191 ) ) ;
#1949 = DIRECTION ( 'NONE',  ( -1.355252715606880543E-16, 0.000000000000000000, -1.000000000000000000 ) ) ;
#1951 = EDGE_CURVE ( 'NONE', #1560, #1855, #636, .T. ) ;
#1952 = ORIENTED_EDGE ( 'NONE', *, *, #2745, .F. ) ;
#1953 = VECTOR ( 'NONE', #5718, 1000.000000000000000 ) ;
#1954 = AXIS2_PLACEMENT_3D ( 'NONE', #2235, #3898, #4507 ) ;
#1955 = EDGE_CURVE ( 'NONE', #4698, #5439, #5241, .T. ) ;
#1956 = ORIENTED_EDGE ( 'NONE', *, *, #841, .F. ) ;
#1957 = LINE ( 'NONE', #4157, #2956 ) ;
#1958 = EDGE_CURVE ( 'NONE', #5817, #2793, #3297, .T. ) ;
#1959 = FACE_OUTER_BOUND ( 'NONE', #6155, .T. ) ;
#1960 = PLANE ( 'NONE',  #2709 ) ;
#1961 = VECTOR ( 'NONE', #815, 1000.000000000000000 ) ;
#1962 = EDGE_LOOP ( 'NONE', ( #6224, #3927, #1864, #6680 ) ) ;
#1963 = CARTESIAN_POINT ( 'NONE',  ( 1.230000000000000204, 5.179199999999999804, 5.204170427930421283E-15 ) ) ;
#1964 = ADVANCED_FACE ( 'NONE', ( #2643 ), #4293, .T. ) ;
#1965 = EDGE_CURVE ( 'NONE', #2462, #6952, #2133, .T. ) ;
#1966 = ORIENTED_EDGE ( 'NONE', *, *, #3978, .F. ) ;
#1967 = CARTESIAN_POINT ( 'NONE',  ( 4.440793731351647899, 3.197914340327913774, -0.8609605380569113064 ) ) ;
#1968 = LINE ( 'NONE', #3823, #6327 ) ;
#1969 = LINE ( 'NONE', #3699, #5831 ) ;
#1970 = DIRECTION ( 'NONE',  ( -0.000000000000000000, -1.000000000000000000, -0.000000000000000000 ) ) ;
#1971 = DIRECTION ( 'NONE',  ( -0.000000000000000000, 1.000000000000000000, -0.000000000000000000 ) ) ;
#1972 = ORIENTED_EDGE ( 'NONE', *, *, #4933, .T. ) ;
#1973 = DIRECTION ( 'NONE',  ( 3.286955199289085105E-16, 1.000000000000000000, 1.918941898204440000E-16 ) ) ;
#1974 = VERTEX_POINT ( 'NONE', #6557 ) ;
#1975 = LINE ( 'NONE', #3733, #3410 ) ;
#1976 = FACE_OUTER_BOUND ( 'NONE', #4803, .T. ) ;
#1977 = LINE ( 'NONE', #4679, #2136 ) ;
#1978 = CARTESIAN_POINT ( 'NONE',  ( -5.774000000000003574, 5.179199999999999804, 5.079999999999997407 ) ) ;
#1979 = EDGE_LOOP ( 'NONE', ( #2696, #1446, #5755, #4484 ) ) ;
#1980 = ORIENTED_EDGE ( 'NONE', *, *, #4984, .F. ) ;
#1981 = CARTESIAN_POINT ( 'NONE',  ( -0.4067930348823200482, 5.030000000000000249, 3.000000000000005329 ) ) ;
#1982 = CARTESIAN_POINT ( 'NONE',  ( 1.230000000000000204, -0.5517170886363883531, -5.204170427930421283E-15 ) ) ;
#1984 = ORIENTED_EDGE ( 'NONE', *, *, #7075, .T. ) ;
#1983 = FACE_BOUND ( 'NONE', #2045, .T. ) ;
#1985 = EDGE_CURVE ( 'NONE', #1818, #6219, #3260, .T. ) ;
#1986 = ORIENTED_EDGE ( 'NONE', *, *, #2277, .T. ) ;
#1987 = CARTESIAN_POINT ( 'NONE',  ( 9.250000000000001776, 1.280000000000001359, -1.900000000000000577 ) ) ;
#1988 = DIRECTION ( 'NONE',  ( -0.000000000000000000, 1.000000000000000000, -0.000000000000000000 ) ) ;
#1989 = ORIENTED_EDGE ( 'NONE', *, *, #1822, .F. ) ;
#1990 = FACE_OUTER_BOUND ( 'NONE', #3038, .T. ) ;
#1991 = ADVANCED_FACE ( 'NONE', ( #477 ), #6630, .F. ) ;
#1992 = ORIENTED_EDGE ( 'NONE', *, *, #4246, .T. ) ;
#1993 = VECTOR ( 'NONE', #1747, 1000.000000000000000 ) ;
#1994 = DIRECTION ( 'NONE',  ( -1.000000000000000000, 3.286955199289085105E-16, 0.000000000000000000 ) ) ;
#1995 = FACE_OUTER_BOUND ( 'NONE', #3648, .T. ) ;
#1996 = DIRECTION ( 'NONE',  ( 0.000000000000000000, 0.000000000000000000, 1.000000000000000000 ) ) ;
#1997 = ADVANCED_FACE ( 'NONE', ( #4368 ), #5989, .T. ) ;
#1998 = CARTESIAN_POINT ( 'NONE',  ( -10.55742020121451397, 0.3800000000000001155, -2.664999999999993818 ) ) ;
#1999 = DIRECTION ( 'NONE',  ( -0.000000000000000000, -1.000000000000000000, -0.000000000000000000 ) ) ;
#2000 = ORIENTED_EDGE ( 'NONE', *, *, #2645, .T. ) ;
#2001 = CARTESIAN_POINT ( 'NONE',  ( 12.58000000000000007, 1.280000000000001359, 1.900000000000001021 ) ) ;
#2002 = VECTOR ( 'NONE', #2903, 1000.000000000000000 ) ;
#2003 = ORIENTED_EDGE ( 'NONE', *, *, #6044, .T. ) ;
#2004 = CONICAL_SURFACE ( 'NONE', #503, 11.20159999999999378, 1.028045828415186547 ) ;
#2005 = CARTESIAN_POINT ( 'NONE',  ( -6.300000000000000711, 1.780000000000000693, -0.09999999999999492628 ) ) ;
#2006 = DIRECTION ( 'NONE',  ( 0.000000000000000000, 1.000000000000000000, -0.000000000000000000 ) ) ;
#2007 = CYLINDRICAL_SURFACE ( 'NONE', #979, 0.6000000000000007550 ) ;
#2008 = CARTESIAN_POINT ( 'NONE',  ( -9.251967164181534642, 5.030000000000000249, -1.665071770334923817 ) ) ;
#2009 = ORIENTED_EDGE ( 'NONE', *, *, #6566, .F. ) ;
#2010 = CIRCLE ( 'NONE', #6478, 0.3500000000000000333 ) ;
#2011 = VECTOR ( 'NONE', #5673, 1000.000000000000000 ) ;
#2012 = VERTEX_POINT ( 'NONE', #624 ) ;
#2013 = CARTESIAN_POINT ( 'NONE',  ( 13.65000000000000036, 6.500000000000000888, 3.174999999999994049 ) ) ;
#2014 = VECTOR ( 'NONE', #6889, 1000.000000000000000 ) ;
#2015 = LINE ( 'NONE', #3034, #3925 ) ;
#2017 = ORIENTED_EDGE ( 'NONE', *, *, #6076, .F. ) ;
#2016 = DIRECTION ( 'NONE',  ( 0.000000000000000000, 1.000000000000000000, 0.000000000000000000 ) ) ;
#2018 = AXIS2_PLACEMENT_3D ( 'NONE', #1233, #6202, #1742 ) ;
#2019 = ORIENTED_EDGE ( 'NONE', *, *, #1947, .F. ) ;
#2020 = CARTESIAN_POINT ( 'NONE',  ( -5.650000000000000355, 2.130000000000000782, -1.424999999999995159 ) ) ;
#2021 = AXIS2_PLACEMENT_3D ( 'NONE', #6047, #1795, #2196 ) ;
#2022 = DIRECTION ( 'NONE',  ( 0.000000000000000000, 0.000000000000000000, -1.000000000000000000 ) ) ;
#2023 = EDGE_CURVE ( 'NONE', #2394, #580, #6847, .T. ) ;
#2024 = ORIENTED_EDGE ( 'NONE', *, *, #6306, .F. ) ;
#2025 = DIRECTION ( 'NONE',  ( 0.000000000000000000, 1.000000000000000000, -0.000000000000000000 ) ) ;
#2026 = ORIENTED_EDGE ( 'NONE', *, *, #2749, .T. ) ;
#2027 = AXIS2_PLACEMENT_3D ( 'NONE', #1894, #6284, #844 ) ;
#2028 = EDGE_CURVE ( 'NONE', #967, #1473, #7086, .T. ) ;
#2029 = CARTESIAN_POINT ( 'NONE',  ( -12.81499999999999595, 1.830000000000003180, 0.9250000000000000444 ) ) ;
#2030 = DIRECTION ( 'NONE',  ( -0.000000000000000000, -1.000000000000000000, 0.000000000000000000 ) ) ;
#2031 = CARTESIAN_POINT ( 'NONE',  ( -4.250000000000007994, 1.877200000000000646, -3.380404891954844825E-15 ) ) ;
#2032 = EDGE_CURVE ( 'NONE', #3242, #3196, #35, .T. ) ;
#2033 = DIRECTION ( 'NONE',  ( 0.000000000000000000, 0.000000000000000000, 1.000000000000000000 ) ) ;
#2034 = ORIENTED_EDGE ( 'NONE', *, *, #5484, .T. ) ;
#2035 = DIRECTION ( 'NONE',  ( 1.000000000000000000, 0.000000000000000000, 1.742467777208846130E-16 ) ) ;
#2036 = AXIS2_PLACEMENT_3D ( 'NONE', #3301, #2468, #734 ) ;
#2037 = EDGE_LOOP ( 'NONE', ( #5418, #2671, #3907, #5359 ) ) ;
#2038 = CYLINDRICAL_SURFACE ( 'NONE', #2364, 1.020000000000000018 ) ;
#2039 = CARTESIAN_POINT ( 'NONE',  ( 12.58000000000000007, 1.280000000000001359, 1.900000000000002354 ) ) ;
#2040 = DIRECTION ( 'NONE',  ( 3.021188535318570096E-16, 0.9191450300180553645, 0.3939192985791735158 ) ) ;
#2041 = DIRECTION ( 'NONE',  ( 0.000000000000000000, 1.000000000000000000, 0.000000000000000000 ) ) ;
#2042 = ADVANCED_FACE ( 'NONE', ( #5493 ), #2173, .F. ) ;
#2043 = ORIENTED_EDGE ( 'NONE', *, *, #6840, .F. ) ;
#2044 = EDGE_CURVE ( 'NONE', #4340, #1560, #6954, .T. ) ;
#2045 = EDGE_LOOP ( 'NONE', ( #5328, #5555 ) ) ;
#2046 = CARTESIAN_POINT ( 'NONE',  ( -11.23799999999999955, 3.560000000000000497, 0.5120000000000055618 ) ) ;
#2047 = CARTESIAN_POINT ( 'NONE',  ( 0.000000000000000000, 0.000000000000000000, 0.000000000000000000 ) ) ;
#2049 = VERTEX_POINT ( 'NONE', #2246 ) ;
#2048 = LINE ( 'NONE', #5873, #903 ) ;
#2050 = CIRCLE ( 'NONE', #5846, 0.5999999999999998668 ) ;
#2051 = ORIENTED_EDGE ( 'NONE', *, *, #247, .F. ) ;
#2052 = VECTOR ( 'NONE', #1386, 1000.000000000000000 ) ;
#2053 = DIRECTION ( 'NONE',  ( -1.000000000000000000, -0.000000000000000000, -0.000000000000000000 ) ) ;
#2054 = DIRECTION ( 'NONE',  ( 0.000000000000000000, 0.000000000000000000, 1.000000000000000000 ) ) ;
#2055 = ORIENTED_EDGE ( 'NONE', *, *, #2114, .T. ) ;
#2056 = DIRECTION ( 'NONE',  ( -1.000000000000000000, 0.000000000000000000, 1.355252715606880543E-16 ) ) ;
#2057 = VECTOR ( 'NONE', #524, 1000.000000000000000 ) ;
#2058 = VECTOR ( 'NONE', #2920, 1000.000000000000000 ) ;
#2059 = VERTEX_POINT ( 'NONE', #2137 ) ;
#2060 = DIRECTION ( 'NONE',  ( 0.000000000000000000, 0.000000000000000000, 1.000000000000000000 ) ) ;
#2061 = AXIS2_PLACEMENT_3D ( 'NONE', #880, #2986, #5179 ) ;
#2062 = CIRCLE ( 'NONE', #915, 11.33000000000000007 ) ;
#2063 = DIRECTION ( 'NONE',  ( 3.414809992080330502E-16, 0.000000000000000000, 1.000000000000000000 ) ) ;
#2064 = CARTESIAN_POINT ( 'NONE',  ( -9.650000000000000355, 5.030000000000000249, -1.424999999999995826 ) ) ;
#2065 = DIRECTION ( 'NONE',  ( 0.000000000000000000, 0.000000000000000000, -1.000000000000000000 ) ) ;
#2066 = ORIENTED_EDGE ( 'NONE', *, *, #6614, .T. ) ;
#2067 = CARTESIAN_POINT ( 'NONE',  ( -13.65000000000000213, 0.7299999999999998712, 0.000000000000000000 ) ) ;
#2068 = AXIS2_PLACEMENT_3D ( 'NONE', #4118, #4541, #1917 ) ;
#2069 = VERTEX_POINT ( 'NONE', #6520 ) ;
#2070 = EDGE_CURVE ( 'NONE', #2829, #3709, #6022, .T. ) ;
#2071 = DIRECTION ( 'NONE',  ( 1.000000000000000000, -3.286955199289085105E-16, -0.000000000000000000 ) ) ;
#2072 = PLANE ( 'NONE',  #3348 ) ;
#2073 = DIRECTION ( 'NONE',  ( 0.000000000000000000, 1.000000000000000000, 0.000000000000000000 ) ) ;
#2074 = LINE ( 'NONE', #5965, #2057 ) ;
#2075 = ORIENTED_EDGE ( 'NONE', *, *, #278, .F. ) ;
#2076 = EDGE_LOOP ( 'NONE', ( #1085, #4780, #4535, #3295 ) ) ;
#2077 = EDGE_CURVE ( 'NONE', #5692, #2675, #176, .T. ) ;
#2078 = ORIENTED_EDGE ( 'NONE', *, *, #3552, .T. ) ;
#2079 = EDGE_CURVE ( 'NONE', #5692, #997, #3338, .T. ) ;
#2080 = ORIENTED_EDGE ( 'NONE', *, *, #3222, .T. ) ;
#2081 = SURFACE_SIDE_STYLE ('',( #6937 ) ) ;
#2082 = DIRECTION ( 'NONE',  ( 1.000000000000000000, 0.000000000000000000, 0.000000000000000000 ) ) ;
#2083 = PLANE ( 'NONE',  #4944 ) ;
#2085 = ORIENTED_EDGE ( 'NONE', *, *, #3332, .F. ) ;
#2084 = CARTESIAN_POINT ( 'NONE',  ( -4.250000000000007994, 6.500000000000000888, -3.380404891954844825E-15 ) ) ;
#2086 = EDGE_CURVE ( 'NONE', #1395, #2167, #4441, .T. ) ;
#2087 = VERTEX_POINT ( 'NONE', #6063 ) ;
#2088 = DIRECTION ( 'NONE',  ( 0.000000000000000000, 0.000000000000000000, -1.000000000000000000 ) ) ;
#2089 = DIRECTION ( 'NONE',  ( -0.000000000000000000, 1.000000000000000000, -0.000000000000000000 ) ) ;
#2090 = VERTEX_POINT ( 'NONE', #1125 ) ;
#2091 = CARTESIAN_POINT ( 'NONE',  ( 5.930000000000018368, -3.299999999999999822, 9.525000000000003908 ) ) ;
#2092 = ORIENTED_EDGE ( 'NONE', *, *, #528, .T. ) ;
#2093 = CARTESIAN_POINT ( 'NONE',  ( -11.23799999999999955, 3.560000000000000497, -0.5119999999999951257 ) ) ;
#2094 = CARTESIAN_POINT ( 'NONE',  ( -13.47499999999999787, 1.480000000000001315, 1.675000000000000044 ) ) ;
#2095 = PLANE ( 'NONE',  #3399 ) ;
#2096 = DIRECTION ( 'NONE',  ( 0.000000000000000000, 1.000000000000000000, 0.000000000000000000 ) ) ;
#2097 = CARTESIAN_POINT ( 'NONE',  ( 0.2622504916441100176, 6.500000000000000888, -0.5037785072377347628 ) ) ;
#2098 = EDGE_LOOP ( 'NONE', ( #2836, #596, #1420, #6043 ) ) ;
#2099 = FACE_OUTER_BOUND ( 'NONE', #6197, .T. ) ;
#2100 = ORIENTED_EDGE ( 'NONE', *, *, #3543, .F. ) ;
#2101 = DIRECTION ( 'NONE',  ( 3.286955199289085105E-16, 1.000000000000000000, 0.000000000000000000 ) ) ;
#2102 = DIRECTION ( 'NONE',  ( 0.000000000000000000, -0.000000000000000000, 1.000000000000000000 ) ) ;
#2103 = CARTESIAN_POINT ( 'NONE',  ( 1.513354828949955655, -2.713017619909044775, 0.8609605380569113064 ) ) ;
#2104 = AXIS2_PLACEMENT_3D ( 'NONE', #5338, #4795, #2471 ) ;
#2105 = DIRECTION ( 'NONE',  ( 0.000000000000000000, -0.000000000000000000, 1.000000000000000000 ) ) ;
#2106 = ORIENTED_EDGE ( 'NONE', *, *, #1416, .F. ) ;
#2107 = EDGE_LOOP ( 'NONE', ( #5923, #5877, #1792, #6696, #3065, #2100, #5360, #4477, #831, #6848 ) ) ;
#2108 = EDGE_CURVE ( 'NONE', #3855, #1524, #56, .T. ) ;
#2109 = VERTEX_POINT ( 'NONE', #1015 ) ;
#2110 = AXIS2_PLACEMENT_3D ( 'NONE', #1046, #4830, #6587 ) ;
#2111 = EDGE_LOOP ( 'NONE', ( #4120, #5611, #6910, #20 ) ) ;
#2112 = EDGE_CURVE ( 'NONE', #4252, #1024, #592, .T. ) ;
#2113 = DIRECTION ( 'NONE',  ( -0.7660444431189792347, 0.000000000000000000, -0.6427876096865378086 ) ) ;
#2114 = EDGE_CURVE ( 'NONE', #4134, #1919, #5594, .T. ) ;
#2115 = DIRECTION ( 'NONE',  ( 1.000000000000000000, -3.286955199289085105E-16, -0.000000000000000000 ) ) ;
#2116 = CARTESIAN_POINT ( 'NONE',  ( -9.799113291647698176, 5.180000000000000604, 1.805999999999994499 ) ) ;
#2118 = VERTEX_POINT ( 'NONE', #3517 ) ;
#2117 = DIRECTION ( 'NONE',  ( 0.000000000000000000, 0.000000000000000000, -1.000000000000000000 ) ) ;
#2119 = AXIS2_PLACEMENT_3D ( 'NONE', #5114, #793, #177 ) ;
#2120 = CIRCLE ( 'NONE', #6147, 1.020000000000000018 ) ;
#2121 = EDGE_CURVE ( 'NONE', #3407, #1401, #6700, .T. ) ;
#2122 = VECTOR ( 'NONE', #4328, 1000.000000000000000 ) ;
#2123 = ORIENTED_EDGE ( 'NONE', *, *, #2704, .F. ) ;
#2124 = EDGE_CURVE ( 'NONE', #1075, #529, #6490, .T. ) ;
#2125 = AXIS2_PLACEMENT_3D ( 'NONE', #2585, #3705, #7025 ) ;
#2126 = EDGE_CURVE ( 'NONE', #678, #6440, #4582, .T. ) ;
#2127 = DIRECTION ( 'NONE',  ( 0.000000000000000000, 0.000000000000000000, -1.000000000000000000 ) ) ;
#2128 = CARTESIAN_POINT ( 'NONE',  ( 10.19066337931452892, 2.142274161319331682, -4.571391936432954495 ) ) ;
#2129 = CARTESIAN_POINT ( 'NONE',  ( 13.59500000000000419, 0.9776000000000001355, 0.4049999999999991385 ) ) ;
#2130 = EDGE_CURVE ( 'NONE', #5664, #3849, #3749, .T. ) ;
#2131 = EDGE_LOOP ( 'NONE', ( #4881, #5996, #2982, #92 ) ) ;
#2132 = DIRECTION ( 'NONE',  ( 0.7071067811865469066, 0.000000000000000000, -0.7071067811865482389 ) ) ;
#2133 = CIRCLE ( 'NONE', #6156, 0.1999999999999999833 ) ;
#2134 = B_SPLINE_CURVE_WITH_KNOTS ( 'NONE', 3,
 ( #6114, #60, #5548, #3358 ),
 .UNSPECIFIED., .F., .F.,
 ( 4, 4 ),
 ( 0.000000000000000000, 1.000000000000000000 ),
 .UNSPECIFIED. ) ;
#2135 = ORIENTED_EDGE ( 'NONE', *, *, #2745, .T. ) ;
#2136 = VECTOR ( 'NONE', #2418, 1000.000000000000000 ) ;
#2137 = CARTESIAN_POINT ( 'NONE',  ( -5.774000000000003574, 6.500000000000000888, 5.079999999999997407 ) ) ;
#2138 = DIRECTION ( 'NONE',  ( -3.286955199289085598E-16, -1.000000000000000000, 5.421010862427557669E-16 ) ) ;
#2139 = DIRECTION ( 'NONE',  ( 1.121235145219832696E-16, -0.000000000000000000, 1.000000000000000000 ) ) ;
#2140 = CARTESIAN_POINT ( 'NONE',  ( 4.384602742339261283, 3.058836762142893573, -0.8609605380569113064 ) ) ;
#2141 = CARTESIAN_POINT ( 'NONE',  ( 13.59500000000000419, 0.9776000000000001355, 0.4049999999999991385 ) ) ;
#2142 = ORIENTED_EDGE ( 'NONE', *, *, #1912, .F. ) ;
#2143 = CARTESIAN_POINT ( 'NONE',  ( -9.251967164181534642, 2.280000000000000693, 1.665071770334923817 ) ) ;
#2144 = AXIS2_PLACEMENT_3D ( 'NONE', #3921, #6606, #6108 ) ;
#2145 = ORIENTED_EDGE ( 'NONE', *, *, #4246, .F. ) ;
#2146 = CARTESIAN_POINT ( 'NONE',  ( 4.978631618257905345, 2.980613728770025617, -0.9569143895785540144 ) ) ;
#2147 = CARTESIAN_POINT ( 'NONE',  ( 4.420572135496033894, 3.206084395381821217, 0.3614364272659821853 ) ) ;
#2148 = CARTESIAN_POINT ( 'NONE',  ( -12.81499999999999595, 5.030000000000000249, 1.424999999999995826 ) ) ;
#2149 = CIRCLE ( 'NONE', #2733, 0.1499999999999999667 ) ;
#2150 = ORIENTED_EDGE ( 'NONE', *, *, #3628, .F. ) ;
#2151 = ORIENTED_EDGE ( 'NONE', *, *, #58, .F. ) ;
#2152 = ORIENTED_EDGE ( 'NONE', *, *, #1500, .T. ) ;
#2153 = VERTEX_POINT ( 'NONE', #733 ) ;
#2154 = CARTESIAN_POINT ( 'NONE',  ( 1.956725160377736472, -2.892150861563090647, 0.3614364272659821853 ) ) ;
#2155 = DIRECTION ( 'NONE',  ( -0.000000000000000000, -1.000000000000000000, 0.000000000000000000 ) ) ;
#2156 = FACE_OUTER_BOUND ( 'NONE', #5134, .T. ) ;
#2158 = EDGE_LOOP ( 'NONE', ( #1972, #6898 ) ) ;
#2157 = CARTESIAN_POINT ( 'NONE',  ( 12.84569950541076899, 1.877200000000000646, -3.174999999999994049 ) ) ;
#2159 = ADVANCED_FACE ( 'NONE', ( #4622 ), #663, .T. ) ;
#2160 = ORIENTED_EDGE ( 'NONE', *, *, #4371, .T. ) ;
#2161 = EDGE_CURVE ( 'NONE', #724, #5390, #6275, .T. ) ;
#2162 = ADVANCED_FACE ( 'NONE', ( #6238 ), #5163, .T. ) ;
#2163 = CARTESIAN_POINT ( 'NONE',  ( -0.4067930348823200482, 5.030000000000000249, -3.000000000000005329 ) ) ;
#2164 = AXIS2_PLACEMENT_3D ( 'NONE', #5120, #5048, #180 ) ;
#2165 = DIRECTION ( 'NONE',  ( -0.000000000000000000, 1.000000000000000000, -0.000000000000000000 ) ) ;
#2166 = DIRECTION ( 'NONE',  ( -0.000000000000000000, 1.000000000000000000, -0.000000000000000000 ) ) ;
#2167 = VERTEX_POINT ( 'NONE', #2433 ) ;
#2168 = DIRECTION ( 'NONE',  ( 0.000000000000000000, 0.000000000000000000, -1.000000000000000000 ) ) ;
#2169 = EDGE_CURVE ( 'NONE', #1153, #1402, #1883, .T. ) ;
#2170 = VECTOR ( 'NONE', #2596, 1000.000000000000000 ) ;
#2171 = ORIENTED_EDGE ( 'NONE', *, *, #7123, .T. ) ;
#2172 = EDGE_CURVE ( 'NONE', #6296, #463, #188, .T. ) ;
#2173 = CYLINDRICAL_SURFACE ( 'NONE', #3745, 10.79499999999999815 ) ;
#2174 = DIRECTION ( 'NONE',  ( 1.000000000000000000, 0.000000000000000000, 0.000000000000000000 ) ) ;
#2175 = LINE ( 'NONE', #4544, #1426 ) ;
#2176 = DIRECTION ( 'NONE',  ( 1.000000000000000000, 0.000000000000000000, 8.106184467181343480E-16 ) ) ;
#2177 = AXIS2_PLACEMENT_3D ( 'NONE', #420, #5832, #3064 ) ;
#2178 = LINE ( 'NONE', #5497, #3578 ) ;
#2179 = AXIS2_PLACEMENT_3D ( 'NONE', #4394, #582, #2785 ) ;
#2180 = ORIENTED_EDGE ( 'NONE', *, *, #6599, .T. ) ;
#2181 = DIRECTION ( 'NONE',  ( 0.000000000000000000, 1.000000000000000000, 0.000000000000000000 ) ) ;
#2182 = ADVANCED_FACE ( 'NONE', ( #115 ), #6048, .T. ) ;
#2183 = ORIENTED_EDGE ( 'NONE', *, *, #1985, .T. ) ;
#2184 = VECTOR ( 'NONE', #5277, 1000.000000000000000 ) ;
#2185 = CARTESIAN_POINT ( 'NONE',  ( 8.934857322909506294, 1.220414577365996456, -1.900000000000000577 ) ) ;
#2186 = CARTESIAN_POINT ( 'NONE',  ( -6.944225494189258718, 5.030000000000000249, -4.367799999999992799 ) ) ;
#2187 = DIRECTION ( 'NONE',  ( 1.000000000000000000, 0.000000000000000000, 0.000000000000000000 ) ) ;
#2188 = CARTESIAN_POINT ( 'NONE',  ( 8.383166354660628983, 5.255337990269925541, 6.564414561540649728 ) ) ;
#2189 = VERTEX_POINT ( 'NONE', #6738 ) ;
#2190 = ORIENTED_EDGE ( 'NONE', *, *, #6951, .F. ) ;
#2191 = VECTOR ( 'NONE', #1694, 1000.000000000000000 ) ;
#2192 = ORIENTED_EDGE ( 'NONE', *, *, #1023, .T. ) ;
#2193 = ORIENTED_EDGE ( 'NONE', *, *, #3764, .F. ) ;
#2194 = CARTESIAN_POINT ( 'NONE',  ( -12.81499999999999595, 2.280000000000000693, 1.424999999999995826 ) ) ;
#2195 = VECTOR ( 'NONE', #6875, 1000.000000000000000 ) ;
#2196 = DIRECTION ( 'NONE',  ( 0.000000000000000000, 0.000000000000000000, 1.000000000000000000 ) ) ;
#2197 = CARTESIAN_POINT ( 'NONE',  ( -13.47499999999999787, -2.299999999999986944, 1.470000000000001306 ) ) ;
#2199 = ORIENTED_EDGE ( 'NONE', *, *, #4503, .F. ) ;
#2198 = PLANE ( 'NONE',  #330 ) ;
#2200 = ORIENTED_EDGE ( 'NONE', *, *, #5267, .T. ) ;
#2201 = LINE ( 'NONE', #2713, #5977 ) ;
#2202 = DIRECTION ( 'NONE',  ( 1.000000000000000000, 0.000000000000000000, 0.000000000000000000 ) ) ;
#2203 = CARTESIAN_POINT ( 'NONE',  ( 9.250000000000001776, 1.280000000000001359, -13.65917520938231178 ) ) ;
#2204 = ORIENTED_EDGE ( 'NONE', *, *, #1192, .T. ) ;
#2205 = DIRECTION ( 'NONE',  ( 1.000000000000000000, 0.000000000000000000, -2.731847993664264560E-14 ) ) ;
#2206 = EDGE_CURVE ( 'NONE', #5439, #4698, #1791, .T. ) ;
#2207 = ORIENTED_EDGE ( 'NONE', *, *, #2302, .F. ) ;
#2208 = DIRECTION ( 'NONE',  ( 0.000000000000000000, 0.000000000000000000, 1.000000000000000000 ) ) ;
#2209 = CARTESIAN_POINT ( 'NONE',  ( -6.400000000000000355, 1.762200000000000655, 5.204170427930421283E-15 ) ) ;
#2210 = CARTESIAN_POINT ( 'NONE',  ( -13.47499999999999787, 0.5500000000000132561, 1.470000000000001084 ) ) ;
#2211 = CARTESIAN_POINT ( 'NONE',  ( 7.914186808958331376, 1.780000000000000693, -9.148253751560858404 ) ) ;
#2212 = DIRECTION ( 'NONE',  ( 0.000000000000000000, 0.000000000000000000, -1.000000000000000000 ) ) ;
#2213 = ORIENTED_EDGE ( 'NONE', *, *, #2894, .T. ) ;
#2214 = CARTESIAN_POINT ( 'NONE',  ( -8.897314550264546540, 6.500000000000000888, 5.079999999999997407 ) ) ;
#2215 = EDGE_CURVE ( 'NONE', #5536, #754, #5088, .T. ) ;
#2216 = ORIENTED_EDGE ( 'NONE', *, *, #3760, .F. ) ;
#2217 = EDGE_CURVE ( 'NONE', #4087, #777, #2395, .T. ) ;
#2218 = PLANE ( 'NONE',  #48 ) ;
#2219 = CARTESIAN_POINT ( 'NONE',  ( -11.23799999999999955, 3.560000000000000497, 5.204170427930421283E-15 ) ) ;
#2220 = PLANE ( 'NONE',  #2144 ) ;
#2221 = CARTESIAN_POINT ( 'NONE',  ( 13.65000000000000036, 1.130000000000000782, 3.175000000000005596 ) ) ;
#2222 = ORIENTED_EDGE ( 'NONE', *, *, #3595, .F. ) ;
#2223 = VERTEX_POINT ( 'NONE', #259 ) ;
#2224 = VERTEX_POINT ( 'NONE', #6668 ) ;
#2225 = ORIENTED_EDGE ( 'NONE', *, *, #6377, .T. ) ;
#2226 = AXIS2_PLACEMENT_3D ( 'NONE', #4663, #3117, #335 ) ;
#2227 = DIRECTION ( 'NONE',  ( 0.000000000000000000, 0.000000000000000000, 1.000000000000000000 ) ) ;
#2228 = CARTESIAN_POINT ( 'NONE',  ( -6.500000000000000888, 1.665000000000000702, 0.7999999999999948264 ) ) ;
#2229 = CARTESIAN_POINT ( 'NONE',  ( 0.000000000000000000, 1.780000000000000693, -3.174999999999994049 ) ) ;
#2231 = EDGE_LOOP ( 'NONE', ( #3951, #7060, #6608, #1588 ) ) ;
#2230 = LINE ( 'NONE', #2084, #4245 ) ;
#2232 = AXIS2_PLACEMENT_3D ( 'NONE', #5634, #6768, #3976 ) ;
#2233 = VECTOR ( 'NONE', #4836, 999.9999999999998863 ) ;
#2234 = ORIENTED_EDGE ( 'NONE', *, *, #3996, .F. ) ;
#2235 = CARTESIAN_POINT ( 'NONE',  ( -6.500000000000000888, 3.666054381999832579, -0.09999999999999481526 ) ) ;
#2236 = VECTOR ( 'NONE', #1684, 1000.000000000000000 ) ;
#2237 = CARTESIAN_POINT ( 'NONE',  ( 13.26900000000000190, 0.3800000000000000044, -0.5079999999999949001 ) ) ;
#2238 = AXIS2_PLACEMENT_3D ( 'NONE', #6681, #1317, #1351 ) ;
#2239 = CIRCLE ( 'NONE', #6605, 0.7620000000000011209 ) ;
#2240 = CARTESIAN_POINT ( 'NONE',  ( 10.43782981039764124, 1.780000000000000693, -4.049365886017783467 ) ) ;
#2241 = UNCERTAINTY_MEASURE_WITH_UNIT (LENGTH_MEASURE( 1.000000000000000082E-05 ), #1188, 'distance_accuracy_value', 'NONE');
#2242 = ORIENTED_EDGE ( 'NONE', *, *, #5781, .F. ) ;
#2243 = CYLINDRICAL_SURFACE ( 'NONE', #852, 9.999999999999998224 ) ;
#2244 = VECTOR ( 'NONE', #304, 1000.000000000000000 ) ;
#2245 = ORIENTED_EDGE ( 'NONE', *, *, #4506, .F. ) ;
#2246 = CARTESIAN_POINT ( 'NONE',  ( 10.15190976443981974, 2.540000000000000480, -4.644452251363272666 ) ) ;
#2247 = EDGE_CURVE ( 'NONE', #1501, #2872, #6273, .T. ) ;
#2248 = CARTESIAN_POINT ( 'NONE',  ( 8.934857322909506294, 1.220414577365996456, 1.900000000000000577 ) ) ;
#2249 = VECTOR ( 'NONE', #4478, 1000.000000000000000 ) ;
#2250 = CARTESIAN_POINT ( 'NONE',  ( -4.226347973035832872, 2.325195479407998533, 8.449981490743200041 ) ) ;
#2251 = CARTESIAN_POINT ( 'NONE',  ( 7.365411559137652553, 0.3800000000000000044, -9.524999999999998579 ) ) ;
#2252 = ORIENTED_EDGE ( 'NONE', *, *, #2938, .T. ) ;
#2253 = CARTESIAN_POINT ( 'NONE',  ( 7.365411559137652553, 0.3800000000000000044, 9.524999999999998579 ) ) ;
#2254 = ADVANCED_FACE ( 'NONE', ( #1196 ), #5054, .F. ) ;
#2255 = ORIENTED_EDGE ( 'NONE', *, *, #4811, .T. ) ;
#2256 = AXIS2_PLACEMENT_3D ( 'NONE', #1372, #5774, #5938 ) ;
#2257 = ADVANCED_FACE ( 'NONE', ( #4016 ), #3589, .F. ) ;
#2258 = CYLINDRICAL_SURFACE ( 'NONE', #4096, 0.7873999999999997668 ) ;
#2259 = EDGE_CURVE ( 'NONE', #3669, #2012, #4775, .T. ) ;
#2260 = CARTESIAN_POINT ( 'NONE',  ( 10.31865235231269473, 5.179199999999755555, 4.311576216459639177 ) ) ;
#2261 = LINE ( 'NONE', #1136, #2503 ) ;
#2262 = FACE_OUTER_BOUND ( 'NONE', #1778, .T. ) ;
#2263 = ORIENTED_EDGE ( 'NONE', *, *, #6127, .T. ) ;
#2264 = LINE ( 'NONE', #1713, #5908 ) ;
#2265 = VECTOR ( 'NONE', #4414, 1000.000000000000000 ) ;
#2266 = EDGE_CURVE ( 'NONE', #995, #1919, #1957, .T. ) ;
#2267 = ADVANCED_FACE ( 'NONE', ( #1613 ), #1037, .F. ) ;
#2268 = EDGE_LOOP ( 'NONE', ( #5652, #4587, #3729, #6185 ) ) ;
#2269 = ORIENTED_EDGE ( 'NONE', *, *, #5783, .F. ) ;
#2270 = AXIS2_PLACEMENT_3D ( 'NONE', #4518, #6701, #2359 ) ;
#2271 = LINE ( 'NONE', #1611, #1542 ) ;
#2272 = CYLINDRICAL_SURFACE ( 'NONE', #1141, 0.7600000000000002309 ) ;
#2273 = FACE_OUTER_BOUND ( 'NONE', #5896, .T. ) ;
#2274 = LINE ( 'NONE', #6542, #4495 ) ;
#2276 = ORIENTED_EDGE ( 'NONE', *, *, #3979, .T. ) ;
#2275 = LINE ( 'NONE', #1726, #3335 ) ;
#2277 = EDGE_CURVE ( 'NONE', #3488, #6364, #3782, .T. ) ;
#2278 = ORIENTED_EDGE ( 'NONE', *, *, #6995, .T. ) ;
#2279 = DIRECTION ( 'NONE',  ( -1.000000000000000000, 3.286955199289085598E-16, 0.000000000000000000 ) ) ;
#2280 = CARTESIAN_POINT ( 'NONE',  ( 5.992500000000000604, 0.3800000000000001155, 4.292600000000005522 ) ) ;
#2281 = CARTESIAN_POINT ( 'NONE',  ( -13.28239999999999732, 0.5570855111714125840, 1.270000000000000906 ) ) ;
#2282 =( LENGTH_UNIT ( ) NAMED_UNIT ( * ) SI_UNIT ( .MILLI., .METRE. ) );
#2283 = EDGE_LOOP ( 'NONE', ( #4448, #4692, #4259, #2924 ) ) ;
#2284 = CARTESIAN_POINT ( 'NONE',  ( -13.65000000000000036, 0.3800000000000000044, 2.664999999999993374 ) ) ;
#2285 = VERTEX_POINT ( 'NONE', #5971 ) ;
#2286 = DIRECTION ( 'NONE',  ( -0.000000000000000000, 1.000000000000000000, -0.000000000000000000 ) ) ;
#2287 = CARTESIAN_POINT ( 'NONE',  ( -5.600000000000000533, 1.665000000000000702, -0.09999999999999480138 ) ) ;
#2288 = CARTESIAN_POINT ( 'NONE',  ( 13.26900000000000190, 0.3800000000000000044, 0.5080000000000051141 ) ) ;
#2289 = CARTESIAN_POINT ( 'NONE',  ( 13.14200000000000124, 1.780000000000000693, 1.900000000000002354 ) ) ;
#2290 = VERTEX_POINT ( 'NONE', #5811 ) ;
#2291 = LINE ( 'NONE', #6744, #6136 ) ;
#2292 = CIRCLE ( 'NONE', #3567, 0.2725999999999995649 ) ;
#2293 = ORIENTED_EDGE ( 'NONE', *, *, #3148, .T. ) ;
#2294 = DIRECTION ( 'NONE',  ( -0.3746065934159063526, -0.9271838545667897558, 0.000000000000000000 ) ) ;
#2295 = CARTESIAN_POINT ( 'NONE',  ( -13.55499999999999972, -2.307085511171386383, 1.270000000000000906 ) ) ;
#2296 = CIRCLE ( 'NONE', #3789, 11.33000000000000007 ) ;
#2297 = CARTESIAN_POINT ( 'NONE',  ( -9.650000000000000355, 2.130000000000000782, -1.274999999999995692 ) ) ;
#2298 = DIRECTION ( 'NONE',  ( 0.000000000000000000, 0.000000000000000000, 1.000000000000000000 ) ) ;
#2299 = VERTEX_POINT ( 'NONE', #5435 ) ;
#2300 = DIRECTION ( 'NONE',  ( -0.000000000000000000, 1.000000000000000000, -0.000000000000000000 ) ) ;
#2302 = EDGE_CURVE ( 'NONE', #5654, #5906, #6465, .T. ) ;
#2301 = AXIS2_PLACEMENT_3D ( 'NONE', #4074, #3539, #6260 ) ;
#2303 = VECTOR ( 'NONE', #7116, 1000.000000000000000 ) ;
#2304 = EDGE_LOOP ( 'NONE', ( #959, #6824, #4613, #5913 ) ) ;
#2305 = CARTESIAN_POINT ( 'NONE',  ( 9.250000000000001776, 1.130000000000001448, 1.900000000000000577 ) ) ;
#2306 = DIRECTION ( 'NONE',  ( 3.414809992080330502E-16, 0.000000000000000000, 1.000000000000000000 ) ) ;
#2307 = CARTESIAN_POINT ( 'NONE',  ( 13.65000000000000036, 0.3800000000000000044, 3.174999999999994049 ) ) ;
#2308 = EDGE_CURVE ( 'NONE', #565, #5643, #3283, .T. ) ;
#2309 = CARTESIAN_POINT ( 'NONE',  ( 1.230000000000000204, 6.500000000000000888, -5.204170427930421283E-15 ) ) ;
#2310 = AXIS2_PLACEMENT_3D ( 'NONE', #3633, #2516, #1488 ) ;
#2311 = VECTOR ( 'NONE', #249, 1000.000000000000000 ) ;
#2313 = ORIENTED_EDGE ( 'NONE', *, *, #5034, .F. ) ;
#2312 = CARTESIAN_POINT ( 'NONE',  ( 10.47733411724931329, 1.780000000000000693, 3.957047167264603260 ) ) ;
#2314 = ADVANCED_FACE ( 'NONE', ( #5269 ), #5474, .T. ) ;
#2315 = CIRCLE ( 'NONE', #5532, 0.7873999999999997668 ) ;
#2316 = VERTEX_POINT ( 'NONE', #3076 ) ;
#2317 = CARTESIAN_POINT ( 'NONE',  ( 13.40240000000000542, -2.299999999999987388, 0.000000000000000000 ) ) ;
#2318 = ADVANCED_FACE ( 'NONE', ( #331 ), #2467, .F. ) ;
#2319 = CARTESIAN_POINT ( 'NONE',  ( -13.32499999999999751, -3.299999999999987832, 0.8649999999999999911 ) ) ;
#2320 = DIRECTION ( 'NONE',  ( 0.000000000000000000, 0.000000000000000000, 1.000000000000000000 ) ) ;
#2321 = EDGE_LOOP ( 'NONE', ( #1526, #5228, #4429, #6855 ) ) ;
#2322 = LINE ( 'NONE', #763, #5103 ) ;
#2323 = ORIENTED_EDGE ( 'NONE', *, *, #6127, .F. ) ;
#2324 = DIRECTION ( 'NONE',  ( 0.000000000000000000, 0.000000000000000000, 1.000000000000000000 ) ) ;
#2325 = CARTESIAN_POINT ( 'NONE',  ( -4.140822075057823071, 2.133712998946150297, -8.504603035698863778 ) ) ;
#2326 = CARTESIAN_POINT ( 'NONE',  ( -3.585544513210297879, 1.780000000000000249, 8.831401259217823707 ) ) ;
#2327 = LINE ( 'NONE', #5020, #3913 ) ;
#2328 = ORIENTED_EDGE ( 'NONE', *, *, #857, .F. ) ;
#2329 = DIRECTION ( 'NONE',  ( -0.000000000000000000, -1.000000000000000000, 0.000000000000000000 ) ) ;
#2330 = ORIENTED_EDGE ( 'NONE', *, *, #2581, .T. ) ;
#2331 = CARTESIAN_POINT ( 'NONE',  ( 6.449821268649270856, -4.707479524502637958, -0.1498572332372787863 ) ) ;
#2332 = CARTESIAN_POINT ( 'NONE',  ( 9.654619102224437199, 5.179199999999688941, 5.499206872838896309 ) ) ;
#2333 = CARTESIAN_POINT ( 'NONE',  ( -4.250000000000000888, 1.877200000000000646, -8.434513060040865540 ) ) ;
#2334 = DIRECTION ( 'NONE',  ( -1.000000000000000000, 3.286955199289085105E-16, 0.000000000000000000 ) ) ;
#2335 = ORIENTED_EDGE ( 'NONE', *, *, #4378, .T. ) ;
#2336 = CARTESIAN_POINT ( 'NONE',  ( 1.230000000000000204, 6.500000000000000888, -5.204170427930421283E-15 ) ) ;
#2337 = ORIENTED_EDGE ( 'NONE', *, *, #716, .F. ) ;
#2338 = LINE ( 'NONE', #3469, #4302 ) ;
#2339 = DIRECTION ( 'NONE',  ( -0.000000000000000000, -1.000000000000000000, -0.000000000000000000 ) ) ;
#2340 = LINE ( 'NONE', #4462, #650 ) ;
#2341 = DIRECTION ( 'NONE',  ( 0.000000000000000000, -1.000000000000000000, 0.000000000000000000 ) ) ;
#2342 = EDGE_CURVE ( 'NONE', #3488, #1381, #6541, .T. ) ;
#2343 = EDGE_LOOP ( 'NONE', ( #17, #7034, #7015, #2937 ) ) ;
#2344 = EDGE_CURVE ( 'NONE', #461, #6349, #1214, .T. ) ;
#2345 = ORIENTED_EDGE ( 'NONE', *, *, #3710, .F. ) ;
#2346 = CARTESIAN_POINT ( 'NONE',  ( -9.119289552242044294, 5.030000000000000249, 1.595095693779899459 ) ) ;
#2347 = FACE_BOUND ( 'NONE', #6991, .T. ) ;
#2348 = EDGE_CURVE ( 'NONE', #4731, #4512, #3069, .T. ) ;
#2350 = CARTESIAN_POINT ( 'NONE',  ( 9.896641659953534287, 5.229936664862379736, 4.511568087110913616 ) ) ;
#2349 = DIRECTION ( 'NONE',  ( 0.3746065934159063526, 0.9271838545667898668, 0.000000000000000000 ) ) ;
#2351 = CIRCLE ( 'NONE', #4649, 1.020000000000000018 ) ;
#2352 = ORIENTED_EDGE ( 'NONE', *, *, #53, .F. ) ;
#2353 = DIRECTION ( 'NONE',  ( 0.000000000000000000, 0.000000000000000000, 1.000000000000000000 ) ) ;
#2354 = EDGE_CURVE ( 'NONE', #745, #3463, #4280, .T. ) ;
#2355 = ORIENTED_EDGE ( 'NONE', *, *, #2354, .F. ) ;
#2356 = VECTOR ( 'NONE', #6020, 1000.000000000000000 ) ;
#2357 = CARTESIAN_POINT ( 'NONE',  ( 1.229999999999999982, -0.2565206349206209380, 4.819490798990419363E-15 ) ) ;
#2358 = EDGE_CURVE ( 'NONE', #7024, #6634, #3299, .T. ) ;
#2359 = DIRECTION ( 'NONE',  ( -1.000000000000000000, 3.977264022323940376E-16, 0.000000000000000000 ) ) ;
#2360 = CARTESIAN_POINT ( 'NONE',  ( -0.4067930348823200482, 2.280000000000000693, -3.000000000000005329 ) ) ;
#2361 = CARTESIAN_POINT ( 'NONE',  ( 9.504874527797996464, 5.255337990269910442, -4.920138060223870902 ) ) ;
#2362 = VERTEX_POINT ( 'NONE', #7036 ) ;
#2363 = CARTESIAN_POINT ( 'NONE',  ( -0.4067930348823200482, 2.280000000000000693, -3.000000000000005329 ) ) ;
#2364 = AXIS2_PLACEMENT_3D ( 'NONE', #3672, #3127, #4303 ) ;
#2365 = CIRCLE ( 'NONE', #7050, 0.3500000000000000333 ) ;
#2366 = VERTEX_POINT ( 'NONE', #3818 ) ;
#2367 = VECTOR ( 'NONE', #6815, 1000.000000000000000 ) ;
#2368 = CARTESIAN_POINT ( 'NONE',  ( 9.250000000000012434, 1.130000000000001448, -0.4049999999999956413 ) ) ;
#2369 = CARTESIAN_POINT ( 'NONE',  ( 1.230000000000000204, 0.3800000000000000044, -9.524999999999998579 ) ) ;
#2370 =( GEOMETRIC_REPRESENTATION_CONTEXT ( 3 ) GLOBAL_UNCERTAINTY_ASSIGNED_CONTEXT ( ( #5196 ) ) GLOBAL_UNIT_ASSIGNED_CONTEXT ( ( #2282, #7120, #4473 ) ) REPRESENTATION_CONTEXT ( 'NONE', 'WORKASPACE' ) );
#2371 = CARTESIAN_POINT ( 'NONE',  ( -10.55742020121451397, 5.180000000000000604, 3.684999999999993836 ) ) ;
#2372 = CARTESIAN_POINT ( 'NONE',  ( 1.230000000000000204, 6.500000000000000888, 5.204170427930421283E-15 ) ) ;
#2373 = ORIENTED_EDGE ( 'NONE', *, *, #7032, .F. ) ;
#2374 = DIRECTION ( 'NONE',  ( 0.000000000000000000, 0.000000000000000000, 1.000000000000000000 ) ) ;
#2375 = VECTOR ( 'NONE', #1625, 1000.000000000000000 ) ;
#2376 = VERTEX_POINT ( 'NONE', #6010 ) ;
#2377 = CARTESIAN_POINT ( 'NONE',  ( 4.316786624489401980, 3.248016463690201139, 0.5387417953851387775 ) ) ;
#2378 = DIRECTION ( 'NONE',  ( 0.8845174129299223642, 0.000000000000000000, 0.4665071770334913714 ) ) ;
#2379 = FACE_OUTER_BOUND ( 'NONE', #6663, .T. ) ;
#2380 = AXIS2_PLACEMENT_3D ( 'NONE', #1758, #6151, #1218 ) ;
#2381 = DIRECTION ( 'NONE',  ( -0.000000000000000000, -1.000000000000000000, 0.000000000000000000 ) ) ;
#2382 = ORIENTED_EDGE ( 'NONE', *, *, #1330, .T. ) ;
#2383 = ORIENTED_EDGE ( 'NONE', *, *, #6432, .F. ) ;
#2384 = DIRECTION ( 'NONE',  ( -0.000000000000000000, -1.000000000000000000, -0.000000000000000000 ) ) ;
#2385 = CARTESIAN_POINT ( 'NONE',  ( 11.56784332350892619, 1.780000000000000693, 4.637669288152949321 ) ) ;
#2387 = ORIENTED_EDGE ( 'NONE', *, *, #6501, .T. ) ;
#2386 = DIRECTION ( 'NONE',  ( 1.000000000000000000, 0.000000000000000000, 0.000000000000000000 ) ) ;
#2388 = EDGE_CURVE ( 'NONE', #2996, #1698, #2507, .T. ) ;
#2389 = CIRCLE ( 'NONE', #5942, 10.79499999999999815 ) ;
#2390 = EDGE_CURVE ( 'NONE', #2773, #5833, #3620, .T. ) ;
#2391 = DIRECTION ( 'NONE',  ( 3.286955199289085105E-16, 1.000000000000000000, -1.521687259628778261E-16 ) ) ;
#2392 = EDGE_CURVE ( 'NONE', #2628, #5978, #4315, .T. ) ;
#2393 = ADVANCED_FACE ( 'NONE', ( #2273 ), #4963, .T. ) ;
#2394 = VERTEX_POINT ( 'NONE', #2813 ) ;
#2395 = LINE ( 'NONE', #4517, #5007 ) ;
#2396 = CARTESIAN_POINT ( 'NONE',  ( 10.08809161764697748, 5.191878667390639635, -4.611230626915646447 ) ) ;
#2397 = EDGE_CURVE ( 'NONE', #4043, #1337, #6053, .T. ) ;
#2398 = PLANE ( 'NONE',  #3405 ) ;
#2399 = DIRECTION ( 'NONE',  ( -0.000000000000000000, -1.000000000000000000, -0.000000000000000000 ) ) ;
#2400 = EDGE_LOOP ( 'NONE', ( #3720, #4151, #1632, #1645, #2693, #2180, #54, #3146, #5033, #4310 ) ) ;
#2401 = EDGE_CURVE ( 'NONE', #4921, #4528, #2779, .T. ) ;
#2402 = LINE ( 'NONE', #4522, #6932 ) ;
#2403 = ADVANCED_FACE ( 'NONE', ( #6685 ), #610, .F. ) ;
#2404 = EDGE_LOOP ( 'NONE', ( #6342, #2916, #1891, #4320 ) ) ;
#2405 = ORIENTED_EDGE ( 'NONE', *, *, #6041, .F. ) ;
#2406 = DIRECTION ( 'NONE',  ( -0.000000000000000000, -1.000000000000000000, -0.000000000000000000 ) ) ;
#2407 = CARTESIAN_POINT ( 'NONE',  ( 13.44500000000000384, -2.600000000000012079, 0.4049999999999991385 ) ) ;
#2408 = DIRECTION ( 'NONE',  ( -0.000000000000000000, -1.000000000000000000, -0.000000000000000000 ) ) ;
#2409 = EDGE_CURVE ( 'NONE', #4682, #6435, #1678, .T. ) ;
#2410 = DIRECTION ( 'NONE',  ( 0.000000000000000000, 1.000000000000000000, 0.000000000000000000 ) ) ;
#2411 = TOROIDAL_SURFACE ( 'NONE', #5626, 0.007085511171399605512, 0.2726000000000000090 ) ;
#2412 = VERTEX_POINT ( 'NONE', #2307 ) ;
#2413 = DIRECTION ( 'NONE',  ( 1.000000000000000000, 0.000000000000000000, -8.106184467181343480E-16 ) ) ;
#2414 = VERTEX_POINT ( 'NONE', #5512 ) ;
#2415 = AXIS2_PLACEMENT_3D ( 'NONE', #5957, #1594, #5379 ) ;
#2416 = CARTESIAN_POINT ( 'NONE',  ( 4.236884534604473451, 3.280299003502751276, 0.7474748810105446006 ) ) ;
#2417 = DIRECTION ( 'NONE',  ( -1.000000000000000000, 3.286955199289085105E-16, 0.000000000000000000 ) ) ;
#2418 = DIRECTION ( 'NONE',  ( -0.000000000000000000, -1.000000000000000000, -0.000000000000000000 ) ) ;
#2419 = LINE ( 'NONE', #1252, #2640 ) ;
#2420 = VERTEX_POINT ( 'NONE', #687 ) ;
#2421 = STYLED_ITEM ( 'NONE', ( #1605 ), #6182 ) ;
#2422 = CIRCLE ( 'NONE', #3105, 0.3500000000000000333 ) ;
#2423 = ORIENTED_EDGE ( 'NONE', *, *, #6135, .T. ) ;
#2424 = DIRECTION ( 'NONE',  ( 0.000000000000000000, 0.000000000000000000, 1.000000000000000000 ) ) ;
#2425 = AXIS2_PLACEMENT_3D ( 'NONE', #6893, #241, #5279 ) ;
#2426 = CIRCLE ( 'NONE', #3798, 0.2000000000000000944 ) ;
#2427 = CARTESIAN_POINT ( 'NONE',  ( -5.600000000000000533, 1.665000000000000702, 0.09999999999999480138 ) ) ;
#2429 = VERTEX_POINT ( 'NONE', #2888 ) ;
#2428 = CARTESIAN_POINT ( 'NONE',  ( 1.230000000000000204, 6.500000000000000888, 5.204170427930421283E-15 ) ) ;
#2430 = LINE ( 'NONE', #6732, #4085 ) ;
#2431 = CIRCLE ( 'NONE', #2895, 0.2725999999999995649 ) ;
#2432 = VERTEX_POINT ( 'NONE', #4533 ) ;
#2433 = CARTESIAN_POINT ( 'NONE',  ( 5.930000000000013038, 0.3800000000000000044, 9.524999999999998579 ) ) ;
#2434 = VECTOR ( 'NONE', #3931, 1000.000000000000000 ) ;
#2435 = CARTESIAN_POINT ( 'NONE',  ( -13.32499999999999574, 1.977599999999999580, -8.545133036385903935 ) ) ;
#2436 = LINE ( 'NONE', #6852, #1204 ) ;
#2437 = EDGE_CURVE ( 'NONE', #1352, #6112, #4674, .T. ) ;
#2438 = CARTESIAN_POINT ( 'NONE',  ( 9.292948119243549243, 5.255337990269911330, -5.263141456775872307 ) ) ;
#2439 = EDGE_LOOP ( 'NONE', ( #4657, #2677, #406, #4823 ) ) ;
#2440 = DIRECTION ( 'NONE',  ( 0.000000000000000000, 0.000000000000000000, 1.000000000000000000 ) ) ;
#2441 = ORIENTED_EDGE ( 'NONE', *, *, #633, .T. ) ;
#2442 = CARTESIAN_POINT ( 'NONE',  ( 9.130125890106910447, 1.303301166538628486, -1.900000000000000577 ) ) ;
#2443 = DIRECTION ( 'NONE',  ( 0.000000000000000000, 0.000000000000000000, -1.000000000000000000 ) ) ;
#2444 = CARTESIAN_POINT ( 'NONE',  ( 4.236884534604473451, 3.280299003502751276, 0.8521946352945493075 ) ) ;
#2445 = CARTESIAN_POINT ( 'NONE',  ( -6.944225494189258718, 5.030000000000000249, 4.367799999999992799 ) ) ;
#2446 = EDGE_CURVE ( 'NONE', #2087, #5685, #3175, .T. ) ;
#2447 = CARTESIAN_POINT ( 'NONE',  ( -13.15000000000000036, 5.180000000000000604, 1.424999999999994049 ) ) ;
#2448 = VERTEX_POINT ( 'NONE', #2228 ) ;
#2449 = CYLINDRICAL_SURFACE ( 'NONE', #494, 0.3499999999999998113 ) ;
#2450 = ORIENTED_EDGE ( 'NONE', *, *, #2390, .F. ) ;
#2451 = EDGE_CURVE ( 'NONE', #4727, #2538, #2340, .T. ) ;
#2452 = EDGE_CURVE ( 'NONE', #530, #3758, #4389, .T. ) ;
#2453 = DIRECTION ( 'NONE',  ( -1.000000000000000000, 0.000000000000000000, 0.000000000000000000 ) ) ;
#2454 = CARTESIAN_POINT ( 'NONE',  ( 9.001982233357789909, 1.355074564539691773, 1.750464270986195059 ) ) ;
#2455 = CARTESIAN_POINT ( 'NONE',  ( 7.417859203408450952, 5.255337990269911330, -7.374403436129172817 ) ) ;
#2456 = CARTESIAN_POINT ( 'NONE',  ( -4.250000000000002665, 5.179199999999999804, 6.603999999999997428 ) ) ;
#2457 = ORIENTED_EDGE ( 'NONE', *, *, #800, .F. ) ;
#2458 = EDGE_LOOP ( 'NONE', ( #6762, #7067, #3815, #148 ) ) ;
#2459 = PLANE ( 'NONE',  #3848 ) ;
#2460 = LINE ( 'NONE', #3548, #6552 ) ;
#2462 = VERTEX_POINT ( 'NONE', #134 ) ;
#2461 =( NAMED_UNIT ( * ) SI_UNIT ( $, .STERADIAN. ) SOLID_ANGLE_UNIT ( ) );
#2463 = PRODUCT_DEFINITION_CONTEXT ( 'detailed design', #3247, 'design' ) ;
#2464 = DIRECTION ( 'NONE',  ( 0.000000000000000000, 1.000000000000000000, -0.000000000000000000 ) ) ;
#2465 = VERTEX_POINT ( 'NONE', #6577 ) ;
#2466 = TOROIDAL_SURFACE ( 'NONE', #2226, 0.007085511171399497092, 0.2726000000000000090 ) ;
#2467 = PLANE ( 'NONE',  #5926 ) ;
#2468 = DIRECTION ( 'NONE',  ( 0.000000000000000000, 1.000000000000000000, 2.248047161348868956E-15 ) ) ;
#2469 = DIRECTION ( 'NONE',  ( 0.4617486132350352435, 0.000000000000000000, -0.8870108331782210476 ) ) ;
#2470 = ORIENTED_EDGE ( 'NONE', *, *, #4456, .T. ) ;
#2471 = DIRECTION ( 'NONE',  ( 0.000000000000000000, 0.000000000000000000, 1.000000000000000000 ) ) ;
#2472 = VECTOR ( 'NONE', #433, 1000.000000000000000 ) ;
#2473 = EDGE_LOOP ( 'NONE', ( #1984, #493, #6039, #4857, #1288, #6476, #6366, #2234, #4486, #606, #5882, #1366, #4278, #1221, #3923, #4636, #6525, #6137, #1867, #4313, #6183, #5060, #334, #6904, #1920, #4192, #2819, #2278 ) ) ;
#2474 = EDGE_CURVE ( 'NONE', #3612, #2599, #4004, .T. ) ;
#2475 = CARTESIAN_POINT ( 'NONE',  ( 8.512783617748475251, 6.500000000000000888, 8.679283540538028419 ) ) ;
#2476 = LINE ( 'NONE', #4595, #3689 ) ;
#2477 = FACE_OUTER_BOUND ( 'NONE', #1846, .T. ) ;
#2478 = CIRCLE ( 'NONE', #2707, 9.999999999999998224 ) ;
#2479 = DIRECTION ( 'NONE',  ( -3.286955199289085105E-16, -1.000000000000000000, -0.000000000000000000 ) ) ;
#2481 = LINE ( 'NONE', #6250, #1830 ) ;
#2480 = AXIS2_PLACEMENT_3D ( 'NONE', #5305, #369, #4125 ) ;
#2482 = ORIENTED_EDGE ( 'NONE', *, *, #6516, .T. ) ;
#2483 = CARTESIAN_POINT ( 'NONE',  ( 1.230000000000000204, 1.129999999999999893, 5.204170427930421283E-15 ) ) ;
#2484 = EDGE_CURVE ( 'NONE', #2604, #2590, #3852, .T. ) ;
#2485 = VERTEX_POINT ( 'NONE', #4923 ) ;
#2486 = VECTOR ( 'NONE', #980, 1000.000000000000000 ) ;
#2487 = EDGE_CURVE ( 'NONE', #2775, #2538, #1109, .T. ) ;
#2488 = ADVANCED_FACE ( 'NONE', ( #6615 ), #3322, .F. ) ;
#2489 = PRODUCT_DEFINITION_FORMATION_WITH_SPECIFIED_SOURCE ( 'ANY', '', #6689, .NOT_KNOWN. ) ;
#2490 = CARTESIAN_POINT ( 'NONE',  ( 4.741475510777237723, 3.461418629958849635, 0.8521946352945496406 ) ) ;
#2491 = CARTESIAN_POINT ( 'NONE',  ( -12.81499999999999595, 2.280000000000000249, -0.9250000000000000444 ) ) ;
#2492 = FACE_OUTER_BOUND ( 'NONE', #2510, .T. ) ;
#2493 = CYLINDRICAL_SURFACE ( 'NONE', #6792, 0.7600000000000002309 ) ;
#2494 = VERTEX_POINT ( 'NONE', #1722 ) ;
#2495 = ADVANCED_FACE ( 'NONE', ( #3930 ), #3395, .F. ) ;
#2496 = VECTOR ( 'NONE', #4401, 1000.000000000000000 ) ;
#2497 = ORIENTED_EDGE ( 'NONE', *, *, #969, .T. ) ;
#2498 = VECTOR ( 'NONE', #418, 1000.000000000000000 ) ;
#2499 = LINE ( 'NONE', #3507, #2584 ) ;
#2500 = PLANE ( 'NONE',  #6212 ) ;
#2502 = ORIENTED_EDGE ( 'NONE', *, *, #1511, .F. ) ;
#2501 = CARTESIAN_POINT ( 'NONE',  ( 1.230000000000000204, 6.500000000000000888, 5.204170427930421283E-15 ) ) ;
#2503 = VECTOR ( 'NONE', #1710, 1000.000000000000000 ) ;
#2504 = ORIENTED_EDGE ( 'NONE', *, *, #4406, .F. ) ;
#2505 = ORIENTED_EDGE ( 'NONE', *, *, #591, .F. ) ;
#2506 = VECTOR ( 'NONE', #4442, 1000.000000000000000 ) ;
#2507 = LINE ( 'NONE', #1070, #6163 ) ;
#2508 = DIRECTION ( 'NONE',  ( 0.000000000000000000, 0.3939192985791735158, -0.9191450300180553645 ) ) ;
#2509 = CARTESIAN_POINT ( 'NONE',  ( -13.55499999999999794, 0.5500000000000132561, 1.270000000000000906 ) ) ;
#2510 = EDGE_LOOP ( 'NONE', ( #4142, #6027, #6097, #1669 ) ) ;
#2511 = DIRECTION ( 'NONE',  ( 0.6636987268331874246, 0.000000000000000000, -0.7480000000000041060 ) ) ;
#2512 = ORIENTED_EDGE ( 'NONE', *, *, #3268, .T. ) ;
#2513 = DIRECTION ( 'NONE',  ( -0.000000000000000000, 1.000000000000000000, -0.000000000000000000 ) ) ;
#2514 = CARTESIAN_POINT ( 'NONE',  ( 1.230000000000000204, 6.500000000000000888, 5.204170427930421283E-15 ) ) ;
#2515 = CARTESIAN_POINT ( 'NONE',  ( -9.650000000000000355, 2.280000000000000693, 1.174999999999997158 ) ) ;
#2516 = DIRECTION ( 'NONE',  ( -0.000000000000000000, 1.000000000000000000, -0.000000000000000000 ) ) ;
#2517 = DIRECTION ( 'NONE',  ( -3.021188535318570096E-16, -0.9191450300180553645, -0.3939192985791735158 ) ) ;
#2518 = ORIENTED_EDGE ( 'NONE', *, *, #145, .T. ) ;
#2519 = CARTESIAN_POINT ( 'NONE',  ( -12.81499999999999595, 1.480000000000000870, 1.275000000000002798 ) ) ;
#2520 = ORIENTED_EDGE ( 'NONE', *, *, #101, .F. ) ;
#2521 = DIRECTION ( 'NONE',  ( 0.000000000000000000, 1.000000000000000000, 0.000000000000000000 ) ) ;
#2522 = DIRECTION ( 'NONE',  ( 1.000000000000000000, 0.000000000000000000, -0.000000000000000000 ) ) ;
#2523 = MECHANICAL_DESIGN_GEOMETRIC_PRESENTATION_REPRESENTATION (  '', ( #4808 ), #2633 ) ;
#2524 = FACE_OUTER_BOUND ( 'NONE', #912, .T. ) ;
#2525 = DIRECTION ( 'NONE',  ( -0.000000000000000000, -1.000000000000000000, -0.000000000000000000 ) ) ;
#2526 = ORIENTED_EDGE ( 'NONE', *, *, #3176, .F. ) ;
#2527 = EDGE_CURVE ( 'NONE', #1682, #5431, #2852, .T. ) ;
#2528 = VECTOR ( 'NONE', #6861, 1000.000000000000000 ) ;
#2529 = ORIENTED_EDGE ( 'NONE', *, *, #5081, .T. ) ;
#2530 = EDGE_CURVE ( 'NONE', #5696, #5457, #751, .T. ) ;
#2531 = CARTESIAN_POINT ( 'NONE',  ( 13.59500000000000419, -0.2999999999999873324, 0.1999999999999999833 ) ) ;
#2532 = FACE_OUTER_BOUND ( 'NONE', #3949, .T. ) ;
#2533 = CIRCLE ( 'NONE', #3906, 0.5999999999999998668 ) ;
#2535 = ORIENTED_EDGE ( 'NONE', *, *, #4726, .T. ) ;
#2534 = DIRECTION ( 'NONE',  ( -1.000000000000000000, -0.000000000000000000, -1.742467777208846130E-16 ) ) ;
#2536 = EDGE_CURVE ( 'NONE', #6612, #2628, #4073, .T. ) ;
#2537 = AXIS2_PLACEMENT_3D ( 'NONE', #2317, #5045, #5519 ) ;
#2538 = VERTEX_POINT ( 'NONE', #5106 ) ;
#2539 = FACE_OUTER_BOUND ( 'NONE', #1800, .T. ) ;
#2540 = FACE_OUTER_BOUND ( 'NONE', #2076, .T. ) ;
#2541 = TOROIDAL_SURFACE ( 'NONE', #2890, 0.007085511171399497092, 0.2726000000000000090 ) ;
#2542 = ORIENTED_EDGE ( 'NONE', *, *, #4539, .T. ) ;
#2543 = DIRECTION ( 'NONE',  ( -0.000000000000000000, 1.000000000000000000, -0.000000000000000000 ) ) ;
#2544 = ORIENTED_EDGE ( 'NONE', *, *, #431, .F. ) ;
#2545 = AXIS2_PLACEMENT_3D ( 'NONE', #5629, #5082, #5046 ) ;
#2546 = LINE ( 'NONE', #2029, #5344 ) ;
#2547 = DIRECTION ( 'NONE',  ( 0.000000000000000000, 0.000000000000000000, 1.000000000000000000 ) ) ;
#2548 = CARTESIAN_POINT ( 'NONE',  ( 6.527201336803595488, -4.738743101393897206, -1.900000000000000577 ) ) ;
#2549 = DIRECTION ( 'NONE',  ( 0.000000000000000000, 0.000000000000000000, -1.000000000000000000 ) ) ;
#2550 = CARTESIAN_POINT ( 'NONE',  ( -7.200000000000001066, 1.665000000000000702, 0.09999999999999480138 ) ) ;
#2551 = VERTEX_POINT ( 'NONE', #2455 ) ;
#2552 = CARTESIAN_POINT ( 'NONE',  ( 12.84569950541076899, 1.780000000000000693, 4.194999999999994067 ) ) ;
#2553 = ORIENTED_EDGE ( 'NONE', *, *, #4767, .T. ) ;
#2554 = FACE_OUTER_BOUND ( 'NONE', #321, .T. ) ;
#2555 = DIRECTION ( 'NONE',  ( 1.000000000000000000, -3.286955199289085105E-16, -0.000000000000000000 ) ) ;
#2556 = DIRECTION ( 'NONE',  ( 1.000000000000000000, -0.000000000000000000, 2.731847993664264560E-14 ) ) ;
#2557 = PLANE ( 'NONE',  #3104 ) ;
#2558 = ORIENTED_EDGE ( 'NONE', *, *, #1400, .F. ) ;
#2559 = ORIENTED_EDGE ( 'NONE', *, *, #2397, .T. ) ;
#2560 = CARTESIAN_POINT ( 'NONE',  ( -11.23799999999999955, 2.280000000000000693, -0.7619999999999959028 ) ) ;
#2561 = ADVANCED_FACE ( 'NONE', ( #2379 ), #6331, .F. ) ;
#2562 = CARTESIAN_POINT ( 'NONE',  ( 4.978631618257905345, 2.980613728770026061, 0.8521946352945493075 ) ) ;
#2564 = VERTEX_POINT ( 'NONE', #1938 ) ;
#2563 = CARTESIAN_POINT ( 'NONE',  ( 13.65000000000000036, 0.3800000000000000044, 3.174999999999994049 ) ) ;
#2565 = EDGE_CURVE ( 'NONE', #4291, #6340, #6831, .T. ) ;
#2566 = ORIENTED_EDGE ( 'NONE', *, *, #3102, .T. ) ;
#2567 = EDGE_CURVE ( 'NONE', #3286, #4079, #63, .T. ) ;
#2568 = DIRECTION ( 'NONE',  ( 0.000000000000000000, 0.000000000000000000, 1.000000000000000000 ) ) ;
#2569 = PLANE ( 'NONE',  #2480 ) ;
#2570 = VERTEX_POINT ( 'NONE', #4110 ) ;
#2571 = CARTESIAN_POINT ( 'NONE',  ( 9.130125890106910447, 1.303301166538628264, -1.900000000000000577 ) ) ;
#2572 = ORIENTED_EDGE ( 'NONE', *, *, #3316, .F. ) ;
#2573 = VECTOR ( 'NONE', #4409, 1000.000000000000000 ) ;
#2574 = EDGE_CURVE ( 'NONE', #3181, #3346, #1102, .T. ) ;
#2575 = DIRECTION ( 'NONE',  ( 0.000000000000000000, 0.000000000000000000, 1.000000000000000000 ) ) ;
#2576 = PLANE ( 'NONE',  #1338 ) ;
#2577 = LINE ( 'NONE', #6957, #6096 ) ;
#2578 = CARTESIAN_POINT ( 'NONE',  ( 13.59500000000000419, -0.2999999999999873324, -0.2000000000000005107 ) ) ;
#2579 = ORIENTED_EDGE ( 'NONE', *, *, #367, .F. ) ;
#2580 = CARTESIAN_POINT ( 'NONE',  ( -13.32499999999999751, -3.299999999999999822, 8.545133036385903935 ) ) ;
#2581 = EDGE_CURVE ( 'NONE', #463, #5068, #183, .T. ) ;
#2582 = VECTOR ( 'NONE', #3866, 1000.000000000000000 ) ;
#2583 = EDGE_LOOP ( 'NONE', ( #6562, #5467, #5190, #5844 ) ) ;
#2584 = VECTOR ( 'NONE', #4686, 1000.000000000000000 ) ;
#2585 = CARTESIAN_POINT ( 'NONE',  ( 12.58000000000000007, -3.299999999999996714, 1.900000000000002354 ) ) ;
#2586 = DIRECTION ( 'NONE',  ( -0.9271838545667901998, 0.3746065934159049648, 0.000000000000000000 ) ) ;
#2587 = CARTESIAN_POINT ( 'NONE',  ( -12.81499999999999595, 2.280000000000000249, 1.675000000000000044 ) ) ;
#2588 = FACE_OUTER_BOUND ( 'NONE', #1596, .T. ) ;
#2589 = ORIENTED_EDGE ( 'NONE', *, *, #3016, .T. ) ;
#2590 = VERTEX_POINT ( 'NONE', #6901 ) ;
#2591 = VECTOR ( 'NONE', #4524, 1000.000000000000000 ) ;
#2592 = ORIENTED_EDGE ( 'NONE', *, *, #2881, .T. ) ;
#2593 = PLANE ( 'NONE',  #4995 ) ;
#2594 = AXIS2_PLACEMENT_3D ( 'NONE', #3484, #2940, #768 ) ;
#2595 = DIRECTION ( 'NONE',  ( 0.000000000000000000, 1.000000000000000000, 0.000000000000000000 ) ) ;
#2597 = ORIENTED_EDGE ( 'NONE', *, *, #1737, .T. ) ;
#2596 = DIRECTION ( 'NONE',  ( -1.000000000000000000, 0.000000000000000000, 0.000000000000000000 ) ) ;
#2598 = AXIS2_PLACEMENT_3D ( 'NONE', #6309, #2115, #4349 ) ;
#2599 = VERTEX_POINT ( 'NONE', #6758 ) ;
#2600 = EDGE_CURVE ( 'NONE', #875, #2872, #1977, .T. ) ;
#2601 = DIRECTION ( 'NONE',  ( -1.000000000000000000, 0.000000000000000000, 0.000000000000000000 ) ) ;
#2602 = VECTOR ( 'NONE', #6428, 1000.000000000000000 ) ;
#2603 = CARTESIAN_POINT ( 'NONE',  ( 0.2622504916441100176, 1.877200000000000646, 0.5037785072377347628 ) ) ;
#2604 = VERTEX_POINT ( 'NONE', #6228 ) ;
#2605 = LINE ( 'NONE', #4188, #1422 ) ;
#2606 = EDGE_CURVE ( 'NONE', #3298, #4573, #5714, .T. ) ;
#2607 = EDGE_CURVE ( 'NONE', #1282, #491, #855, .T. ) ;
#2608 = ORIENTED_EDGE ( 'NONE', *, *, #3409, .T. ) ;
#2609 = VECTOR ( 'NONE', #4987, 1000.000000000000000 ) ;
#2610 = ADVANCED_FACE ( 'NONE', ( #2524 ), #5658, .T. ) ;
#2611 = DIRECTION ( 'NONE',  ( -3.286955199289085105E-16, -1.000000000000000000, 0.000000000000000000 ) ) ;
#2612 = EDGE_CURVE ( 'NONE', #3481, #3895, #3574, .T. ) ;
#2613 = LINE ( 'NONE', #4799, #6745 ) ;
#2614 = CARTESIAN_POINT ( 'NONE',  ( 13.65000000000000036, 1.130000000000000782, -0.5079999999999950111 ) ) ;
#2615 = LINE ( 'NONE', #443, #6314 ) ;
#2616 = ORIENTED_EDGE ( 'NONE', *, *, #2032, .T. ) ;
#2617 = FACE_OUTER_BOUND ( 'NONE', #3023, .T. ) ;
#2618 = AXIS2_PLACEMENT_3D ( 'NONE', #4124, #5672, #5741 ) ;
#2619 = EDGE_CURVE ( 'NONE', #4918, #57, #6391, .T. ) ;
#2620 = ORIENTED_EDGE ( 'NONE', *, *, #409, .T. ) ;
#2621 = EDGE_CURVE ( 'NONE', #5272, #6636, #5690, .T. ) ;
#2622 = CARTESIAN_POINT ( 'NONE',  ( 4.329539416155474996, 3.352184979837248946, -0.8521946352945490855 ) ) ;
#2623 = DIRECTION ( 'NONE',  ( -1.000000000000000000, -6.776263578034421448E-16, 0.000000000000000000 ) ) ;
#2624 = DIRECTION ( 'NONE',  ( -0.000000000000000000, -1.000000000000000000, -0.000000000000000000 ) ) ;
#2625 = ORIENTED_EDGE ( 'NONE', *, *, #3886, .T. ) ;
#2626 = VERTEX_POINT ( 'NONE', #5727 ) ;
#2627 = ORIENTED_EDGE ( 'NONE', *, *, #3226, .F. ) ;
#2628 = VERTEX_POINT ( 'NONE', #1871 ) ;
#2629 = DIRECTION ( 'NONE',  ( 0.000000000000000000, 1.000000000000000000, 0.000000000000000000 ) ) ;
#2630 = CARTESIAN_POINT ( 'NONE',  ( -12.81499999999999595, 1.830000000000003180, -0.9250000000000000444 ) ) ;
#2632 = ORIENTED_EDGE ( 'NONE', *, *, #3975, .F. ) ;
#2631 = CARTESIAN_POINT ( 'NONE',  ( -6.300000000000000711, 1.665000000000000702, -0.09999999999999492628 ) ) ;
#2633 =( GEOMETRIC_REPRESENTATION_CONTEXT ( 3 ) GLOBAL_UNCERTAINTY_ASSIGNED_CONTEXT ( ( #73 ) ) GLOBAL_UNIT_ASSIGNED_CONTEXT ( ( #1294, #3510, #2461 ) ) REPRESENTATION_CONTEXT ( 'NONE', 'WORKASPACE' ) );
#2634 = ORIENTED_EDGE ( 'NONE', *, *, #3712, .T. ) ;
#2635 = CONICAL_SURFACE ( 'NONE', #1248, 0.5120000000000003437, 0.3177980058098908156 ) ;
#2636 = CARTESIAN_POINT ( 'NONE',  ( 0.000000000000000000, 2.280000000000000693, 1.424999999999995826 ) ) ;
#2637 = CARTESIAN_POINT ( 'NONE',  ( 4.978631618257905345, 2.980613728770026061, -0.8521946352945493075 ) ) ;
#2638 = ORIENTED_EDGE ( 'NONE', *, *, #2302, .T. ) ;
#2639 = CARTESIAN_POINT ( 'NONE',  ( 4.348156337552940620, 3.073562065513971486, -1.359412968102929886 ) ) ;
#2640 = VECTOR ( 'NONE', #6651, 1000.000000000000000 ) ;
#2641 = ORIENTED_EDGE ( 'NONE', *, *, #5248, .T. ) ;
#2642 = B_SPLINE_CURVE_WITH_KNOTS ( 'NONE', 3,
 ( #3180, #3692, #1080, #4288, #1478, #1515, #6551, #5912 ),
 .UNSPECIFIED., .F., .F.,
 ( 4, 2, 2, 4 ),
 ( 0.000000000000000000, 0.0002969451963896296669, 0.0005938903927792593337, 0.001187780785558515198 ),
 .UNSPECIFIED. ) ;
#2643 = FACE_OUTER_BOUND ( 'NONE', #5099, .T. ) ;
#2645 = EDGE_CURVE ( 'NONE', #2462, #2494, #6616, .T. ) ;
#2644 = AXIS2_PLACEMENT_3D ( 'NONE', #3997, #2410, #52 ) ;
#2646 = VECTOR ( 'NONE', #1929, 1000.000000000000000 ) ;
#2647 = DIRECTION ( 'NONE',  ( 0.000000000000000000, 0.000000000000000000, -1.000000000000000000 ) ) ;
#2648 = DIRECTION ( 'NONE',  ( -0.7071067811865435759, 0.000000000000000000, 0.7071067811865514585 ) ) ;
#2649 = LINE ( 'NONE', #4908, #2233 ) ;
#2650 = CARTESIAN_POINT ( 'NONE',  ( -4.250000000000000000, 2.540000000000000480, -9.524999999999998579 ) ) ;
#2651 = ORIENTED_EDGE ( 'NONE', *, *, #3409, .F. ) ;
#2652 = LINE ( 'NONE', #6420, #2823 ) ;
#2653 = AXIS2_PLACEMENT_3D ( 'NONE', #2116, #3362, #2703 ) ;
#2654 = EDGE_CURVE ( 'NONE', #6575, #3916, #4783, .T. ) ;
#2655 = ORIENTED_EDGE ( 'NONE', *, *, #2925, .F. ) ;
#2656 = DIRECTION ( 'NONE',  ( -0.000000000000000000, -1.000000000000000000, -0.000000000000000000 ) ) ;
#2657 = ADVANCED_FACE ( 'NONE', ( #2492 ), #250, .F. ) ;
#2658 = DIRECTION ( 'NONE',  ( 0.000000000000000000, 1.000000000000000000, 0.000000000000000000 ) ) ;
#2659 = DIRECTION ( 'NONE',  ( 0.9271838545667895337, -0.3746065934159066302, 0.000000000000000000 ) ) ;
#2660 = CARTESIAN_POINT ( 'NONE',  ( -13.28239999999999910, -2.299999999999986944, 1.262914488828599691 ) ) ;
#2661 = EDGE_LOOP ( 'NONE', ( #1518, #3593, #4676, #5636 ) ) ;
#2662 = ORIENTED_EDGE ( 'NONE', *, *, #6434, .F. ) ;
#2663 = ADVANCED_FACE ( 'NONE', ( #5388 ), #2007, .T. ) ;
#2664 = EDGE_LOOP ( 'NONE', ( #998, #5553, #3731, #4958 ) ) ;
#2665 = VERTEX_POINT ( 'NONE', #5354 ) ;
#2666 = PRESENTATION_STYLE_ASSIGNMENT (( #5897 ) ) ;
#2667 = DIRECTION ( 'NONE',  ( -3.021188535318570096E-16, -0.9191450300180553645, 0.3939192985791735158 ) ) ;
#2668 = LINE ( 'NONE', #5436, #6333 ) ;
#2670 = ORIENTED_EDGE ( 'NONE', *, *, #5124, .F. ) ;
#2669 = CARTESIAN_POINT ( 'NONE',  ( 4.440793731351647899, 3.197914340327913774, 0.8609605380569113064 ) ) ;
#2671 = ORIENTED_EDGE ( 'NONE', *, *, #6517, .F. ) ;
#2672 = LINE ( 'NONE', #3863, #5297 ) ;
#2673 = CARTESIAN_POINT ( 'NONE',  ( -13.15000000000000036, 5.180000000000000604, -1.779999999999998028 ) ) ;
#2674 = DIRECTION ( 'NONE',  ( -3.286955199289085105E-16, -1.000000000000000000, 0.000000000000000000 ) ) ;
#2675 = VERTEX_POINT ( 'NONE', #1529 ) ;
#2676 = FACE_OUTER_BOUND ( 'NONE', #6926, .T. ) ;
#2677 = ORIENTED_EDGE ( 'NONE', *, *, #4974, .T. ) ;
#2678 = CARTESIAN_POINT ( 'NONE',  ( 1.230000000000000204, -8.552339098412836904, 5.204170427930421283E-15 ) ) ;
#2679 = CARTESIAN_POINT ( 'NONE',  ( 7.695414893271073531, 2.339162959182856660, 7.705181426667932598 ) ) ;
#2680 = DIRECTION ( 'NONE',  ( 0.000000000000000000, 1.000000000000000000, 0.000000000000000000 ) ) ;
#2681 = CARTESIAN_POINT ( 'NONE',  ( 8.512783617748475251, 2.540000000000000480, -8.679283540538028419 ) ) ;
#2682 = CARTESIAN_POINT ( 'NONE',  ( 11.34952737097156295, 2.072708883517799361, -5.095977008781758855 ) ) ;
#2683 = EDGE_LOOP ( 'NONE', ( #3498, #490, #258, #3437, #338, #2542, #1166, #4621 ) ) ;
#2684 = CARTESIAN_POINT ( 'NONE',  ( -9.119289552242044294, 5.030000000000000249, 1.595095693779899459 ) ) ;
#2685 = EDGE_CURVE ( 'NONE', #1238, #6364, #3643, .T. ) ;
#2686 = EDGE_LOOP ( 'NONE', ( #848, #3660, #1941, #2245 ) ) ;
#2687 = CARTESIAN_POINT ( 'NONE',  ( 4.916817225586893159, 3.287857030435817673, -0.8521946352945495295 ) ) ;
#2688 = DIRECTION ( 'NONE',  ( 0.000000000000000000, 0.000000000000000000, 1.000000000000000000 ) ) ;
#2689 = DIRECTION ( 'NONE',  ( 1.000000000000000000, -3.286955199289085105E-16, 0.000000000000000000 ) ) ;
#2690 = AXIS2_PLACEMENT_3D ( 'NONE', #231, #6280, #1779 ) ;
#2691 = EDGE_CURVE ( 'NONE', #4169, #4910, #6395, .T. ) ;
#2692 = ORIENTED_EDGE ( 'NONE', *, *, #1912, .T. ) ;
#2693 = ORIENTED_EDGE ( 'NONE', *, *, #3057, .F. ) ;
#2694 = EDGE_CURVE ( 'NONE', #6440, #635, #1914, .T. ) ;
#2695 = EDGE_CURVE ( 'NONE', #6879, #5323, #892, .T. ) ;
#2696 = ORIENTED_EDGE ( 'NONE', *, *, #3882, .F. ) ;
#2697 = AXIS2_PLACEMENT_3D ( 'NONE', #3514, #182, #6664 ) ;
#2698 = CLOSED_SHELL ( 'NONE', ( #765, #451, #2967, #2403, #3109, #1630, #938, #2610, #3006, #1644, #6912, #4184, #533, #6527, #1, #805, #3135, #3465, #6835, #2931, #639, #937, #6655, #1333, #91, #4629, #439, #4147, #462, #4589, #4801, #1539, #4643, #4597, #3373, #1624, #6555, #1409, #3678 ) ) ;
#2699 = ORIENTED_EDGE ( 'NONE', *, *, #4811, .F. ) ;
#2700 = DIRECTION ( 'NONE',  ( 1.000000000000000000, -3.977264022323940376E-16, 0.000000000000000000 ) ) ;
#2701 = CARTESIAN_POINT ( 'NONE',  ( 4.348156337552939732, 3.073562065513971930, -1.359412968102929886 ) ) ;
#2702 = EDGE_CURVE ( 'NONE', #7058, #4814, #5929, .T. ) ;
#2703 = DIRECTION ( 'NONE',  ( 0.000000000000000000, 0.000000000000000000, -1.000000000000000000 ) ) ;
#2704 = EDGE_CURVE ( 'NONE', #2189, #699, #4778, .T. ) ;
#2706 = ORIENTED_EDGE ( 'NONE', *, *, #5994, .T. ) ;
#2705 = FACE_OUTER_BOUND ( 'NONE', #622, .T. ) ;
#2707 = AXIS2_PLACEMENT_3D ( 'NONE', #1981, #1292, #4178 ) ;
#2708 = AXIS2_PLACEMENT_3D ( 'NONE', #6754, #3024, #6252 ) ;
#2709 = AXIS2_PLACEMENT_3D ( 'NONE', #4159, #6345, #2022 ) ;
#2710 = EDGE_CURVE ( 'NONE', #1524, #3274, #6966, .T. ) ;
#2711 = ORIENTED_EDGE ( 'NONE', *, *, #4503, .T. ) ;
#2712 = VECTOR ( 'NONE', #3457, 1000.000000000000000 ) ;
#2713 = CARTESIAN_POINT ( 'NONE',  ( 13.65000000000000036, 1.130000000000000782, -3.175000000000005596 ) ) ;
#2714 = DIRECTION ( 'NONE',  ( 0.000000000000000000, 1.000000000000000000, 0.000000000000000000 ) ) ;
#2715 = CARTESIAN_POINT ( 'NONE',  ( -13.17259999999999565, 1.977600000000000469, -0.9250000000000004885 ) ) ;
#2716 = ORIENTED_EDGE ( 'NONE', *, *, #6302, .F. ) ;
#2717 = DIRECTION ( 'NONE',  ( -0.000000000000000000, 1.000000000000000000, -0.000000000000000000 ) ) ;
#2718 = AXIS2_PLACEMENT_3D ( 'NONE', #3412, #150, #1810 ) ;
#2719 = ORIENTED_EDGE ( 'NONE', *, *, #4516, .F. ) ;
#2720 = AXIS2_PLACEMENT_3D ( 'NONE', #788, #1355, #5796 ) ;
#2721 = DIRECTION ( 'NONE',  ( 1.000000000000000000, 0.000000000000000000, 0.000000000000000000 ) ) ;
#2722 = LINE ( 'NONE', #7087, #659 ) ;
#2723 = CARTESIAN_POINT ( 'NONE',  ( -13.32499999999999574, 1.480000000000004867, 8.545133036385903935 ) ) ;
#2724 = CARTESIAN_POINT ( 'NONE',  ( -13.32499999999999574, 0.7299999999999998712, -0.5650000000000000577 ) ) ;
#2725 = LINE ( 'NONE', #2289, #7103 ) ;
#2726 = ORIENTED_EDGE ( 'NONE', *, *, #93, .F. ) ;
#2727 = DIRECTION ( 'NONE',  ( 0.000000000000000000, 0.000000000000000000, -1.000000000000000000 ) ) ;
#2728 = AXIS2_PLACEMENT_3D ( 'NONE', #1566, #4745, #992 ) ;
#2729 = EDGE_LOOP ( 'NONE', ( #6128, #4870, #3677, #6304 ) ) ;
#2730 = LINE ( 'NONE', #5540, #4547 ) ;
#2731 = CARTESIAN_POINT ( 'NONE',  ( -3.469999999999977991, 0.000000000000000000, 9.524999999999998579 ) ) ;
#2732 = CARTESIAN_POINT ( 'NONE',  ( 4.978631618257905345, 2.980613728770026061, 0.8521946352945493075 ) ) ;
#2733 = AXIS2_PLACEMENT_3D ( 'NONE', #6883, #2601, #3621 ) ;
#2734 = CARTESIAN_POINT ( 'NONE',  ( -11.23799999999999955, 2.130000000000000782, 0.7620000000000057838 ) ) ;
#2735 = ORIENTED_EDGE ( 'NONE', *, *, #1459, .F. ) ;
#2736 = ORIENTED_EDGE ( 'NONE', *, *, #2702, .F. ) ;
#2737 = ORIENTED_EDGE ( 'NONE', *, *, #320, .F. ) ;
#2738 = ORIENTED_EDGE ( 'NONE', *, *, #2390, .T. ) ;
#2739 = CARTESIAN_POINT ( 'NONE',  ( -9.650000000000000355, 2.280000000000000693, -1.174999999999995381 ) ) ;
#2740 = DIRECTION ( 'NONE',  ( -0.000000000000000000, -1.000000000000000000, -0.000000000000000000 ) ) ;
#2741 = CARTESIAN_POINT ( 'NONE',  ( -6.400000000000000355, 1.780000000000000693, -1.599999999999994982 ) ) ;
#2742 = EDGE_CURVE ( 'NONE', #5902, #4261, #4879, .T. ) ;
#2744 = ORIENTED_EDGE ( 'NONE', *, *, #5382, .T. ) ;
#2743 = CARTESIAN_POINT ( 'NONE',  ( -13.47499999999999787, 0.5500000000000132561, 1.070000000000000950 ) ) ;
#2745 = EDGE_CURVE ( 'NONE', #745, #2362, #3776, .T. ) ;
#2746 = ORIENTED_EDGE ( 'NONE', *, *, #3975, .T. ) ;
#2747 = FACE_OUTER_BOUND ( 'NONE', #2729, .T. ) ;
#2748 = CARTESIAN_POINT ( 'NONE',  ( 13.14200000000000124, 1.130000000000000782, 3.175000000000009148 ) ) ;
#2749 = EDGE_CURVE ( 'NONE', #5323, #3043, #4680, .T. ) ;
#2750 = LINE ( 'NONE', #5406, #5274 ) ;
#2751 = VERTEX_POINT ( 'NONE', #6931 ) ;
#2752 = CARTESIAN_POINT ( 'NONE',  ( 13.14200000000000124, 1.130000000000000782, 3.175000000000009148 ) ) ;
#2753 = EDGE_CURVE ( 'NONE', #5303, #1621, #7064, .T. ) ;
#2754 = VECTOR ( 'NONE', #3192, 1000.000000000000000 ) ;
#2755 = EDGE_CURVE ( 'NONE', #386, #6600, #4240, .T. ) ;
#2756 = ORIENTED_EDGE ( 'NONE', *, *, #2169, .F. ) ;
#2757 = CARTESIAN_POINT ( 'NONE',  ( 8.991048311921892022, 1.359492155551015546, -1.900000000000000577 ) ) ;
#2758 = CYLINDRICAL_SURFACE ( 'NONE', #3542, 0.2725999999999995649 ) ;
#2759 = CARTESIAN_POINT ( 'NONE',  ( -6.500000000000000888, 3.666054381999832579, 0.09999999999999481526 ) ) ;
#2760 = CARTESIAN_POINT ( 'NONE',  ( -13.55499999999999972, -2.299999999999986944, 1.270000000000000906 ) ) ;
#2761 = DIRECTION ( 'NONE',  ( -0.000000000000000000, -1.000000000000000000, 0.000000000000000000 ) ) ;
#2762 = VECTOR ( 'NONE', #3417, 1000.000000000000000 ) ;
#2763 = ORIENTED_EDGE ( 'NONE', *, *, #1854, .F. ) ;
#2764 = CYLINDRICAL_SURFACE ( 'NONE', #30, 0.7873999999999997668 ) ;
#2765 = EDGE_LOOP ( 'NONE', ( #3838, #614 ) ) ;
#2766 = CIRCLE ( 'NONE', #2425, 0.3024000000000012789 ) ;
#2767 = VECTOR ( 'NONE', #6427, 1000.000000000000000 ) ;
#2768 = DIRECTION ( 'NONE',  ( 0.9271838545667888676, -0.3746065934159082400, -1.445602896647336944E-15 ) ) ;
#2769 = DIRECTION ( 'NONE',  ( 0.000000000000000000, 0.000000000000000000, -1.000000000000000000 ) ) ;
#2770 = DIRECTION ( 'NONE',  ( 1.000000000000000000, 0.000000000000000000, 0.000000000000000000 ) ) ;
#2771 = CARTESIAN_POINT ( 'NONE',  ( -12.81499999999999595, 5.030000000000000249, 1.274999999999995692 ) ) ;
#2772 = VERTEX_POINT ( 'NONE', #1497 ) ;
#2773 = VERTEX_POINT ( 'NONE', #2148 ) ;
#2774 = AXIS2_PLACEMENT_3D ( 'NONE', #4358, #1120, #6056 ) ;
#2775 = VERTEX_POINT ( 'NONE', #5964 ) ;
#2776 = VERTEX_POINT ( 'NONE', #6533 ) ;
#2777 = CARTESIAN_POINT ( 'NONE',  ( 9.250000000000001776, 1.130000000000001448, -1.900000000000000577 ) ) ;
#2778 = VECTOR ( 'NONE', #6038, 1000.000000000000000 ) ;
#2779 = LINE ( 'NONE', #3890, #5600 ) ;
#2780 = LINE ( 'NONE', #1038, #6669 ) ;
#2782 = ORIENTED_EDGE ( 'NONE', *, *, #1468, .T. ) ;
#2781 = CARTESIAN_POINT ( 'NONE',  ( -13.32499999999999574, 1.977599999999999580, 1.675000000000000266 ) ) ;
#2783 = EDGE_CURVE ( 'NONE', #837, #3286, #1029, .T. ) ;
#2784 = ORIENTED_EDGE ( 'NONE', *, *, #2839, .F. ) ;
#2785 = DIRECTION ( 'NONE',  ( 1.000000000000000000, -2.768175759537458431E-15, 0.000000000000000000 ) ) ;
#2786 = DIRECTION ( 'NONE',  ( 0.000000000000000000, 1.000000000000000000, 0.000000000000000000 ) ) ;
#2787 = LINE ( 'NONE', #6124, #1012 ) ;
#2788 = PRODUCT_DEFINITION ( 'UNKNOWN', '', #2489, #2463 ) ;
#2789 = ORIENTED_EDGE ( 'NONE', *, *, #3754, .T. ) ;
#2790 = EDGE_CURVE ( 'NONE', #5906, #4212, #3199, .T. ) ;
#2791 = FACE_OUTER_BOUND ( 'NONE', #262, .T. ) ;
#2792 = EDGE_CURVE ( 'NONE', #5032, #4445, #187, .T. ) ;
#2793 = VERTEX_POINT ( 'NONE', #4844 ) ;
#2794 = CARTESIAN_POINT ( 'NONE',  ( -3.532500000000000195, 0.000000000000000000, 5.080000000000005400 ) ) ;
#2795 = CARTESIAN_POINT ( 'NONE',  ( -11.23799999999999955, 2.130000000000000782, 0.7620000000000062279 ) ) ;
#2796 = CARTESIAN_POINT ( 'NONE',  ( -12.81499999999999595, 5.030000000000000249, 1.274999999999995692 ) ) ;
#2797 = DIRECTION ( 'NONE',  ( -0.000000000000000000, -1.000000000000000000, -0.000000000000000000 ) ) ;
#2798 = ORIENTED_EDGE ( 'NONE', *, *, #6398, .T. ) ;
#2799 = EDGE_CURVE ( 'NONE', #1389, #6119, #7027, .T. ) ;
#2800 = CARTESIAN_POINT ( 'NONE',  ( 13.44500000000000384, 0.9776000000000001355, -0.4049999999999991385 ) ) ;
#2801 = ORIENTED_EDGE ( 'NONE', *, *, #3332, .T. ) ;
#2802 = DIRECTION ( 'NONE',  ( -6.851198562309674036E-17, 0.000000000000000000, -1.000000000000000000 ) ) ;
#2803 = LINE ( 'NONE', #4451, #1840 ) ;
#2804 = CARTESIAN_POINT ( 'NONE',  ( -6.300000000000000711, 3.666054381999832579, -0.7999999999999948264 ) ) ;
#2805 = CYLINDRICAL_SURFACE ( 'NONE', #3581, 9.626600000000003376 ) ;
#2806 = ORIENTED_EDGE ( 'NONE', *, *, #1916, .T. ) ;
#2807 = DIRECTION ( 'NONE',  ( 0.9271838545667899778, -0.3746065934159057975, 1.065814103640150437E-14 ) ) ;
#2808 = VERTEX_POINT ( 'NONE', #6140 ) ;
#2809 = ORIENTED_EDGE ( 'NONE', *, *, #6041, .T. ) ;
#2810 = VECTOR ( 'NONE', #5169, 1000.000000000000000 ) ;
#2811 = DIRECTION ( 'NONE',  ( 1.000000000000000000, 0.000000000000000000, 0.000000000000000000 ) ) ;
#2812 = CARTESIAN_POINT ( 'NONE',  ( -5.774000000000003574, 5.179199999999999804, -5.079999999999997407 ) ) ;
#2813 = CARTESIAN_POINT ( 'NONE',  ( 9.001982233357789909, 1.355074564539691773, -1.750464270986195059 ) ) ;
#2814 = CARTESIAN_POINT ( 'NONE',  ( -2.069999999999998952, 0.3799999999999992828, 8.125000000000003553 ) ) ;
#2816 = ORIENTED_EDGE ( 'NONE', *, *, #4753, .T. ) ;
#2815 = CARTESIAN_POINT ( 'NONE',  ( 10.16108489760363298, 2.341043069775885055, 4.626941577614676504 ) ) ;
#2817 = AXIS2_PLACEMENT_3D ( 'NONE', #2091, #2132, #6627 ) ;
#2818 = AXIS2_PLACEMENT_3D ( 'NONE', #6671, #2907, #152 ) ;
#2819 = ORIENTED_EDGE ( 'NONE', *, *, #6660, .F. ) ;
#2820 = DIRECTION ( 'NONE',  ( 0.9973374683778117866, 0.000000000000000000, 0.07292444151131517727 ) ) ;
#2821 = VECTOR ( 'NONE', #6540, 1000.000000000000000 ) ;
#2822 = DIRECTION ( 'NONE',  ( 0.000000000000000000, -1.000000000000000000, 0.000000000000000000 ) ) ;
#2823 = VECTOR ( 'NONE', #5348, 1000.000000000000000 ) ;
#2824 = CARTESIAN_POINT ( 'NONE',  ( -9.650000000000000355, 2.280000000000000693, -1.874999999999995559 ) ) ;
#2825 = FILL_AREA_STYLE ('',( #1158 ) ) ;
#2826 = ORIENTED_EDGE ( 'NONE', *, *, #2070, .F. ) ;
#2827 = DIRECTION ( 'NONE',  ( -1.000000000000000000, -1.891443042342280741E-15, -8.106184467181345452E-16 ) ) ;
#2828 = AXIS2_PLACEMENT_3D ( 'NONE', #1967, #4194, #6350 ) ;
#2829 = VERTEX_POINT ( 'NONE', #1751 ) ;
#2830 = CARTESIAN_POINT ( 'NONE',  ( -9.650000000000000355, 5.030000000000000249, 1.874999999999995559 ) ) ;
#2831 = DIRECTION ( 'NONE',  ( 0.000000000000000000, 1.000000000000000000, 0.000000000000000000 ) ) ;
#2832 = VECTOR ( 'NONE', #2667, 999.9999999999998863 ) ;
#2833 = DIRECTION ( 'NONE',  ( 0.000000000000000000, 0.000000000000000000, -1.000000000000000000 ) ) ;
#2834 = EDGE_CURVE ( 'NONE', #6094, #491, #5576, .T. ) ;
#2835 = CARTESIAN_POINT ( 'NONE',  ( -7.200000000000001066, 3.666054381999832579, -0.09999999999999480138 ) ) ;
#2836 = ORIENTED_EDGE ( 'NONE', *, *, #1205, .F. ) ;
#2837 = CARTESIAN_POINT ( 'NONE',  ( 1.976946756233350477, -2.900320916616998090, 0.8609605380569113064 ) ) ;
#2838 = ORIENTED_EDGE ( 'NONE', *, *, #6000, .T. ) ;
#2839 = EDGE_CURVE ( 'NONE', #5573, #590, #1008, .T. ) ;
#2840 = PLANE ( 'NONE',  #174 ) ;
#2841 = CARTESIAN_POINT ( 'NONE',  ( 10.27366768944652087, 5.179199999999672066, 4.404254586363004265 ) ) ;
#2842 = LINE ( 'NONE', #2333, #4327 ) ;
#2843 = DIRECTION ( 'NONE',  ( 9.476706360882653295E-16, -0.000000000000000000, -1.000000000000000000 ) ) ;
#2844 = EDGE_CURVE ( 'NONE', #4758, #484, #2842, .T. ) ;
#2845 = ORIENTED_EDGE ( 'NONE', *, *, #2654, .F. ) ;
#2846 = CARTESIAN_POINT ( 'NONE',  ( -13.47499999999999787, 0.5500000000000132561, -1.070000000000000950 ) ) ;
#2847 = ORIENTED_EDGE ( 'NONE', *, *, #5514, .F. ) ;
#2848 = EDGE_LOOP ( 'NONE', ( #1712, #3722, #2716, #5102, #1094, #6714 ) ) ;
#2849 = VECTOR ( 'NONE', #4256, 1000.000000000000000 ) ;
#2850 = CARTESIAN_POINT ( 'NONE',  ( -9.650000000000000355, 5.030000000000000249, 1.274999999999994804 ) ) ;
#2851 = CARTESIAN_POINT ( 'NONE',  ( -13.32499999999999574, 0.7299999999999997602, 0.000000000000000000 ) ) ;
#2852 = LINE ( 'NONE', #5039, #5826 ) ;
#2853 = CARTESIAN_POINT ( 'NONE',  ( 13.26900000000000190, 1.129999999999999893, 0.5079999999999949001 ) ) ;
#2855 = EDGE_LOOP ( 'NONE', ( #5404, #33, #389, #3097 ) ) ;
#2854 = DIRECTION ( 'NONE',  ( 0.000000000000000000, 0.000000000000000000, 1.000000000000000000 ) ) ;
#2856 = B_SPLINE_SURFACE_WITH_KNOTS ( 'NONE', 3, 3, ( 
 ( #4138, #6756, #2919, #6225, #3499 ),
 ( #2416, #1904, #5104, #2958, #169 ),
 ( #2377, #5760, #206, #4608, #822 ),
 ( #3027, #6795, #2490, #5217, #1936 ),
 ( #6329, #3060, #1868, #277, #4677 ),
 ( #4071, #6186, #6866, #1390, #3606 ),
 ( #5794, #853, #5253, #6718, #1249 ) ),
 .UNSPECIFIED., .F., .F., .F.,
 ( 4, 1, 1, 1, 4 ),
 ( 4, 1, 4 ),
 ( 0.000000000000000000, 0.2500000000000000000, 0.5000000000000000000, 0.7500000000000000000, 1.000000000000000000 ),
 ( 0.000000000000000000, 0.5000000000000000000, 1.000000000000000000 ),
 .UNSPECIFIED. ) ;
#2857 = VERTEX_POINT ( 'NONE', #6678 ) ;
#2858 = DIRECTION ( 'NONE',  ( 0.000000000000000000, 1.000000000000000000, 0.000000000000000000 ) ) ;
#2859 = PLANE ( 'NONE',  #6437 ) ;
#2860 = CARTESIAN_POINT ( 'NONE',  ( 0.6131794377027368625, 2.540000000000000480, -1.177906740453182666 ) ) ;
#2861 = CARTESIAN_POINT ( 'NONE',  ( 0.000000000000000000, 0.000000000000000000, 0.000000000000000000 ) ) ;
#2862 = ORIENTED_EDGE ( 'NONE', *, *, #2077, .F. ) ;
#2863 = DIRECTION ( 'NONE',  ( -1.000000000000000000, 0.000000000000000000, -1.936075308009829170E-17 ) ) ;
#2864 = VERTEX_POINT ( 'NONE', #1061 ) ;
#2865 = DIRECTION ( 'NONE',  ( 0.000000000000000000, 1.000000000000000000, 0.000000000000000000 ) ) ;
#2866 = DIRECTION ( 'NONE',  ( 1.000000000000000000, 0.000000000000000000, -0.000000000000000000 ) ) ;
#2867 = DIRECTION ( 'NONE',  ( 0.6427876096865379196, 0.000000000000000000, 0.7660444431189793457 ) ) ;
#2868 = DIRECTION ( 'NONE',  ( 0.000000000000000000, 0.000000000000000000, -1.000000000000000000 ) ) ;
#2869 = ORIENTED_EDGE ( 'NONE', *, *, #3176, .T. ) ;
#2870 = DIRECTION ( 'NONE',  ( 0.000000000000000000, 0.000000000000000000, 1.000000000000000000 ) ) ;
#2871 = VECTOR ( 'NONE', #3584, 1000.000000000000114 ) ;
#2872 = VERTEX_POINT ( 'NONE', #3954 ) ;
#2873 = EDGE_CURVE ( 'NONE', #5505, #1855, #4788, .T. ) ;
#2874 = LINE ( 'NONE', #2331, #6949 ) ;
#2875 = CARTESIAN_POINT ( 'NONE',  ( 9.876035985635374104, 5.179199999999766213, 5.140843202886856922 ) ) ;
#2876 = DIRECTION ( 'NONE',  ( 0.000000000000000000, 0.000000000000000000, -1.000000000000000000 ) ) ;
#2877 = CARTESIAN_POINT ( 'NONE',  ( 1.230000000000000204, 5.179199999999999804, -5.204170427930421283E-15 ) ) ;
#2878 = ORIENTED_EDGE ( 'NONE', *, *, #364, .F. ) ;
#2879 = CARTESIAN_POINT ( 'NONE',  ( 9.504874527797996464, 5.255337990269910442, -4.920138060223870902 ) ) ;
#2880 = APPLICATION_CONTEXT ( 'automotive_design' ) ;
#2881 = EDGE_CURVE ( 'NONE', #5664, #1063, #3351, .T. ) ;
#2882 = AXIS2_PLACEMENT_3D ( 'NONE', #2031, #3565, #3052 ) ;
#2883 = AXIS2_PLACEMENT_3D ( 'NONE', #6066, #6102, #1091 ) ;
#2884 = ORIENTED_EDGE ( 'NONE', *, *, #6135, .F. ) ;
#2885 = ADVANCED_FACE ( 'NONE', ( #5066 ), #523, .F. ) ;
#2886 = CARTESIAN_POINT ( 'NONE',  ( 5.992500000000000604, 0.000000000000000000, -5.079999999999994742 ) ) ;
#2887 = LINE ( 'NONE', #6258, #221 ) ;
#2888 = CARTESIAN_POINT ( 'NONE',  ( 13.14200000000000124, 1.780000000000000249, -1.900000000000002354 ) ) ;
#2889 = CARTESIAN_POINT ( 'NONE',  ( -13.55499999999999794, 0.5500000000000132561, 1.270000000000000906 ) ) ;
#2890 = AXIS2_PLACEMENT_3D ( 'NONE', #1322, #2555, #3673 ) ;
#2891 = ORIENTED_EDGE ( 'NONE', *, *, #4406, .T. ) ;
#2892 = ADVANCED_FACE ( 'NONE', ( #3811 ), #3271, .F. ) ;
#2893 = ADVANCED_FACE ( 'NONE', ( #4526 ), #4220, .T. ) ;
#2894 = EDGE_CURVE ( 'NONE', #6841, #3398, #5615, .T. ) ;
#2895 = AXIS2_PLACEMENT_3D ( 'NONE', #471, #4395, #6583 ) ;
#2896 = EDGE_LOOP ( 'NONE', ( #3603, #1935, #887, #2928, #5894, #5807, #2634, #1806 ) ) ;
#2897 = CARTESIAN_POINT ( 'NONE',  ( 8.325486521447441390, 5.179200000000053983, -7.141768584438613843 ) ) ;
#2898 = CARTESIAN_POINT ( 'NONE',  ( -4.250000000000000000, 1.877200000000000646, 9.524999999999998579 ) ) ;
#2900 = LINE ( 'NONE', #5415, #4191 ) ;
#2899 = CYLINDRICAL_SURFACE ( 'NONE', #1705, 10.05840000000000067 ) ;
#2901 = UNCERTAINTY_MEASURE_WITH_UNIT (LENGTH_MEASURE( 1.000000000000000082E-05 ), #3844, 'distance_accuracy_value', 'NONE');
#2902 = VERTEX_POINT ( 'NONE', #4452 ) ;
#2903 = DIRECTION ( 'NONE',  ( -1.000000000000000000, 0.000000000000000000, 4.336808689942013792E-16 ) ) ;
#2904 = ORIENTED_EDGE ( 'NONE', *, *, #5994, .F. ) ;
#2905 = CARTESIAN_POINT ( 'NONE',  ( -3.532500000000000195, 0.000000000000000000, -5.079999999999994742 ) ) ;
#2906 = CARTESIAN_POINT ( 'NONE',  ( -10.55742020121451397, 0.3800000000000000044, 2.664999999999993818 ) ) ;
#2907 = DIRECTION ( 'NONE',  ( -1.000000000000000000, 0.000000000000000000, -0.000000000000000000 ) ) ;
#2908 = DIRECTION ( 'NONE',  ( 0.000000000000000000, 0.000000000000000000, -1.000000000000000000 ) ) ;
#2909 = VERTEX_POINT ( 'NONE', #6072 ) ;
#2910 = CARTESIAN_POINT ( 'NONE',  ( -5.774000000000003574, 5.180000000000000604, -5.079999999999997407 ) ) ;
#2911 = ORIENTED_EDGE ( 'NONE', *, *, #5108, .T. ) ;
#2912 = DIRECTION ( 'NONE',  ( 0.3746065934159063526, 0.9271838545667898668, 0.000000000000000000 ) ) ;
#2913 = CARTESIAN_POINT ( 'NONE',  ( 9.981594441686114649, 5.179199999999766213, 4.959027882654309494 ) ) ;
#2914 = CARTESIAN_POINT ( 'NONE',  ( 3.110000000000002984, -11.92504368135278803, 1.900000000000001021 ) ) ;
#2915 = LINE ( 'NONE', #5098, #914 ) ;
#2916 = ORIENTED_EDGE ( 'NONE', *, *, #6825, .T. ) ;
#2917 = LINE ( 'NONE', #3088, #1412 ) ;
#2918 = VERTEX_POINT ( 'NONE', #5030 ) ;
#2919 = CARTESIAN_POINT ( 'NONE',  ( 4.236884534604473451, 3.280299003502751276, 0.8521946352945493075 ) ) ;
#2920 = DIRECTION ( 'NONE',  ( -0.000000000000000000, -1.918941898204439754E-16, 1.000000000000000000 ) ) ;
#2921 = EDGE_CURVE ( 'NONE', #41, #2775, #3311, .T. ) ;
#2922 = DIRECTION ( 'NONE',  ( 0.000000000000000000, -1.000000000000000000, 0.000000000000000000 ) ) ;
#2923 = CARTESIAN_POINT ( 'NONE',  ( -13.47499999999999787, 1.977600000000000469, -0.9250000000000000444 ) ) ;
#2924 = ORIENTED_EDGE ( 'NONE', *, *, #1283, .F. ) ;
#2925 = EDGE_CURVE ( 'NONE', #6575, #6596, #2261, .T. ) ;
#2926 = EDGE_CURVE ( 'NONE', #4904, #4261, #4899, .T. ) ;
#2927 = VECTOR ( 'NONE', #3419, 1000.000000000000000 ) ;
#2928 = ORIENTED_EDGE ( 'NONE', *, *, #2749, .F. ) ;
#2929 = EDGE_CURVE ( 'NONE', #3845, #5291, #562, .T. ) ;
#2930 = CARTESIAN_POINT ( 'NONE',  ( 7.695414893271073531, 5.179199999999975823, 7.705181426667935263 ) ) ;
#2931 = ADVANCED_FACE ( 'NONE', ( #14 ), #2220, .F. ) ;
#2932 = FACE_OUTER_BOUND ( 'NONE', #1054, .T. ) ;
#2934 = EDGE_LOOP ( 'NONE', ( #5935, #5747, #4831, #2092, #3944, #6872 ) ) ;
#2933 = DIRECTION ( 'NONE',  ( 1.000000000000000000, -3.286955199289085105E-16, 0.000000000000000000 ) ) ;
#2935 = EDGE_CURVE ( 'NONE', #4399, #2290, #1170, .T. ) ;
#2936 = CARTESIAN_POINT ( 'NONE',  ( 13.29260000000000375, 1.130000000000001448, -0.4049999999999989164 ) ) ;
#2937 = ORIENTED_EDGE ( 'NONE', *, *, #2694, .T. ) ;
#2938 = EDGE_CURVE ( 'NONE', #6879, #68, #816, .T. ) ;
#2939 = MECHANICAL_DESIGN_GEOMETRIC_PRESENTATION_REPRESENTATION (  '', ( #5915 ), #3969 ) ;
#2940 = DIRECTION ( 'NONE',  ( 0.000000000000000000, 1.000000000000000000, 0.000000000000000000 ) ) ;
#2941 = CARTESIAN_POINT ( 'NONE',  ( 9.832751242659734103, 5.242637327569034333, -4.478308841021759079 ) ) ;
#2942 = DIRECTION ( 'NONE',  ( -0.000000000000000000, -1.000000000000000000, 0.000000000000000000 ) ) ;
#2943 = CARTESIAN_POINT ( 'NONE',  ( 9.452938220709985018, 5.255337990269911330, -5.006453987509887682 ) ) ;
#2944 = ORIENTED_EDGE ( 'NONE', *, *, #664, .T. ) ;
#2945 = DIRECTION ( 'NONE',  ( -0.9271838545667897558, 0.3746065934159062971, 0.000000000000000000 ) ) ;
#2946 = VECTOR ( 'NONE', #6257, 1000.000000000000000 ) ;
#2947 = AXIS2_PLACEMENT_3D ( 'NONE', #2360, #1701, #6741 ) ;
#2948 = ORIENTED_EDGE ( 'NONE', *, *, #1148, .F. ) ;
#2949 = AXIS2_PLACEMENT_3D ( 'NONE', #1484, #5784, #5309 ) ;
#2950 = FACE_OUTER_BOUND ( 'NONE', #4274, .T. ) ;
#2951 = CARTESIAN_POINT ( 'NONE',  ( 10.61506990728764066, 5.179199999999756443, 3.671777240994108737 ) ) ;
#2952 = FACE_OUTER_BOUND ( 'NONE', #4032, .T. ) ;
#2953 = LINE ( 'NONE', #641, #1375 ) ;
#2954 = ORIENTED_EDGE ( 'NONE', *, *, #2215, .F. ) ;
#2955 = CARTESIAN_POINT ( 'NONE',  ( 8.020921417379000218, 5.255337990269907777, -6.835135231356405328 ) ) ;
#2956 = VECTOR ( 'NONE', #2155, 1000.000000000000000 ) ;
#2957 = ORIENTED_EDGE ( 'NONE', *, *, #1413, .F. ) ;
#2958 = CARTESIAN_POINT ( 'NONE',  ( 4.268679953012214590, 3.315585557048767118, 0.9220750831927052582 ) ) ;
#2959 = FACE_OUTER_BOUND ( 'NONE', #5357, .T. ) ;
#2960 = DIRECTION ( 'NONE',  ( -0.000000000000000000, -1.000000000000000000, -0.000000000000000000 ) ) ;
#2961 = AXIS2_PLACEMENT_3D ( 'NONE', #5762, #1392, #1286 ) ;
#2962 = FACE_OUTER_BOUND ( 'NONE', #4619, .T. ) ;
#2963 = VERTEX_POINT ( 'NONE', #4598 ) ;
#2964 = TOROIDAL_SURFACE ( 'NONE', #5487, 0.007085511171399605512, 0.2726000000000000090 ) ;
#2965 = ORIENTED_EDGE ( 'NONE', *, *, #5133, .F. ) ;
#2966 = FACE_OUTER_BOUND ( 'NONE', #1856, .T. ) ;
#2967 = ADVANCED_FACE ( 'NONE', ( #6248 ), #3995, .T. ) ;
#2968 = LINE ( 'NONE', #2898, #235 ) ;
#2970 = EDGE_LOOP ( 'NONE', ( #5765, #3241, #7066, #2719 ) ) ;
#2969 = CARTESIAN_POINT ( 'NONE',  ( 13.44500000000000384, -2.600000000000012079, -0.4049999999999991385 ) ) ;
#2971 = AXIS2_PLACEMENT_3D ( 'NONE', #3718, #939, #3041 ) ;
#2972 = CARTESIAN_POINT ( 'NONE',  ( -13.15000000000000036, 0.3800000000000001155, -1.779999999999998028 ) ) ;
#2973 = ORIENTED_EDGE ( 'NONE', *, *, #2023, .T. ) ;
#2974 = EDGE_CURVE ( 'NONE', #590, #5573, #3610, .T. ) ;
#2975 = CARTESIAN_POINT ( 'NONE',  ( 7.094738775679741316, 1.780000000000000693, -8.171673613956837556 ) ) ;
#2976 = CARTESIAN_POINT ( 'NONE',  ( 9.250000000000003553, 1.280000000000001359, 1.900000000000000577 ) ) ;
#2977 = CARTESIAN_POINT ( 'NONE',  ( -4.250000000000000888, 2.540000000000000480, 8.434513060040865540 ) ) ;
#2978 = CARTESIAN_POINT ( 'NONE',  ( 7.147555011901443045, 5.255337990269914883, -7.595023855044815697 ) ) ;
#2979 = ORIENTED_EDGE ( 'NONE', *, *, #2079, .F. ) ;
#2980 = DIRECTION ( 'NONE',  ( 0.000000000000000000, 0.000000000000000000, -1.000000000000000000 ) ) ;
#2981 = ADVANCED_FACE ( 'NONE', ( #2477 ), #2964, .T. ) ;
#2982 = ORIENTED_EDGE ( 'NONE', *, *, #1874, .T. ) ;
#2983 = DIRECTION ( 'NONE',  ( -1.000000000000000000, 0.000000000000000000, 8.106184467181343480E-16 ) ) ;
#2984 = PLANE ( 'NONE',  #6433 ) ;
#2985 = DIRECTION ( 'NONE',  ( 1.141265444721583757E-16, 0.000000000000000000, 1.000000000000000000 ) ) ;
#2986 = DIRECTION ( 'NONE',  ( 0.000000000000000000, 1.000000000000000000, 0.000000000000000000 ) ) ;
#2987 = DIRECTION ( 'NONE',  ( 0.000000000000000000, 0.000000000000000000, 1.000000000000000000 ) ) ;
#2988 = ORIENTED_EDGE ( 'NONE', *, *, #5382, .F. ) ;
#2989 = CARTESIAN_POINT ( 'NONE',  ( 7.417859203408450952, 5.255337990269911330, -7.374403436129172817 ) ) ;
#2990 = VERTEX_POINT ( 'NONE', #6180 ) ;
#2991 = CIRCLE ( 'NONE', #6765, 10.05840000000000245 ) ;
#2992 = CARTESIAN_POINT ( 'NONE',  ( 13.14200000000000124, 1.130000000000000782, 1.900000000000002354 ) ) ;
#2993 = DIRECTION ( 'NONE',  ( 0.000000000000000000, 0.000000000000000000, 1.000000000000000000 ) ) ;
#2994 = DIRECTION ( 'NONE',  ( 0.000000000000000000, 0.000000000000000000, 1.000000000000000000 ) ) ;
#2995 = DIRECTION ( 'NONE',  ( -3.286955199289085598E-16, -1.000000000000000000, -5.421010862427557669E-16 ) ) ;
#2996 = VERTEX_POINT ( 'NONE', #160 ) ;
#2997 = VECTOR ( 'NONE', #1128, 1000.000000000000000 ) ;
#2998 = ORIENTED_EDGE ( 'NONE', *, *, #6964, .T. ) ;
#2999 = B_SPLINE_CURVE_WITH_KNOTS ( 'NONE', 3,
 ( #4978, #5090, #2250, #4443, #6632, #118, #4480, #3379, #2326, #1776 ),
 .UNSPECIFIED., .F., .F.,
 ( 4, 2, 2, 2, 4 ),
 ( 0.000000000000000000, 0.0003206197268592718419, 0.0006412394537185436838, 0.0009618591805778155257, 0.001282478907437087368 ),
 .UNSPECIFIED. ) ;
#3000 = CARTESIAN_POINT ( 'NONE',  ( -11.23799999999999955, 3.560000000000000497, 0.7620000000000057838 ) ) ;
#3001 = CIRCLE ( 'NONE', #4720, 1.600000000000000089 ) ;
#3002 = DIRECTION ( 'NONE',  ( 0.000000000000000000, -1.000000000000000000, 0.000000000000000000 ) ) ;
#3004 = ORIENTED_EDGE ( 'NONE', *, *, #1410, .F. ) ;
#3003 = SURFACE_SIDE_STYLE ('',( #5597 ) ) ;
#3005 = DIRECTION ( 'NONE',  ( 0.000000000000000000, 0.000000000000000000, 1.000000000000000000 ) ) ;
#3006 = ADVANCED_FACE ( 'NONE', ( #2952 ), #712, .F. ) ;
#3007 = AXIS2_PLACEMENT_3D ( 'NONE', #5769, #1397, #6908 ) ;
#3008 = ORIENTED_EDGE ( 'NONE', *, *, #2645, .F. ) ;
#3009 = CARTESIAN_POINT ( 'NONE',  ( -4.905411559137651700, 6.500000000000000888, -9.524999999999998579 ) ) ;
#3010 = EDGE_CURVE ( 'NONE', #4882, #530, #4669, .T. ) ;
#3011 = DIRECTION ( 'NONE',  ( 0.000000000000000000, 0.000000000000000000, 1.000000000000000000 ) ) ;
#3012 = CARTESIAN_POINT ( 'NONE',  ( 13.65000000000000036, 0.3800000000000000044, -3.174999999999994049 ) ) ;
#3013 = EDGE_LOOP ( 'NONE', ( #59, #1838, #1609, #6324, #3201, #4816 ) ) ;
#3014 = CARTESIAN_POINT ( 'NONE',  ( 4.236884534604473451, 3.280299003502751276, 0.8521946352945493075 ) ) ;
#3015 = EDGE_CURVE ( 'NONE', #1183, #4672, #1823, .T. ) ;
#3016 = EDGE_CURVE ( 'NONE', #4685, #5053, #4440, .T. ) ;
#3017 = VERTEX_POINT ( 'NONE', #2515 ) ;
#3018 = DIRECTION ( 'NONE',  ( -0.000000000000000000, 1.000000000000000000, -0.000000000000000000 ) ) ;
#3019 = DIRECTION ( 'NONE',  ( 0.6636987268331874246, 0.000000000000000000, -0.7480000000000041060 ) ) ;
#3020 = DIRECTION ( 'NONE',  ( 0.3746065934159064081, 0.9271838545667897558, -0.000000000000000000 ) ) ;
#3021 = DIRECTION ( 'NONE',  ( 0.000000000000000000, 0.000000000000000000, -1.000000000000000000 ) ) ;
#3022 = LINE ( 'NONE', #3397, #7096 ) ;
#3023 = EDGE_LOOP ( 'NONE', ( #6120, #4000, #2816, #6192 ) ) ;
#3024 = DIRECTION ( 'NONE',  ( 0.000000000000000000, -1.000000000000000000, 0.000000000000000000 ) ) ;
#3025 = ORIENTED_EDGE ( 'NONE', *, *, #2388, .T. ) ;
#3026 = ADVANCED_FACE ( 'NONE', ( #3050 ), #1277, .F. ) ;
#3027 = CARTESIAN_POINT ( 'NONE',  ( 4.607758076431188954, 3.130456366136390667, 0.4085797899537459976 ) ) ;
#3028 = LINE ( 'NONE', #1354, #3918 ) ;
#3029 = DIRECTION ( 'NONE',  ( 0.000000000000000000, 0.000000000000000000, 1.000000000000000000 ) ) ;
#3030 = CARTESIAN_POINT ( 'NONE',  ( 1.230000000000000204, 1.930000000000001048, 5.204170427930421283E-15 ) ) ;
#3031 = EDGE_LOOP ( 'NONE', ( #3253, #7051, #2738, #4187 ) ) ;
#3032 = ORIENTED_EDGE ( 'NONE', *, *, #2753, .T. ) ;
#3033 = CARTESIAN_POINT ( 'NONE',  ( 5.992500000000000604, 0.000000000000000000, -5.867399999999994620 ) ) ;
#3034 = CARTESIAN_POINT ( 'NONE',  ( 7.417859203408429636, -0.5517170886363883531, 7.374403436129160383 ) ) ;
#3036 = VERTEX_POINT ( 'NONE', #1384 ) ;
#3035 = CARTESIAN_POINT ( 'NONE',  ( 1.513354828949955655, -2.713017619909044775, -0.8609605380569113064 ) ) ;
#3037 = ORIENTED_EDGE ( 'NONE', *, *, #1741, .F. ) ;
#3038 = EDGE_LOOP ( 'NONE', ( #6407, #3646, #5428, #587 ) ) ;
#3039 = VECTOR ( 'NONE', #1668, 1000.000000000000000 ) ;
#3040 = DIRECTION ( 'NONE',  ( -1.000000000000000000, 0.000000000000000000, -4.336808689942013792E-16 ) ) ;
#3041 = DIRECTION ( 'NONE',  ( 0.000000000000000000, 0.000000000000000000, -1.000000000000000000 ) ) ;
#3042 = LINE ( 'NONE', #4730, #5119 ) ;
#3043 = VERTEX_POINT ( 'NONE', #4029 ) ;
#3044 = CARTESIAN_POINT ( 'NONE',  ( -7.043780303214237648, 5.030000000000000249, 4.479999999999994209 ) ) ;
#3045 = VECTOR ( 'NONE', #5698, 1000.000000000000000 ) ;
#3046 = EDGE_LOOP ( 'NONE', ( #3364, #74, #5466, #5035 ) ) ;
#3047 = FACE_OUTER_BOUND ( 'NONE', #4468, .T. ) ;
#3048 = ADVANCED_FACE ( 'NONE', ( #5787 ), #5139, .F. ) ;
#3049 = DIRECTION ( 'NONE',  ( 3.286955199289085105E-16, 1.000000000000000000, 0.000000000000000000 ) ) ;
#3050 = FACE_OUTER_BOUND ( 'NONE', #2458, .T. ) ;
#3051 = TOROIDAL_SURFACE ( 'NONE', #631, 0.007085511171399605512, 0.2726000000000000090 ) ;
#3052 = DIRECTION ( 'NONE',  ( -7.953893863423147762E-16, 0.000000000000000000, 1.000000000000000000 ) ) ;
#3054 = DIRECTION ( 'NONE',  ( 1.000000000000000000, 0.000000000000000000, 0.000000000000000000 ) ) ;
#3053 = VECTOR ( 'NONE', #5368, 1000.000000000000000 ) ;
#3055 = VERTEX_POINT ( 'NONE', #306 ) ;
#3056 = CYLINDRICAL_SURFACE ( 'NONE', #44, 0.7620000000000005658 ) ;
#3057 = EDGE_CURVE ( 'NONE', #2299, #2465, #6856, .T. ) ;
#3058 = ORIENTED_EDGE ( 'NONE', *, *, #2691, .T. ) ;
#3059 = AXIS2_PLACEMENT_3D ( 'NONE', #5064, #6214, #6178 ) ;
#3060 = CARTESIAN_POINT ( 'NONE',  ( 4.903650697941813519, 3.155306196347414271, 0.6432597145426861562 ) ) ;
#3061 = ADVANCED_FACE ( 'NONE', ( #3461 ), #5650, .F. ) ;
#3062 = PLANE ( 'NONE',  #6320 ) ;
#3063 = CARTESIAN_POINT ( 'NONE',  ( -6.500000000000000888, 3.666054381999832579, -0.7999999999999948264 ) ) ;
#3064 = DIRECTION ( 'NONE',  ( -1.000000000000000000, 3.977264022323940376E-16, 0.000000000000000000 ) ) ;
#3065 = ORIENTED_EDGE ( 'NONE', *, *, #1729, .T. ) ;
#3066 = AXIS2_PLACEMENT_3D ( 'NONE', #1048, #511, #6098 ) ;
#3067 = ADVANCED_FACE ( 'NONE', ( #3493 ), #5680, .T. ) ;
#3068 = ORIENTED_EDGE ( 'NONE', *, *, #1014, .F. ) ;
#3069 = CIRCLE ( 'NONE', #2256, 1.600000000000000089 ) ;
#3070 = LINE ( 'NONE', #3000, #958 ) ;
#3071 = CARTESIAN_POINT ( 'NONE',  ( 4.530000000000015348, -3.299999999999999822, 8.125000000000003553 ) ) ;
#3073 = ORIENTED_EDGE ( 'NONE', *, *, #1627, .F. ) ;
#3072 = DIRECTION ( 'NONE',  ( 0.3746065934159064081, 0.9271838545667897558, 0.000000000000000000 ) ) ;
#3074 = EDGE_LOOP ( 'NONE', ( #6546, #6628, #6208, #520 ) ) ;
#3075 = VECTOR ( 'NONE', #408, 1000.000000000000000 ) ;
#3076 = CARTESIAN_POINT ( 'NONE',  ( 4.978631618257905345, 2.980613728770026061, -0.8521946352945493075 ) ) ;
#3077 = CARTESIAN_POINT ( 'NONE',  ( -3.490000000000000657, 1.780000000000000693, 9.524999999999998579 ) ) ;
#3078 = CARTESIAN_POINT ( 'NONE',  ( -3.532500000000000195, -2.227103518025149054, -5.867399999999994620 ) ) ;
#3079 = EDGE_LOOP ( 'NONE', ( #252, #6641, #3624, #2558, #355, #6013 ) ) ;
#3080 = LINE ( 'NONE', #6379, #3723 ) ;
#3081 = ORIENTED_EDGE ( 'NONE', *, *, #1110, .F. ) ;
#3082 = CARTESIAN_POINT ( 'NONE',  ( -13.47499999999999787, 0.7300000000000015365, -8.545133036385903935 ) ) ;
#3083 = CARTESIAN_POINT ( 'NONE',  ( -7.043780303214237648, 2.280000000000000693, 4.479999999999994209 ) ) ;
#3084 = CYLINDRICAL_SURFACE ( 'NONE', #303, 0.1500000000000009659 ) ;
#3085 = LINE ( 'NONE', #4132, #3347 ) ;
#3086 = CARTESIAN_POINT ( 'NONE',  ( 11.60812642218991009, 1.780000000000000693, -4.545700382234141301 ) ) ;
#3087 = ORIENTED_EDGE ( 'NONE', *, *, #1099, .F. ) ;
#3088 = CARTESIAN_POINT ( 'NONE',  ( 1.230000000000000204, 0.3800000000000000044, 8.125000000000003553 ) ) ;
#3089 = EDGE_CURVE ( 'NONE', #3317, #4171, #5278, .T. ) ;
#3090 = ORIENTED_EDGE ( 'NONE', *, *, #5078, .T. ) ;
#3091 = CARTESIAN_POINT ( 'NONE',  ( 4.494779218756091765, 3.458371453494654357, -0.8521946352945498626 ) ) ;
#3092 = LINE ( 'NONE', #5288, #4483 ) ;
#3093 = AXIS2_PLACEMENT_3D ( 'NONE', #4898, #3214, #29 ) ;
#3094 = DIRECTION ( 'NONE',  ( -0.000000000000000000, -1.000000000000000000, -0.000000000000000000 ) ) ;
#3095 = LINE ( 'NONE', #4746, #1254 ) ;
#3096 = EDGE_CURVE ( 'NONE', #4367, #6612, #1969, .T. ) ;
#3097 = ORIENTED_EDGE ( 'NONE', *, *, #884, .F. ) ;
#3098 = EDGE_CURVE ( 'NONE', #4685, #4112, #5376, .T. ) ;
#3099 = VECTOR ( 'NONE', #6545, 1000.000000000000000 ) ;
#3100 = ORIENTED_EDGE ( 'NONE', *, *, #1965, .F. ) ;
#3101 = CARTESIAN_POINT ( 'NONE',  ( 4.404347326565326348, 3.212639643698991243, -1.359412968102929886 ) ) ;
#3102 = EDGE_CURVE ( 'NONE', #4696, #635, #654, .T. ) ;
#3103 = DIRECTION ( 'NONE',  ( 0.000000000000000000, 0.000000000000000000, -1.000000000000000000 ) ) ;
#3104 = AXIS2_PLACEMENT_3D ( 'NONE', #5290, #6902, #4175 ) ;
#3105 = AXIS2_PLACEMENT_3D ( 'NONE', #3342, #3264, #3380 ) ;
#3106 = EDGE_CURVE ( 'NONE', #580, #3488, #1562, .T. ) ;
#3108 = ORIENTED_EDGE ( 'NONE', *, *, #5339, .F. ) ;
#3107 = CARTESIAN_POINT ( 'NONE',  ( 7.094738775679741316, 1.780000000000000693, -8.171673613956837556 ) ) ;
#3109 = ADVANCED_FACE ( 'NONE', ( #4834 ), #3084, .F. ) ;
#3110 = CIRCLE ( 'NONE', #4604, 0.2000000000000000944 ) ;
#3111 = TOROIDAL_SURFACE ( 'NONE', #7110, 0.007085511171399497092, 0.2726000000000000090 ) ;
#3112 = EDGE_LOOP ( 'NONE', ( #4690, #2383, #5250, #3694 ) ) ;
#3113 = LINE ( 'NONE', #4694, #3432 ) ;
#3114 = DIRECTION ( 'NONE',  ( 0.000000000000000000, 0.000000000000000000, -1.000000000000000000 ) ) ;
#3115 = AXIS2_PLACEMENT_3D ( 'NONE', #2630, #360, #5871 ) ;
#3116 = VERTEX_POINT ( 'NONE', #5310 ) ;
#3117 = DIRECTION ( 'NONE',  ( 1.000000000000000000, -3.286955199289085105E-16, 0.000000000000000000 ) ) ;
#3118 = ORIENTED_EDGE ( 'NONE', *, *, #1327, .T. ) ;
#3119 = AXIS2_PLACEMENT_3D ( 'NONE', #4241, #1939, #5220 ) ;
#3120 = DIRECTION ( 'NONE',  ( 0.000000000000000000, 0.000000000000000000, 1.000000000000000000 ) ) ;
#3121 = CARTESIAN_POINT ( 'NONE',  ( -9.583884281761978485, 6.500000000000000888, 3.380651821862342032 ) ) ;
#3122 = CARTESIAN_POINT ( 'NONE',  ( 13.29260000000000375, 0.9776000000000012458, -0.4049999999999991385 ) ) ;
#3123 = DIRECTION ( 'NONE',  ( -7.953893863423148748E-16, 0.000000000000000000, -1.000000000000000000 ) ) ;
#3124 = EDGE_LOOP ( 'NONE', ( #2345, #3611, #4160, #2998, #421, #7002 ) ) ;
#3125 = CARTESIAN_POINT ( 'NONE',  ( -11.23799999999999955, 3.560000000000000497, 5.204170427930421283E-15 ) ) ;
#3126 = ORIENTED_EDGE ( 'NONE', *, *, #3600, .F. ) ;
#3127 = DIRECTION ( 'NONE',  ( -0.000000000000000000, -1.000000000000000000, 0.000000000000000000 ) ) ;
#3128 = PLANE ( 'NONE',  #6993 ) ;
#3129 = CARTESIAN_POINT ( 'NONE',  ( -13.65000000000000213, 0.7299999999999999822, 0.5650000000000000577 ) ) ;
#3130 = FACE_OUTER_BOUND ( 'NONE', #2855, .T. ) ;
#3131 = EDGE_LOOP ( 'NONE', ( #1040, #4718, #2213, #2216 ) ) ;
#3132 = ADVANCED_FACE ( 'NONE', ( #4294 ), #438, .T. ) ;
#3133 = ORIENTED_EDGE ( 'NONE', *, *, #3943, .F. ) ;
#3134 = CARTESIAN_POINT ( 'NONE',  ( 5.992500000000000604, 0.3800000000000001155, 5.080000000000005400 ) ) ;
#3135 = ADVANCED_FACE ( 'NONE', ( #375 ), #6385, .F. ) ;
#3136 = PLANE ( 'NONE',  #5764 ) ;
#3137 = EDGE_CURVE ( 'NONE', #529, #2829, #4701, .T. ) ;
#3139 = ORIENTED_EDGE ( 'NONE', *, *, #2834, .T. ) ;
#3138 = DIRECTION ( 'NONE',  ( 0.000000000000000000, 0.000000000000000000, 1.000000000000000000 ) ) ;
#3140 = EDGE_CURVE ( 'NONE', #7058, #2963, #1453, .T. ) ;
#3141 = EDGE_CURVE ( 'NONE', #6536, #5457, #1556, .T. ) ;
#3142 = ORIENTED_EDGE ( 'NONE', *, *, #1958, .T. ) ;
#3143 = EDGE_CURVE ( 'NONE', #6389, #1401, #1016, .T. ) ;
#3144 = CARTESIAN_POINT ( 'NONE',  ( -12.81499999999999595, 1.830000000000003180, -0.9250000000000001554 ) ) ;
#3145 = DIRECTION ( 'NONE',  ( 0.000000000000000000, 1.000000000000000000, -0.000000000000000000 ) ) ;
#3146 = ORIENTED_EDGE ( 'NONE', *, *, #3893, .F. ) ;
#3147 = DIRECTION ( 'NONE',  ( 0.000000000000000000, -0.9191450300180553645, 0.3939192985791735158 ) ) ;
#3148 = EDGE_CURVE ( 'NONE', #1401, #5144, #993, .T. ) ;
#3149 = ORIENTED_EDGE ( 'NONE', *, *, #5112, .F. ) ;
#3150 = VECTOR ( 'NONE', #2727, 1000.000000000000000 ) ;
#3151 = PLANE ( 'NONE',  #3523 ) ;
#3152 = DIRECTION ( 'NONE',  ( -0.9271838545667901998, 0.3746065934159049648, 0.000000000000000000 ) ) ;
#3153 = DIRECTION ( 'NONE',  ( -1.000000000000000000, 3.286955199289085105E-16, 0.000000000000000000 ) ) ;
#3154 = CARTESIAN_POINT ( 'NONE',  ( -3.532500000000000195, 0.3800000000000001155, 5.080000000000005400 ) ) ;
#3155 = ORIENTED_EDGE ( 'NONE', *, *, #1552, .T. ) ;
#3156 = DIRECTION ( 'NONE',  ( 0.000000000000000000, 1.000000000000000000, 0.000000000000000000 ) ) ;
#3157 = VECTOR ( 'NONE', #862, 1000.000000000000000 ) ;
#3158 = ORIENTED_EDGE ( 'NONE', *, *, #6472, .T. ) ;
#3159 = COLOUR_RGB ( '',0.8509803921568627194, 0.8509803921568627194, 0.8509803921568627194 ) ;
#3160 = CARTESIAN_POINT ( 'NONE',  ( 9.654619102224437199, 5.179199999999688941, -5.499206872838896309 ) ) ;
#3161 = FACE_OUTER_BOUND ( 'NONE', #2664, .T. ) ;
#3162 = AXIS2_PLACEMENT_3D ( 'NONE', #771, #6774, #3114 ) ;
#3163 = DIRECTION ( 'NONE',  ( -0.000000000000000000, -1.000000000000000000, -0.000000000000000000 ) ) ;
#3164 = DIRECTION ( 'NONE',  ( -7.953893863423147762E-16, 0.000000000000000000, -1.000000000000000000 ) ) ;
#3165 = ORIENTED_EDGE ( 'NONE', *, *, #846, .T. ) ;
#3166 = ORIENTED_EDGE ( 'NONE', *, *, #6254, .F. ) ;
#3167 = VECTOR ( 'NONE', #85, 1000.000000000000000 ) ;
#3168 = ORIENTED_EDGE ( 'NONE', *, *, #4499, .T. ) ;
#3169 = ORIENTED_EDGE ( 'NONE', *, *, #2694, .F. ) ;
#3170 =( NAMED_UNIT ( * ) SI_UNIT ( $, .STERADIAN. ) SOLID_ANGLE_UNIT ( ) );
#3171 = VECTOR ( 'NONE', #5396, 1000.000000000000000 ) ;
#3172 = DIRECTION ( 'NONE',  ( 0.000000000000000000, 1.000000000000000000, 0.000000000000000000 ) ) ;
#3174 = VERTEX_POINT ( 'NONE', #4197 ) ;
#3173 = CARTESIAN_POINT ( 'NONE',  ( -12.81499999999999595, 2.130000000000000782, -1.274999999999995692 ) ) ;
#3175 = CIRCLE ( 'NONE', #1331, 0.2000000000000000944 ) ;
#3176 = EDGE_CURVE ( 'NONE', #6716, #6435, #4447, .T. ) ;
#3177 = ORIENTED_EDGE ( 'NONE', *, *, #2401, .T. ) ;
#3178 = CARTESIAN_POINT ( 'NONE',  ( 1.230000000000000204, 5.180000000000000604, 5.204170427930421283E-15 ) ) ;
#3179 = VECTOR ( 'NONE', #2030, 1000.000000000000000 ) ;
#3180 = CARTESIAN_POINT ( 'NONE',  ( 8.512783617748475251, 2.540000000000000480, 8.679283540538028419 ) ) ;
#3181 = VERTEX_POINT ( 'NONE', #945 ) ;
#3182 = ADVANCED_FACE ( 'NONE', ( #5849 ), #2576, .F. ) ;
#3183 = FACE_OUTER_BOUND ( 'NONE', #1979, .T. ) ;
#3184 = EDGE_CURVE ( 'NONE', #4134, #2909, #6956, .T. ) ;
#3185 = ORIENTED_EDGE ( 'NONE', *, *, #6076, .T. ) ;
#3186 = CIRCLE ( 'NONE', #419, 0.1499999999999999667 ) ;
#3187 = CARTESIAN_POINT ( 'NONE',  ( 10.15190976443981974, 1.877200000000000646, 4.644452251363272666 ) ) ;
#3188 = DIRECTION ( 'NONE',  ( 0.000000000000000000, 0.000000000000000000, -1.000000000000000000 ) ) ;
#3189 = EDGE_CURVE ( 'NONE', #5696, #1073, #2613, .T. ) ;
#3190 = CARTESIAN_POINT ( 'NONE',  ( 9.864696451306633307, 5.236286996215707035, 4.494938464066335904 ) ) ;
#3191 = CARTESIAN_POINT ( 'NONE',  ( -5.600000000000000533, 1.665000000000000702, -0.09999999999999480138 ) ) ;
#3192 = DIRECTION ( 'NONE',  ( 0.8870108331782211586, 0.000000000000000000, 0.4617486132350351880 ) ) ;
#3193 = VERTEX_POINT ( 'NONE', #4263 ) ;
#3194 = EDGE_CURVE ( 'NONE', #4225, #1768, #5990, .T. ) ;
#3195 = DIRECTION ( 'NONE',  ( 0.000000000000000000, 0.000000000000000000, -1.000000000000000000 ) ) ;
#3196 = VERTEX_POINT ( 'NONE', #551 ) ;
#3197 = FACE_OUTER_BOUND ( 'NONE', #2896, .T. ) ;
#3198 = DIRECTION ( 'NONE',  ( 0.000000000000000000, 1.000000000000000000, 0.000000000000000000 ) ) ;
#3199 = LINE ( 'NONE', #3238, #6396 ) ;
#3200 = DIRECTION ( 'NONE',  ( 0.000000000000000000, -1.590905608929573587E-15, -1.000000000000000000 ) ) ;
#3201 = ORIENTED_EDGE ( 'NONE', *, *, #3595, .T. ) ;
#3202 = EDGE_LOOP ( 'NONE', ( #2423, #5874, #1105, #2670 ) ) ;
#3203 = ORIENTED_EDGE ( 'NONE', *, *, #364, .T. ) ;
#3204 = EDGE_LOOP ( 'NONE', ( #6235, #2505, #6143, #4037 ) ) ;
#3205 = FACE_OUTER_BOUND ( 'NONE', #5998, .T. ) ;
#3206 = CARTESIAN_POINT ( 'NONE',  ( -12.81499999999999595, 5.030000000000000249, 1.424999999999995826 ) ) ;
#3207 = DIRECTION ( 'NONE',  ( -0.000000000000000000, 1.000000000000000000, -0.000000000000000000 ) ) ;
#3209 = VERTEX_POINT ( 'NONE', #1126 ) ;
#3208 = CARTESIAN_POINT ( 'NONE',  ( -4.905411559137651700, 6.500000000000000888, 9.524999999999998579 ) ) ;
#3210 = VECTOR ( 'NONE', #1439, 1000.000000000000000 ) ;
#3211 = EDGE_LOOP ( 'NONE', ( #1021, #1206, #3585, #3177 ) ) ;
#3212 = CIRCLE ( 'NONE', #1948, 10.05840000000000245 ) ;
#3213 = CARTESIAN_POINT ( 'NONE',  ( 7.365411559137652553, 6.500000000000000888, 9.524999999999998579 ) ) ;
#3214 = DIRECTION ( 'NONE',  ( 0.000000000000000000, 0.3939192985791735158, -0.9191450300180553645 ) ) ;
#3215 = DIRECTION ( 'NONE',  ( 0.000000000000000000, 0.000000000000000000, 1.000000000000000000 ) ) ;
#3216 = ADVANCED_FACE ( 'NONE', ( #3909 ), #2758, .T. ) ;
#3217 = ORIENTED_EDGE ( 'NONE', *, *, #4318, .T. ) ;
#3218 = LINE ( 'NONE', #5445, #5686 ) ;
#3219 = AXIS2_PLACEMENT_3D ( 'NONE', #6294, #4211, #1908 ) ;
#3220 = VECTOR ( 'NONE', #6796, 1000.000000000000000 ) ;
#3221 = ORIENTED_EDGE ( 'NONE', *, *, #138, .T. ) ;
#3222 = EDGE_CURVE ( 'NONE', #5446, #6642, #3378, .T. ) ;
#3223 = CARTESIAN_POINT ( 'NONE',  ( -9.650000000000000355, 2.280000000000000693, 1.874999999999995559 ) ) ;
#3224 = CIRCLE ( 'NONE', #113, 0.4699999999999999178 ) ;
#3225 = CARTESIAN_POINT ( 'NONE',  ( 9.768898486673464276, -0.5517170886363883531, -4.445069200168386914 ) ) ;
#3226 = EDGE_CURVE ( 'NONE', #387, #2485, #1805, .T. ) ;
#3227 = CARTESIAN_POINT ( 'NONE',  ( 9.928586868600117299, 5.223586333507019397, 4.528197710155322575 ) ) ;
#3228 = CARTESIAN_POINT ( 'NONE',  ( 8.991048311921892022, 1.359492155551015546, 1.900000000000000577 ) ) ;
#3229 = EDGE_CURVE ( 'NONE', #3849, #2299, #4945, .T. ) ;
#3230 = CARTESIAN_POINT ( 'NONE',  ( 13.67500000000000426, -2.299999999999987832, -0.007085511171399388672 ) ) ;
#3231 = VERTEX_POINT ( 'NONE', #6592 ) ;
#3232 = CARTESIAN_POINT ( 'NONE',  ( -8.897314550264546540, 5.180000000000000604, 5.079999999999997407 ) ) ;
#3233 = VECTOR ( 'NONE', #3103, 1000.000000000000000 ) ;
#3234 = EDGE_LOOP ( 'NONE', ( #6588, #6514, #1440, #5136 ) ) ;
#3235 = ADVANCED_FACE ( 'NONE', ( #4479 ), #7053, .F. ) ;
#3236 = FACE_OUTER_BOUND ( 'NONE', #6518, .T. ) ;
#3237 = DIRECTION ( 'NONE',  ( 0.000000000000000000, 1.000000000000000000, 0.000000000000000000 ) ) ;
#3238 = CARTESIAN_POINT ( 'NONE',  ( -13.65000000000000036, 0.3800000000000001155, 1.779999999999997806 ) ) ;
#3239 = SURFACE_STYLE_USAGE ( .BOTH. , #3738 ) ;
#3240 = EDGE_CURVE ( 'NONE', #1533, #1746, #3946, .T. ) ;
#3241 = ORIENTED_EDGE ( 'NONE', *, *, #672, .T. ) ;
#3242 = VERTEX_POINT ( 'NONE', #5494 ) ;
#3243 = ORIENTED_EDGE ( 'NONE', *, *, #4901, .F. ) ;
#3244 = ADVANCED_FACE ( 'NONE', ( #4402 ), #1197, .F. ) ;
#3245 = VERTEX_POINT ( 'NONE', #1663 ) ;
#3246 = LINE ( 'NONE', #3101, #4761 ) ;
#3247 = APPLICATION_CONTEXT ( 'automotive_design' ) ;
#3248 = CARTESIAN_POINT ( 'NONE',  ( 9.250000000000003553, 1.280000000000001359, -1.900000000000000577 ) ) ;
#3249 = DIRECTION ( 'NONE',  ( 0.6427876096865378086, 0.000000000000000000, 0.7660444431189792347 ) ) ;
#3251 = VERTEX_POINT ( 'NONE', #6064 ) ;
#3250 = CARTESIAN_POINT ( 'NONE',  ( 12.58000000000000007, -3.299999999999996714, 0.4049999999999999711 ) ) ;
#3252 = B_SPLINE_SURFACE_WITH_KNOTS ( 'NONE', 1, 3, ( 
 ( #3986, #4020, #6777, #4055, #5710, #5167, #228, #4625, #772, #2361, #2943, #2438, #5091, #6810, #6171, #1237, #5130, #153, #2978, #4554, #191, #1851 ),
 ( #6241, #3451, #1814, #5641, #706, #3487, #5674, #736, #5556, #6121, #3439, #1732, #6622, #5628, #6692, #2897, #6157, #141, #1224, #1184, #5008, #3968 ) ),
 .UNSPECIFIED., .F., .F., .F.,
 ( 2, 2 ),
 ( 4, 2, 2, 2, 2, 2, 2, 2, 2, 2, 4 ),
 ( 0.000000000000000000, 1.000000000000000000 ),
 ( 0.000000000000000000, 0.1027956485658656632, 0.1541934728487985018, 0.2055912971317313265, 0.2569891214146641789, 0.3083869456975970036, 0.4111825942634626530, 0.6167738913951940072, 0.8223651885269253059, 0.9111825942634625974, 1.000000000000000000 ),
 .UNSPECIFIED. ) ;
#3253 = ORIENTED_EDGE ( 'NONE', *, *, #6081, .F. ) ;
#3254 = DIRECTION ( 'NONE',  ( 0.6636987268331874246, 0.000000000000000000, 0.7480000000000041060 ) ) ;
#3255 = CYLINDRICAL_SURFACE ( 'NONE', #3786, 0.2726000000000000090 ) ;
#3256 = DIRECTION ( 'NONE',  ( 0.000000000000000000, 0.000000000000000000, 1.000000000000000000 ) ) ;
#3257 = ORIENTED_EDGE ( 'NONE', *, *, #1636, .F. ) ;
#3258 = LINE ( 'NONE', #7014, #1772 ) ;
#3259 = ORIENTED_EDGE ( 'NONE', *, *, #753, .F. ) ;
#3260 = LINE ( 'NONE', #5564, #758 ) ;
#3261 = DIRECTION ( 'NONE',  ( 0.3746065934159064081, 0.9271838545667897558, 0.000000000000000000 ) ) ;
#3262 = CARTESIAN_POINT ( 'NONE',  ( -13.17259999999999565, 2.280000000000000693, -8.545133036385903935 ) ) ;
#3263 = CARTESIAN_POINT ( 'NONE',  ( 8.512783617748475251, 2.339187290722940737, -8.679283540538028419 ) ) ;
#3264 = DIRECTION ( 'NONE',  ( 1.000000000000000000, -3.286955199289085105E-16, -0.000000000000000000 ) ) ;
#3265 = ORIENTED_EDGE ( 'NONE', *, *, #266, .F. ) ;
#3266 = LINE ( 'NONE', #3804, #501 ) ;
#3267 = ORIENTED_EDGE ( 'NONE', *, *, #1585, .F. ) ;
#3268 = EDGE_CURVE ( 'NONE', #777, #3242, #3546, .T. ) ;
#3269 = DIRECTION ( 'NONE',  ( 1.000000000000000000, -3.286955199289085105E-16, 0.000000000000000000 ) ) ;
#3270 = CARTESIAN_POINT ( 'NONE',  ( -13.32499999999999574, 0.4299999999999978284, 0.8649999999999999911 ) ) ;
#3271 = PLANE ( 'NONE',  #3307 ) ;
#3272 = CIRCLE ( 'NONE', #156, 0.3023999999999995580 ) ;
#3273 = DIRECTION ( 'NONE',  ( 0.000000000000000000, 1.000000000000000000, -0.000000000000000000 ) ) ;
#3274 = VERTEX_POINT ( 'NONE', #513 ) ;
#3275 = ORIENTED_EDGE ( 'NONE', *, *, #4121, .T. ) ;
#3276 = ORIENTED_EDGE ( 'NONE', *, *, #442, .T. ) ;
#3277 = VECTOR ( 'NONE', #4404, 1000.000000000000000 ) ;
#3278 = CIRCLE ( 'NONE', #1428, 10.05840000000000067 ) ;
#3279 = EDGE_CURVE ( 'NONE', #5356, #2090, #4334, .T. ) ;
#3280 = CIRCLE ( 'NONE', #1078, 0.1499999999999999667 ) ;
#3281 = ORIENTED_EDGE ( 'NONE', *, *, #5867, .F. ) ;
#3282 = CARTESIAN_POINT ( 'NONE',  ( -13.55499999999999794, 0.5570855111714126950, -1.270000000000000906 ) ) ;
#3283 = LINE ( 'NONE', #6882, #2832 ) ;
#3284 = DIRECTION ( 'NONE',  ( 0.000000000000000000, 0.000000000000000000, -1.000000000000000000 ) ) ;
#3286 = VERTEX_POINT ( 'NONE', #3799 ) ;
#3285 = DIRECTION ( 'NONE',  ( 3.286955199289085105E-16, 1.000000000000000000, 0.000000000000000000 ) ) ;
#3287 = EDGE_CURVE ( 'NONE', #387, #4886, #4906, .T. ) ;
#3288 = AXIS2_PLACEMENT_3D ( 'NONE', #390, #1573, #2113 ) ;
#3289 = VECTOR ( 'NONE', #1827, 1000.000000000000000 ) ;
#3290 = EDGE_LOOP ( 'NONE', ( #2692, #3618, #3357, #5841 ) ) ;
#3291 = LINE ( 'NONE', #5483, #5858 ) ;
#3292 = DIRECTION ( 'NONE',  ( 0.000000000000000000, 0.000000000000000000, -1.000000000000000000 ) ) ;
#3293 = CARTESIAN_POINT ( 'NONE',  ( -6.400000000000000355, 1.762200000000000655, -1.599999999999994982 ) ) ;
#3294 = CARTESIAN_POINT ( 'NONE',  ( -11.23799999999999955, 2.130000000000000782, 5.204170427930421283E-15 ) ) ;
#3295 = ORIENTED_EDGE ( 'NONE', *, *, #978, .F. ) ;
#3296 = PLANE ( 'NONE',  #1888 ) ;
#3297 = CIRCLE ( 'NONE', #1441, 1.600000000000000089 ) ;
#3298 = VERTEX_POINT ( 'NONE', #2795 ) ;
#3299 = CIRCLE ( 'NONE', #7068, 0.2999999999999999334 ) ;
#3300 = DIRECTION ( 'NONE',  ( 0.3746065934159064081, 0.9271838545667897558, 0.000000000000000000 ) ) ;
#3301 = CARTESIAN_POINT ( 'NONE',  ( -13.28239999999999910, -2.299999999999986944, -1.262914488828599691 ) ) ;
#3302 = DIRECTION ( 'NONE',  ( 0.000000000000000000, 0.000000000000000000, -1.000000000000000000 ) ) ;
#3303 = DIRECTION ( 'NONE',  ( -0.000000000000000000, -1.000000000000000000, -0.000000000000000000 ) ) ;
#3304 = CARTESIAN_POINT ( 'NONE',  ( 12.84569950541076899, 0.3800000000000001155, 4.194999999999994067 ) ) ;
#3305 = ORIENTED_EDGE ( 'NONE', *, *, #5430, .T. ) ;
#3306 = DIRECTION ( 'NONE',  ( -0.000000000000000000, -1.000000000000000000, -0.000000000000000000 ) ) ;
#3307 = AXIS2_PLACEMENT_3D ( 'NONE', #125, #2187, #676 ) ;
#3308 = ORIENTED_EDGE ( 'NONE', *, *, #800, .T. ) ;
#3309 = DIRECTION ( 'NONE',  ( -0.000000000000000000, -1.000000000000000000, -0.000000000000000000 ) ) ;
#3310 = CARTESIAN_POINT ( 'NONE',  ( 13.65000000000000036, 1.130000000000000782, 3.174999999999995826 ) ) ;
#3311 = LINE ( 'NONE', #5503, #2609 ) ;
#3312 = AXIS2_PLACEMENT_3D ( 'NONE', #6892, #879, #1996 ) ;
#3313 = FILL_AREA_STYLE ('',( #4308 ) ) ;
#3314 = ORIENTED_EDGE ( 'NONE', *, *, #3508, .F. ) ;
#3315 = DIRECTION ( 'NONE',  ( 0.000000000000000000, 1.000000000000000000, 0.000000000000000000 ) ) ;
#3316 = EDGE_CURVE ( 'NONE', #6505, #3669, #36, .T. ) ;
#3317 = VERTEX_POINT ( 'NONE', #5449 ) ;
#3318 = ORIENTED_EDGE ( 'NONE', *, *, #1236, .F. ) ;
#3319 = EDGE_CURVE ( 'NONE', #3174, #1621, #2722, .T. ) ;
#3320 = DIRECTION ( 'NONE',  ( 1.000000000000000000, 0.000000000000000000, 0.000000000000000000 ) ) ;
#3321 = EDGE_CURVE ( 'NONE', #4573, #3298, #5145, .T. ) ;
#3322 = PLANE ( 'NONE',  #6962 ) ;
#3323 = DIRECTION ( 'NONE',  ( 1.000000000000000000, -0.000000000000000000, -0.000000000000000000 ) ) ;
#3325 = ORIENTED_EDGE ( 'NONE', *, *, #3497, .F. ) ;
#3324 = CARTESIAN_POINT ( 'NONE',  ( 1.230000000000000204, 5.180000000000000604, -5.204170427930421283E-15 ) ) ;
#3326 = EDGE_CURVE ( 'NONE', #1424, #6103, #4790, .T. ) ;
#3327 = ORIENTED_EDGE ( 'NONE', *, *, #2112, .T. ) ;
#3328 = CARTESIAN_POINT ( 'NONE',  ( -12.81499999999999595, 1.830000000000000737, 1.275000000000000133 ) ) ;
#3329 = CARTESIAN_POINT ( 'NONE',  ( 4.348156337552940620, 3.073562065513971486, 1.359412968102929886 ) ) ;
#3330 = AXIS2_PLACEMENT_3D ( 'NONE', #5327, #3072, #4724 ) ;
#3331 = PLANE ( 'NONE',  #3093 ) ;
#3332 = EDGE_CURVE ( 'NONE', #6389, #4338, #4656, .T. ) ;
#3333 = ORIENTED_EDGE ( 'NONE', *, *, #978, .T. ) ;
#3334 = DIRECTION ( 'NONE',  ( -0.000000000000000000, -1.000000000000000000, 0.000000000000000000 ) ) ;
#3335 = VECTOR ( 'NONE', #881, 1000.000000000000000 ) ;
#3336 = ORIENTED_EDGE ( 'NONE', *, *, #1945, .T. ) ;
#3337 = ADVANCED_FACE ( 'NONE', ( #4660 ), #1812, .F. ) ;
#3338 = LINE ( 'NONE', #4333, #2496 ) ;
#3339 = CARTESIAN_POINT ( 'NONE',  ( 0.1395998524947442143, 1.780000000000000693, 0.1171381847407420851 ) ) ;
#3340 = DIRECTION ( 'NONE',  ( 0.000000000000000000, 1.000000000000000000, 0.000000000000000000 ) ) ;
#3341 =( GEOMETRIC_REPRESENTATION_CONTEXT ( 3 ) GLOBAL_UNCERTAINTY_ASSIGNED_CONTEXT ( ( #2901 ) ) GLOBAL_UNIT_ASSIGNED_CONTEXT ( ( #3844, #5543, #5389 ) ) REPRESENTATION_CONTEXT ( 'NONE', 'WORKASPACE' ) );
#3342 = CARTESIAN_POINT ( 'NONE',  ( -13.47499999999999787, 1.830000000000000959, 1.275000000000000133 ) ) ;
#3343 = VECTOR ( 'NONE', #2378, 1000.000000000000000 ) ;
#3344 = ORIENTED_EDGE ( 'NONE', *, *, #6509, .F. ) ;
#3345 = CARTESIAN_POINT ( 'NONE',  ( -13.32499999999999751, -2.600000000000000089, -1.675000000000001821 ) ) ;
#3346 = VERTEX_POINT ( 'NONE', #1923 ) ;
#3347 = VECTOR ( 'NONE', #2479, 1000.000000000000000 ) ;
#3348 = AXIS2_PLACEMENT_3D ( 'NONE', #6568, #3237, #7026 ) ;
#3349 = CARTESIAN_POINT ( 'NONE',  ( 13.59500000000000419, -3.299999999999995826, 0.1050000000000020084 ) ) ;
#3350 = CARTESIAN_POINT ( 'NONE',  ( 7.133128377318626256, 5.179200000000049542, 8.151809648268407926 ) ) ;
#3351 = LINE ( 'NONE', #3842, #2265 ) ;
#3352 = SURFACE_STYLE_FILL_AREA ( #3313 ) ;
#3353 = EDGE_LOOP ( 'NONE', ( #2051, #3025, #2597, #3165 ) ) ;
#3354 = ORIENTED_EDGE ( 'NONE', *, *, #3760, .T. ) ;
#3355 = AXIS2_PLACEMENT_3D ( 'NONE', #504, #1618, #2822 ) ;
#3356 = VERTEX_POINT ( 'NONE', #6808 ) ;
#3357 = ORIENTED_EDGE ( 'NONE', *, *, #6441, .F. ) ;
#3358 = CARTESIAN_POINT ( 'NONE',  ( 10.15189057614266588, 5.179200000000006909, 4.644442262568017732 ) ) ;
#3359 = LINE ( 'NONE', #2812, #6770 ) ;
#3360 = VECTOR ( 'NONE', #5107, 1000.000000000000000 ) ;
#3361 = DIRECTION ( 'NONE',  ( 0.6427876096865378086, 0.000000000000000000, -0.7660444431189792347 ) ) ;
#3362 = DIRECTION ( 'NONE',  ( -0.000000000000000000, 1.000000000000000000, -0.000000000000000000 ) ) ;
#3364 = ORIENTED_EDGE ( 'NONE', *, *, #4797, .F. ) ;
#3363 = DIRECTION ( 'NONE',  ( -0.000000000000000000, -1.000000000000000000, 0.000000000000000000 ) ) ;
#3365 = ORIENTED_EDGE ( 'NONE', *, *, #1205, .T. ) ;
#3366 = PLANE ( 'NONE',  #5286 ) ;
#3367 = EDGE_CURVE ( 'NONE', #1818, #2864, #6850, .T. ) ;
#3368 = CARTESIAN_POINT ( 'NONE',  ( -9.583884281761978485, 5.180000000000000604, -3.380651821862342032 ) ) ;
#3369 = CARTESIAN_POINT ( 'NONE',  ( -13.55499999999999794, 0.5500000000000133671, -1.277085511171400345 ) ) ;
#3370 =( NAMED_UNIT ( * ) PLANE_ANGLE_UNIT ( ) SI_UNIT ( $, .RADIAN. ) );
#3371 = ORIENTED_EDGE ( 'NONE', *, *, #889, .T. ) ;
#3372 = FACE_OUTER_BOUND ( 'NONE', #6572, .T. ) ;
#3373 = ADVANCED_FACE ( 'NONE', ( #5707 ), #770, .T. ) ;
#3374 = ADVANCED_FACE ( 'NONE', ( #3982 ), #1234, .F. ) ;
#3375 = VERTEX_POINT ( 'NONE', #5164 ) ;
#3376 = ADVANCED_FACE ( 'NONE', ( #225 ), #3556, .F. ) ;
#3377 = DIRECTION ( 'NONE',  ( 0.000000000000000000, 0.000000000000000000, 1.000000000000000000 ) ) ;
#3378 = LINE ( 'NONE', #2287, #196 ) ;
#3379 = CARTESIAN_POINT ( 'NONE',  ( -3.678019288617140337, 1.797476821597276730, 8.780274864931039147 ) ) ;
#3380 = DIRECTION ( 'NONE',  ( 0.000000000000000000, 1.000000000000000000, 0.000000000000000000 ) ) ;
#3381 = VERTEX_POINT ( 'NONE', #2906 ) ;
#3382 = FACE_OUTER_BOUND ( 'NONE', #2321, .T. ) ;
#3383 = VERTEX_POINT ( 'NONE', #189 ) ;
#3384 = FACE_BOUND ( 'NONE', #6586, .T. ) ;
#3385 = CARTESIAN_POINT ( 'NONE',  ( -13.17259999999999565, 2.280000000000000249, -0.9250000000000000444 ) ) ;
#3386 = CARTESIAN_POINT ( 'NONE',  ( -9.650000000000000355, 5.030000000000000249, -1.274999999999994804 ) ) ;
#3387 = DIRECTION ( 'NONE',  ( 0.000000000000000000, 1.000000000000000000, 0.000000000000000000 ) ) ;
#3388 = EDGE_LOOP ( 'NONE', ( #4751, #3503, #3779, #1760 ) ) ;
#3389 = CARTESIAN_POINT ( 'NONE',  ( 3.110000000000002984, 1.130000000000000782, -1.900000000000001021 ) ) ;
#3390 = ORIENTED_EDGE ( 'NONE', *, *, #1014, .T. ) ;
#3391 = EDGE_LOOP ( 'NONE', ( #4845, #6877, #4014, #1952 ) ) ;
#3392 = VECTOR ( 'NONE', #2181, 1000.000000000000000 ) ;
#3393 = LINE ( 'NONE', #5036, #4422 ) ;
#3394 = FACE_OUTER_BOUND ( 'NONE', #936, .T. ) ;
#3395 = PLANE ( 'NONE',  #1554 ) ;
#3396 = LINE ( 'NONE', #5624, #4044 ) ;
#3398 = VERTEX_POINT ( 'NONE', #6203 ) ;
#3397 = CARTESIAN_POINT ( 'NONE',  ( 1.230000000000000204, 6.500000000000000888, -9.524999999999998579 ) ) ;
#3399 = AXIS2_PLACEMENT_3D ( 'NONE', #1051, #2139, #5377 ) ;
#3400 = ORIENTED_EDGE ( 'NONE', *, *, #1104, .F. ) ;
#3401 = CARTESIAN_POINT ( 'NONE',  ( -5.600000000000000533, 3.666054381999832579, -0.09999999999999480138 ) ) ;
#3402 = VECTOR ( 'NONE', #2811, 1000.000000000000000 ) ;
#3403 = CARTESIAN_POINT ( 'NONE',  ( -8.897314550264544764, 5.180000000000000604, -5.079999999999997407 ) ) ;
#3404 = AXIS2_PLACEMENT_3D ( 'NONE', #6357, #413, #2035 ) ;
#3405 = AXIS2_PLACEMENT_3D ( 'NONE', #2288, #6702, #666 ) ;
#3406 = CARTESIAN_POINT ( 'NONE',  ( 1.230000000000000204, 1.877200000000000646, 5.204170427930421283E-15 ) ) ;
#3407 = VERTEX_POINT ( 'NONE', #6276 ) ;
#3408 = CARTESIAN_POINT ( 'NONE',  ( -13.32499999999999574, 1.977600000000000025, 0.9250000000000004885 ) ) ;
#3409 = EDGE_CURVE ( 'NONE', #2564, #4758, #3877, .T. ) ;
#3410 = VECTOR ( 'NONE', #2071, 1000.000000000000000 ) ;
#3411 = ORIENTED_EDGE ( 'NONE', *, *, #3891, .T. ) ;
#3412 = CARTESIAN_POINT ( 'NONE',  ( 0.6131794377027368625, 2.540000000000000480, 1.177906740453182666 ) ) ;
#3413 = ADVANCED_FACE ( 'NONE', ( #5638 ), #3590, .F. ) ;
#3414 = CARTESIAN_POINT ( 'NONE',  ( 8.512783617748475251, 1.877200000000000646, 8.679283540538028419 ) ) ;
#3415 = AXIS2_PLACEMENT_3D ( 'NONE', #3744, #7006, #1000 ) ;
#3416 = CARTESIAN_POINT ( 'NONE',  ( -1.422527391694573942E-15, 1.780000000000000693, 9.524999999999998579 ) ) ;
#3417 = DIRECTION ( 'NONE',  ( -1.000000000000000000, 0.000000000000000000, 0.000000000000000000 ) ) ;
#3418 = ORIENTED_EDGE ( 'NONE', *, *, #1854, .T. ) ;
#3419 = DIRECTION ( 'NONE',  ( 1.000000000000000000, 0.000000000000000000, -6.851198562309674036E-17 ) ) ;
#3420 = ADVANCED_FACE ( 'NONE', ( #117 ), #704, .T. ) ;
#3421 = ORIENTED_EDGE ( 'NONE', *, *, #2926, .F. ) ;
#3422 = VECTOR ( 'NONE', #2556, 1000.000000000000000 ) ;
#3423 = ADVANCED_FACE ( 'NONE', ( #4551 ), #6739, .F. ) ;
#3424 = CARTESIAN_POINT ( 'NONE',  ( 13.59500000000000419, 5.221380679259153723, 3.757020291111129673 ) ) ;
#3425 = CARTESIAN_POINT ( 'NONE',  ( 9.796357976939505718, 5.255337990269999260, 4.392780824044584698 ) ) ;
#3426 = CARTESIAN_POINT ( 'NONE',  ( 13.67500000000000426, -0.2999999999999873324, 0.000000000000000000 ) ) ;
#3427 = CARTESIAN_POINT ( 'NONE',  ( -10.55742020121451397, 5.180000000000000604, -2.664999999999993818 ) ) ;
#3428 = VERTEX_POINT ( 'NONE', #870 ) ;
#3429 = CARTESIAN_POINT ( 'NONE',  ( -13.32499999999999751, -3.299999999999999822, 1.374999999999996891 ) ) ;
#3430 = EDGE_CURVE ( 'NONE', #730, #1490, #4791, .T. ) ;
#3431 = ORIENTED_EDGE ( 'NONE', *, *, #1413, .T. ) ;
#3432 = VECTOR ( 'NONE', #368, 1000.000000000000000 ) ;
#3433 = DIRECTION ( 'NONE',  ( -1.000000000000000000, 0.000000000000000000, 6.851198562309674036E-17 ) ) ;
#3434 = CARTESIAN_POINT ( 'NONE',  ( -4.250000000000000888, 2.540000000000000480, -8.434513060040865540 ) ) ;
#3435 = DIRECTION ( 'NONE',  ( 0.000000000000000000, 1.000000000000000000, 0.000000000000000000 ) ) ;
#3436 = CYLINDRICAL_SURFACE ( 'NONE', #586, 0.7873999999999997668 ) ;
#3437 = ORIENTED_EDGE ( 'NONE', *, *, #6398, .F. ) ;
#3438 = VERTEX_POINT ( 'NONE', #5335 ) ;
#3439 = CARTESIAN_POINT ( 'NONE',  ( 9.821773865168067275, 5.179199999999819504, -5.231024449786199071 ) ) ;
#3440 = DIRECTION ( 'NONE',  ( -0.000000000000000000, 1.000000000000000000, -0.000000000000000000 ) ) ;
#3442 = CARTESIAN_POINT ( 'NONE',  ( 10.15189057614266588, 5.179200000000006909, 4.644442262568017732 ) ) ;
#3441 = CARTESIAN_POINT ( 'NONE',  ( 12.84569950541076899, 0.3800000000000001155, 3.174999999999994049 ) ) ;
#3443 = LINE ( 'NONE', #2203, #5583 ) ;
#3444 = ORIENTED_EDGE ( 'NONE', *, *, #500, .F. ) ;
#3445 = FACE_OUTER_BOUND ( 'NONE', #1475, .T. ) ;
#3446 = ORIENTED_EDGE ( 'NONE', *, *, #5999, .T. ) ;
#3447 = AXIS2_PLACEMENT_3D ( 'NONE', #2428, #5194, #697 ) ;
#3448 = CARTESIAN_POINT ( 'NONE',  ( -13.47499999999999787, 0.5500000000000132561, -1.470000000000001084 ) ) ;
#3449 = CARTESIAN_POINT ( 'NONE',  ( 10.02431184744729897, 5.204557334774087884, -4.578028980057928798 ) ) ;
#3450 = DIRECTION ( 'NONE',  ( 0.000000000000000000, 1.000000000000000000, 0.000000000000000000 ) ) ;
#3451 = CARTESIAN_POINT ( 'NONE',  ( 10.53268849295829312, 5.179199999999756443, -3.852546772790252039 ) ) ;
#3452 = VERTEX_POINT ( 'NONE', #3077 ) ;
#3453 = LINE ( 'NONE', #1305, #2927 ) ;
#3454 = EDGE_CURVE ( 'NONE', #4966, #730, #2149, .T. ) ;
#3455 = ORIENTED_EDGE ( 'NONE', *, *, #372, .T. ) ;
#3456 = ADVANCED_FACE ( 'NONE', ( #1959 ), #6444, .F. ) ;
#3457 = DIRECTION ( 'NONE',  ( -0.3746065934159063526, -0.9271838545667897558, 0.000000000000000000 ) ) ;
#3458 = EDGE_CURVE ( 'NONE', #5771, #2429, #4158, .T. ) ;
#3459 = CARTESIAN_POINT ( 'NONE',  ( 6.872146407470170359, 5.255337990269914883, 7.807783487928416477 ) ) ;
#3460 = VECTOR ( 'NONE', #1165, 1000.000000000000000 ) ;
#3461 = FACE_OUTER_BOUND ( 'NONE', #3234, .T. ) ;
#3462 = CARTESIAN_POINT ( 'NONE',  ( -13.47499999999999787, 0.5500000000000132561, 1.470000000000001084 ) ) ;
#3463 = VERTEX_POINT ( 'NONE', #5270 ) ;
#3464 = CARTESIAN_POINT ( 'NONE',  ( 8.827960828766444834, 5.255337990269732806, -5.925039205011138677 ) ) ;
#3465 = ADVANCED_FACE ( 'NONE', ( #906 ), #6344, .T. ) ;
#3466 = VECTOR ( 'NONE', #3303, 1000.000000000000000 ) ;
#3467 = AXIS2_PLACEMENT_3D ( 'NONE', #6115, #2417, #5657 ) ;
#3468 = ORIENTED_EDGE ( 'NONE', *, *, #4321, .T. ) ;
#3469 = CARTESIAN_POINT ( 'NONE',  ( -6.300000000000000711, 1.665000000000000702, -0.7999999999999948264 ) ) ;
#3470 = FACE_BOUND ( 'NONE', #2934, .T. ) ;
#3471 = DIRECTION ( 'NONE',  ( 0.000000000000000000, 1.000000000000000000, 0.000000000000000000 ) ) ;
#3472 = DIRECTION ( 'NONE',  ( 3.286955199289085105E-16, 1.000000000000000000, 0.000000000000000000 ) ) ;
#3473 = AXIS2_PLACEMENT_3D ( 'NONE', #1028, #2658, #2102 ) ;
#3474 = ORIENTED_EDGE ( 'NONE', *, *, #359, .T. ) ;
#3475 = EDGE_CURVE ( 'NONE', #6722, #5268, #1405, .T. ) ;
#3476 = VECTOR ( 'NONE', #616, 1000.000000000000000 ) ;
#3477 = ORIENTED_EDGE ( 'NONE', *, *, #961, .F. ) ;
#3478 = DIRECTION ( 'NONE',  ( 0.000000000000000000, -1.000000000000000000, 0.000000000000000000 ) ) ;
#3479 = CARTESIAN_POINT ( 'NONE',  ( -8.294999999999996376, 6.500000000000000888, 5.079999999999996518 ) ) ;
#3481 = VERTEX_POINT ( 'NONE', #297 ) ;
#3480 = CARTESIAN_POINT ( 'NONE',  ( 4.384602742339261283, 3.058836762142893573, 0.8609605380569113064 ) ) ;
#3482 = PLANE ( 'NONE',  #6935 ) ;
#3483 = ORIENTED_EDGE ( 'NONE', *, *, #5617, .T. ) ;
#3484 = CARTESIAN_POINT ( 'NONE',  ( -11.23799999999999955, 3.560000000000000497, 5.204170427930421283E-15 ) ) ;
#3485 = DIRECTION ( 'NONE',  ( -3.286955199289085105E-16, -1.000000000000000000, 0.000000000000000000 ) ) ;
#3486 = PLANE ( 'NONE',  #4878 ) ;
#3487 = CARTESIAN_POINT ( 'NONE',  ( 10.18066959253784098, 5.179199999999846149, -4.589680815208468267 ) ) ;
#3488 = VERTEX_POINT ( 'NONE', #1987 ) ;
#3489 = DIRECTION ( 'NONE',  ( -1.000000000000000000, 0.000000000000000000, 0.000000000000000000 ) ) ;
#3490 = ORIENTED_EDGE ( 'NONE', *, *, #5430, .F. ) ;
#3491 = DIRECTION ( 'NONE',  ( -3.286955199289085105E-16, -1.000000000000000000, -0.000000000000000000 ) ) ;
#3492 = DIRECTION ( 'NONE',  ( 1.000000000000000000, 0.000000000000000000, -1.296892550819982002E-16 ) ) ;
#3493 = FACE_OUTER_BOUND ( 'NONE', #2400, .T. ) ;
#3494 = CARTESIAN_POINT ( 'NONE',  ( 1.230000000000000204, 0.3800000000000000044, 5.204170427930421283E-15 ) ) ;
#3495 = ORIENTED_EDGE ( 'NONE', *, *, #6464, .F. ) ;
#3496 = PLANE ( 'NONE',  #3734 ) ;
#3497 = EDGE_CURVE ( 'NONE', #5291, #3588, #3186, .T. ) ;
#3498 = ORIENTED_EDGE ( 'NONE', *, *, #5028, .T. ) ;
#3499 = CARTESIAN_POINT ( 'NONE',  ( 4.236884534604473451, 3.280299003502751276, 0.8521946352945493075 ) ) ;
#3500 = PLANE ( 'NONE',  #6200 ) ;
#3501 = DIRECTION ( 'NONE',  ( 0.000000000000000000, 0.000000000000000000, 1.000000000000000000 ) ) ;
#3502 = DIRECTION ( 'NONE',  ( 1.000000000000000000, -3.286955199289085105E-16, -0.000000000000000000 ) ) ;
#3503 = ORIENTED_EDGE ( 'NONE', *, *, #5705, .T. ) ;
#3504 = EDGE_CURVE ( 'NONE', #3383, #3193, #6375, .T. ) ;
#3505 = VECTOR ( 'NONE', #5247, 1000.000000000000114 ) ;
#3506 = ORIENTED_EDGE ( 'NONE', *, *, #4631, .T. ) ;
#3507 = CARTESIAN_POINT ( 'NONE',  ( -7.200000000000001066, 3.666054381999832579, 0.09999999999999480138 ) ) ;
#3508 = EDGE_CURVE ( 'NONE', #6105, #428, #1458, .T. ) ;
#3509 = DIRECTION ( 'NONE',  ( 0.000000000000000000, 1.000000000000000000, 0.000000000000000000 ) ) ;
#3511 = EDGE_LOOP ( 'NONE', ( #246, #7079, #5713, #4176, #5085, #100, #432, #4232 ) ) ;
#3510 =( NAMED_UNIT ( * ) PLANE_ANGLE_UNIT ( ) SI_UNIT ( $, .RADIAN. ) );
#3512 = VECTOR ( 'NONE', #4372, 1000.000000000000000 ) ;
#3513 = VECTOR ( 'NONE', #516, 1000.000000000000000 ) ;
#3514 = CARTESIAN_POINT ( 'NONE',  ( -6.300000000000000711, 3.666054381999832579, 0.09999999999999492628 ) ) ;
#3515 = ORIENTED_EDGE ( 'NONE', *, *, #3137, .T. ) ;
#3516 = AXIS2_PLACEMENT_3D ( 'NONE', #1436, #5296, #358 ) ;
#3517 = CARTESIAN_POINT ( 'NONE',  ( -12.81499999999999595, 5.030000000000000249, -1.424999999999995826 ) ) ;
#3518 = DIRECTION ( 'NONE',  ( 1.000000000000000000, 0.000000000000000000, -0.000000000000000000 ) ) ;
#3519 = DIRECTION ( 'NONE',  ( -0.000000000000000000, 1.000000000000000000, -0.000000000000000000 ) ) ;
#3520 = DIRECTION ( 'NONE',  ( -0.000000000000000000, 1.000000000000000000, -0.000000000000000000 ) ) ;
#3521 = ORIENTED_EDGE ( 'NONE', *, *, #6469, .T. ) ;
#3522 = CARTESIAN_POINT ( 'NONE',  ( -13.55499999999999972, -2.299999999999986944, 1.277085511171399679 ) ) ;
#3523 = AXIS2_PLACEMENT_3D ( 'NONE', #5242, #6383, #3629 ) ;
#3524 = CIRCLE ( 'NONE', #3858, 10.05840000000000245 ) ;
#3525 = ORIENTED_EDGE ( 'NONE', *, *, #1811, .F. ) ;
#3526 = CARTESIAN_POINT ( 'NONE',  ( 12.58000000000000007, 1.280000000000001359, -1.900000000000002354 ) ) ;
#3527 = CYLINDRICAL_SURFACE ( 'NONE', #4487, 1.020000000000000018 ) ;
#3528 = CARTESIAN_POINT ( 'NONE',  ( 4.978631618257905345, 2.980613728770025617, 0.7474748810105446006 ) ) ;
#3529 = PLANE ( 'NONE',  #5402 ) ;
#3530 = DIRECTION ( 'NONE',  ( 1.000000000000000000, 0.000000000000000000, 0.000000000000000000 ) ) ;
#3531 = ORIENTED_EDGE ( 'NONE', *, *, #6464, .T. ) ;
#3532 = DIRECTION ( 'NONE',  ( 0.000000000000000000, -1.000000000000000000, 0.000000000000000000 ) ) ;
#3533 = VECTOR ( 'NONE', #4426, 1000.000000000000000 ) ;
#3534 = ORIENTED_EDGE ( 'NONE', *, *, #356, .T. ) ;
#3535 = LINE ( 'NONE', #4002, #5458 ) ;
#3536 = CARTESIAN_POINT ( 'NONE',  ( 5.992500000000000604, 0.000000000000000000, -4.292599999999995752 ) ) ;
#3537 = CARTESIAN_POINT ( 'NONE',  ( 13.26900000000000190, 1.129999999999999893, -0.5079999999999949001 ) ) ;
#3538 = AXIS2_PLACEMENT_3D ( 'NONE', #3426, #7097, #2876 ) ;
#3539 = DIRECTION ( 'NONE',  ( -1.355252715606880543E-16, -0.000000000000000000, 1.000000000000000000 ) ) ;
#3540 = ADVANCED_FACE ( 'NONE', ( #2539 ), #971, .F. ) ;
#3541 = ORIENTED_EDGE ( 'NONE', *, *, #6081, .T. ) ;
#3542 = AXIS2_PLACEMENT_3D ( 'NONE', #1163, #3870, #4 ) ;
#3543 = EDGE_CURVE ( 'NONE', #837, #4346, #2389, .T. ) ;
#3544 = ORIENTED_EDGE ( 'NONE', *, *, #3560, .F. ) ;
#3545 = DIRECTION ( 'NONE',  ( 0.000000000000000000, 1.000000000000000000, 0.000000000000000000 ) ) ;
#3546 = B_SPLINE_CURVE_WITH_KNOTS ( 'NONE', 3,
 ( #5533, #1087, #6670, #626, #1743, #5604, #2679, #4866 ),
 .UNSPECIFIED., .F., .F.,
 ( 4, 2, 2, 4 ),
 ( 0.000000000000000000, 0.0002969836791057989516, 0.0005939673582115979032, 0.001187934716423196891 ),
 .UNSPECIFIED. ) ;
#3547 = EDGE_CURVE ( 'NONE', #31, #3356, #6864, .T. ) ;
#3548 = CARTESIAN_POINT ( 'NONE',  ( 11.27983273990924573, 1.877200000000000646, 5.231611787952942905 ) ) ;
#3549 = ADVANCED_FACE ( 'NONE', ( #5367 ), #429, .F. ) ;
#3550 = ORIENTED_EDGE ( 'NONE', *, *, #5470, .F. ) ;
#3551 = CARTESIAN_POINT ( 'NONE',  ( 4.236884534604473451, 3.280299003502751276, -0.8521946352945493075 ) ) ;
#3552 = EDGE_CURVE ( 'NONE', #3017, #5323, #3113, .T. ) ;
#3553 = VERTEX_POINT ( 'NONE', #4756 ) ;
#3554 = CARTESIAN_POINT ( 'NONE',  ( -13.55499999999999972, -2.299999999999986944, 1.277085511171400123 ) ) ;
#3555 = EDGE_CURVE ( 'NONE', #4219, #424, #6945, .T. ) ;
#3556 = PLANE ( 'NONE',  #5260 ) ;
#3557 = CARTESIAN_POINT ( 'NONE',  ( -13.32499999999999574, 1.830000000000000959, -1.275000000000000133 ) ) ;
#3558 = EDGE_LOOP ( 'NONE', ( #4247, #1483, #2335, #3788 ) ) ;
#3559 = DIRECTION ( 'NONE',  ( -1.000000000000000000, 0.000000000000000000, 0.000000000000000000 ) ) ;
#3560 = EDGE_CURVE ( 'NONE', #4367, #5272, #1477, .T. ) ;
#3561 = ORIENTED_EDGE ( 'NONE', *, *, #2388, .F. ) ;
#3562 = PLANE ( 'NONE',  #2949 ) ;
#3563 = LINE ( 'NONE', #878, #2184 ) ;
#3564 = CARTESIAN_POINT ( 'NONE',  ( 4.978631618257905345, 2.980613728770026061, 0.8521946352945493075 ) ) ;
#3565 = DIRECTION ( 'NONE',  ( -1.000000000000000000, 0.000000000000000000, -7.953893863423147762E-16 ) ) ;
#3566 = DIRECTION ( 'NONE',  ( 0.000000000000000000, 0.000000000000000000, 1.000000000000000000 ) ) ;
#3567 = AXIS2_PLACEMENT_3D ( 'NONE', #2281, #6057, #472 ) ;
#3568 = ORIENTED_EDGE ( 'NONE', *, *, #6231, .F. ) ;
#3569 = CARTESIAN_POINT ( 'NONE',  ( 9.768898486673464276, 5.255337990269957515, -4.445069200168386914 ) ) ;
#3570 = ORIENTED_EDGE ( 'NONE', *, *, #2792, .T. ) ;
#3571 = VECTOR ( 'NONE', #6452, 1000.000000000000000 ) ;
#3572 = CARTESIAN_POINT ( 'NONE',  ( -3.490000000000000657, 2.540000000000000480, 9.524999999999998579 ) ) ;
#3573 = DIRECTION ( 'NONE',  ( 1.000000000000000000, -3.286955199289085105E-16, -0.000000000000000000 ) ) ;
#3574 = LINE ( 'NONE', #1833, #3992 ) ;
#3575 = DIRECTION ( 'NONE',  ( 1.000000000000000000, -0.000000000000000000, 0.000000000000000000 ) ) ;
#3576 = ORIENTED_EDGE ( 'NONE', *, *, #3326, .T. ) ;
#3577 = AXIS2_PLACEMENT_3D ( 'NONE', #1071, #3284, #535 ) ;
#3578 = VECTOR ( 'NONE', #6742, 1000.000000000000000 ) ;
#3579 = ORIENTED_EDGE ( 'NONE', *, *, #3319, .T. ) ;
#3580 = LINE ( 'NONE', #6336, #5695 ) ;
#3581 = AXIS2_PLACEMENT_3D ( 'NONE', #4064, #603, #5031 ) ;
#3582 = VECTOR ( 'NONE', #3841, 1000.000000000000000 ) ;
#3583 = CARTESIAN_POINT ( 'NONE',  ( -13.47499999999999964, -2.299999999999987388, 1.070000000000000062 ) ) ;
#3585 = ORIENTED_EDGE ( 'NONE', *, *, #1492, .T. ) ;
#3584 = DIRECTION ( 'NONE',  ( 0.5504134434184242419, 0.5164931702367063782, -0.6559571986060597215 ) ) ;
#3586 = VECTOR ( 'NONE', #3254, 1000.000000000000000 ) ;
#3587 = EDGE_CURVE ( 'NONE', #3481, #4169, #1157, .T. ) ;
#3588 = VERTEX_POINT ( 'NONE', #3791 ) ;
#3589 = PLANE ( 'NONE',  #1551 ) ;
#3590 = PLANE ( 'NONE',  #4332 ) ;
#3591 = ADVANCED_FACE ( 'NONE', ( #6016 ), #7045, .T. ) ;
#3592 = DIRECTION ( 'NONE',  ( 3.021188535318570096E-16, 0.9191450300180553645, -0.3939192985791735158 ) ) ;
#3593 = ORIENTED_EDGE ( 'NONE', *, *, #1404, .F. ) ;
#3594 = CARTESIAN_POINT ( 'NONE',  ( 13.14200000000000124, 1.130000000000000782, -1.900000000000002354 ) ) ;
#3595 = EDGE_CURVE ( 'NONE', #5887, #2049, #3787, .T. ) ;
#3596 = ORIENTED_EDGE ( 'NONE', *, *, #138, .F. ) ;
#3597 = CARTESIAN_POINT ( 'NONE',  ( 13.26900000000000190, 0.3800000000000000044, -0.5079999999999949001 ) ) ;
#3598 = DIRECTION ( 'NONE',  ( 0.000000000000000000, 0.000000000000000000, -1.000000000000000000 ) ) ;
#3599 = DIRECTION ( 'NONE',  ( 3.286955199289085105E-16, 1.000000000000000000, 0.000000000000000000 ) ) ;
#3600 = EDGE_CURVE ( 'NONE', #2118, #2432, #2750, .T. ) ;
#3601 = LINE ( 'NONE', #4738, #5057 ) ;
#3602 = FACE_OUTER_BOUND ( 'NONE', #127, .T. ) ;
#3603 = ORIENTED_EDGE ( 'NONE', *, *, #1721, .F. ) ;
#3604 = DIRECTION ( 'NONE',  ( 1.000000000000000000, 0.000000000000000000, 0.000000000000000000 ) ) ;
#3605 = ORIENTED_EDGE ( 'NONE', *, *, #367, .T. ) ;
#3606 = CARTESIAN_POINT ( 'NONE',  ( 4.978631618257905345, 2.980613728770025617, 0.9569143895785540144 ) ) ;
#3607 = DIRECTION ( 'NONE',  ( -0.000000000000000000, 1.000000000000000000, -0.000000000000000000 ) ) ;
#3608 = CARTESIAN_POINT ( 'NONE',  ( -11.23799999999999955, 2.130000000000000782, 5.204170427930421283E-15 ) ) ;
#3609 = CARTESIAN_POINT ( 'NONE',  ( 13.44500000000000384, -3.299999999999996714, -13.65917520938231178 ) ) ;
#3610 = B_SPLINE_CURVE_WITH_KNOTS ( 'NONE', 3,
 ( #2444, #1930, #1347, #4633, #780, #3528, #3564 ),
 .UNSPECIFIED., .F., .F.,
 ( 4, 1, 1, 1, 4 ),
 ( 0.000000000000000000, 0.2500000000000000000, 0.5000000000000000000, 0.7500000000000000000, 1.000000000000000000 ),
 .UNSPECIFIED. ) ;
#3611 = ORIENTED_EDGE ( 'NONE', *, *, #5982, .T. ) ;
#3612 = VERTEX_POINT ( 'NONE', #3369 ) ;
#3613 = DIRECTION ( 'NONE',  ( -0.9263013809843633206, 0.3742500509449994128, -0.04361938736532862404 ) ) ;
#3614 = PLANE ( 'NONE',  #1152 ) ;
#3616 = ORIENTED_EDGE ( 'NONE', *, *, #5781, .T. ) ;
#3615 = FACE_OUTER_BOUND ( 'NONE', #732, .T. ) ;
#3617 = ORIENTED_EDGE ( 'NONE', *, *, #5991, .T. ) ;
#3618 = ORIENTED_EDGE ( 'NONE', *, *, #5124, .T. ) ;
#3619 = AXIS2_PLACEMENT_3D ( 'NONE', #2143, #4950, #1022 ) ;
#3620 = LINE ( 'NONE', #3206, #871 ) ;
#3621 = DIRECTION ( 'NONE',  ( 0.000000000000000000, 0.000000000000000000, -1.000000000000000000 ) ) ;
#3622 = LINE ( 'NONE', #3078, #1434 ) ;
#3623 = ADVANCED_FACE ( 'NONE', ( #3902 ), #5558, .F. ) ;
#3624 = ORIENTED_EDGE ( 'NONE', *, *, #1737, .F. ) ;
#3625 = DIRECTION ( 'NONE',  ( 0.000000000000000000, 1.000000000000000000, 0.000000000000000000 ) ) ;
#3626 = AXIS2_PLACEMENT_3D ( 'NONE', #1263, #6162, #1191 ) ;
#3627 = EDGE_LOOP ( 'NONE', ( #2847, #6496, #3336, #4285, #3748, #3596, #6853 ) ) ;
#3628 = EDGE_CURVE ( 'NONE', #4380, #461, #2292, .T. ) ;
#3629 = DIRECTION ( 'NONE',  ( 0.000000000000000000, 0.000000000000000000, 1.000000000000000000 ) ) ;
#3630 = CARTESIAN_POINT ( 'NONE',  ( -13.32499999999999574, 1.830000000000000959, 1.275000000000000133 ) ) ;
#3631 = DIRECTION ( 'NONE',  ( -1.000000000000000000, 0.000000000000000000, 1.121235145219832942E-16 ) ) ;
#3632 = CIRCLE ( 'NONE', #43, 0.7873999999999997668 ) ;
#3633 = CARTESIAN_POINT ( 'NONE',  ( -11.23799999999999955, -3.299999999999999822, 5.204170427930421283E-15 ) ) ;
#3634 = ADVANCED_FACE ( 'NONE', ( #4326 ), #3331, .F. ) ;
#3636 = DIRECTION ( 'NONE',  ( 0.000000000000000000, -1.000000000000000000, 0.000000000000000000 ) ) ;
#3635 = CIRCLE ( 'NONE', #509, 0.7620000000000005658 ) ;
#3637 = ORIENTED_EDGE ( 'NONE', *, *, #1819, .F. ) ;
#3638 = CARTESIAN_POINT ( 'NONE',  ( -12.81499999999999595, 1.830000000000003180, 0.9250000000000000444 ) ) ;
#3639 = ORIENTED_EDGE ( 'NONE', *, *, #405, .F. ) ;
#3640 = VECTOR ( 'NONE', #6317, 1000.000000000000000 ) ;
#3641 = CARTESIAN_POINT ( 'NONE',  ( 4.268679953012214590, 3.315585557048766230, -0.7823141873963935788 ) ) ;
#3642 = DIRECTION ( 'NONE',  ( 0.000000000000000000, -1.000000000000000000, 0.000000000000000000 ) ) ;
#3643 = LINE ( 'NONE', #5830, #4106 ) ;
#3644 = DIRECTION ( 'NONE',  ( 0.000000000000000000, 0.000000000000000000, 1.000000000000000000 ) ) ;
#3645 = EDGE_CURVE ( 'NONE', #4291, #393, #1695, .T. ) ;
#3646 = ORIENTED_EDGE ( 'NONE', *, *, #2452, .F. ) ;
#3647 = AXIS2_PLACEMENT_3D ( 'NONE', #1383, #4976, #3377 ) ;
#3648 = EDGE_LOOP ( 'NONE', ( #5042, #6381, #3653, #1966, #6675 ) ) ;
#3649 = VECTOR ( 'NONE', #22, 1000.000000000000000 ) ;
#3650 = FILL_AREA_STYLE_COLOUR ( '', #3159 ) ;
#3651 = CARTESIAN_POINT ( 'NONE',  ( 3.110000000000002984, 1.780000000000000693, 1.900000000000001021 ) ) ;
#3653 = ORIENTED_EDGE ( 'NONE', *, *, #3367, .T. ) ;
#3652 = LINE ( 'NONE', #4119, #5963 ) ;
#3654 = VECTOR ( 'NONE', #3880, 1000.000000000000000 ) ;
#3655 = ORIENTED_EDGE ( 'NONE', *, *, #4793, .T. ) ;
#3656 = DIRECTION ( 'NONE',  ( 0.000000000000000000, -1.000000000000000000, 0.000000000000000000 ) ) ;
#3657 = DIRECTION ( 'NONE',  ( 0.000000000000000000, 0.000000000000000000, 1.000000000000000000 ) ) ;
#3658 = VERTEX_POINT ( 'NONE', #2673 ) ;
#3659 = LINE ( 'NONE', #5273, #6585 ) ;
#3660 = ORIENTED_EDGE ( 'NONE', *, *, #1056, .T. ) ;
#3661 = DIRECTION ( 'NONE',  ( 6.307476049436751311E-32, 1.918941898204440247E-16, -1.000000000000000000 ) ) ;
#3662 = DIRECTION ( 'NONE',  ( 0.7480000000000042171, 0.000000000000000000, -0.6636987268331874246 ) ) ;
#3663 = CARTESIAN_POINT ( 'NONE',  ( 1.230000000000000204, 5.180000000000000604, 5.204170427930421283E-15 ) ) ;
#3664 = DIRECTION ( 'NONE',  ( 0.6427876096865379196, 0.000000000000000000, 0.7660444431189792347 ) ) ;
#3665 = CARTESIAN_POINT ( 'NONE',  ( 11.27983273990924573, 2.540000000000000480, -5.231611787952942905 ) ) ;
#3666 = ORIENTED_EDGE ( 'NONE', *, *, #769, .T. ) ;
#3667 = DIRECTION ( 'NONE',  ( 0.000000000000000000, 0.000000000000000000, -1.000000000000000000 ) ) ;
#3668 = EDGE_CURVE ( 'NONE', #4696, #1424, #328, .T. ) ;
#3669 = VERTEX_POINT ( 'NONE', #6662 ) ;
#3670 = EDGE_CURVE ( 'NONE', #2420, #4528, #6881, .T. ) ;
#3671 = EDGE_CURVE ( 'NONE', #4731, #5817, #5524, .T. ) ;
#3672 = CARTESIAN_POINT ( 'NONE',  ( 12.84569950541076899, 6.500000000000000888, 4.194999999999994067 ) ) ;
#3673 = DIRECTION ( 'NONE',  ( 3.286955199289085105E-16, 1.000000000000000000, 0.000000000000000000 ) ) ;
#3674 = AXIS2_PLACEMENT_3D ( 'NONE', #4150, #6845, #3138 ) ;
#3675 = DIRECTION ( 'NONE',  ( 0.3746065934159064081, 0.9271838545667897558, -0.000000000000000000 ) ) ;
#3676 = LINE ( 'NONE', #1498, #5876 ) ;
#3677 = ORIENTED_EDGE ( 'NONE', *, *, #3287, .T. ) ;
#3678 = ADVANCED_FACE ( 'NONE', ( #7118 ), #3255, .T. ) ;
#3679 = VECTOR ( 'NONE', #377, 1000.000000000000000 ) ;
#3680 = EDGE_CURVE ( 'NONE', #7070, #2420, #2050, .T. ) ;
#3681 = ORIENTED_EDGE ( 'NONE', *, *, #6731, .T. ) ;
#3682 = LINE ( 'NONE', #2046, #1895 ) ;
#3683 = FACE_OUTER_BOUND ( 'NONE', #5767, .T. ) ;
#3684 = CIRCLE ( 'NONE', #3219, 0.1524000000000004518 ) ;
#3685 = VECTOR ( 'NONE', #6648, 1000.000000000000000 ) ;
#3687 = ORIENTED_EDGE ( 'NONE', *, *, #3319, .F. ) ;
#3686 = DIRECTION ( 'NONE',  ( 0.000000000000000000, 1.000000000000000000, -0.000000000000000000 ) ) ;
#3688 = CIRCLE ( 'NONE', #6543, 0.1524000000000004518 ) ;
#3689 = VECTOR ( 'NONE', #6785, 1000.000000000000114 ) ;
#3690 = ORIENTED_EDGE ( 'NONE', *, *, #5898, .F. ) ;
#3691 = DIRECTION ( 'NONE',  ( -0.000000000000000000, -1.000000000000000000, -0.000000000000000000 ) ) ;
#3692 = CARTESIAN_POINT ( 'NONE',  ( 8.512783617748477027, 2.439593252090354270, 8.679283540538031971 ) ) ;
#3693 = VECTOR ( 'NONE', #3323, 1000.000000000000000 ) ;
#3694 = ORIENTED_EDGE ( 'NONE', *, *, #4400, .T. ) ;
#3695 = CARTESIAN_POINT ( 'NONE',  ( -2.069999999999998952, -3.299999999999999822, 8.125000000000003553 ) ) ;
#3696 = VERTEX_POINT ( 'NONE', #6550 ) ;
#3697 = CIRCLE ( 'NONE', #1140, 0.2000000000000000944 ) ;
#3698 = DIRECTION ( 'NONE',  ( -1.000000000000000000, 3.977264022323940376E-16, 0.000000000000000000 ) ) ;
#3699 = CARTESIAN_POINT ( 'NONE',  ( 13.65000000000000036, 0.3800000000000000044, -0.5079999999999949001 ) ) ;
#3700 = CARTESIAN_POINT ( 'NONE',  ( -9.650000000000000355, 2.280000000000000693, -1.174999999999997158 ) ) ;
#3701 = LINE ( 'NONE', #2141, #1709 ) ;
#3702 = ORIENTED_EDGE ( 'NONE', *, *, #4068, .F. ) ;
#3703 = DIRECTION ( 'NONE',  ( 0.000000000000000000, 0.000000000000000000, -1.000000000000000000 ) ) ;
#3704 = ORIENTED_EDGE ( 'NONE', *, *, #5705, .F. ) ;
#3705 = DIRECTION ( 'NONE',  ( -1.000000000000000000, 0.000000000000000000, 0.000000000000000000 ) ) ;
#3706 = CARTESIAN_POINT ( 'NONE',  ( -13.15000000000000036, 0.3800000000000001155, 1.779999999999998028 ) ) ;
#3707 = CARTESIAN_POINT ( 'NONE',  ( 8.913668243767567390, 1.390755732442274351, 0.1498572332372787030 ) ) ;
#3708 = LINE ( 'NONE', #5355, #7101 ) ;
#3709 = VERTEX_POINT ( 'NONE', #3824 ) ;
#3710 = EDGE_CURVE ( 'NONE', #2376, #3758, #6584, .T. ) ;
#3711 = ORIENTED_EDGE ( 'NONE', *, *, #325, .F. ) ;
#3712 = EDGE_CURVE ( 'NONE', #139, #757, #2787, .T. ) ;
#3713 = FACE_OUTER_BOUND ( 'NONE', #682, .T. ) ;
#3715 = EDGE_LOOP ( 'NONE', ( #185, #851, #873, #422 ) ) ;
#3714 = CARTESIAN_POINT ( 'NONE',  ( -5.650000000000000355, 2.130000000000000782, -1.424999999999995159 ) ) ;
#3716 = EDGE_CURVE ( 'NONE', #5608, #3407, #5162, .T. ) ;
#3717 = ORIENTED_EDGE ( 'NONE', *, *, #4456, .F. ) ;
#3718 = CARTESIAN_POINT ( 'NONE',  ( -13.32499999999999751, -3.299999999999999822, 8.545133036385903935 ) ) ;
#3719 = CARTESIAN_POINT ( 'NONE',  ( 4.898729528372980369, 3.012896268582573533, -1.165647475203959393 ) ) ;
#3720 = ORIENTED_EDGE ( 'NONE', *, *, #4325, .F. ) ;
#3721 = FACE_OUTER_BOUND ( 'NONE', #568, .T. ) ;
#3722 = ORIENTED_EDGE ( 'NONE', *, *, #1069, .T. ) ;
#3723 = VECTOR ( 'NONE', #371, 1000.000000000000000 ) ;
#3724 = DIRECTION ( 'NONE',  ( 0.000000000000000000, 1.000000000000000000, 0.000000000000000000 ) ) ;
#3725 = DIRECTION ( 'NONE',  ( 0.000000000000000000, 0.000000000000000000, 1.000000000000000000 ) ) ;
#3726 = CARTESIAN_POINT ( 'NONE',  ( -3.532500000000000195, 0.3800000000000001155, 5.867400000000005278 ) ) ;
#3727 = LINE ( 'NONE', #480, #3513 ) ;
#3728 = DIRECTION ( 'NONE',  ( -0.000000000000000000, 1.000000000000000000, -0.000000000000000000 ) ) ;
#3729 = ORIENTED_EDGE ( 'NONE', *, *, #935, .T. ) ;
#3730 = LINE ( 'NONE', #4135, #3505 ) ;
#3731 = ORIENTED_EDGE ( 'NONE', *, *, #1492, .F. ) ;
#3732 = VECTOR ( 'NONE', #786, 1000.000000000000000 ) ;
#3733 = CARTESIAN_POINT ( 'NONE',  ( -13.65000000000000213, 0.4299999999999979394, -0.8649999999999999911 ) ) ;
#3734 = AXIS2_PLACEMENT_3D ( 'NONE', #5653, #1246, #1900 ) ;
#3735 = LINE ( 'NONE', #4342, #4369 ) ;
#3736 = CIRCLE ( 'NONE', #5232, 0.2726000000000000090 ) ;
#3737 = DIRECTION ( 'NONE',  ( 0.000000000000000000, 0.000000000000000000, -1.000000000000000000 ) ) ;
#3738 = SURFACE_SIDE_STYLE ('',( #3352 ) ) ;
#3739 = ORIENTED_EDGE ( 'NONE', *, *, #2565, .T. ) ;
#3740 = VECTOR ( 'NONE', #2575, 1000.000000000000000 ) ;
#3741 = EDGE_LOOP ( 'NONE', ( #645, #1879, #1032, #295 ) ) ;
#3742 = ORIENTED_EDGE ( 'NONE', *, *, #6840, .T. ) ;
#3743 = ADVANCED_FACE ( 'NONE', ( #4510 ), #3972, .F. ) ;
#3744 = CARTESIAN_POINT ( 'NONE',  ( -13.65000000000000036, -3.299999999999986944, 1.164999999999999813 ) ) ;
#3745 = AXIS2_PLACEMENT_3D ( 'NONE', #2678, #1555, #3829 ) ;
#3746 = CARTESIAN_POINT ( 'NONE',  ( 13.14200000000000124, 1.780000000000000693, -3.175000000000009148 ) ) ;
#3748 = ORIENTED_EDGE ( 'NONE', *, *, #6213, .T. ) ;
#3747 = DIRECTION ( 'NONE',  ( 0.000000000000000000, 1.000000000000000000, 0.000000000000000000 ) ) ;
#3749 = B_SPLINE_CURVE_WITH_KNOTS ( 'NONE', 3,
 ( #1847, #5706, #803, #5637, #3945, #4052, #4091, #2975 ),
 .UNSPECIFIED., .F., .F.,
 ( 4, 2, 2, 4 ),
 ( 0.000000000000000000, 0.0002969815703601259719, 0.0005939631407202519437, 0.001187926281440504321 ),
 .UNSPECIFIED. ) ;
#3750 = ADVANCED_FACE ( 'NONE', ( #1842 ), #2411, .T. ) ;
#3751 = AXIS2_PLACEMENT_3D ( 'NONE', #925, #488, #5861 ) ;
#3752 = EDGE_LOOP ( 'NONE', ( #766, #4515, #6077, #1727 ) ) ;
#3753 = ADVANCED_FACE ( 'NONE', ( #5083 ), #796, .F. ) ;
#3754 = EDGE_CURVE ( 'NONE', #2626, #5948, #729, .T. ) ;
#3755 = CARTESIAN_POINT ( 'NONE',  ( -13.65000000000000036, -2.600000000000000089, -1.675000000000001821 ) ) ;
#3756 = VECTOR ( 'NONE', #1639, 999.9999999999998863 ) ;
#3757 = CARTESIAN_POINT ( 'NONE',  ( 13.14200000000000124, -11.92504368135278803, 1.900000000000002354 ) ) ;
#3758 = VERTEX_POINT ( 'NONE', #2969 ) ;
#3759 = FACE_OUTER_BOUND ( 'NONE', #2283, .T. ) ;
#3760 = EDGE_CURVE ( 'NONE', #5643, #3398, #1878, .T. ) ;
#3761 = ADVANCED_FACE ( 'NONE', ( #1803 ), #2899, .F. ) ;
#3762 = ORIENTED_EDGE ( 'NONE', *, *, #149, .T. ) ;
#3763 = VECTOR ( 'NONE', #2831, 1000.000000000000000 ) ;
#3764 = EDGE_CURVE ( 'NONE', #386, #5356, #5047, .T. ) ;
#3765 = DIRECTION ( 'NONE',  ( -0.000000000000000000, -1.000000000000000000, 0.000000000000000000 ) ) ;
#3766 = CARTESIAN_POINT ( 'NONE',  ( -9.782114919487536753, 0.3800000000000000044, -2.664999999999993818 ) ) ;
#3767 = DIRECTION ( 'NONE',  ( 1.000000000000000000, -3.977264022323940376E-16, 0.000000000000000000 ) ) ;
#3768 = CARTESIAN_POINT ( 'NONE',  ( 8.449815417152560570, 2.142324879415178351, -8.732860806804456644 ) ) ;
#3769 = CARTESIAN_POINT ( 'NONE',  ( 5.992500000000000604, 0.000000000000000000, 5.080000000000005400 ) ) ;
#3770 = EDGE_LOOP ( 'NONE', ( #2019, #2891, #1159, #3318 ) ) ;
#3771 = LINE ( 'NONE', #5499, #3150 ) ;
#3772 = EDGE_CURVE ( 'NONE', #1572, #3845, #4010, .T. ) ;
#3773 = ORIENTED_EDGE ( 'NONE', *, *, #6740, .T. ) ;
#3774 = CARTESIAN_POINT ( 'NONE',  ( 0.000000000000000000, 1.780000000000000693, 3.174999999999994049 ) ) ;
#3775 = LINE ( 'NONE', #1097, #808 ) ;
#3776 = LINE ( 'NONE', #1464, #6967 ) ;
#3777 = DIRECTION ( 'NONE',  ( 0.000000000000000000, 0.000000000000000000, 1.000000000000000000 ) ) ;
#3778 = ORIENTED_EDGE ( 'NONE', *, *, #2217, .F. ) ;
#3779 = ORIENTED_EDGE ( 'NONE', *, *, #6461, .T. ) ;
#3780 = ORIENTED_EDGE ( 'NONE', *, *, #3830, .T. ) ;
#3781 = CYLINDRICAL_SURFACE ( 'NONE', #3288, 0.7600000000000001199 ) ;
#3782 = LINE ( 'NONE', #3248, #3171 ) ;
#3783 = CARTESIAN_POINT ( 'NONE',  ( 1.230000000000000204, 6.500000000000000888, 5.204170427930421283E-15 ) ) ;
#3785 = EDGE_LOOP ( 'NONE', ( #737, #66, #5814, #4774, #6419, #4566, #5391, #5213 ) ) ;
#3784 = LINE ( 'NONE', #3820, #4137 ) ;
#3786 = AXIS2_PLACEMENT_3D ( 'NONE', #505, #617, #4396 ) ;
#3787 = B_SPLINE_CURVE_WITH_KNOTS ( 'NONE', 3,
 ( #1619, #2240, #4936, #1079, #4970, #2128, #6512, #5486 ),
 .UNSPECIFIED., .F., .F.,
 ( 4, 2, 2, 4 ),
 ( 0.000000000000000000, 0.0002969836791057988974, 0.0005939673582115977948, 0.001187934716423195373 ),
 .UNSPECIFIED. ) ;
#3788 = ORIENTED_EDGE ( 'NONE', *, *, #2437, .F. ) ;
#3789 = AXIS2_PLACEMENT_3D ( 'NONE', #3324, #5515, #2117 ) ;
#3790 = CYLINDRICAL_SURFACE ( 'NONE', #5189, 10.05840000000000067 ) ;
#3791 = CARTESIAN_POINT ( 'NONE',  ( -9.650000000000000355, 2.280000000000000693, -1.424999999999995826 ) ) ;
#3792 = DIRECTION ( 'NONE',  ( 0.000000000000000000, 1.000000000000000000, 0.000000000000000000 ) ) ;
#3793 = ORIENTED_EDGE ( 'NONE', *, *, #6746, .T. ) ;
#3794 = CARTESIAN_POINT ( 'NONE',  ( -6.500000000000000888, 1.665000000000000702, -0.09999999999999481526 ) ) ;
#3795 = ADVANCED_FACE ( 'NONE', ( #6728 ), #5667, .F. ) ;
#3796 = ORIENTED_EDGE ( 'NONE', *, *, #365, .T. ) ;
#3797 = DIRECTION ( 'NONE',  ( -1.000000000000000000, -0.000000000000000000, -0.000000000000000000 ) ) ;
#3798 = AXIS2_PLACEMENT_3D ( 'NONE', #5175, #4062, #305 ) ;
#3799 = CARTESIAN_POINT ( 'NONE',  ( -9.423120793068802570, 2.130000000000001670, 1.744431818181813032 ) ) ;
#3800 = CARTESIAN_POINT ( 'NONE',  ( 12.58000000000000007, 1.280000000000001359, 0.4049999999999999711 ) ) ;
#3801 = FACE_OUTER_BOUND ( 'NONE', #3511, .T. ) ;
#3802 = PLANE ( 'NONE',  #6654 ) ;
#3803 = ORIENTED_EDGE ( 'NONE', *, *, #1965, .T. ) ;
#3804 = CARTESIAN_POINT ( 'NONE',  ( -13.65000000000000213, 0.4299999999999979394, 0.8649999999999999911 ) ) ;
#3805 = MANIFOLD_SOLID_BREP ( 'Fillet9', #5806 ) ;
#3806 = VECTOR ( 'NONE', #1765, 1000.000000000000000 ) ;
#3807 = VERTEX_POINT ( 'NONE', #1735 ) ;
#3808 = ADVANCED_FACE ( 'NONE', ( #658 ), #1226, .F. ) ;
#3809 = DIRECTION ( 'NONE',  ( 0.000000000000000000, 0.000000000000000000, 1.000000000000000000 ) ) ;
#3810 = CARTESIAN_POINT ( 'NONE',  ( 1.230000000000000204, 5.550000000000006928, -5.204170427930421283E-15 ) ) ;
#3811 = FACE_OUTER_BOUND ( 'NONE', #7021, .T. ) ;
#3812 = DIRECTION ( 'NONE',  ( -6.851198562309674036E-17, 0.000000000000000000, 1.000000000000000000 ) ) ;
#3813 = EDGE_LOOP ( 'NONE', ( #4069, #2255, #3139, #569 ) ) ;
#3814 = ORIENTED_EDGE ( 'NONE', *, *, #3316, .T. ) ;
#3815 = ORIENTED_EDGE ( 'NONE', *, *, #5943, .T. ) ;
#3816 = ORIENTED_EDGE ( 'NONE', *, *, #6353, .T. ) ;
#3817 = DIRECTION ( 'NONE',  ( 0.000000000000000000, 1.000000000000000000, 0.000000000000000000 ) ) ;
#3818 = CARTESIAN_POINT ( 'NONE',  ( -13.15000000000000036, 2.130000000000000782, 1.424999999999995159 ) ) ;
#3819 = LINE ( 'NONE', #5397, #6783 ) ;
#3821 = ORIENTED_EDGE ( 'NONE', *, *, #2685, .F. ) ;
#3820 = CARTESIAN_POINT ( 'NONE',  ( -9.251967164181534642, 5.030000000000000249, 1.665071770334923817 ) ) ;
#3822 = ORIENTED_EDGE ( 'NONE', *, *, #2354, .T. ) ;
#3823 = CARTESIAN_POINT ( 'NONE',  ( 0.7217936292651684349, 6.500000000000000888, 0.6056567681025109007 ) ) ;
#3824 = CARTESIAN_POINT ( 'NONE',  ( -7.451302353909807330, 5.179199999999999804, -5.079999999999996518 ) ) ;
#3825 = CARTESIAN_POINT ( 'NONE',  ( 13.44500000000000384, 0.9776000000000001355, 0.4049999999999991385 ) ) ;
#3826 = EDGE_LOOP ( 'NONE', ( #6030, #6682, #6335, #576 ) ) ;
#3827 = CARTESIAN_POINT ( 'NONE',  ( 13.14200000000000124, -11.92504368135278803, -1.900000000000002354 ) ) ;
#3828 = EDGE_LOOP ( 'NONE', ( #5579, #6782, #2405, #5668 ) ) ;
#3829 = DIRECTION ( 'NONE',  ( 0.000000000000000000, 0.000000000000000000, 1.000000000000000000 ) ) ;
#3830 = EDGE_CURVE ( 'NONE', #3174, #7058, #3652, .T. ) ;
#3831 = DIRECTION ( 'NONE',  ( -0.000000000000000000, 1.000000000000000000, -0.000000000000000000 ) ) ;
#3832 = CARTESIAN_POINT ( 'NONE',  ( 9.768898486673464276, 5.255337990269957515, 4.445069200168386914 ) ) ;
#3833 = CARTESIAN_POINT ( 'NONE',  ( 13.26900000000000190, 0.3800000000000000044, 0.5079999999999949001 ) ) ;
#3834 = CARTESIAN_POINT ( 'NONE',  ( -13.32499999999999574, 1.977599999999999580, -1.675000000000000266 ) ) ;
#3835 = ORIENTED_EDGE ( 'NONE', *, *, #2527, .F. ) ;
#3836 = FACE_OUTER_BOUND ( 'NONE', #3926, .T. ) ;
#3837 = AXIS2_PLACEMENT_3D ( 'NONE', #7022, #4485, #1816 ) ;
#3838 = ORIENTED_EDGE ( 'NONE', *, *, #2397, .F. ) ;
#3839 = CARTESIAN_POINT ( 'NONE',  ( 3.977201804068252411, 3.385217637035865756, -13.65917520938231178 ) ) ;
#3840 = EDGE_CURVE ( 'NONE', #4445, #2012, #4786, .T. ) ;
#3841 = DIRECTION ( 'NONE',  ( 0.000000000000000000, 1.000000000000000000, 0.000000000000000000 ) ) ;
#3842 = CARTESIAN_POINT ( 'NONE',  ( 7.695414893271074419, 1.877200000000000646, -7.705181426667934375 ) ) ;
#3843 = CIRCLE ( 'NONE', #623, 0.5120000000000003437 ) ;
#3844 =( LENGTH_UNIT ( ) NAMED_UNIT ( * ) SI_UNIT ( .MILLI., .METRE. ) );
#3845 = VERTEX_POINT ( 'NONE', #3173 ) ;
#3846 = PLANE ( 'NONE',  #4990 ) ;
#3847 = ORIENTED_EDGE ( 'NONE', *, *, #3552, .F. ) ;
#3848 = AXIS2_PLACEMENT_3D ( 'NONE', #254, #5225, #4146 ) ;
#3849 = VERTEX_POINT ( 'NONE', #3107 ) ;
#3850 = DIRECTION ( 'NONE',  ( -1.000000000000000000, 0.000000000000000000, -1.742467777208846130E-16 ) ) ;
#3851 = ADVANCED_FACE ( 'NONE', ( #1983, #5839 ), #4180, .F. ) ;
#3852 = LINE ( 'NONE', #534, #1444 ) ;
#3853 = DIRECTION ( 'NONE',  ( -1.781861983965886964E-31, -5.421010862427557669E-16, 1.000000000000000000 ) ) ;
#3855 = VERTEX_POINT ( 'NONE', #6369 ) ;
#3854 = DIRECTION ( 'NONE',  ( 1.000000000000000000, 0.000000000000000000, 0.000000000000000000 ) ) ;
#3856 = AXIS2_PLACEMENT_3D ( 'NONE', #1208, #3309, #4381 ) ;
#3857 = AXIS2_PLACEMENT_3D ( 'NONE', #6220, #5619, #1754 ) ;
#3858 = AXIS2_PLACEMENT_3D ( 'NONE', #5981, #3145, #3256 ) ;
#3859 = EDGE_CURVE ( 'NONE', #4380, #6296, #5630, .T. ) ;
#3860 = ORIENTED_EDGE ( 'NONE', *, *, #442, .F. ) ;
#3861 = CIRCLE ( 'NONE', #863, 0.2725999999999995649 ) ;
#3862 = DIRECTION ( 'NONE',  ( 1.000000000000000000, 0.000000000000000000, 8.963311611156630033E-16 ) ) ;
#3863 = CARTESIAN_POINT ( 'NONE',  ( 5.992500000000000604, -2.227103518025149054, 4.292600000000005522 ) ) ;
#3864 = CARTESIAN_POINT ( 'NONE',  ( 0.000000000000000000, 1.930000000000000826, 0.000000000000000000 ) ) ;
#3865 = ORIENTED_EDGE ( 'NONE', *, *, #2044, .F. ) ;
#3866 = DIRECTION ( 'NONE',  ( 1.000000000000000000, 0.000000000000000000, 1.493467077894566109E-16 ) ) ;
#3867 = VERTEX_POINT ( 'NONE', #6973 ) ;
#3868 = AXIS2_PLACEMENT_3D ( 'NONE', #6361, #316, #4711 ) ;
#3869 = DIRECTION ( 'NONE',  ( 0.000000000000000000, -1.000000000000000000, 0.000000000000000000 ) ) ;
#3870 = DIRECTION ( 'NONE',  ( 3.286955199289085105E-16, 1.000000000000000000, -1.521687259628778261E-16 ) ) ;
#3871 = CARTESIAN_POINT ( 'NONE',  ( -5.600000000000000533, 3.666054381999832579, 0.09999999999999480138 ) ) ;
#3872 = DIRECTION ( 'NONE',  ( 0.000000000000000000, 0.000000000000000000, -1.000000000000000000 ) ) ;
#3873 = ORIENTED_EDGE ( 'NONE', *, *, #4366, .T. ) ;
#3874 = CARTESIAN_POINT ( 'NONE',  ( -13.32499999999999751, -3.299999999999999822, -1.374999999999998668 ) ) ;
#3875 = VECTOR ( 'NONE', #2689, 1000.000000000000000 ) ;
#3876 = VERTEX_POINT ( 'NONE', #5227 ) ;
#3877 = B_SPLINE_CURVE_WITH_KNOTS ( 'NONE', 3,
 ( #1340, #5200, #260, #5089, #6310, #151, #2325, #6773, #1849, #1373 ),
 .UNSPECIFIED., .F., .F.,
 ( 4, 2, 2, 2, 4 ),
 ( 0.000000000000000000, 0.0003189419130732238489, 0.0006378838261464476979, 0.0009568257392196714926, 0.001275767652292895396 ),
 .UNSPECIFIED. ) ;
#3878 = DIRECTION ( 'NONE',  ( 0.000000000000000000, 1.000000000000000000, 0.000000000000000000 ) ) ;
#3879 = CARTESIAN_POINT ( 'NONE',  ( 7.147555011901443045, 5.255337990269914883, 7.595023855044815697 ) ) ;
#3880 = DIRECTION ( 'NONE',  ( -1.000000000000000000, -0.000000000000000000, -0.000000000000000000 ) ) ;
#3881 = LINE ( 'NONE', #994, #5174 ) ;
#3882 = EDGE_CURVE ( 'NONE', #5144, #5608, #900, .T. ) ;
#3883 = ORIENTED_EDGE ( 'NONE', *, *, #1866, .T. ) ;
#3884 = DIRECTION ( 'NONE',  ( 0.000000000000000000, 0.000000000000000000, 1.000000000000000000 ) ) ;
#3885 = EDGE_CURVE ( 'NONE', #5394, #5257, #1244, .T. ) ;
#3886 = EDGE_CURVE ( 'NONE', #2494, #1855, #2048, .T. ) ;
#3887 = ORIENTED_EDGE ( 'NONE', *, *, #2974, .F. ) ;
#3888 = ORIENTED_EDGE ( 'NONE', *, *, #1112, .F. ) ;
#3889 = CARTESIAN_POINT ( 'NONE',  ( -13.47499999999999787, 1.830000000000000959, -1.275000000000000133 ) ) ;
#3890 = CARTESIAN_POINT ( 'NONE',  ( -6.944225494189258718, 5.030000000000000249, -4.367799999999992799 ) ) ;
#3891 = EDGE_CURVE ( 'NONE', #4112, #3381, #4239, .T. ) ;
#3892 = CARTESIAN_POINT ( 'NONE',  ( 9.768898486673464276, 5.550000000000006928, 4.445069200168386914 ) ) ;
#3893 = EDGE_CURVE ( 'NONE', #5268, #5759, #5387, .T. ) ;
#3895 = VERTEX_POINT ( 'NONE', #1918 ) ;
#3894 = LINE ( 'NONE', #3208, #1135 ) ;
#3896 = EDGE_CURVE ( 'NONE', #2153, #3231, #5509, .T. ) ;
#3897 = ORIENTED_EDGE ( 'NONE', *, *, #2114, .F. ) ;
#3898 = DIRECTION ( 'NONE',  ( 1.000000000000000000, -0.000000000000000000, 0.000000000000000000 ) ) ;
#3899 = EDGE_CURVE ( 'NONE', #4910, #6600, #6412, .T. ) ;
#3900 = LINE ( 'NONE', #6092, #6903 ) ;
#3901 = COLOUR_RGB ( '',0.000000000000000000, 0.000000000000000000, 0.000000000000000000 ) ;
#3902 = FACE_OUTER_BOUND ( 'NONE', #1950, .T. ) ;
#3903 =( NAMED_UNIT ( * ) SI_UNIT ( $, .STERADIAN. ) SOLID_ANGLE_UNIT ( ) );
#3904 = VERTEX_POINT ( 'NONE', #6338 ) ;
#3905 = DIRECTION ( 'NONE',  ( 1.000000000000000000, 0.000000000000000000, 0.000000000000000000 ) ) ;
#3906 = AXIS2_PLACEMENT_3D ( 'NONE', #6504, #1113, #3854 ) ;
#3907 = ORIENTED_EDGE ( 'NONE', *, *, #456, .T. ) ;
#3908 = CARTESIAN_POINT ( 'NONE',  ( 7.695414893271074419, 1.877200000000000646, 7.705181426667934375 ) ) ;
#3909 = FACE_OUTER_BOUND ( 'NONE', #4384, .T. ) ;
#3910 = CARTESIAN_POINT ( 'NONE',  ( 13.14200000000000124, -11.92504368135278803, 1.900000000000002354 ) ) ;
#3911 = CIRCLE ( 'NONE', #1715, 0.2726000000000000090 ) ;
#3912 = LINE ( 'NONE', #1666, #5974 ) ;
#3913 = VECTOR ( 'NONE', #2761, 1000.000000000000000 ) ;
#3914 = EDGE_LOOP ( 'NONE', ( #3371, #1843, #5677, #3259, #518, #950, #3133, #1399, #445, #6811, #6085, #4083 ) ) ;
#3915 = DIRECTION ( 'NONE',  ( -1.000000000000000000, -0.000000000000000000, -0.000000000000000000 ) ) ;
#3916 = VERTEX_POINT ( 'NONE', #392 ) ;
#3917 = VECTOR ( 'NONE', #307, 1000.000000000000000 ) ;
#3918 = VECTOR ( 'NONE', #5761, 1000.000000000000000 ) ;
#3919 = CARTESIAN_POINT ( 'NONE',  ( 4.980272008114184246, 3.028083704691639344, -0.9220750831927052582 ) ) ;
#3920 = CARTESIAN_POINT ( 'NONE',  ( -11.23799999999999955, 2.130000000000000782, 5.204170427930421283E-15 ) ) ;
#3921 = CARTESIAN_POINT ( 'NONE',  ( 12.58000000000000007, -3.299999999999996714, -0.4049999999999999711 ) ) ;
#3922 = CARTESIAN_POINT ( 'NONE',  ( -2.069999999999998952, -3.299999999999999822, 8.125000000000003553 ) ) ;
#3923 = ORIENTED_EDGE ( 'NONE', *, *, #4494, .T. ) ;
#3924 = DIRECTION ( 'NONE',  ( 0.9243140908165016212, -0.3734471335988388541, 0.07861742761547847735 ) ) ;
#3925 = VECTOR ( 'NONE', #2595, 1000.000000000000000 ) ;
#3926 = EDGE_LOOP ( 'NONE', ( #1502, #4838, #5856, #3941 ) ) ;
#3927 = ORIENTED_EDGE ( 'NONE', *, *, #6950, .T. ) ;
#3928 = DIRECTION ( 'NONE',  ( 0.000000000000000000, 0.000000000000000000, -1.000000000000000000 ) ) ;
#3929 = LINE ( 'NONE', #6684, #3343 ) ;
#3930 = FACE_OUTER_BOUND ( 'NONE', #5453, .T. ) ;
#3931 = DIRECTION ( 'NONE',  ( -0.000000000000000000, -0.000000000000000000, -1.000000000000000000 ) ) ;
#3932 = EDGE_CURVE ( 'NONE', #5141, #3174, #5901, .T. ) ;
#3934 = ORIENTED_EDGE ( 'NONE', *, *, #4888, .T. ) ;
#3933 = CARTESIAN_POINT ( 'NONE',  ( 10.22153033977939529, 2.072658909329928356, 4.508737170273297679 ) ) ;
#3935 = EDGE_CURVE ( 'NONE', #2412, #5948, #362, .T. ) ;
#3936 = VERTEX_POINT ( 'NONE', #1509 ) ;
#3937 = DIRECTION ( 'NONE',  ( 1.000000000000000000, 0.000000000000000000, 0.000000000000000000 ) ) ;
#3938 = FACE_OUTER_BOUND ( 'NONE', #3715, .T. ) ;
#3939 = ADVANCED_FACE ( 'NONE', ( #3615 ), #1472, .F. ) ;
#3940 = DIRECTION ( 'NONE',  ( -0.8870108331782210476, 0.000000000000000000, -0.4617486132350351880 ) ) ;
#3941 = ORIENTED_EDGE ( 'NONE', *, *, #4726, .F. ) ;
#3942 = CARTESIAN_POINT ( 'NONE',  ( -13.55499999999999794, 0.5500000000000132561, -1.262914488828601467 ) ) ;
#3943 = EDGE_CURVE ( 'NONE', #6642, #989, #4251, .T. ) ;
#3944 = ORIENTED_EDGE ( 'NONE', *, *, #5819, .T. ) ;
#3945 = CARTESIAN_POINT ( 'NONE',  ( 7.577985451945617790, 2.072658909329927912, -7.802525836142047311 ) ) ;
#3946 = LINE ( 'NONE', #593, #5023 ) ;
#3947 = DIRECTION ( 'NONE',  ( 0.000000000000000000, 0.000000000000000000, 1.000000000000000000 ) ) ;
#3948 = FACE_OUTER_BOUND ( 'NONE', #613, .T. ) ;
#3949 = EDGE_LOOP ( 'NONE', ( #5633, #5195, #1980, #2904 ) ) ;
#3950 = CYLINDRICAL_SURFACE ( 'NONE', #6017, 0.4999999999999998890 ) ;
#3951 = ORIENTED_EDGE ( 'NONE', *, *, #3287, .F. ) ;
#3952 = LINE ( 'NONE', #5501, #3167 ) ;
#3953 = CARTESIAN_POINT ( 'NONE',  ( 8.020921417378996665, 5.255337990269907777, 6.835135231356408880 ) ) ;
#3954 = CARTESIAN_POINT ( 'NONE',  ( -12.81499999999999595, 2.380000000000000782, -1.274999999999995692 ) ) ;
#3955 = CYLINDRICAL_SURFACE ( 'NONE', #6775, 0.1000000000000000472 ) ;
#3956 = EDGE_LOOP ( 'NONE', ( #929, #5559, #3883, #6656 ) ) ;
#3957 = CARTESIAN_POINT ( 'NONE',  ( 9.452938220709985018, 5.255337990269911330, -5.006453987509887682 ) ) ;
#3958 = EDGE_LOOP ( 'NONE', ( #1738, #792, #4397, #1563 ) ) ;
#3959 = AXIS2_PLACEMENT_3D ( 'NONE', #4839, #7059, #6526 ) ;
#3960 = DIRECTION ( 'NONE',  ( 0.000000000000000000, 0.000000000000000000, -1.000000000000000000 ) ) ;
#3961 = DIRECTION ( 'NONE',  ( -0.9991816208327026771, 0.000000000000000000, 0.04044859194252697909 ) ) ;
#3962 = CARTESIAN_POINT ( 'NONE',  ( 1.940500351447028926, -2.885595613245920621, -1.359412968102929886 ) ) ;
#3963 = DIRECTION ( 'NONE',  ( -1.000000000000000000, 0.000000000000000000, 0.000000000000000000 ) ) ;
#3964 = ORIENTED_EDGE ( 'NONE', *, *, #895, .T. ) ;
#3965 = AXIS2_PLACEMENT_3D ( 'NONE', #725, #1915, #3478 ) ;
#3966 = EDGE_CURVE ( 'NONE', #6646, #3017, #6439, .T. ) ;
#3967 = ORIENTED_EDGE ( 'NONE', *, *, #1819, .T. ) ;
#3968 = CARTESIAN_POINT ( 'NONE',  ( 6.854361321951246033, 5.179200000000061976, -8.361619446271392420 ) ) ;
#3969 =( GEOMETRIC_REPRESENTATION_CONTEXT ( 3 ) GLOBAL_UNCERTAINTY_ASSIGNED_CONTEXT ( ( #4971 ) ) GLOBAL_UNIT_ASSIGNED_CONTEXT ( ( #6367, #5837, #3170 ) ) REPRESENTATION_CONTEXT ( 'NONE', 'WORKASPACE' ) );
#3970 = CARTESIAN_POINT ( 'NONE',  ( -11.23799999999999955, -3.299999999999999822, -0.7619999999999959028 ) ) ;
#3971 = VECTOR ( 'NONE', #6946, 1000.000000000000000 ) ;
#3973 = CARTESIAN_POINT ( 'NONE',  ( 4.978631618257905345, 2.980613728770025617, -0.7474748810105446006 ) ) ;
#3972 = CYLINDRICAL_SURFACE ( 'NONE', #4581, 0.7600000000000000089 ) ;
#3974 = ORIENTED_EDGE ( 'NONE', *, *, #1578, .F. ) ;
#3975 = EDGE_CURVE ( 'NONE', #6105, #349, #7076, .T. ) ;
#3976 = DIRECTION ( 'NONE',  ( 0.000000000000000000, -0.000000000000000000, -1.000000000000000000 ) ) ;
#3977 = AXIS2_PLACEMENT_3D ( 'NONE', #6921, #1994, #2611 ) ;
#3978 = EDGE_CURVE ( 'NONE', #1024, #2864, #2230, .T. ) ;
#3979 = EDGE_CURVE ( 'NONE', #1407, #995, #2533, .T. ) ;
#3980 = ORIENTED_EDGE ( 'NONE', *, *, #1773, .F. ) ;
#3981 = DIRECTION ( 'NONE',  ( -3.286955199289085105E-16, -1.000000000000000000, -7.608436298143891306E-17 ) ) ;
#3982 = FACE_OUTER_BOUND ( 'NONE', #6430, .T. ) ;
#3983 = EDGE_CURVE ( 'NONE', #5053, #2918, #1540, .T. ) ;
#3984 = AXIS2_PLACEMENT_3D ( 'NONE', #1662, #5953, #1162 ) ;
#3985 = PLANE ( 'NONE',  #6148 ) ;
#3986 = CARTESIAN_POINT ( 'NONE',  ( 10.22214863052319522, 5.255337990269911330, -3.492712698815153782 ) ) ;
#3987 = ORIENTED_EDGE ( 'NONE', *, *, #6000, .F. ) ;
#3988 = EDGE_CURVE ( 'NONE', #555, #3855, #468, .T. ) ;
#3989 = CYLINDRICAL_SURFACE ( 'NONE', #4292, 0.4999999999999998890 ) ;
#3990 = EDGE_CURVE ( 'NONE', #346, #4685, #2296, .T. ) ;
#3991 = ORIENTED_EDGE ( 'NONE', *, *, #753, .T. ) ;
#3992 = VECTOR ( 'NONE', #5219, 1000.000000000000114 ) ;
#3993 = DIRECTION ( 'NONE',  ( -0.9271838545667899778, 0.3746065934159057975, 0.000000000000000000 ) ) ;
#3994 = CARTESIAN_POINT ( 'NONE',  ( 8.018461836739970039, 5.179199999999999804, 7.434112822062039605 ) ) ;
#3995 = CYLINDRICAL_SURFACE ( 'NONE', #6620, 0.4999999999999998890 ) ;
#3996 = EDGE_CURVE ( 'NONE', #4087, #1783, #5852, .T. ) ;
#3997 = CARTESIAN_POINT ( 'NONE',  ( 1.230000000000000204, 2.130000000000001670, 5.204170427930421283E-15 ) ) ;
#3998 = ORIENTED_EDGE ( 'NONE', *, *, #728, .T. ) ;
#3999 = CARTESIAN_POINT ( 'NONE',  ( 9.605903242727681146, 5.255337990269910442, -4.746124827704643501 ) ) ;
#4000 = ORIENTED_EDGE ( 'NONE', *, *, #1423, .T. ) ;
#4001 = VECTOR ( 'NONE', #4737, 1000.000000000000000 ) ;
#4002 = CARTESIAN_POINT ( 'NONE',  ( 9.073934901094526495, 1.164223588353610062, -13.65917520938231178 ) ) ;
#4003 = CARTESIAN_POINT ( 'NONE',  ( -13.17259999999999565, 2.130000000000000782, -8.545133036385903935 ) ) ;
#4004 = LINE ( 'NONE', #6188, #4558 ) ;
#4005 = DIRECTION ( 'NONE',  ( 0.000000000000000000, 0.000000000000000000, 1.000000000000000000 ) ) ;
#4006 = VERTEX_POINT ( 'NONE', #575 ) ;
#4007 = ORIENTED_EDGE ( 'NONE', *, *, #1425, .T. ) ;
#4008 = FACE_OUTER_BOUND ( 'NONE', #4301, .T. ) ;
#4009 = CARTESIAN_POINT ( 'NONE',  ( 1.230000000000000204, 6.500000000000000888, 9.524999999999998579 ) ) ;
#4011 = ORIENTED_EDGE ( 'NONE', *, *, #5371, .F. ) ;
#4010 = LINE ( 'NONE', #1261, #1474 ) ;
#4012 = VERTEX_POINT ( 'NONE', #1002 ) ;
#4013 = CARTESIAN_POINT ( 'NONE',  ( 12.57999999999999829, -2.600000000000012967, 0.4049999999999999711 ) ) ;
#4014 = ORIENTED_EDGE ( 'NONE', *, *, #1901, .T. ) ;
#4015 = AXIS2_PLACEMENT_3D ( 'NONE', #3714, #1949, #1365 ) ;
#4016 = FACE_OUTER_BOUND ( 'NONE', #5015, .T. ) ;
#4017 = DIRECTION ( 'NONE',  ( -1.000000000000000000, 3.286955199289085105E-16, 0.000000000000000000 ) ) ;
#4018 = FACE_OUTER_BOUND ( 'NONE', #7003, .T. ) ;
#4019 = EDGE_CURVE ( 'NONE', #3553, #2223, #3212, .T. ) ;
#4020 = CARTESIAN_POINT ( 'NONE',  ( 10.13962589795779579, 5.255337990269911330, -3.673792325278757875 ) ) ;
#4021 = VERTEX_POINT ( 'NONE', #1150 ) ;
#4022 = DIRECTION ( 'NONE',  ( -1.000000000000000000, -0.000000000000000000, -0.000000000000000000 ) ) ;
#4023 = VECTOR ( 'NONE', #2987, 1000.000000000000000 ) ;
#4024 = ORIENTED_EDGE ( 'NONE', *, *, #7113, .F. ) ;
#4025 = LINE ( 'NONE', #3526, #2591 ) ;
#4026 = CIRCLE ( 'NONE', #6442, 0.7873999999999997668 ) ;
#4027 = CARTESIAN_POINT ( 'NONE',  ( 8.900743007849118982, 5.179199999999701376, 6.520006839280296340 ) ) ;
#4028 = CIRCLE ( 'NONE', #1716, 0.3023999999999995580 ) ;
#4029 = CARTESIAN_POINT ( 'NONE',  ( -12.81499999999999595, 2.380000000000000782, 1.274999999999995692 ) ) ;
#4030 = FACE_OUTER_BOUND ( 'NONE', #2583, .T. ) ;
#4031 = EDGE_CURVE ( 'NONE', #484, #3709, #2991, .T. ) ;
#4032 = EDGE_LOOP ( 'NONE', ( #5150, #3814, #4734, #154 ) ) ;
#4033 = CARTESIAN_POINT ( 'NONE',  ( 9.747110302542660420, 5.255337990269953075, -4.486863323684407767 ) ) ;
#4034 = B_SPLINE_CURVE_WITH_KNOTS ( 'NONE', 3,
 ( #2211, #983, #1522, #4405, #6594, #3768, #3263, #2681 ),
 .UNSPECIFIED., .F., .F.,
 ( 4, 2, 2, 4 ),
 ( 0.000000000000000000, 0.0002969468540961179670, 0.0005938937081922359340, 0.001187787416384471868 ),
 .UNSPECIFIED. ) ;
#4035 = VECTOR ( 'NONE', #4230, 1000.000000000000000 ) ;
#4036 = VECTOR ( 'NONE', #2688, 1000.000000000000000 ) ;
#4037 = ORIENTED_EDGE ( 'NONE', *, *, #6990, .T. ) ;
#4038 = CARTESIAN_POINT ( 'NONE',  ( -13.28239999999999910, -2.299999999999986944, 1.270000000000000906 ) ) ;
#4039 = DIRECTION ( 'NONE',  ( 0.000000000000000000, 1.000000000000000000, 0.000000000000000000 ) ) ;
#4040 = DIRECTION ( 'NONE',  ( -0.000000000000000000, -1.000000000000000000, -0.000000000000000000 ) ) ;
#4041 = LINE ( 'NONE', #4501, #5285 ) ;
#4042 = CIRCLE ( 'NONE', #2774, 0.5999999999999998668 ) ;
#4043 = VERTEX_POINT ( 'NONE', #5940 ) ;
#4044 = VECTOR ( 'NONE', #5188, 1000.000000000000000 ) ;
#4045 = VERTEX_POINT ( 'NONE', #6012 ) ;
#4046 = LINE ( 'NONE', #6299, #4300 ) ;
#4047 = CARTESIAN_POINT ( 'NONE',  ( 1.230000000000000204, 5.180000000000000604, 5.204170427930421283E-15 ) ) ;
#4049 = ORIENTED_EDGE ( 'NONE', *, *, #3504, .T. ) ;
#4048 = PRESENTATION_STYLE_ASSIGNMENT (( #6766 ) ) ;
#4050 = CARTESIAN_POINT ( 'NONE',  ( -11.23799999999999955, 3.560000000000000497, 5.204170427930421283E-15 ) ) ;
#4051 = EDGE_LOOP ( 'NONE', ( #2190, #6125, #502, #3081, #6279, #1466, #2801 ) ) ;
#4052 = CARTESIAN_POINT ( 'NONE',  ( 7.413864348403706117, 1.862354140077070674, -7.934160631576049560 ) ) ;
#4053 = CARTESIAN_POINT ( 'NONE',  ( 9.800806032063539064, 5.248987658920769128, -4.461679221721134958 ) ) ;
#4054 = LINE ( 'NONE', #6240, #6036 ) ;
#4055 = CARTESIAN_POINT ( 'NONE',  ( 9.929618270671435099, 5.255337990269911330, -4.124199677418190824 ) ) ;
#4056 = ORIENTED_EDGE ( 'NONE', *, *, #2621, .F. ) ;
#4057 = LINE ( 'NONE', #5644, #5329 ) ;
#4058 = ORIENTED_EDGE ( 'NONE', *, *, #1780, .F. ) ;
#4059 = EDGE_CURVE ( 'NONE', #4012, #4393, #3784, .T. ) ;
#4060 = VERTEX_POINT ( 'NONE', #2743 ) ;
#4061 = DIRECTION ( 'NONE',  ( 0.3746065934159064081, 0.9271838545667897558, -0.000000000000000000 ) ) ;
#4062 = DIRECTION ( 'NONE',  ( 1.000000000000000000, -3.286955199289085105E-16, -0.000000000000000000 ) ) ;
#4063 = CARTESIAN_POINT ( 'NONE',  ( 1.230000000000000204, 1.780000000000000693, 5.204170427930421283E-15 ) ) ;
#4064 = CARTESIAN_POINT ( 'NONE',  ( 1.230000000000000204, -0.5517170886363883531, 5.204170427930421283E-15 ) ) ;
#4065 = DIRECTION ( 'NONE',  ( 1.296892550819982002E-16, 0.000000000000000000, 1.000000000000000000 ) ) ;
#4066 = ORIENTED_EDGE ( 'NONE', *, *, #6295, .T. ) ;
#4067 = FACE_OUTER_BOUND ( 'NONE', #3204, .T. ) ;
#4068 = EDGE_CURVE ( 'NONE', #5833, #730, #7039, .T. ) ;
#4069 = ORIENTED_EDGE ( 'NONE', *, *, #4411, .F. ) ;
#4070 = EDGE_CURVE ( 'NONE', #6196, #1047, #3894, .T. ) ;
#4071 = CARTESIAN_POINT ( 'NONE',  ( 4.978631618257905345, 2.980613728770025617, 0.7474748810105446006 ) ) ;
#4072 = CARTESIAN_POINT ( 'NONE',  ( 3.110000000000002984, 1.130000000000000782, 1.900000000000001021 ) ) ;
#4073 = LINE ( 'NONE', #3537, #6851 ) ;
#4074 = CARTESIAN_POINT ( 'NONE',  ( -5.650000000000000355, 2.130000000000000782, 1.424999999999995159 ) ) ;
#4075 = ORIENTED_EDGE ( 'NONE', *, *, #1828, .F. ) ;
#4076 = EDGE_CURVE ( 'NONE', #1621, #4814, #5437, .T. ) ;
#4077 = TOROIDAL_SURFACE ( 'NONE', #3837, 0.007085511171399497092, 0.2726000000000000090 ) ;
#4078 = EDGE_CURVE ( 'NONE', #6600, #2090, #6887, .T. ) ;
#4079 = VERTEX_POINT ( 'NONE', #4854 ) ;
#4080 = CARTESIAN_POINT ( 'NONE',  ( -13.47499999999999964, -2.600000000000000089, -0.8650000000000001021 ) ) ;
#4081 = CARTESIAN_POINT ( 'NONE',  ( -13.47499999999999787, 1.830000000000003402, -0.9250000000000000444 ) ) ;
#4083 = ORIENTED_EDGE ( 'NONE', *, *, #5855, .T. ) ;
#4082 = DIRECTION ( 'NONE',  ( -0.000000000000000000, 0.000000000000000000, -1.000000000000000000 ) ) ;
#4084 = EDGE_CURVE ( 'NONE', #875, #2118, #7111, .T. ) ;
#4085 = VECTOR ( 'NONE', #6126, 1000.000000000000000 ) ;
#4086 = FACE_OUTER_BOUND ( 'NONE', #1359, .T. ) ;
#4087 = VERTEX_POINT ( 'NONE', #612 ) ;
#4088 = AXIS2_PLACEMENT_3D ( 'NONE', #5970, #1505, #5395 ) ;
#4089 = VECTOR ( 'NONE', #4170, 1000.000000000000000 ) ;
#4090 = VECTOR ( 'NONE', #2089, 1000.000000000000000 ) ;
#4091 = CARTESIAN_POINT ( 'NONE',  ( 7.257902621362306128, 1.780000000000000915, -8.054572347096501161 ) ) ;
#4092 = DIRECTION ( 'NONE',  ( 1.000000000000000000, 0.000000000000000000, 1.296892550819982002E-16 ) ) ;
#4093 = LINE ( 'NONE', #5709, #1543 ) ;
#4094 = VERTEX_POINT ( 'NONE', #5478 ) ;
#4095 = DIRECTION ( 'NONE',  ( 0.3746065934159064081, 0.9271838545667897558, 0.000000000000000000 ) ) ;
#4096 = AXIS2_PLACEMENT_3D ( 'NONE', #6637, #3018, #4630 ) ;
#4097 = EDGE_LOOP ( 'NONE', ( #4235, #2589, #809, #197 ) ) ;
#4098 = VECTOR ( 'NONE', #3040, 1000.000000000000000 ) ;
#4099 = DIRECTION ( 'NONE',  ( 0.000000000000000000, 1.000000000000000000, 0.000000000000000000 ) ) ;
#4100 = CARTESIAN_POINT ( 'NONE',  ( -13.28239999999999732, 0.5500000000000131450, -1.270000000000000906 ) ) ;
#4101 = DIRECTION ( 'NONE',  ( 0.000000000000000000, 1.000000000000000000, -0.000000000000000000 ) ) ;
#4102 = DIRECTION ( 'NONE',  ( -1.000000000000000000, -0.000000000000000000, 1.742467777208846130E-16 ) ) ;
#4103 = LINE ( 'NONE', #5589, #2052 ) ;
#4104 = EDGE_LOOP ( 'NONE', ( #707, #973, #3421, #370 ) ) ;
#4105 = LINE ( 'NONE', #6288, #1083 ) ;
#4106 = VECTOR ( 'NONE', #4809, 1000.000000000000000 ) ;
#4107 = ORIENTED_EDGE ( 'NONE', *, *, #975, .T. ) ;
#4108 = LINE ( 'NONE', #248, #5231 ) ;
#4109 = DIRECTION ( 'NONE',  ( 0.000000000000000000, 0.000000000000000000, 1.000000000000000000 ) ) ;
#4110 = CARTESIAN_POINT ( 'NONE',  ( -9.119289552242044294, 5.030000000000000249, -1.595095693779899459 ) ) ;
#4111 = DIRECTION ( 'NONE',  ( 0.000000000000000000, 0.000000000000000000, 1.000000000000000000 ) ) ;
#4112 = VERTEX_POINT ( 'NONE', #536 ) ;
#4113 = EDGE_CURVE ( 'NONE', #3317, #967, #4925, .T. ) ;
#4114 = VECTOR ( 'NONE', #478, 1000.000000000000000 ) ;
#4115 = ORIENTED_EDGE ( 'NONE', *, *, #1330, .F. ) ;
#4116 = ADVANCED_FACE ( 'NONE', ( #2705 ), #2198, .F. ) ;
#4117 = LINE ( 'NONE', #6801, #5577 ) ;
#4118 = CARTESIAN_POINT ( 'NONE',  ( 1.230000000000000204, 0.3800000000000000044, 5.204170427930421283E-15 ) ) ;
#4120 = ORIENTED_EDGE ( 'NONE', *, *, #195, .F. ) ;
#4119 = CARTESIAN_POINT ( 'NONE',  ( -13.47499999999999787, 1.977599999999999580, 1.675000000000000266 ) ) ;
#4121 = EDGE_CURVE ( 'NONE', #7070, #2290, #1180, .T. ) ;
#4122 = ORIENTED_EDGE ( 'NONE', *, *, #6031, .T. ) ;
#4123 = CARTESIAN_POINT ( 'NONE',  ( -13.65000000000000391, -3.299999999999999822, 1.675000000000000044 ) ) ;
#4124 = CARTESIAN_POINT ( 'NONE',  ( -9.650000000000000355, 5.030000000000000249, -1.874999999999995559 ) ) ;
#4125 = DIRECTION ( 'NONE',  ( 1.000000000000000000, 0.000000000000000000, 1.936075308009829170E-17 ) ) ;
#4126 = EDGE_LOOP ( 'NONE', ( #5824, #4754, #6691, #2085 ) ) ;
#4127 = DIRECTION ( 'NONE',  ( 0.000000000000000000, -1.000000000000000000, 0.000000000000000000 ) ) ;
#4128 = ORIENTED_EDGE ( 'NONE', *, *, #1380, .T. ) ;
#4129 = LINE ( 'NONE', #6784, #2367 ) ;
#4130 = CARTESIAN_POINT ( 'NONE',  ( -7.043780303214237648, 5.030000000000000249, -4.479999999999994209 ) ) ;
#4131 = CARTESIAN_POINT ( 'NONE',  ( 13.59500000000000419, 5.221380679259153723, -3.757020291111129673 ) ) ;
#4132 = CARTESIAN_POINT ( 'NONE',  ( -13.47499999999999787, 1.977599999999999580, 0.8650000000000003242 ) ) ;
#4133 = DIRECTION ( 'NONE',  ( 0.000000000000000000, -0.000000000000000000, -1.000000000000000000 ) ) ;
#4134 = VERTEX_POINT ( 'NONE', #4703 ) ;
#4135 = CARTESIAN_POINT ( 'NONE',  ( 4.404347326565326348, 3.212639643698991243, 1.359412968102929886 ) ) ;
#4136 = ORIENTED_EDGE ( 'NONE', *, *, #5330, .F. ) ;
#4137 = VECTOR ( 'NONE', #4391, 1000.000000000000000 ) ;
#4138 = CARTESIAN_POINT ( 'NONE',  ( 4.236884534604473451, 3.280299003502751276, 0.8521946352945493075 ) ) ;
#4139 = DIRECTION ( 'NONE',  ( -0.000000000000000000, -1.000000000000000000, -0.000000000000000000 ) ) ;
#4140 = DIRECTION ( 'NONE',  ( -0.000000000000000000, -1.000000000000000000, -0.000000000000000000 ) ) ;
#4141 = DIRECTION ( 'NONE',  ( 1.000000000000000000, 0.000000000000000000, 6.851198562309674036E-17 ) ) ;
#4142 = ORIENTED_EDGE ( 'NONE', *, *, #2108, .F. ) ;
#4143 = AXIS2_PLACEMENT_3D ( 'NONE', #6752, #1788, #1171 ) ;
#4144 = TOROIDAL_SURFACE ( 'NONE', #2537, 0.007085511171399388672, 0.2726000000000000090 ) ;
#4145 = VERTEX_POINT ( 'NONE', #6355 ) ;
#4146 = DIRECTION ( 'NONE',  ( 0.000000000000000000, -0.000000000000000000, 1.000000000000000000 ) ) ;
#4147 = ADVANCED_FACE ( 'NONE', ( #1863 ), #1349, .T. ) ;
#4148 = AXIS2_PLACEMENT_3D ( 'NONE', #3706, #7095, #6035 ) ;
#4149 = FACE_OUTER_BOUND ( 'NONE', #4781, .T. ) ;
#4151 = ORIENTED_EDGE ( 'NONE', *, *, #2710, .T. ) ;
#4150 = CARTESIAN_POINT ( 'NONE',  ( 5.992500000000000604, 0.000000000000000000, 5.080000000000005400 ) ) ;
#4152 = VECTOR ( 'NONE', #5440, 1000.000000000000000 ) ;
#4153 = ADVANCED_FACE ( 'NONE', ( #5245 ), #6118, .F. ) ;
#4154 = ORIENTED_EDGE ( 'NONE', *, *, #3430, .F. ) ;
#4155 = VERTEX_POINT ( 'NONE', #818 ) ;
#4156 = ADVANCED_FACE ( 'NONE', ( #99 ), #2635, .T. ) ;
#4157 = CARTESIAN_POINT ( 'NONE',  ( -9.119289552242044294, 5.030000000000000249, 1.595095693779899459 ) ) ;
#4158 = LINE ( 'NONE', #6474, #4684 ) ;
#4159 = CARTESIAN_POINT ( 'NONE',  ( -7.200000000000001066, 3.666054381999832579, 5.204170427930421283E-15 ) ) ;
#4160 = ORIENTED_EDGE ( 'NONE', *, *, #247, .T. ) ;
#4161 = PLANE ( 'NONE',  #7041 ) ;
#4162 = VERTEX_POINT ( 'NONE', #2447 ) ;
#4163 = EDGE_CURVE ( 'NONE', #5660, #2902, #2481, .T. ) ;
#4164 = CARTESIAN_POINT ( 'NONE',  ( -13.28239999999999732, 0.5500000000000131450, 1.262914488828601467 ) ) ;
#4165 = PLANE ( 'NONE',  #6207 ) ;
#4166 = DIRECTION ( 'NONE',  ( -1.000000000000000000, -6.776263578034421448E-16, 0.000000000000000000 ) ) ;
#4167 = LINE ( 'NONE', #1998, #807 ) ;
#4168 = CARTESIAN_POINT ( 'NONE',  ( -13.65000000000000036, 5.180000000000000604, 1.779999999999997806 ) ) ;
#4169 = VERTEX_POINT ( 'NONE', #652 ) ;
#4170 = DIRECTION ( 'NONE',  ( -1.000000000000000000, 3.286955199289085598E-16, 0.000000000000000000 ) ) ;
#4171 = VERTEX_POINT ( 'NONE', #1315 ) ;
#4172 = PLANE ( 'NONE',  #289 ) ;
#4173 = LINE ( 'NONE', #1463, #5866 ) ;
#4174 = DIRECTION ( 'NONE',  ( 0.000000000000000000, 1.000000000000000000, -0.000000000000000000 ) ) ;
#4175 = DIRECTION ( 'NONE',  ( 0.000000000000000000, 0.000000000000000000, 1.000000000000000000 ) ) ;
#4176 = ORIENTED_EDGE ( 'NONE', *, *, #4113, .F. ) ;
#4177 = ORIENTED_EDGE ( 'NONE', *, *, #5943, .F. ) ;
#4178 = DIRECTION ( 'NONE',  ( 0.000000000000000000, 0.000000000000000000, -1.000000000000000000 ) ) ;
#4179 = CARTESIAN_POINT ( 'NONE',  ( -9.423120793068802570, 2.130000000000001670, -1.744431818181813032 ) ) ;
#4181 = ORIENTED_EDGE ( 'NONE', *, *, #1817, .F. ) ;
#4180 = PLANE ( 'NONE',  #6645 ) ;
#4182 = CIRCLE ( 'NONE', #6470, 0.7873999999999997668 ) ;
#4183 = ORIENTED_EDGE ( 'NONE', *, *, #3106, .T. ) ;
#4184 = ADVANCED_FACE ( 'NONE', ( #242 ), #65, .F. ) ;
#4185 = DIRECTION ( 'NONE',  ( 0.000000000000000000, 0.000000000000000000, -1.000000000000000000 ) ) ;
#4186 = DIRECTION ( 'NONE',  ( 1.000000000000000000, 0.000000000000000000, 0.000000000000000000 ) ) ;
#4187 = ORIENTED_EDGE ( 'NONE', *, *, #4190, .F. ) ;
#4188 = CARTESIAN_POINT ( 'NONE',  ( 13.67500000000000426, -0.2999999999999873324, -0.007085511171399388672 ) ) ;
#4189 = EDGE_CURVE ( 'NONE', #5536, #1024, #3022, .T. ) ;
#4190 = EDGE_CURVE ( 'NONE', #1407, #5833, #4103, .T. ) ;
#4191 = VECTOR ( 'NONE', #5084, 1000.000000000000000 ) ;
#4192 = ORIENTED_EDGE ( 'NONE', *, *, #3057, .T. ) ;
#4193 = EDGE_CURVE ( 'NONE', #3904, #7047, #5212, .T. ) ;
#4194 = DIRECTION ( 'NONE',  ( -0.3746065934159064081, -0.9271838545667897558, 0.000000000000000000 ) ) ;
#4195 = LINE ( 'NONE', #779, #574 ) ;
#4196 = ADVANCED_FACE ( 'NONE', ( #3602 ), #4464, .T. ) ;
#4197 = CARTESIAN_POINT ( 'NONE',  ( -13.47499999999999964, -2.600000000000000089, 1.675000000000001821 ) ) ;
#4198 = AXIS2_PLACEMENT_3D ( 'NONE', #2013, #960, #4817 ) ;
#4199 = DIRECTION ( 'NONE',  ( 1.000000000000000000, 0.000000000000000000, 0.000000000000000000 ) ) ;
#4201 = LINE ( 'NONE', #6524, #561 ) ;
#4200 = VECTOR ( 'NONE', #2942, 1000.000000000000000 ) ;
#4202 = ORIENTED_EDGE ( 'NONE', *, *, #1119, .T. ) ;
#4203 = LINE ( 'NONE', #2580, #1897 ) ;
#4204 = EDGE_CURVE ( 'NONE', #4672, #2808, #5719, .T. ) ;
#4205 = ORIENTED_EDGE ( 'NONE', *, *, #4276, .F. ) ;
#4206 = CIRCLE ( 'NONE', #4768, 0.1500000000000000777 ) ;
#4207 = EDGE_CURVE ( 'NONE', #919, #2285, #512, .T. ) ;
#4208 = DIRECTION ( 'NONE',  ( 3.977264022323940870E-16, 1.000000000000000000, -1.649337609206800194E-16 ) ) ;
#4209 = DIRECTION ( 'NONE',  ( -0.000000000000000000, -1.000000000000000000, -0.000000000000000000 ) ) ;
#4210 = DIRECTION ( 'NONE',  ( 1.000000000000000000, -3.286955199289085598E-16, 0.000000000000000000 ) ) ;
#4211 = DIRECTION ( 'NONE',  ( -8.106184467181343480E-16, -0.000000000000000000, 1.000000000000000000 ) ) ;
#4212 = VERTEX_POINT ( 'NONE', #4168 ) ;
#4213 = AXIS2_PLACEMENT_3D ( 'NONE', #3223, #6482, #5412 ) ;
#4214 = EDGE_LOOP ( 'NONE', ( #943, #435, #6736, #5077 ) ) ;
#4215 = AXIS2_PLACEMENT_3D ( 'NONE', #5550, #1178, #4500 ) ;
#4216 = CARTESIAN_POINT ( 'NONE',  ( -9.650000000000000355, 5.030000000000000249, -1.424999999999995826 ) ) ;
#4217 = CARTESIAN_POINT ( 'NONE',  ( 7.417859203408429636, 5.550000000000005151, 7.374403436129160383 ) ) ;
#4219 = VERTEX_POINT ( 'NONE', #5003 ) ;
#4218 = DIRECTION ( 'NONE',  ( 0.000000000000000000, 1.000000000000000000, 0.000000000000000000 ) ) ;
#4220 = TOROIDAL_SURFACE ( 'NONE', #1683, 0.007085511171399605512, 0.2726000000000000090 ) ;
#4221 = ORIENTED_EDGE ( 'NONE', *, *, #6377, .F. ) ;
#4222 = VECTOR ( 'NONE', #1417, 1000.000000000000000 ) ;
#4223 = CARTESIAN_POINT ( 'NONE',  ( 11.27983273990924573, 1.877200000000000646, -5.231611787952942905 ) ) ;
#4224 = CARTESIAN_POINT ( 'NONE',  ( 4.316786624489405533, 3.248016463690199362, -1.165647475203959171 ) ) ;
#4225 = VERTEX_POINT ( 'NONE', #782 ) ;
#4226 = EDGE_LOOP ( 'NONE', ( #2135, #2382, #6539, #2355 ) ) ;
#4227 = CARTESIAN_POINT ( 'NONE',  ( -3.490000000000000657, 1.780000000000000693, -9.524999999999998579 ) ) ;
#4228 = EDGE_CURVE ( 'NONE', #2918, #6448, #4671, .T. ) ;
#4229 = DIRECTION ( 'NONE',  ( -0.000000000000000000, 1.000000000000000000, -0.000000000000000000 ) ) ;
#4230 = DIRECTION ( 'NONE',  ( 0.000000000000000000, 0.000000000000000000, 1.000000000000000000 ) ) ;
#4231 = DIRECTION ( 'NONE',  ( 0.000000000000000000, 0.000000000000000000, 1.000000000000000000 ) ) ;
#4232 = ORIENTED_EDGE ( 'NONE', *, *, #846, .F. ) ;
#4233 = CARTESIAN_POINT ( 'NONE',  ( -5.650000000000000355, 2.130000000000000782, 1.424999999999995159 ) ) ;
#4234 = EDGE_CURVE ( 'NONE', #3381, #6448, #2275, .T. ) ;
#4235 = ORIENTED_EDGE ( 'NONE', *, *, #3098, .F. ) ;
#4236 = CARTESIAN_POINT ( 'NONE',  ( 4.236884534604473451, 3.280299003502751276, -0.8521946352945493075 ) ) ;
#4237 = EDGE_CURVE ( 'NONE', #3231, #2153, #795, .T. ) ;
#4238 = CARTESIAN_POINT ( 'NONE',  ( 13.59500000000000419, -3.299999999999995826, -0.1050000000000020084 ) ) ;
#4239 = CIRCLE ( 'NONE', #1358, 1.020000000000000018 ) ;
#4240 = LINE ( 'NONE', #2103, #2602 ) ;
#4241 = CARTESIAN_POINT ( 'NONE',  ( 1.230000000000000204, 6.500000000000000888, -5.204170427930421283E-15 ) ) ;
#4242 = ORIENTED_EDGE ( 'NONE', *, *, #2172, .F. ) ;
#4243 = ORIENTED_EDGE ( 'NONE', *, *, #219, .F. ) ;
#4244 = EDGE_CURVE ( 'NONE', #3876, #4329, #2615, .T. ) ;
#4245 = VECTOR ( 'NONE', #6579, 1000.000000000000000 ) ;
#4246 = EDGE_CURVE ( 'NONE', #3588, #7070, #1019, .T. ) ;
#4247 = ORIENTED_EDGE ( 'NONE', *, *, #577, .F. ) ;
#4248 = FACE_OUTER_BOUND ( 'NONE', #4492, .T. ) ;
#4249 = CARTESIAN_POINT ( 'NONE',  ( -9.650000000000000355, 5.030000000000000249, -1.874999999999995559 ) ) ;
#4250 = VECTOR ( 'NONE', #3472, 1000.000000000000000 ) ;
#4252 = VERTEX_POINT ( 'NONE', #2650 ) ;
#4251 = LINE ( 'NONE', #2631, #102 ) ;
#4253 = CONICAL_SURFACE ( 'NONE', #2061, 11.20159999999999378, 1.028045828415186547 ) ;
#4254 = CIRCLE ( 'NONE', #1725, 9.626600000000003376 ) ;
#4255 = VERTEX_POINT ( 'NONE', #3230 ) ;
#4256 = DIRECTION ( 'NONE',  ( -0.000000000000000000, 1.000000000000000000, -0.000000000000000000 ) ) ;
#4257 = CARTESIAN_POINT ( 'NONE',  ( 13.59500000000000419, -0.2999999999999873324, -0.1999999999999999833 ) ) ;
#4258 = VECTOR ( 'NONE', #6693, 1000.000000000000000 ) ;
#4259 = ORIENTED_EDGE ( 'NONE', *, *, #3899, .F. ) ;
#4260 = CARTESIAN_POINT ( 'NONE',  ( 13.29260000000000375, 0.9776000000000012458, -0.4049999999999991385 ) ) ;
#4261 = VERTEX_POINT ( 'NONE', #4337 ) ;
#4262 = FACE_OUTER_BOUND ( 'NONE', #7099, .T. ) ;
#4263 = CARTESIAN_POINT ( 'NONE',  ( -13.47499999999999787, 1.830000000000003402, -0.9250000000000001554 ) ) ;
#4264 = CARTESIAN_POINT ( 'NONE',  ( 13.26900000000000190, 0.3800000000000000044, -0.5079999999999949001 ) ) ;
#4265 = CARTESIAN_POINT ( 'NONE',  ( -9.799113291647698176, 2.130000000000000782, 1.424999999999994493 ) ) ;
#4266 = ORIENTED_EDGE ( 'NONE', *, *, #4121, .F. ) ;
#4267 = LINE ( 'NONE', #5381, #1203 ) ;
#4268 = EDGE_CURVE ( 'NONE', #6722, #4606, #4550, .T. ) ;
#4269 = ORIENTED_EDGE ( 'NONE', *, *, #1156, .F. ) ;
#4270 = CARTESIAN_POINT ( 'NONE',  ( 7.695414893271073531, 5.179199999999975823, -7.705181426667935263 ) ) ;
#4271 = CARTESIAN_POINT ( 'NONE',  ( 12.58000000000000007, 1.130000000000001670, -0.4049999999999999711 ) ) ;
#4272 = CARTESIAN_POINT ( 'NONE',  ( -13.32499999999999574, 3.754744720070766206, 4.398462022887521528 ) ) ;
#4273 = EDGE_CURVE ( 'NONE', #6536, #724, #5281, .T. ) ;
#4274 = EDGE_LOOP ( 'NONE', ( #4331, #2017, #5409, #489 ) ) ;
#4275 = EDGE_CURVE ( 'NONE', #3696, #997, #4927, .T. ) ;
#4276 = EDGE_CURVE ( 'NONE', #1746, #2448, #4201, .T. ) ;
#4277 = ORIENTED_EDGE ( 'NONE', *, *, #6421, .T. ) ;
#4278 = ORIENTED_EDGE ( 'NONE', *, *, #278, .T. ) ;
#4279 = FACE_OUTER_BOUND ( 'NONE', #4289, .T. ) ;
#4280 = LINE ( 'NONE', #2701, #1796 ) ;
#4281 = EDGE_CURVE ( 'NONE', #2990, #7047, #3701, .T. ) ;
#4282 = FACE_OUTER_BOUND ( 'NONE', #469, .T. ) ;
#4284 = ORIENTED_EDGE ( 'NONE', *, *, #5819, .F. ) ;
#4283 = DIRECTION ( 'NONE',  ( 0.000000000000000000, 1.000000000000000000, 0.000000000000000000 ) ) ;
#4285 = ORIENTED_EDGE ( 'NONE', *, *, #1023, .F. ) ;
#4286 = EDGE_CURVE ( 'NONE', #5257, #2414, #5417, .T. ) ;
#4287 = CARTESIAN_POINT ( 'NONE',  ( 0.000000000000000000, 0.000000000000000000, 1.424999999999995826 ) ) ;
#4288 = CARTESIAN_POINT ( 'NONE',  ( 8.438992188345691758, 2.157010179331335209, 8.740754326449488687 ) ) ;
#4289 = EDGE_LOOP ( 'NONE', ( #3267, #2789, #412, #4628, #6779, #1927 ) ) ;
#4290 = CARTESIAN_POINT ( 'NONE',  ( -0.4067930348823200482, 5.030000000000000249, 3.000000000000005329 ) ) ;
#4291 = VERTEX_POINT ( 'NONE', #4869 ) ;
#4292 = AXIS2_PLACEMENT_3D ( 'NONE', #5712, #6674, #2945 ) ;
#4293 = CYLINDRICAL_SURFACE ( 'NONE', #3647, 0.7873999999999997668 ) ;
#4294 = FACE_OUTER_BOUND ( 'NONE', #423, .T. ) ;
#4295 = CARTESIAN_POINT ( 'NONE',  ( -13.28239999999999732, 0.5500000000000131450, 1.277085511171400345 ) ) ;
#4296 = DIRECTION ( 'NONE',  ( 0.7071067811865479058, -0.000000000000000000, -0.7071067811865471286 ) ) ;
#4297 = CARTESIAN_POINT ( 'NONE',  ( 4.530000000000015348, -3.299999999999999822, 8.125000000000003553 ) ) ;
#4298 = VERTEX_POINT ( 'NONE', #5312 ) ;
#4299 = CARTESIAN_POINT ( 'NONE',  ( -9.650000000000000355, 2.380000000000000782, 1.174999999999995826 ) ) ;
#4300 = VECTOR ( 'NONE', #3613, 1000.000000000000114 ) ;
#4301 = EDGE_LOOP ( 'NONE', ( #3455, #2806, #1516, #5952 ) ) ;
#4302 = VECTOR ( 'NONE', #1831, 1000.000000000000000 ) ;
#4303 = DIRECTION ( 'NONE',  ( 0.000000000000000000, 0.000000000000000000, -1.000000000000000000 ) ) ;
#4304 = VECTOR ( 'NONE', #347, 1000.000000000000000 ) ;
#4305 = FACE_OUTER_BOUND ( 'NONE', #6487, .T. ) ;
#4306 = CIRCLE ( 'NONE', #860, 0.1524000000000004518 ) ;
#4307 = DIRECTION ( 'NONE',  ( -1.000000000000000000, 0.000000000000000000, 0.000000000000000000 ) ) ;
#4308 = FILL_AREA_STYLE_COLOUR ( '', #4932 ) ;
#4309 = VERTEX_POINT ( 'NONE', #5346 ) ;
#4310 = ORIENTED_EDGE ( 'NONE', *, *, #4268, .T. ) ;
#4311 = AXIS2_PLACEMENT_3D ( 'NONE', #6899, #2656, #4743 ) ;
#4312 = ORIENTED_EDGE ( 'NONE', *, *, #5017, .F. ) ;
#4313 = ORIENTED_EDGE ( 'NONE', *, *, #5697, .F. ) ;
#4314 = CARTESIAN_POINT ( 'NONE',  ( -13.28239999999999732, 0.5500000000000131450, -1.277085511171400345 ) ) ;
#4315 = LINE ( 'NONE', #6502, #1219 ) ;
#4316 = VECTOR ( 'NONE', #4818, 1000.000000000000000 ) ;
#4317 = LINE ( 'NONE', #7074, #579 ) ;
#4318 = EDGE_CURVE ( 'NONE', #1271, #1389, #6986, .T. ) ;
#4320 = ORIENTED_EDGE ( 'NONE', *, *, #1380, .F. ) ;
#4319 = CARTESIAN_POINT ( 'NONE',  ( -12.81499999999999595, 5.030000000000000249, -1.274999999999995692 ) ) ;
#4321 = EDGE_CURVE ( 'NONE', #4961, #5944, #6417, .T. ) ;
#4322 = VECTOR ( 'NONE', #2624, 1000.000000000000000 ) ;
#4323 = VERTEX_POINT ( 'NONE', #2550 ) ;
#4324 = LINE ( 'NONE', #6511, #2191 ) ;
#4325 = EDGE_CURVE ( 'NONE', #1524, #4606, #4590, .T. ) ;
#4326 = FACE_OUTER_BOUND ( 'NONE', #4826, .T. ) ;
#4327 = VECTOR ( 'NONE', #51, 1000.000000000000000 ) ;
#4328 = DIRECTION ( 'NONE',  ( -0.7071067811865482389, 0.000000000000000000, -0.7071067811865469066 ) ) ;
#4329 = VERTEX_POINT ( 'NONE', #918 ) ;
#4330 = LINE ( 'NONE', #2752, #4755 ) ;
#4331 = ORIENTED_EDGE ( 'NONE', *, *, #3367, .F. ) ;
#4332 = AXIS2_PLACEMENT_3D ( 'NONE', #4623, #665, #2866 ) ;
#4333 = CARTESIAN_POINT ( 'NONE',  ( -3.532500000000000195, -2.227103518025149054, 5.867400000000005278 ) ) ;
#4334 = LINE ( 'NONE', #6521, #775 ) ;
#4335 = LINE ( 'NONE', #3262, #6256 ) ;
#4336 = DIRECTION ( 'NONE',  ( 0.000000000000000000, -1.000000000000000000, 0.000000000000000000 ) ) ;
#4337 = CARTESIAN_POINT ( 'NONE',  ( -13.32499999999999574, 0.7299999999999998712, 0.5650000000000000577 ) ) ;
#4338 = VERTEX_POINT ( 'NONE', #6486 ) ;
#4339 = DIRECTION ( 'NONE',  ( 0.000000000000000000, 1.000000000000000000, 0.000000000000000000 ) ) ;
#4340 = VERTEX_POINT ( 'NONE', #2578 ) ;
#4341 = LINE ( 'NONE', #4412, #5238 ) ;
#4342 = CARTESIAN_POINT ( 'NONE',  ( -12.81499999999999595, 5.030000000000000249, 1.274999999999995692 ) ) ;
#4343 = DIRECTION ( 'NONE',  ( -0.000000000000000000, -1.000000000000000000, 0.000000000000000000 ) ) ;
#4344 = CARTESIAN_POINT ( 'NONE',  ( -13.15000000000000036, 0.3800000000000001155, 1.779999999999998028 ) ) ;
#4345 = CARTESIAN_POINT ( 'NONE',  ( 1.230000000000000204, 6.500000000000000888, -5.204170427930421283E-15 ) ) ;
#4346 = VERTEX_POINT ( 'NONE', #4771 ) ;
#4347 = EDGE_LOOP ( 'NONE', ( #1189, #4361, #3166, #2711 ) ) ;
#4348 = DIRECTION ( 'NONE',  ( 0.000000000000000000, 1.000000000000000000, 0.000000000000000000 ) ) ;
#4349 = DIRECTION ( 'NONE',  ( 0.000000000000000000, -1.000000000000000000, 0.000000000000000000 ) ) ;
#4350 = DIRECTION ( 'NONE',  ( 0.000000000000000000, 0.000000000000000000, 1.000000000000000000 ) ) ;
#4352 = EDGE_LOOP ( 'NONE', ( #4796, #1616, #192, #157 ) ) ;
#4351 = DIRECTION ( 'NONE',  ( -0.000000000000000000, -1.000000000000000000, -0.000000000000000000 ) ) ;
#4353 = AXIS2_PLACEMENT_3D ( 'NONE', #1898, #5754, #4133 ) ;
#4354 = EDGE_CURVE ( 'NONE', #1899, #927, #5922, .T. ) ;
#4355 = ORIENTED_EDGE ( 'NONE', *, *, #224, .F. ) ;
#4356 = AXIS2_PLACEMENT_3D ( 'NONE', #2309, #688, #1872 ) ;
#4357 = AXIS2_PLACEMENT_3D ( 'NONE', #5452, #5568, #1777 ) ;
#4358 = CARTESIAN_POINT ( 'NONE',  ( -9.650000000000000355, 5.030000000000000249, -1.874999999999995559 ) ) ;
#4359 = DIRECTION ( 'NONE',  ( 1.000000000000000000, 0.000000000000000000, 0.000000000000000000 ) ) ;
#4360 = DIRECTION ( 'NONE',  ( 0.000000000000000000, 1.000000000000000000, -0.000000000000000000 ) ) ;
#4361 = ORIENTED_EDGE ( 'NONE', *, *, #2401, .F. ) ;
#4362 = ADVANCED_FACE ( 'NONE', ( #1489 ), #3802, .F. ) ;
#4363 = CARTESIAN_POINT ( 'NONE',  ( -12.81499999999999595, 2.130000000000000782, 1.274999999999995692 ) ) ;
#4364 = VECTOR ( 'NONE', #553, 1000.000000000000000 ) ;
#4365 = CIRCLE ( 'NONE', #6897, 0.4500000000000005107 ) ;
#4366 = EDGE_CURVE ( 'NONE', #4079, #6942, #411, .T. ) ;
#4367 = VERTEX_POINT ( 'NONE', #554 ) ;
#4368 = FACE_OUTER_BOUND ( 'NONE', #4893, .T. ) ;
#4369 = VECTOR ( 'NONE', #1603, 1000.000000000000000 ) ;
#4370 = CARTESIAN_POINT ( 'NONE',  ( -11.23799999999999955, 2.130000000000000782, 5.204170427930421283E-15 ) ) ;
#4371 = EDGE_CURVE ( 'NONE', #2285, #777, #4476, .T. ) ;
#4372 = DIRECTION ( 'NONE',  ( -0.000000000000000000, -1.000000000000000000, 0.000000000000000000 ) ) ;
#4373 = DIRECTION ( 'NONE',  ( -0.3746065934159064081, -0.9271838545667897558, -0.000000000000000000 ) ) ;
#4374 = PLANE ( 'NONE',  #4716 ) ;
#4375 = ORIENTED_EDGE ( 'NONE', *, *, #4467, .T. ) ;
#4376 = ADVANCED_FACE ( 'NONE', ( #5995 ), #4374, .F. ) ;
#4377 = CARTESIAN_POINT ( 'NONE',  ( 11.88634618593554926, 1.780000000000000249, 3.848530364372464430 ) ) ;
#4378 = EDGE_CURVE ( 'NONE', #2570, #6112, #517, .T. ) ;
#4379 = AXIS2_PLACEMENT_3D ( 'NONE', #2163, #6661, #1077 ) ;
#4380 = VERTEX_POINT ( 'NONE', #6595 ) ;
#4381 = DIRECTION ( 'NONE',  ( 0.000000000000000000, 0.000000000000000000, -1.000000000000000000 ) ) ;
#4382 = FACE_OUTER_BOUND ( 'NONE', #6145, .T. ) ;
#4383 = CARTESIAN_POINT ( 'NONE',  ( 4.236884534604473451, 3.280299003502751276, 0.8521946352945493075 ) ) ;
#4384 = EDGE_LOOP ( 'NONE', ( #3576, #790, #6790, #4548 ) ) ;
#4385 = ORIENTED_EDGE ( 'NONE', *, *, #1182, .T. ) ;
#4386 = ORIENTED_EDGE ( 'NONE', *, *, #3326, .F. ) ;
#4387 = ORIENTED_EDGE ( 'NONE', *, *, #7023, .T. ) ;
#4388 = CARTESIAN_POINT ( 'NONE',  ( -7.200000000000001066, 1.780000000000000693, -0.09999999999999480138 ) ) ;
#4389 = LINE ( 'NONE', #6649, #3649 ) ;
#4390 = CARTESIAN_POINT ( 'NONE',  ( -3.532500000000000195, 0.000000000000000000, 5.080000000000005400 ) ) ;
#4392 = VERTEX_POINT ( 'NONE', #5607 ) ;
#4391 = DIRECTION ( 'NONE',  ( -0.000000000000000000, -1.000000000000000000, 0.000000000000000000 ) ) ;
#4393 = VERTEX_POINT ( 'NONE', #6672 ) ;
#4394 = CARTESIAN_POINT ( 'NONE',  ( 9.250000000000001776, 1.600000000000000755, -1.900000000000000577 ) ) ;
#4395 = DIRECTION ( 'NONE',  ( 3.977264022323940870E-16, 1.000000000000000000, -3.970780294165348038E-16 ) ) ;
#4396 = DIRECTION ( 'NONE',  ( 0.000000000000000000, 0.000000000000000000, 1.000000000000000000 ) ) ;
#4397 = ORIENTED_EDGE ( 'NONE', *, *, #6174, .T. ) ;
#4398 = DIRECTION ( 'NONE',  ( -1.000000000000000000, 0.000000000000000000, -0.000000000000000000 ) ) ;
#4399 = VERTEX_POINT ( 'NONE', #6633 ) ;
#4400 = EDGE_CURVE ( 'NONE', #2772, #3116, #2327, .T. ) ;
#4401 = DIRECTION ( 'NONE',  ( -0.000000000000000000, 1.000000000000000000, -0.000000000000000000 ) ) ;
#4402 = FACE_OUTER_BOUND ( 'NONE', #396, .T. ) ;
#4403 = ADVANCED_FACE ( 'NONE', ( #1702 ), #4948, .T. ) ;
#4404 = DIRECTION ( 'NONE',  ( 0.000000000000000000, -1.000000000000000000, -7.608436298143890073E-17 ) ) ;
#4405 = CARTESIAN_POINT ( 'NONE',  ( 8.219835855109362655, 1.875796108632624248, -8.917374606898423650 ) ) ;
#4406 = EDGE_CURVE ( 'NONE', #1402, #3036, #1200, .T. ) ;
#4407 = CARTESIAN_POINT ( 'NONE',  ( -6.500000000000000888, 1.780000000000000693, 0.7999999999999948264 ) ) ;
#4408 = ORIENTED_EDGE ( 'NONE', *, *, #4767, .F. ) ;
#4409 = DIRECTION ( 'NONE',  ( -0.000000000000000000, -1.000000000000000000, 0.000000000000000000 ) ) ;
#4410 = ORIENTED_EDGE ( 'NONE', *, *, #3988, .T. ) ;
#4411 = EDGE_CURVE ( 'NONE', #5941, #1282, #5535, .T. ) ;
#4412 = CARTESIAN_POINT ( 'NONE',  ( -5.774000000000003574, 5.179199999999999804, 5.079999999999997407 ) ) ;
#4413 = CARTESIAN_POINT ( 'NONE',  ( -11.23799999999999955, 3.560000000000000497, -0.5119999999999951257 ) ) ;
#4414 = DIRECTION ( 'NONE',  ( -0.000000000000000000, 1.000000000000000000, -0.000000000000000000 ) ) ;
#4415 = VECTOR ( 'NONE', #75, 1000.000000000000000 ) ;
#4416 = PLANE ( 'NONE',  #1485 ) ;
#4417 = EDGE_CURVE ( 'NONE', #393, #2069, #6703, .T. ) ;
#4418 = ORIENTED_EDGE ( 'NONE', *, *, #1104, .T. ) ;
#4419 = ORIENTED_EDGE ( 'NONE', *, *, #6315, .T. ) ;
#4420 = EDGE_LOOP ( 'NONE', ( #2826, #4122, #2744, #762, #2948, #5539, #5380, #2608, #6936, #897 ) ) ;
#4421 = EDGE_CURVE ( 'NONE', #2224, #1479, #1482, .T. ) ;
#4422 = VECTOR ( 'NONE', #3928, 1000.000000000000000 ) ;
#4423 = AXIS2_PLACEMENT_3D ( 'NONE', #6376, #835, #226 ) ;
#4424 = ORIENTED_EDGE ( 'NONE', *, *, #2792, .F. ) ;
#4425 = CARTESIAN_POINT ( 'NONE',  ( 9.768898486673464276, 5.550000000000006928, -4.445069200168386914 ) ) ;
#4426 = DIRECTION ( 'NONE',  ( 1.141265444721583757E-16, 0.000000000000000000, 1.000000000000000000 ) ) ;
#4427 = CARTESIAN_POINT ( 'NONE',  ( -3.532500000000000195, 0.000000000000000000, 5.867400000000005278 ) ) ;
#4429 = ORIENTED_EDGE ( 'NONE', *, *, #1951, .T. ) ;
#4428 = CARTESIAN_POINT ( 'NONE',  ( -9.650000000000000355, 5.030000000000000249, 1.424999999999995826 ) ) ;
#4430 = VECTOR ( 'NONE', #5613, 1000.000000000000000 ) ;
#4431 = COLOUR_RGB ( '',0.7921568627450980005, 0.8196078431372548767, 0.9333333333333333481 ) ;
#4432 = ORIENTED_EDGE ( 'NONE', *, *, #2574, .F. ) ;
#4433 = LINE ( 'NONE', #1250, #5751 ) ;
#4434 = DIRECTION ( 'NONE',  ( 0.000000000000000000, 1.000000000000000000, 0.000000000000000000 ) ) ;
#4435 = DIRECTION ( 'NONE',  ( 0.000000000000000000, -1.000000000000000000, 0.000000000000000000 ) ) ;
#4436 = DIRECTION ( 'NONE',  ( 0.8870108331782210476, 0.000000000000000000, -0.4617486132350352435 ) ) ;
#4437 = ORIENTED_EDGE ( 'NONE', *, *, #2077, .T. ) ;
#4438 = DIRECTION ( 'NONE',  ( -0.8870108331782210476, 0.000000000000000000, 0.4617486132350352435 ) ) ;
#4439 = VERTEX_POINT ( 'NONE', #1053 ) ;
#4440 = CIRCLE ( 'NONE', #1799, 1.020000000000000018 ) ;
#4441 = LINE ( 'NONE', #5016, #6382 ) ;
#4442 = DIRECTION ( 'NONE',  ( 0.6427876096865378086, -0.000000000000000000, -0.7660444431189792347 ) ) ;
#4443 = CARTESIAN_POINT ( 'NONE',  ( -4.141905033766343003, 2.135810506803006881, 8.503914199058616674 ) ) ;
#4444 = DIRECTION ( 'NONE',  ( 1.000000000000000000, 0.000000000000000000, 0.000000000000000000 ) ) ;
#4445 = VERTEX_POINT ( 'NONE', #6561 ) ;
#4446 = LINE ( 'NONE', #1704, #5903 ) ;
#4447 = CIRCLE ( 'NONE', #4567, 10.79499999999999815 ) ;
#4448 = ORIENTED_EDGE ( 'NONE', *, *, #1822, .T. ) ;
#4449 = EDGE_CURVE ( 'NONE', #5729, #463, #337, .T. ) ;
#4450 = DIRECTION ( 'NONE',  ( -1.000000000000000000, 0.000000000000000000, 6.851198562309674036E-17 ) ) ;
#4451 = CARTESIAN_POINT ( 'NONE',  ( 0.7217936292651684349, 2.540000000000000480, 0.6056567681025109007 ) ) ;
#4452 = CARTESIAN_POINT ( 'NONE',  ( 13.44500000000000384, 0.9776000000000012458, 0.4049999999999991940 ) ) ;
#4453 = DIRECTION ( 'NONE',  ( 0.000000000000000000, 0.000000000000000000, 1.000000000000000000 ) ) ;
#4454 = VERTEX_POINT ( 'NONE', #2251 ) ;
#4455 = ORIENTED_EDGE ( 'NONE', *, *, #4204, .F. ) ;
#4456 = EDGE_CURVE ( 'NONE', #212, #4439, #628, .T. ) ;
#4457 = ORIENTED_EDGE ( 'NONE', *, *, #672, .F. ) ;
#4458 = EDGE_CURVE ( 'NONE', #6340, #6698, #3912, .T. ) ;
#4459 = EDGE_LOOP ( 'NONE', ( #3681, #6274, #714, #1230 ) ) ;
#4460 = FACE_OUTER_BOUND ( 'NONE', #1253, .T. ) ;
#4461 = CARTESIAN_POINT ( 'NONE',  ( -3.532500000000000195, 0.3800000000000001155, 5.080000000000005400 ) ) ;
#4462 = CARTESIAN_POINT ( 'NONE',  ( 3.110000000000002984, -11.92504368135278803, 1.900000000000001021 ) ) ;
#4463 = DIRECTION ( 'NONE',  ( 1.000000000000000000, 0.000000000000000000, 1.296892550819982002E-16 ) ) ;
#4465 = ORIENTED_EDGE ( 'NONE', *, *, #4113, .T. ) ;
#4464 = CYLINDRICAL_SURFACE ( 'NONE', #5635, 0.7873999999999997668 ) ;
#4466 = ADVANCED_FACE ( 'NONE', ( #3948 ), #6026, .F. ) ;
#4467 = EDGE_CURVE ( 'NONE', #2963, #2604, #2422, .T. ) ;
#4468 = EDGE_LOOP ( 'NONE', ( #6888, #6190, #3544, #474 ) ) ;
#4469 = DIRECTION ( 'NONE',  ( 0.07289280957264496208, -0.02945060674215600402, -0.9969048600920376035 ) ) ;
#4470 = CARTESIAN_POINT ( 'NONE',  ( -5.600000000000000533, 3.666054381999832579, -0.09999999999999480138 ) ) ;
#4471 = AXIS2_PLACEMENT_3D ( 'NONE', #5364, #2016, #5770 ) ;
#4472 = DIRECTION ( 'NONE',  ( -1.000000000000000000, 3.286955199289085105E-16, 0.000000000000000000 ) ) ;
#4473 =( NAMED_UNIT ( * ) SI_UNIT ( $, .STERADIAN. ) SOLID_ANGLE_UNIT ( ) );
#4474 = EDGE_LOOP ( 'NONE', ( #6548, #6981, #3327, #1432, #6463, #4419 ) ) ;
#4475 = CYLINDRICAL_SURFACE ( 'NONE', #5110, 0.7873999999999997668 ) ;
#4476 = CIRCLE ( 'NONE', #1364, 10.05840000000000067 ) ;
#4477 = ORIENTED_EDGE ( 'NONE', *, *, #4883, .F. ) ;
#4478 = DIRECTION ( 'NONE',  ( -0.000000000000000000, -1.000000000000000000, -0.000000000000000000 ) ) ;
#4479 = FACE_OUTER_BOUND ( 'NONE', #4665, .T. ) ;
#4480 = CARTESIAN_POINT ( 'NONE',  ( -3.855622272046967058, 1.866938132456910093, 8.678613146536577005 ) ) ;
#4481 = VECTOR ( 'NONE', #3644, 1000.000000000000000 ) ;
#4482 = DIRECTION ( 'NONE',  ( -0.000000000000000000, -1.000000000000000000, -0.000000000000000000 ) ) ;
#4483 = VECTOR ( 'NONE', #3607, 1000.000000000000000 ) ;
#4484 = ORIENTED_EDGE ( 'NONE', *, *, #3716, .F. ) ;
#4485 = DIRECTION ( 'NONE',  ( 1.000000000000000000, -3.286955199289085105E-16, 0.000000000000000000 ) ) ;
#4486 = ORIENTED_EDGE ( 'NONE', *, *, #2217, .T. ) ;
#4487 = AXIS2_PLACEMENT_3D ( 'NONE', #238, #4668, #2443 ) ;
#4488 = DIRECTION ( 'NONE',  ( 0.9271838545667897558, -0.3746065934159063526, 0.000000000000000000 ) ) ;
#4489 = CARTESIAN_POINT ( 'NONE',  ( 9.452938220709985018, 5.255337990269911330, 5.006453987509887682 ) ) ;
#4490 = CARTESIAN_POINT ( 'NONE',  ( 4.236884534604473451, 3.280299003502751276, 0.9569143895785540144 ) ) ;
#4491 = DIRECTION ( 'NONE',  ( 0.000000000000000000, -1.000000000000000000, 0.000000000000000000 ) ) ;
#4492 = EDGE_LOOP ( 'NONE', ( #6446, #3149, #797, #6054 ) ) ;
#4493 = DIRECTION ( 'NONE',  ( 0.000000000000000000, 0.000000000000000000, 1.000000000000000000 ) ) ;
#4494 = EDGE_CURVE ( 'NONE', #5798, #6328, #2725, .T. ) ;
#4495 = VECTOR ( 'NONE', #4463, 1000.000000000000000 ) ;
#4496 = ORIENTED_EDGE ( 'NONE', *, *, #4244, .T. ) ;
#4497 = PLANE ( 'NONE',  #6032 ) ;
#4498 = DIRECTION ( 'NONE',  ( 0.04044319171122733730, -0.01634011010781458509, 0.9990482215818581313 ) ) ;
#4499 = EDGE_CURVE ( 'NONE', #5948, #6105, #4596, .T. ) ;
#4500 = DIRECTION ( 'NONE',  ( 0.000000000000000000, 0.000000000000000000, 1.000000000000000000 ) ) ;
#4501 = CARTESIAN_POINT ( 'NONE',  ( 3.110000000000002984, 1.130000000000000782, -1.900000000000001021 ) ) ;
#4502 = ORIENTED_EDGE ( 'NONE', *, *, #4683, .F. ) ;
#4503 = EDGE_CURVE ( 'NONE', #2570, #2420, #2178, .T. ) ;
#4504 = EDGE_CURVE ( 'NONE', #730, #4393, #4934, .T. ) ;
#4505 = EDGE_LOOP ( 'NONE', ( #4725, #3778, #5411, #5087 ) ) ;
#4506 = EDGE_CURVE ( 'NONE', #4794, #2429, #1270, .T. ) ;
#4507 = DIRECTION ( 'NONE',  ( 0.000000000000000000, 0.000000000000000000, -1.000000000000000000 ) ) ;
#4508 = ADVANCED_FACE ( 'NONE', ( #1303 ), #3252, .F. ) ;
#4509 = CARTESIAN_POINT ( 'NONE',  ( -4.905411559137651700, 6.500000000000000888, -9.524999999999998579 ) ) ;
#4510 = FACE_OUTER_BOUND ( 'NONE', #4214, .T. ) ;
#4511 = SURFACE_STYLE_FILL_AREA ( #2825 ) ;
#4512 = VERTEX_POINT ( 'NONE', #693 ) ;
#4513 = LINE ( 'NONE', #2972, #2002 ) ;
#4514 = PRODUCT_DEFINITION_SHAPE ( 'NONE', 'NONE',  #2788 ) ;
#4515 = ORIENTED_EDGE ( 'NONE', *, *, #969, .F. ) ;
#4516 = EDGE_CURVE ( 'NONE', #7047, #1473, #4028, .T. ) ;
#4517 = CARTESIAN_POINT ( 'NONE',  ( 0.1395998524947435482, 1.780000000000000693, -0.1171381847407415300 ) ) ;
#4518 = CARTESIAN_POINT ( 'NONE',  ( -13.28239999999999732, 0.5500000000000131450, 1.262914488828601467 ) ) ;
#4519 = CARTESIAN_POINT ( 'NONE',  ( -5.774000000000003574, 5.179199999999999804, 5.079999999999997407 ) ) ;
#4520 = DIRECTION ( 'NONE',  ( -1.000000000000000000, 0.000000000000000000, 0.000000000000000000 ) ) ;
#4521 = ORIENTED_EDGE ( 'NONE', *, *, #5043, .T. ) ;
#4522 = CARTESIAN_POINT ( 'NONE',  ( -5.600000000000000533, 1.780000000000000693, -0.09999999999999480138 ) ) ;
#4523 = ORIENTED_EDGE ( 'NONE', *, *, #274, .T. ) ;
#4524 = DIRECTION ( 'NONE',  ( 0.000000000000000000, 0.000000000000000000, 1.000000000000000000 ) ) ;
#4525 = CARTESIAN_POINT ( 'NONE',  ( 9.537358709033144422, 5.179199999999711146, 5.674846708224687397 ) ) ;
#4526 = FACE_OUTER_BOUND ( 'NONE', #2343, .T. ) ;
#4527 = CARTESIAN_POINT ( 'NONE',  ( -3.469999999999981988, 0.3799999999999992828, 9.525000000000002132 ) ) ;
#4528 = VERTEX_POINT ( 'NONE', #5080 ) ;
#4529 = DIRECTION ( 'NONE',  ( 1.000000000000000000, 0.000000000000000000, 0.000000000000000000 ) ) ;
#4530 = EDGE_LOOP ( 'NONE', ( #4640, #5215, #4653, #11 ) ) ;
#4531 = VECTOR ( 'NONE', #6411, 1000.000000000000000 ) ;
#4532 = DIRECTION ( 'NONE',  ( 0.000000000000000000, 1.000000000000000000, 0.000000000000000000 ) ) ;
#4533 = CARTESIAN_POINT ( 'NONE',  ( -12.81499999999999595, 2.280000000000000693, -1.424999999999995826 ) ) ;
#4534 = FACE_OUTER_BOUND ( 'NONE', #4459, .T. ) ;
#4535 = ORIENTED_EDGE ( 'NONE', *, *, #889, .F. ) ;
#4536 = AXIS2_PLACEMENT_3D ( 'NONE', #1880, #6272, #1336 ) ;
#4537 = EDGE_LOOP ( 'NONE', ( #6688, #164, #253, #5836 ) ) ;
#4538 = CARTESIAN_POINT ( 'NONE',  ( 1.940500351447028926, -2.885595613245920621, 1.359412968102929886 ) ) ;
#4539 = EDGE_CURVE ( 'NONE', #3807, #1572, #6582, .T. ) ;
#4540 = CIRCLE ( 'NONE', #4311, 0.3810000000000000608 ) ;
#4541 = DIRECTION ( 'NONE',  ( 0.000000000000000000, 1.000000000000000000, 0.000000000000000000 ) ) ;
#4542 = CIRCLE ( 'NONE', #3162, 9.999999999999998224 ) ;
#4544 = CARTESIAN_POINT ( 'NONE',  ( -13.15000000000000036, 5.180000000000000604, 1.780000000000002247 ) ) ;
#4543 = DIRECTION ( 'NONE',  ( 0.000000000000000000, 0.000000000000000000, 1.000000000000000000 ) ) ;
#4545 = ORIENTED_EDGE ( 'NONE', *, *, #3497, .T. ) ;
#4546 = FACE_OUTER_BOUND ( 'NONE', #366, .T. ) ;
#4547 = VECTOR ( 'NONE', #3878, 1000.000000000000000 ) ;
#4548 = ORIENTED_EDGE ( 'NONE', *, *, #895, .F. ) ;
#4549 = DIRECTION ( 'NONE',  ( 0.000000000000000000, 1.000000000000000000, 0.000000000000000000 ) ) ;
#4550 = B_SPLINE_CURVE_WITH_KNOTS ( 'NONE', 3,
 ( #3665, #6388, #5280, #1559, #2682, #1523, #4837, #3086 ),
 .UNSPECIFIED., .F., .F.,
 ( 4, 2, 2, 4 ),
 ( 0.000000000000000000, 0.0002969451963896281490, 0.0005938903927792562980, 0.001187780785558515198 ),
 .UNSPECIFIED. ) ;
#4551 = FACE_OUTER_BOUND ( 'NONE', #4347, .T. ) ;
#4552 = AXIS2_PLACEMENT_3D ( 'NONE', #407, #6982, #2060 ) ;
#4553 = DIRECTION ( 'NONE',  ( 0.000000000000000000, 0.000000000000000000, -1.000000000000000000 ) ) ;
#4554 = CARTESIAN_POINT ( 'NONE',  ( 6.872146407470170359, 5.255337990269914883, -7.807783487928416477 ) ) ;
#4555 = ORIENTED_EDGE ( 'NONE', *, *, #1423, .F. ) ;
#4556 = DIRECTION ( 'NONE',  ( 0.000000000000000000, 1.000000000000000000, 1.521687259628778015E-16 ) ) ;
#4557 = ORIENTED_EDGE ( 'NONE', *, *, #5160, .F. ) ;
#4558 = VECTOR ( 'NONE', #1251, 1000.000000000000000 ) ;
#4559 = CARTESIAN_POINT ( 'NONE',  ( 13.67500000000000426, -0.2999999999999873324, 0.007085511171399969804 ) ) ;
#4560 = DIRECTION ( 'NONE',  ( 0.000000000000000000, -0.9499257899463777743, -0.3124755887981493507 ) ) ;
#4561 = DIRECTION ( 'NONE',  ( 0.04044319171122733730, -0.01634011010781458509, -0.9990482215818581313 ) ) ;
#4562 = LINE ( 'NONE', #3922, #227 ) ;
#4563 = ORIENTED_EDGE ( 'NONE', *, *, #3015, .F. ) ;
#4564 = CYLINDRICAL_SURFACE ( 'NONE', #2708, 0.2726000000000000090 ) ;
#4565 = VECTOR ( 'NONE', #6321, 1000.000000000000000 ) ;
#4566 = ORIENTED_EDGE ( 'NONE', *, *, #2247, .T. ) ;
#4567 = AXIS2_PLACEMENT_3D ( 'NONE', #3663, #1520, #6984 ) ;
#4568 = CARTESIAN_POINT ( 'NONE',  ( -13.47499999999999787, 1.977599999999999580, -8.545133036385903935 ) ) ;
#4569 = FACE_BOUND ( 'NONE', #2765, .T. ) ;
#4570 = CARTESIAN_POINT ( 'NONE',  ( -13.55499999999999972, -2.299999999999986944, 1.270000000000000906 ) ) ;
#4571 = CARTESIAN_POINT ( 'NONE',  ( -6.300000000000000711, 1.780000000000000693, -0.7999999999999948264 ) ) ;
#4572 = ORIENTED_EDGE ( 'NONE', *, *, #4228, .T. ) ;
#4573 = VERTEX_POINT ( 'NONE', #615 ) ;
#4574 = DIRECTION ( 'NONE',  ( 0.000000000000000000, -1.000000000000000000, 0.000000000000000000 ) ) ;
#4575 = LINE ( 'NONE', #1225, #813 ) ;
#4577 = ORIENTED_EDGE ( 'NONE', *, *, #1733, .F. ) ;
#4576 = FILL_AREA_STYLE ('',( #6695 ) ) ;
#4578 = DIRECTION ( 'NONE',  ( 1.000000000000000000, 0.000000000000000000, -0.000000000000000000 ) ) ;
#4579 = EDGE_CURVE ( 'NONE', #4298, #6642, #1154, .T. ) ;
#4580 = ORIENTED_EDGE ( 'NONE', *, *, #5484, .F. ) ;
#4581 = AXIS2_PLACEMENT_3D ( 'NONE', #2860, #3940, #143 ) ;
#4582 = LINE ( 'NONE', #3448, #5703 ) ;
#4583 = ADVANCED_FACE ( 'NONE', ( #4008 ), #6055, .T. ) ;
#4584 = CARTESIAN_POINT ( 'NONE',  ( -4.250000000000002665, 6.500000000000000888, -6.603999999999997428 ) ) ;
#4585 = LINE ( 'NONE', #627, #6830 ) ;
#4586 = CARTESIAN_POINT ( 'NONE',  ( 13.14200000000000124, -11.92504368135278803, -1.900000000000002354 ) ) ;
#4587 = ORIENTED_EDGE ( 'NONE', *, *, #3886, .F. ) ;
#4588 = LINE ( 'NONE', #6705, #1993 ) ;
#4589 = ADVANCED_FACE ( 'NONE', ( #2747 ), #3366, .F. ) ;
#4590 = CIRCLE ( 'NONE', #2415, 11.33000000000000007 ) ;
#4591 = ORIENTED_EDGE ( 'NONE', *, *, #6871, .F. ) ;
#4592 = ORIENTED_EDGE ( 'NONE', *, *, #2685, .T. ) ;
#4593 = CARTESIAN_POINT ( 'NONE',  ( -6.300000000000000711, 1.665000000000000702, 0.7999999999999948264 ) ) ;
#4594 = AXIS2_PLACEMENT_3D ( 'NONE', #6968, #2041, #2105 ) ;
#4595 = CARTESIAN_POINT ( 'NONE',  ( 1.230000000000001537, -0.2565206349206209380, -6.319229184520675575E-15 ) ) ;
#4596 = CIRCLE ( 'NONE', #801, 1.020000000000000018 ) ;
#4597 = ADVANCED_FACE ( 'NONE', ( #105 ), #6726, .F. ) ;
#4598 = CARTESIAN_POINT ( 'NONE',  ( -13.47499999999999787, 1.480000000000001092, 1.275000000000002798 ) ) ;
#4599 = LINE ( 'NONE', #6787, #4940 ) ;
#4600 = CARTESIAN_POINT ( 'NONE',  ( 10.39832373775306706, 1.780000000000000915, 4.141688731301736759 ) ) ;
#4601 = ORIENTED_EDGE ( 'NONE', *, *, #1640, .F. ) ;
#4602 = CARTESIAN_POINT ( 'NONE',  ( 9.130125890106910447, 1.303301166538628486, -13.65917520938231178 ) ) ;
#4603 = ADVANCED_FACE ( 'NONE', ( #6193 ), #1654, .F. ) ;
#4604 = AXIS2_PLACEMENT_3D ( 'NONE', #4989, #2334, #4491 ) ;
#4605 = VECTOR ( 'NONE', #3019, 1000.000000000000000 ) ;
#4606 = VERTEX_POINT ( 'NONE', #656 ) ;
#4607 = EDGE_CURVE ( 'NONE', #1572, #4885, #3291, .T. ) ;
#4608 = CARTESIAN_POINT ( 'NONE',  ( 4.412172879712628948, 3.353876124328244224, 1.061129556046412681 ) ) ;
#4609 = CARTESIAN_POINT ( 'NONE',  ( 5.992500000000000604, 0.000000000000000000, -5.079999999999994742 ) ) ;
#4610 = DIRECTION ( 'NONE',  ( 3.286955199289085105E-16, 1.000000000000000000, 1.521687259628778261E-16 ) ) ;
#4611 = DIRECTION ( 'NONE',  ( -0.000000000000000000, -1.000000000000000000, 0.000000000000000000 ) ) ;
#4612 = CIRCLE ( 'NONE', #2653, 0.3810000000000000608 ) ;
#4613 = ORIENTED_EDGE ( 'NONE', *, *, #1552, .F. ) ;
#4614 = VECTOR ( 'NONE', #7065, 1000.000000000000000 ) ;
#4615 = ORIENTED_EDGE ( 'NONE', *, *, #2567, .T. ) ;
#4616 = CARTESIAN_POINT ( 'NONE',  ( -6.500000000000000888, 1.780000000000000693, -0.09999999999999481526 ) ) ;
#4617 = DIRECTION ( 'NONE',  ( 4.650733179562504013E-16, 1.000000000000000000, 0.000000000000000000 ) ) ;
#4619 = EDGE_LOOP ( 'NONE', ( #1829, #2782, #2535, #6730 ) ) ;
#4618 = CARTESIAN_POINT ( 'NONE',  ( -13.65000000000000036, -3.299999999999986944, 1.164999999999999813 ) ) ;
#4620 = CARTESIAN_POINT ( 'NONE',  ( 10.15190976443981974, 2.540000000000000480, 4.644452251363272666 ) ) ;
#4621 = ORIENTED_EDGE ( 'NONE', *, *, #2929, .T. ) ;
#4622 = FACE_OUTER_BOUND ( 'NONE', #2158, .T. ) ;
#4623 = CARTESIAN_POINT ( 'NONE',  ( -6.500000000000000888, 3.666054381999832579, -0.7999999999999948264 ) ) ;
#4624 = DIRECTION ( 'NONE',  ( -1.000000000000000000, 3.286955199289085105E-16, 0.000000000000000000 ) ) ;
#4625 = CARTESIAN_POINT ( 'NONE',  ( 9.654995840226611392, 5.255337990269868698, -4.658427592134093409 ) ) ;
#4626 = ORIENTED_EDGE ( 'NONE', *, *, #2929, .F. ) ;
#4627 = FACE_OUTER_BOUND ( 'NONE', #6014, .T. ) ;
#4628 = ORIENTED_EDGE ( 'NONE', *, *, #5904, .F. ) ;
#4629 = ADVANCED_FACE ( 'NONE', ( #6657 ), #4144, .T. ) ;
#4630 = DIRECTION ( 'NONE',  ( 0.000000000000000000, 0.000000000000000000, 1.000000000000000000 ) ) ;
#4631 = EDGE_CURVE ( 'NONE', #1381, #2751, #450, .T. ) ;
#4632 = DIRECTION ( 'NONE',  ( 3.286955199289085105E-16, 1.000000000000000000, 0.000000000000000000 ) ) ;
#4633 = CARTESIAN_POINT ( 'NONE',  ( 4.607758076431188954, 3.130456366136390667, 0.4085797899537459976 ) ) ;
#4634 = CARTESIAN_POINT ( 'NONE',  ( 13.40240000000000542, -2.299999999999987832, -0.007085511171399983682 ) ) ;
#4635 = DIRECTION ( 'NONE',  ( 0.000000000000000000, 1.000000000000000000, 0.000000000000000000 ) ) ;
#4636 = ORIENTED_EDGE ( 'NONE', *, *, #5655, .T. ) ;
#4637 = DIRECTION ( 'NONE',  ( -1.000000000000000000, 3.286955199289085598E-16, -0.000000000000000000 ) ) ;
#4638 = ADVANCED_FACE ( 'NONE', ( #4968 ), #27, .F. ) ;
#4639 = EDGE_CURVE ( 'NONE', #4212, #2918, #4433, .T. ) ;
#4640 = ORIENTED_EDGE ( 'NONE', *, *, #5258, .F. ) ;
#4641 = B_SPLINE_CURVE_WITH_KNOTS ( 'NONE', 3,
 ( #3832, #479, #7018, #3190, #2350, #3227, #6593, #6160, #6559, #3442 ),
 .UNSPECIFIED., .F., .F.,
 ( 4, 3, 3, 4 ),
 ( 0.000000000000000000, 0.0001097101036256991588, 0.0002194202072513996458, 0.0004384604168629615759 ),
 .UNSPECIFIED. ) ;
#4642 = CARTESIAN_POINT ( 'NONE',  ( 11.88634618593554926, 1.780000000000000693, -3.848530364372464430 ) ) ;
#4643 = ADVANCED_FACE ( 'NONE', ( #2959 ), #6227, .F. ) ;
#4644 = CARTESIAN_POINT ( 'NONE',  ( -9.650000000000000355, 2.280000000000000693, -8.545133036385903935 ) ) ;
#4645 = CARTESIAN_POINT ( 'NONE',  ( -13.65000000000000036, 6.500000000000000888, -2.664999999999993374 ) ) ;
#4646 = CARTESIAN_POINT ( 'NONE',  ( -3.490000000000007763, 2.540000000000000480, 2.775908958334685804E-15 ) ) ;
#4647 = ORIENTED_EDGE ( 'NONE', *, *, #5157, .T. ) ;
#4648 = EDGE_CURVE ( 'NONE', #4021, #2420, #3929, .T. ) ;
#4649 = AXIS2_PLACEMENT_3D ( 'NONE', #5959, #519, #1597 ) ;
#4650 = ORIENTED_EDGE ( 'NONE', *, *, #6509, .T. ) ;
#4651 = LINE ( 'NONE', #6233, #1076 ) ;
#4652 = DIRECTION ( 'NONE',  ( 1.000000000000000000, 0.000000000000000000, -1.936075308009829170E-17 ) ) ;
#4653 = ORIENTED_EDGE ( 'NONE', *, *, #1110, .T. ) ;
#4654 = VECTOR ( 'NONE', #1521, 1000.000000000000000 ) ;
#4655 = PLANE ( 'NONE',  #4536 ) ;
#4656 = B_SPLINE_CURVE_WITH_KNOTS ( 'NONE', 3,
 ( #6239, #4053, #2941, #5055, #804, #1884, #6169, #3449, #2396, #1301 ),
 .UNSPECIFIED., .F., .F.,
 ( 4, 3, 3, 4 ),
 ( 0.000000000000000000, 0.0001097101036256991588, 0.0002194202072513996458, 0.0004384604168629615759 ),
 .UNSPECIFIED. ) ;
#4657 = ORIENTED_EDGE ( 'NONE', *, *, #1728, .T. ) ;
#4658 = AXIS2_PLACEMENT_3D ( 'NONE', #2715, #4900, #7082 ) ;
#4659 = CARTESIAN_POINT ( 'NONE',  ( -9.782114919487536753, 6.500000000000000888, 2.664999999999993818 ) ) ;
#4660 = FACE_OUTER_BOUND ( 'NONE', #1577, .T. ) ;
#4661 = CYLINDRICAL_SURFACE ( 'NONE', #1084, 0.7873999999999997668 ) ;
#4662 = ORIENTED_EDGE ( 'NONE', *, *, #5078, .F. ) ;
#4663 = CARTESIAN_POINT ( 'NONE',  ( -13.28239999999999732, 0.5500000000000131450, 1.270000000000000906 ) ) ;
#4664 = AXIS2_PLACEMENT_3D ( 'NONE', #5276, #944, #3120 ) ;
#4665 = EDGE_LOOP ( 'NONE', ( #6201, #5627, #6999, #908 ) ) ;
#4666 = VECTOR ( 'NONE', #3981, 1000.000000000000000 ) ;
#4667 = FACE_OUTER_BOUND ( 'NONE', #6556, .T. ) ;
#4668 = DIRECTION ( 'NONE',  ( -0.000000000000000000, -1.000000000000000000, -0.000000000000000000 ) ) ;
#4669 = LINE ( 'NONE', #4131, #414 ) ;
#4670 = CARTESIAN_POINT ( 'NONE',  ( 11.60812642218991009, 1.780000000000000693, 4.545700382234141301 ) ) ;
#4671 = LINE ( 'NONE', #6819, #2528 ) ;
#4672 = VERTEX_POINT ( 'NONE', #1794 ) ;
#4673 = LINE ( 'NONE', #3429, #5117 ) ;
#4674 = CIRCLE ( 'NONE', #4215, 0.4500000000000005107 ) ;
#4675 = EDGE_CURVE ( 'NONE', #3807, #3867, #1720, .T. ) ;
#4676 = ORIENTED_EDGE ( 'NONE', *, *, #4888, .F. ) ;
#4677 = CARTESIAN_POINT ( 'NONE',  ( 4.898729528372980369, 3.012896268582573533, 1.165647475203959393 ) ) ;
#4678 = CARTESIAN_POINT ( 'NONE',  ( -13.32499999999999574, 1.480000000000001315, 1.675000000000000044 ) ) ;
#4679 = CARTESIAN_POINT ( 'NONE',  ( -12.81499999999999595, 5.030000000000000249, -1.274999999999995692 ) ) ;
#4680 = CIRCLE ( 'NONE', #2728, 0.09999999999999982514 ) ;
#4681 = DIRECTION ( 'NONE',  ( -1.000000000000000000, 0.000000000000000000, 7.953893863423143817E-16 ) ) ;
#4682 = VERTEX_POINT ( 'NONE', #5147 ) ;
#4683 = EDGE_CURVE ( 'NONE', #997, #3696, #1026, .T. ) ;
#4684 = VECTOR ( 'NONE', #5911, 1000.000000000000000 ) ;
#4685 = VERTEX_POINT ( 'NONE', #1217 ) ;
#4686 = DIRECTION ( 'NONE',  ( -0.000000000000000000, -1.000000000000000000, 0.000000000000000000 ) ) ;
#4687 = ADVANCED_FACE ( 'NONE', ( #1285, #132, #3470 ), #207, .T. ) ;
#4688 = CARTESIAN_POINT ( 'NONE',  ( -9.650000000000000355, 2.280000000000000693, 1.424999999999995826 ) ) ;
#4690 = ORIENTED_EDGE ( 'NONE', *, *, #5206, .T. ) ;
#4689 = DIRECTION ( 'NONE',  ( 0.000000000000000000, 0.000000000000000000, 1.000000000000000000 ) ) ;
#4691 = EDGE_LOOP ( 'NONE', ( #5156, #6402, #1232, #3974 ) ) ;
#4692 = ORIENTED_EDGE ( 'NONE', *, *, #2755, .T. ) ;
#4693 = DIRECTION ( 'NONE',  ( 1.000000000000000000, 0.000000000000000000, 0.000000000000000000 ) ) ;
#4694 = CARTESIAN_POINT ( 'NONE',  ( -9.650000000000000355, 2.280000000000000693, 1.174999999999995381 ) ) ;
#4695 = FACE_OUTER_BOUND ( 'NONE', #3770, .T. ) ;
#4696 = VERTEX_POINT ( 'NONE', #6187 ) ;
#4697 = FACE_OUTER_BOUND ( 'NONE', #5675, .T. ) ;
#4698 = VERTEX_POINT ( 'NONE', #6757 ) ;
#4699 = DIRECTION ( 'NONE',  ( 0.000000000000000000, 0.000000000000000000, -1.000000000000000000 ) ) ;
#4700 = DIRECTION ( 'NONE',  ( 7.953893863423147762E-16, -0.000000000000000000, 1.000000000000000000 ) ) ;
#4701 = LINE ( 'NONE', #7017, #4001 ) ;
#4702 = CARTESIAN_POINT ( 'NONE',  ( -6.300000000000000711, 3.666054381999832579, -0.09999999999999492628 ) ) ;
#4703 = CARTESIAN_POINT ( 'NONE',  ( -9.650000000000000355, 2.280000000000000693, 1.274999999999994804 ) ) ;
#4704 = VECTOR ( 'NONE', #2386, 1000.000000000000000 ) ;
#4705 = VERTEX_POINT ( 'NONE', #96 ) ;
#4706 = PLANE ( 'NONE',  #384 ) ;
#4707 = ORIENTED_EDGE ( 'NONE', *, *, #1764, .T. ) ;
#4708 = AXIS2_PLACEMENT_3D ( 'NONE', #1615, #1687, #5400 ) ;
#4709 = CARTESIAN_POINT ( 'NONE',  ( 4.268679953012214590, 3.315585557048767118, -0.9220750831927052582 ) ) ;
#4710 = CARTESIAN_POINT ( 'NONE',  ( 13.14200000000000124, 1.130000000000000782, -1.900000000000002354 ) ) ;
#4711 = DIRECTION ( 'NONE',  ( 0.000000000000000000, -1.000000000000000000, 0.000000000000000000 ) ) ;
#4712 = DIRECTION ( 'NONE',  ( 0.000000000000000000, 1.000000000000000000, 0.000000000000000000 ) ) ;
#4713 = EDGE_CURVE ( 'NONE', #4789, #1172, #1369, .T. ) ;
#4714 = EDGE_LOOP ( 'NONE', ( #4502, #6581 ) ) ;
#4715 = AXIS2_PLACEMENT_3D ( 'NONE', #6181, #1824, #713 ) ;
#4716 = AXIS2_PLACEMENT_3D ( 'NONE', #1631, #595, #4444 ) ;
#4717 = ADVANCED_FACE ( 'NONE', ( #6150 ), #3500, .T. ) ;
#4718 = ORIENTED_EDGE ( 'NONE', *, *, #7037, .T. ) ;
#4719 = DIRECTION ( 'NONE',  ( 1.000000000000000000, 0.000000000000000000, 0.000000000000000000 ) ) ;
#4720 = AXIS2_PLACEMENT_3D ( 'NONE', #952, #3198, #5891 ) ;
#4721 = EDGE_CURVE ( 'NONE', #3709, #3375, #3359, .T. ) ;
#4722 = FACE_OUTER_BOUND ( 'NONE', #5804, .T. ) ;
#4723 = EDGE_CURVE ( 'NONE', #2059, #4329, #719, .T. ) ;
#4725 = ORIENTED_EDGE ( 'NONE', *, *, #3268, .F. ) ;
#4724 = DIRECTION ( 'NONE',  ( 0.9271838545667895337, -0.3746065934159066302, 0.000000000000000000 ) ) ;
#4726 = EDGE_CURVE ( 'NONE', #4789, #6358, #1870, .T. ) ;
#4727 = VERTEX_POINT ( 'NONE', #4072 ) ;
#4728 = EDGE_CURVE ( 'NONE', #4212, #6653, #2887, .T. ) ;
#4729 = DIRECTION ( 'NONE',  ( -0.000000000000000000, 1.000000000000000000, -0.000000000000000000 ) ) ;
#4730 = CARTESIAN_POINT ( 'NONE',  ( 5.992500000000000604, -2.227103518025149054, 5.867400000000005278 ) ) ;
#4731 = VERTEX_POINT ( 'NONE', #61 ) ;
#4732 = CARTESIAN_POINT ( 'NONE',  ( -13.47499999999999787, -2.499999999999988010, -1.270000000000000906 ) ) ;
#4733 = ADVANCED_FACE ( 'NONE', ( #3394 ), #2272, .F. ) ;
#4734 = ORIENTED_EDGE ( 'NONE', *, *, #5332, .F. ) ;
#4735 = CARTESIAN_POINT ( 'NONE',  ( -13.32499999999999574, 1.977600000000000025, -0.9250000000000004885 ) ) ;
#4736 = DIRECTION ( 'NONE',  ( 0.000000000000000000, 1.000000000000000000, -0.000000000000000000 ) ) ;
#4737 = DIRECTION ( 'NONE',  ( 1.000000000000000000, 0.000000000000000000, 1.028048071495611018E-15 ) ) ;
#4738 = CARTESIAN_POINT ( 'NONE',  ( -9.650000000000000355, 2.130000000000000782, 0.9250000000000004885 ) ) ;
#4739 = CARTESIAN_POINT ( 'NONE',  ( -6.300000000000000711, 3.666054381999832579, 0.7999999999999948264 ) ) ;
#4740 = ORIENTED_EDGE ( 'NONE', *, *, #3189, .F. ) ;
#4741 = FACE_BOUND ( 'NONE', #3914, .T. ) ;
#4742 = ORIENTED_EDGE ( 'NONE', *, *, #6823, .F. ) ;
#4743 = DIRECTION ( 'NONE',  ( 0.000000000000000000, 0.000000000000000000, 1.000000000000000000 ) ) ;
#4744 = FACE_OUTER_BOUND ( 'NONE', #3785, .T. ) ;
#4745 = DIRECTION ( 'NONE',  ( -1.000000000000000000, 3.286955199289085105E-16, -0.000000000000000000 ) ) ;
#4746 = CARTESIAN_POINT ( 'NONE',  ( -5.774000000000003574, 5.179199999999999804, -5.079999999999997407 ) ) ;
#4747 = ORIENTED_EDGE ( 'NONE', *, *, #2344, .F. ) ;
#4748 = ORIENTED_EDGE ( 'NONE', *, *, #583, .T. ) ;
#4749 = CARTESIAN_POINT ( 'NONE',  ( 6.538135258239492487, -4.743160692405219869, -1.750464270986195059 ) ) ;
#4751 = ORIENTED_EDGE ( 'NONE', *, *, #2530, .F. ) ;
#4750 = DIRECTION ( 'NONE',  ( 0.000000000000000000, 1.000000000000000000, 0.000000000000000000 ) ) ;
#4752 = CIRCLE ( 'NONE', #1067, 0.1000000000000000472 ) ;
#4753 = EDGE_CURVE ( 'NONE', #6634, #4261, #648, .T. ) ;
#4754 = ORIENTED_EDGE ( 'NONE', *, *, #4841, .T. ) ;
#4755 = VECTOR ( 'NONE', #2205, 1000.000000000000000 ) ;
#4756 = CARTESIAN_POINT ( 'NONE',  ( -4.249999999999999112, 5.179199999999999804, 8.434513060040867316 ) ) ;
#4757 = DIRECTION ( 'NONE',  ( 1.000000000000000000, 0.000000000000000000, 0.000000000000000000 ) ) ;
#4758 = VERTEX_POINT ( 'NONE', #3434 ) ;
#4759 = EDGE_CURVE ( 'NONE', #3036, #4323, #5622, .T. ) ;
#4760 = CARTESIAN_POINT ( 'NONE',  ( -13.64999999999999858, -3.299999999999995826, -0.1050000000000020084 ) ) ;
#4761 = VECTOR ( 'NONE', #495, 1000.000000000000114 ) ;
#4762 = ADVANCED_FACE ( 'NONE', ( #4569, #1976 ), #3128, .T. ) ;
#4763 = VECTOR ( 'NONE', #5416, 1000.000000000000000 ) ;
#4764 = ORIENTED_EDGE ( 'NONE', *, *, #6387, .T. ) ;
#4765 = PLANE ( 'NONE',  #1319 ) ;
#4766 = DIRECTION ( 'NONE',  ( 0.000000000000000000, 0.000000000000000000, 1.000000000000000000 ) ) ;
#4767 = EDGE_CURVE ( 'NONE', #3245, #1073, #3092, .T. ) ;
#4768 = AXIS2_PLACEMENT_3D ( 'NONE', #1345, #1892, #3993 ) ;
#4769 = FACE_OUTER_BOUND ( 'NONE', #1174, .T. ) ;
#4771 = CARTESIAN_POINT ( 'NONE',  ( -8.294999999999996376, 5.180000000000000604, 5.079999999999997407 ) ) ;
#4770 = AXIS2_PLACEMENT_3D ( 'NONE', #2603, #4792, #4436 ) ;
#4772 = VERTEX_POINT ( 'NONE', #2039 ) ;
#4773 = DIRECTION ( 'NONE',  ( -0.000000000000000000, 1.000000000000000000, -0.000000000000000000 ) ) ;
#4774 = ORIENTED_EDGE ( 'NONE', *, *, #4607, .T. ) ;
#4775 = CIRCLE ( 'NONE', #6725, 0.4999999999999995004 ) ;
#4776 = CARTESIAN_POINT ( 'NONE',  ( 9.981594441686114649, 5.179199999999766213, -4.959027882654309494 ) ) ;
#4777 = PLANE ( 'NONE',  #1608 ) ;
#4778 = LINE ( 'NONE', #383, #3422 ) ;
#4779 = PLANE ( 'NONE',  #4594 ) ;
#4780 = ORIENTED_EDGE ( 'NONE', *, *, #1236, .T. ) ;
#4781 = EDGE_LOOP ( 'NONE', ( #3090, #4949, #904, #1910 ) ) ;
#4782 = ORIENTED_EDGE ( 'NONE', *, *, #930, .F. ) ;
#4783 = CIRCLE ( 'NONE', #5708, 0.7620000000000005658 ) ;
#4784 = PLANE ( 'NONE',  #4198 ) ;
#4785 = DIRECTION ( 'NONE',  ( 0.000000000000000000, -0.9191450300180553645, 0.3939192985791735158 ) ) ;
#4787 = ORIENTED_EDGE ( 'NONE', *, *, #4933, .F. ) ;
#4786 = LINE ( 'NONE', #3035, #3210 ) ;
#4788 = CIRCLE ( 'NONE', #3538, 0.007085511171399388672 ) ;
#4789 = VERTEX_POINT ( 'NONE', #3536 ) ;
#4790 = CIRCLE ( 'NONE', #2036, 0.2726000000000000090 ) ;
#4791 = LINE ( 'NONE', #2636, #6289 ) ;
#4792 = DIRECTION ( 'NONE',  ( 0.4617486132350352435, 0.000000000000000000, 0.8870108331782210476 ) ) ;
#4793 = EDGE_CURVE ( 'NONE', #1153, #6804, #6330, .T. ) ;
#4794 = VERTEX_POINT ( 'NONE', #4710 ) ;
#4795 = DIRECTION ( 'NONE',  ( 0.000000000000000000, 1.000000000000000000, 0.000000000000000000 ) ) ;
#4796 = ORIENTED_EDGE ( 'NONE', *, *, #1513, .F. ) ;
#4797 = EDGE_CURVE ( 'NONE', #6340, #2069, #5795, .T. ) ;
#4798 = CARTESIAN_POINT ( 'NONE',  ( -6.300000000000000711, 1.780000000000000693, 0.09999999999999492628 ) ) ;
#4799 = CARTESIAN_POINT ( 'NONE',  ( -13.65000000000000213, 5.180000000000000604, -5.079999999999996518 ) ) ;
#4800 = CARTESIAN_POINT ( 'NONE',  ( -13.15000000000000036, 5.180000000000000604, 1.779999999999998028 ) ) ;
#4801 = ADVANCED_FACE ( 'NONE', ( #382 ), #5186, .F. ) ;
#4802 = DIRECTION ( 'NONE',  ( 0.000000000000000000, 1.000000000000000000, 0.000000000000000000 ) ) ;
#4803 = EDGE_LOOP ( 'NONE', ( #3847, #1215, #5601, #3281, #1815, #821, #6988, #1549 ) ) ;
#4804 = DIRECTION ( 'NONE',  ( 0.000000000000000000, 0.9191450300180553645, 0.3939192985791735158 ) ) ;
#4805 = ORIENTED_EDGE ( 'NONE', *, *, #6510, .T. ) ;
#4806 = CARTESIAN_POINT ( 'NONE',  ( 8.325486521447441390, 5.179200000000053983, -7.141768584438613843 ) ) ;
#4807 = PLANE ( 'NONE',  #229 ) ;
#4808 = STYLED_ITEM ( 'NONE', ( #4048 ), #3805 ) ;
#4809 = DIRECTION ( 'NONE',  ( 0.000000000000000000, 1.000000000000000000, 0.000000000000000000 ) ) ;
#4810 = CARTESIAN_POINT ( 'NONE',  ( -6.300000000000000711, 3.666054381999832579, 0.7999999999999948264 ) ) ;
#4811 = EDGE_CURVE ( 'NONE', #5941, #6094, #5860, .T. ) ;
#4812 = ORIENTED_EDGE ( 'NONE', *, *, #4753, .F. ) ;
#4813 = VECTOR ( 'NONE', #4231, 1000.000000000000000 ) ;
#4814 = VERTEX_POINT ( 'NONE', #4678 ) ;
#4815 = ADVANCED_FACE ( 'NONE', ( #4744 ), #3062, .F. ) ;
#4816 = ORIENTED_EDGE ( 'NONE', *, *, #6951, .T. ) ;
#4817 = DIRECTION ( 'NONE',  ( 1.000000000000000000, 0.000000000000000000, 0.000000000000000000 ) ) ;
#4818 = DIRECTION ( 'NONE',  ( 0.000000000000000000, -1.000000000000000000, 0.000000000000000000 ) ) ;
#4819 = DIRECTION ( 'NONE',  ( 0.000000000000000000, 0.000000000000000000, -1.000000000000000000 ) ) ;
#4820 = CIRCLE ( 'NONE', #2177, 0.2725999999999995649 ) ;
#4821 = VECTOR ( 'NONE', #4209, 1000.000000000000000 ) ;
#4823 = ORIENTED_EDGE ( 'NONE', *, *, #3430, .T. ) ;
#4822 = CARTESIAN_POINT ( 'NONE',  ( -9.782114919487536753, 5.180000000000000604, 2.664999999999993818 ) ) ;
#4824 = CIRCLE ( 'NONE', #2644, 10.79499999999999815 ) ;
#4825 = CIRCLE ( 'NONE', #348, 0.3199999999999991185 ) ;
#4826 = EDGE_LOOP ( 'NONE', ( #6281, #5518, #4455, #4563 ) ) ;
#4827 = DIRECTION ( 'NONE',  ( -1.000000000000000000, 3.286955199289085105E-16, 0.000000000000000000 ) ) ;
#4828 = LINE ( 'NONE', #3825, #5810 ) ;
#4829 = ORIENTED_EDGE ( 'NONE', *, *, #1901, .F. ) ;
#4830 = DIRECTION ( 'NONE',  ( 0.3746065934159064081, 0.9271838545667897558, 0.000000000000000000 ) ) ;
#4831 = ORIENTED_EDGE ( 'NONE', *, *, #2446, .T. ) ;
#4832 = ADVANCED_FACE ( 'NONE', ( #279 ), #4777, .F. ) ;
#4833 = CARTESIAN_POINT ( 'NONE',  ( -7.200000000000001066, 1.780000000000000693, 5.204170427930421283E-15 ) ) ;
#4834 = FACE_OUTER_BOUND ( 'NONE', #1804, .T. ) ;
#4835 = CYLINDRICAL_SURFACE ( 'NONE', #1306, 0.2725999999999995649 ) ;
#4836 = DIRECTION ( 'NONE',  ( -0.8870108331782210476, -0.000000000000000000, -0.4617486132350352435 ) ) ;
#4837 = CARTESIAN_POINT ( 'NONE',  ( 11.52755880235578623, 1.780000000000000027, -4.729641441667205903 ) ) ;
#4838 = ORIENTED_EDGE ( 'NONE', *, *, #5384, .T. ) ;
#4839 = CARTESIAN_POINT ( 'NONE',  ( -13.28239999999999732, 0.5570855111714125840, -1.270000000000000906 ) ) ;
#4840 = ORIENTED_EDGE ( 'NONE', *, *, #6873, .F. ) ;
#4841 = EDGE_CURVE ( 'NONE', #2551, #1063, #5508, .T. ) ;
#4842 = CARTESIAN_POINT ( 'NONE',  ( -12.81499999999999595, 1.830000000000000737, 1.275000000000000133 ) ) ;
#4843 = LINE ( 'NONE', #2731, #3582 ) ;
#4844 = CARTESIAN_POINT ( 'NONE',  ( -6.400000000000000355, 1.780000000000000693, 1.600000000000005196 ) ) ;
#4845 = ORIENTED_EDGE ( 'NONE', *, *, #6516, .F. ) ;
#4846 = ORIENTED_EDGE ( 'NONE', *, *, #5206, .F. ) ;
#4847 = EDGE_CURVE ( 'NONE', #6435, #5590, #4173, .T. ) ;
#4848 = ORIENTED_EDGE ( 'NONE', *, *, #884, .T. ) ;
#4849 = EDGE_CURVE ( 'NONE', #6287, #525, #6930, .T. ) ;
#4850 = ORIENTED_EDGE ( 'NONE', *, *, #1780, .T. ) ;
#4851 = CYLINDRICAL_SURFACE ( 'NONE', #965, 0.2725999999999995649 ) ;
#4852 = CARTESIAN_POINT ( 'NONE',  ( 4.440793731351647899, 3.197914340327913774, -0.8609605380569113064 ) ) ;
#4853 = CARTESIAN_POINT ( 'NONE',  ( -13.64999999999999858, -3.299999999999995826, -0.1050000000000020084 ) ) ;
#4855 = ORIENTED_EDGE ( 'NONE', *, *, #1400, .T. ) ;
#4854 = CARTESIAN_POINT ( 'NONE',  ( -9.799113291647698176, 2.130000000000000782, 1.424999999999994493 ) ) ;
#4856 = ADVANCED_FACE ( 'NONE', ( #5829 ), #2541, .T. ) ;
#4857 = ORIENTED_EDGE ( 'NONE', *, *, #1049, .F. ) ;
#4858 = CARTESIAN_POINT ( 'NONE',  ( 13.29260000000000375, 1.130000000000001448, -13.65917520938231178 ) ) ;
#4859 = DIRECTION ( 'NONE',  ( 0.7660444431189793457, 0.000000000000000000, -0.6427876096865379196 ) ) ;
#4860 = LINE ( 'NONE', #1583, #6374 ) ;
#4861 = ORIENTED_EDGE ( 'NONE', *, *, #4939, .F. ) ;
#4862 = FACE_OUTER_BOUND ( 'NONE', #4691, .T. ) ;
#4863 = VERTEX_POINT ( 'NONE', #924 ) ;
#4864 = CIRCLE ( 'NONE', #3959, 0.2725999999999995649 ) ;
#4865 = DIRECTION ( 'NONE',  ( -0.000000000000000000, -1.000000000000000000, 0.000000000000000000 ) ) ;
#4866 = CARTESIAN_POINT ( 'NONE',  ( 7.695414893271074419, 2.540000000000000480, 7.705181426667934375 ) ) ;
#4867 = CARTESIAN_POINT ( 'NONE',  ( 4.898729528372977704, 3.012896268582575310, -0.5387417953851396657 ) ) ;
#4868 = LINE ( 'NONE', #4264, #4991 ) ;
#4869 = CARTESIAN_POINT ( 'NONE',  ( -13.47499999999999964, -2.600000000000000089, -1.675000000000001821 ) ) ;
#4870 = ORIENTED_EDGE ( 'NONE', *, *, #39, .T. ) ;
#4871 = CARTESIAN_POINT ( 'NONE',  ( -6.400000000000000355, 1.665000000000000702, 5.204170427930421283E-15 ) ) ;
#4872 = VECTOR ( 'NONE', #2827, 1000.000000000000000 ) ;
#4873 = AXIS2_PLACEMENT_3D ( 'NONE', #6560, #1090, #2176 ) ;
#4874 = ORIENTED_EDGE ( 'NONE', *, *, #5834, .T. ) ;
#4875 = AXIS2_PLACEMENT_3D ( 'NONE', #3572, #5725, #2453 ) ;
#4876 = CARTESIAN_POINT ( 'NONE',  ( 4.903650697941815295, 3.155306196347412939, -1.061129556046413347 ) ) ;
#4877 = CARTESIAN_POINT ( 'NONE',  ( 9.768898486673464276, 5.255337990269957515, 4.445069200168386914 ) ) ;
#4878 = AXIS2_PLACEMENT_3D ( 'NONE', #3910, #1199, #4553 ) ;
#4879 = LINE ( 'NONE', #3129, #3875 ) ;
#4880 = CARTESIAN_POINT ( 'NONE',  ( -6.300000000000000711, 1.780000000000000693, 0.7999999999999948264 ) ) ;
#4881 = ORIENTED_EDGE ( 'NONE', *, *, #6174, .F. ) ;
#4882 = VERTEX_POINT ( 'NONE', #4238 ) ;
#4883 = EDGE_CURVE ( 'NONE', #4162, #6942, #5726, .T. ) ;
#4884 = CIRCLE ( 'NONE', #5919, 0.1500000000000002442 ) ;
#4885 = VERTEX_POINT ( 'NONE', #2491 ) ;
#4886 = VERTEX_POINT ( 'NONE', #2454 ) ;
#4887 = FACE_OUTER_BOUND ( 'NONE', #2268, .T. ) ;
#4888 = EDGE_CURVE ( 'NONE', #2290, #6646, #5294, .T. ) ;
#4889 = DIRECTION ( 'NONE',  ( 0.9271838545667895337, -0.3746065934159066302, 0.000000000000000000 ) ) ;
#4890 = AXIS2_PLACEMENT_3D ( 'NONE', #5603, #1300, #2324 ) ;
#4891 = CARTESIAN_POINT ( 'NONE',  ( -13.32499999999999574, 1.480000000000004867, -8.545133036385903935 ) ) ;
#4893 = EDGE_LOOP ( 'NONE', ( #6040, #6406, #6495, #5934 ) ) ;
#4892 = CARTESIAN_POINT ( 'NONE',  ( 11.88634618593554926, 6.500000000000000888, 3.848530364372464430 ) ) ;
#4894 = EDGE_CURVE ( 'NONE', #699, #3936, #3028, .T. ) ;
#4895 = VECTOR ( 'NONE', #171, 1000.000000000000000 ) ;
#4896 = ORIENTED_EDGE ( 'NONE', *, *, #6918, .F. ) ;
#4897 = FACE_OUTER_BOUND ( 'NONE', #6619, .T. ) ;
#4898 = CARTESIAN_POINT ( 'NONE',  ( -13.65000000000000036, -3.299999999999986944, -1.164999999999999813 ) ) ;
#4899 = CIRCLE ( 'NONE', #1107, 0.2999999999999999334 ) ;
#4900 = DIRECTION ( 'NONE',  ( 0.000000000000000000, -0.000000000000000000, -1.000000000000000000 ) ) ;
#4901 = EDGE_CURVE ( 'NONE', #3916, #6575, #1259, .T. ) ;
#4902 = ORIENTED_EDGE ( 'NONE', *, *, #4078, .F. ) ;
#4903 = DIRECTION ( 'NONE',  ( 0.000000000000000000, -0.000000000000000000, 1.000000000000000000 ) ) ;
#4904 = VERTEX_POINT ( 'NONE', #3270 ) ;
#4905 = DIRECTION ( 'NONE',  ( -0.9271838545667888676, 0.3746065934159082400, 0.000000000000000000 ) ) ;
#4906 = LINE ( 'NONE', #1050, #1921 ) ;
#4907 = CARTESIAN_POINT ( 'NONE',  ( -4.905411559137651700, 0.3800000000000000044, 9.524999999999998579 ) ) ;
#4908 = CARTESIAN_POINT ( 'NONE',  ( 10.15190976443981974, 2.540000000000000480, 4.644452251363272666 ) ) ;
#4909 = DIRECTION ( 'NONE',  ( 0.000000000000000000, 1.000000000000000000, 0.000000000000000000 ) ) ;
#4910 = VERTEX_POINT ( 'NONE', #2147 ) ;
#4911 = CARTESIAN_POINT ( 'NONE',  ( 8.945791244345402404, 1.215996986354672904, 1.750464270986195059 ) ) ;
#4912 = ORIENTED_EDGE ( 'NONE', *, *, #5108, .F. ) ;
#4913 = CARTESIAN_POINT ( 'NONE',  ( -13.47499999999999787, 0.4299999999999978839, 0.8649999999999999911 ) ) ;
#4914 = DIRECTION ( 'NONE',  ( 0.000000000000000000, 1.000000000000000000, 0.000000000000000000 ) ) ;
#4915 = CARTESIAN_POINT ( 'NONE',  ( -13.32499999999999751, -1.513455064898399982, 0.3993378849564480082 ) ) ;
#4916 = CARTESIAN_POINT ( 'NONE',  ( 9.768898486673464276, 5.255337990269957515, 4.445069200168386914 ) ) ;
#4917 = EDGE_LOOP ( 'NONE', ( #1377, #1545, #319, #5236, #6767, #4580, #1181 ) ) ;
#4918 = VERTEX_POINT ( 'NONE', #6002 ) ;
#4919 = ORIENTED_EDGE ( 'NONE', *, *, #3628, .T. ) ;
#4920 = VECTOR ( 'NONE', #585, 1000.000000000000114 ) ;
#4921 = VERTEX_POINT ( 'NONE', #2186 ) ;
#4922 = CYLINDRICAL_SURFACE ( 'NONE', #5115, 11.33000000000000007 ) ;
#4923 = CARTESIAN_POINT ( 'NONE',  ( 9.073934901094524719, 1.164223588353610506, 1.900000000000000577 ) ) ;
#4924 = DIRECTION ( 'NONE',  ( 0.000000000000000000, 0.000000000000000000, 1.000000000000000000 ) ) ;
#4926 = ORIENTED_EDGE ( 'NONE', *, *, #2169, .T. ) ;
#4925 = LINE ( 'NONE', #3250, #3099 ) ;
#4927 = CIRCLE ( 'NONE', #6087, 0.7873999999999997668 ) ;
#4928 = ADVANCED_FACE ( 'NONE', ( #4382 ), #1638, .F. ) ;
#4929 = EDGE_LOOP ( 'NONE', ( #2204, #3865, #662, #3100 ) ) ;
#4930 = ADVANCED_FACE ( 'NONE', ( #6996 ), #5425, .T. ) ;
#4931 = CARTESIAN_POINT ( 'NONE',  ( 9.250000000000001776, 1.600000000000000755, 1.900000000000000577 ) ) ;
#4933 = EDGE_CURVE ( 'NONE', #1943, #4094, #4941, .T. ) ;
#4932 = COLOUR_RGB ( '',0.8509803921568627194, 0.8509803921568627194, 0.8509803921568627194 ) ;
#4934 = CIRCLE ( 'NONE', #6891, 0.4500000000000005107 ) ;
#4935 = DIRECTION ( 'NONE',  ( 1.000000000000000000, -2.768175759537458431E-15, 0.000000000000000000 ) ) ;
#4936 = CARTESIAN_POINT ( 'NONE',  ( 10.39763723765131154, 1.799662843303576842, -4.139361833824970027 ) ) ;
#4937 = EDGE_LOOP ( 'NONE', ( #4177, #3666, #3365, #3998, #2200, #2152, #292, #5966, #6724, #2123, #6644, #4662 ) ) ;
#4938 = CARTESIAN_POINT ( 'NONE',  ( -4.905411559137651700, 0.3800000000000000044, -9.524999999999998579 ) ) ;
#4939 = EDGE_CURVE ( 'NONE', #6370, #4309, #4843, .T. ) ;
#4940 = VECTOR ( 'NONE', #5578, 1000.000000000000000 ) ;
#4941 = CIRCLE ( 'NONE', #6666, 0.5120000000000003437 ) ;
#4942 = ORIENTED_EDGE ( 'NONE', *, *, #7032, .T. ) ;
#4943 = DIRECTION ( 'NONE',  ( 0.000000000000000000, 1.000000000000000000, 0.000000000000000000 ) ) ;
#4944 = AXIS2_PLACEMENT_3D ( 'NONE', #4688, #7108, #4924 ) ;
#4945 = LINE ( 'NONE', #3339, #2506 ) ;
#4946 = CARTESIAN_POINT ( 'NONE',  ( 4.978631618257905345, 2.980613728770026061, -0.8521946352945493075 ) ) ;
#4947 = CARTESIAN_POINT ( 'NONE',  ( -12.81499999999999595, 2.280000000000000693, -1.274999999999995692 ) ) ;
#4948 = PLANE ( 'NONE',  #911 ) ;
#4949 = ORIENTED_EDGE ( 'NONE', *, *, #4506, .T. ) ;
#4950 = DIRECTION ( 'NONE',  ( 0.000000000000000000, -1.000000000000000000, 0.000000000000000000 ) ) ;
#4951 = ADVANCED_FACE ( 'NONE', ( #13 ), #2072, .F. ) ;
#4952 = VECTOR ( 'NONE', #3575, 1000.000000000000000 ) ;
#4953 = VERTEX_POINT ( 'NONE', #3310 ) ;
#4954 = DIRECTION ( 'NONE',  ( 1.000000000000000000, 0.000000000000000000, 5.171171053129312979E-16 ) ) ;
#4955 = DIRECTION ( 'NONE',  ( 0.000000000000000000, 0.000000000000000000, 1.000000000000000000 ) ) ;
#4956 = CARTESIAN_POINT ( 'NONE',  ( 4.898729528372980369, 3.012896268582573533, 1.165647475203959393 ) ) ;
#4957 = LINE ( 'NONE', #2221, #5749 ) ;
#4958 = ORIENTED_EDGE ( 'NONE', *, *, #1281, .F. ) ;
#4959 = FACE_OUTER_BOUND ( 'NONE', #1852, .T. ) ;
#4960 = ORIENTED_EDGE ( 'NONE', *, *, #6223, .T. ) ;
#4961 = VERTEX_POINT ( 'NONE', #4271 ) ;
#4962 = LINE ( 'NONE', #2739, #6837 ) ;
#4963 = CYLINDRICAL_SURFACE ( 'NONE', #298, 0.3810000000000000608 ) ;
#4964 = CARTESIAN_POINT ( 'NONE',  ( -13.47499999999999787, 0.5500000000000132561, 1.270000000000000906 ) ) ;
#4966 = VERTEX_POINT ( 'NONE', #6531 ) ;
#4965 = DIRECTION ( 'NONE',  ( 0.000000000000000000, 0.000000000000000000, 1.000000000000000000 ) ) ;
#4967 = VERTEX_POINT ( 'NONE', #5461 ) ;
#4968 = FACE_OUTER_BOUND ( 'NONE', #76, .T. ) ;
#4969 = CARTESIAN_POINT ( 'NONE',  ( -7.451302353909807330, -8.552339098412836904, 5.079999999999996518 ) ) ;
#4970 = CARTESIAN_POINT ( 'NONE',  ( 10.28371735688987165, 1.932117114028896854, -4.382526446014816557 ) ) ;
#4971 = UNCERTAINTY_MEASURE_WITH_UNIT (LENGTH_MEASURE( 1.000000000000000082E-05 ), #6367, 'distance_accuracy_value', 'NONE');
#4972 = EDGE_LOOP ( 'NONE', ( #1256, #4424, #7030, #5181 ) ) ;
#4973 = PLANE ( 'NONE',  #2232 ) ;
#4974 = EDGE_CURVE ( 'NONE', #757, #4966, #6492, .T. ) ;
#4975 = ORIENTED_EDGE ( 'NONE', *, *, #6569, .T. ) ;
#4976 = DIRECTION ( 'NONE',  ( -0.000000000000000000, 1.000000000000000000, -0.000000000000000000 ) ) ;
#4977 = CARTESIAN_POINT ( 'NONE',  ( -12.81499999999999595, 1.480000000000001092, 1.675000000000000044 ) ) ;
#4978 = CARTESIAN_POINT ( 'NONE',  ( -4.250000000000000888, 2.540000000000000480, 8.434513060040865540 ) ) ;
#4979 = CARTESIAN_POINT ( 'NONE',  ( -13.28239999999999910, -2.299999999999986944, 1.277085511171399679 ) ) ;
#4980 = ORIENTED_EDGE ( 'NONE', *, *, #3143, .T. ) ;
#4981 = DIRECTION ( 'NONE',  ( 0.000000000000000000, 1.000000000000000000, -0.000000000000000000 ) ) ;
#4982 = ADVANCED_FACE ( 'NONE', ( #4305 ), #522, .F. ) ;
#4983 = ORIENTED_EDGE ( 'NONE', *, *, #2530, .T. ) ;
#4984 = EDGE_CURVE ( 'NONE', #327, #393, #3775, .T. ) ;
#4985 = FACE_OUTER_BOUND ( 'NONE', #2404, .T. ) ;
#4986 = CARTESIAN_POINT ( 'NONE',  ( 8.571404318993259608, 5.255337990269907777, 6.240149833263482826 ) ) ;
#4987 = DIRECTION ( 'NONE',  ( -0.000000000000000000, 1.000000000000000000, -0.000000000000000000 ) ) ;
#4988 = AXIS2_PLACEMENT_3D ( 'NONE', #1944, #5192, #4574 ) ;
#4989 = CARTESIAN_POINT ( 'NONE',  ( -13.47499999999999787, 0.5500000000000132561, -1.270000000000000906 ) ) ;
#4990 = AXIS2_PLACEMENT_3D ( 'NONE', #4345, #3315, #1607 ) ;
#4991 = VECTOR ( 'NONE', #5345, 1000.000000000000000 ) ;
#4992 = EDGE_LOOP ( 'NONE', ( #4840, #2, #2328, #5320, #1239, #6334, #5984, #6061, #6974, #3987, #264, #3780, #6833, #4375, #380, #2502, #948, #2735, #1653, #1342 ) ) ;
#4993 = ORIENTED_EDGE ( 'NONE', *, *, #4984, .T. ) ;
#4994 = VERTEX_POINT ( 'NONE', #4877 ) ;
#4995 = AXIS2_PLACEMENT_3D ( 'NONE', #6971, #6647, #3320 ) ;
#4996 = VECTOR ( 'NONE', #4773, 1000.000000000000000 ) ;
#4997 = VECTOR ( 'NONE', #1885, 1000.000000000000000 ) ;
#4998 = ORIENTED_EDGE ( 'NONE', *, *, #3098, .T. ) ;
#4999 = LINE ( 'NONE', #1719, #1655 ) ;
#5000 = DIRECTION ( 'NONE',  ( 1.000000000000000000, 0.000000000000000000, 4.336808689942013792E-16 ) ) ;
#5001 = DIRECTION ( 'NONE',  ( 1.000000000000000000, -3.286955199289085105E-16, -0.000000000000000000 ) ) ;
#5002 = DIRECTION ( 'NONE',  ( 0.000000000000000000, 1.000000000000000000, 0.000000000000000000 ) ) ;
#5004 = ORIENTED_EDGE ( 'NONE', *, *, #3645, .F. ) ;
#5003 = CARTESIAN_POINT ( 'NONE',  ( -9.799113291647698176, 2.130000000000000782, -1.424999999999994493 ) ) ;
#5005 = CIRCLE ( 'NONE', #6268, 9.999999999999998224 ) ;
#5006 = ORIENTED_EDGE ( 'NONE', *, *, #195, .T. ) ;
#5007 = VECTOR ( 'NONE', #5199, 1000.000000000000000 ) ;
#5008 = CARTESIAN_POINT ( 'NONE',  ( 6.992828900876832954, 5.179199999999835491, -8.257276648908195682 ) ) ;
#5009 = DIRECTION ( 'NONE',  ( 0.6427876096865379196, 0.000000000000000000, -0.7660444431189792347 ) ) ;
#5010 = DIRECTION ( 'NONE',  ( 0.3746065934159064081, 0.9271838545667897558, 0.000000000000000000 ) ) ;
#5011 = SURFACE_STYLE_USAGE ( .BOTH. , #5766 ) ;
#5012 = ORIENTED_EDGE ( 'NONE', *, *, #5514, .T. ) ;
#5013 = DIRECTION ( 'NONE',  ( -3.021188535318570096E-16, -0.9191450300180553645, -0.3939192985791735158 ) ) ;
#5014 = VECTOR ( 'NONE', #5892, 1000.000000000000000 ) ;
#5015 = EDGE_LOOP ( 'NONE', ( #4523, #83, #4572, #25 ) ) ;
#5016 = CARTESIAN_POINT ( 'NONE',  ( 5.930000000000013038, 0.000000000000000000, 9.524999999999998579 ) ) ;
#5017 = EDGE_CURVE ( 'NONE', #2793, #5817, #3001, .T. ) ;
#5018 = DIRECTION ( 'NONE',  ( 0.000000000000000000, 5.421010862427557669E-16, 1.000000000000000000 ) ) ;
#5019 = LINE ( 'NONE', #2796, #1314 ) ;
#5020 = CARTESIAN_POINT ( 'NONE',  ( -7.043780303214237648, 5.030000000000000249, 4.479999999999994209 ) ) ;
#5021 = ORIENTED_EDGE ( 'NONE', *, *, #2124, .T. ) ;
#5022 = PLANE ( 'NONE',  #6365 ) ;
#5023 = VECTOR ( 'NONE', #6023, 1000.000000000000000 ) ;
#5024 = ADVANCED_FACE ( 'NONE', ( #3161 ), #4807, .T. ) ;
#5025 = ORIENTED_EDGE ( 'NONE', *, *, #1635, .F. ) ;
#5026 = EDGE_CURVE ( 'NONE', #6443, #6287, #4825, .T. ) ;
#5027 = CARTESIAN_POINT ( 'NONE',  ( 4.898729528372980369, 3.012896268582573533, -1.165647475203959393 ) ) ;
#5028 = EDGE_CURVE ( 'NONE', #5291, #4966, #487, .T. ) ;
#5029 = CARTESIAN_POINT ( 'NONE',  ( 7.727009489204059278, 5.255337990269911330, 7.114995514799070442 ) ) ;
#5030 = CARTESIAN_POINT ( 'NONE',  ( -13.64999999999999858, 5.180000000000000604, 2.664999999999993818 ) ) ;
#5031 = DIRECTION ( 'NONE',  ( 0.000000000000000000, 0.000000000000000000, 1.000000000000000000 ) ) ;
#5032 = VERTEX_POINT ( 'NONE', #7063 ) ;
#5033 = ORIENTED_EDGE ( 'NONE', *, *, #3475, .F. ) ;
#5034 = EDGE_CURVE ( 'NONE', #3251, #3043, #3735, .T. ) ;
#5035 = ORIENTED_EDGE ( 'NONE', *, *, #5745, .F. ) ;
#5036 = CARTESIAN_POINT ( 'NONE',  ( -6.500000000000000888, 1.780000000000000693, 0.09999999999999481526 ) ) ;
#5037 = EDGE_CURVE ( 'NONE', #5720, #5625, #4254, .T. ) ;
#5038 = DIRECTION ( 'NONE',  ( 0.000000000000000000, 0.000000000000000000, 1.000000000000000000 ) ) ;
#5039 = CARTESIAN_POINT ( 'NONE',  ( -13.55499999999999794, 0.5500000000000132561, 1.262914488828601467 ) ) ;
#5040 = CARTESIAN_POINT ( 'NONE',  ( -13.65000000000000036, 0.3800000000000001155, 1.779999999999997806 ) ) ;
#5042 = ORIENTED_EDGE ( 'NONE', *, *, #6302, .T. ) ;
#5041 = CARTESIAN_POINT ( 'NONE',  ( 9.250000000000001776, 1.600000000000000755, -13.65917520938231178 ) ) ;
#5043 = EDGE_CURVE ( 'NONE', #1943, #6575, #453, .T. ) ;
#5044 = ORIENTED_EDGE ( 'NONE', *, *, #5325, .T. ) ;
#5045 = DIRECTION ( 'NONE',  ( -1.000000000000000000, -0.000000000000000000, -0.000000000000000000 ) ) ;
#5046 = DIRECTION ( 'NONE',  ( 0.000000000000000000, -1.000000000000000000, 0.000000000000000000 ) ) ;
#5047 = CIRCLE ( 'NONE', #6980, 0.4999999999999995004 ) ;
#5048 = DIRECTION ( 'NONE',  ( 1.000000000000000000, -0.000000000000000000, -6.851198562309674036E-17 ) ) ;
#5049 = DIRECTION ( 'NONE',  ( 0.000000000000000000, 0.000000000000000000, 1.000000000000000000 ) ) ;
#5050 = VERTEX_POINT ( 'NONE', #3385 ) ;
#5051 = LINE ( 'NONE', #4013, #4872 ) ;
#5052 = AXIS2_PLACEMENT_3D ( 'NONE', #2669, #1039, #5552 ) ;
#5053 = VERTEX_POINT ( 'NONE', #1241 ) ;
#5054 = CYLINDRICAL_SURFACE ( 'NONE', #2718, 0.7600000000000000089 ) ;
#5055 = CARTESIAN_POINT ( 'NONE',  ( 9.864696451306633307, 5.236286996215707035, -4.494938464066335904 ) ) ;
#5056 = CARTESIAN_POINT ( 'NONE',  ( -13.17259999999999565, 1.977600000000000469, 0.9250000000000004885 ) ) ;
#5057 = VECTOR ( 'NONE', #4199, 1000.000000000000000 ) ;
#5058 = CARTESIAN_POINT ( 'NONE',  ( 1.230000000000000204, 6.500000000000000888, -5.204170427930421283E-15 ) ) ;
#5059 = VECTOR ( 'NONE', #6900, 1000.000000000000000 ) ;
#5060 = ORIENTED_EDGE ( 'NONE', *, *, #4325, .T. ) ;
#5061 = DIRECTION ( 'NONE',  ( -0.000000000000000000, 1.000000000000000000, -0.000000000000000000 ) ) ;
#5062 = ORIENTED_EDGE ( 'NONE', *, *, #3089, .F. ) ;
#5063 = AXIS2_PLACEMENT_3D ( 'NONE', #3630, #5820, #1005 ) ;
#5064 = CARTESIAN_POINT ( 'NONE',  ( -4.250000000000007994, 1.877200000000000646, 3.380404891954844825E-15 ) ) ;
#5065 = FACE_OUTER_BOUND ( 'NONE', #5516, .T. ) ;
#5066 = FACE_OUTER_BOUND ( 'NONE', #1212, .T. ) ;
#5067 = CARTESIAN_POINT ( 'NONE',  ( 13.14200000000000124, 1.780000000000000249, 1.900000000000002354 ) ) ;
#5068 = VERTEX_POINT ( 'NONE', #2295 ) ;
#5069 = CARTESIAN_POINT ( 'NONE',  ( 8.571404318993259608, 5.255337990269907777, -6.240149833263482826 ) ) ;
#5070 = VECTOR ( 'NONE', #3207, 1000.000000000000000 ) ;
#5071 = ADVANCED_FACE ( 'NONE', ( #5065 ), #6177, .T. ) ;
#5072 = ORIENTED_EDGE ( 'NONE', *, *, #2654, .T. ) ;
#5073 = CARTESIAN_POINT ( 'NONE',  ( 13.59500000000000419, -3.299999999999996714, -13.65917520938231178 ) ) ;
#5074 = DIRECTION ( 'NONE',  ( 0.000000000000000000, -0.000000000000000000, 1.000000000000000000 ) ) ;
#5075 = CARTESIAN_POINT ( 'NONE',  ( -13.47499999999999787, -2.299999999999986944, 1.270000000000000906 ) ) ;
#5076 = CARTESIAN_POINT ( 'NONE',  ( 10.47733411724931329, 1.780000000000000693, -3.957047167264603260 ) ) ;
#5077 = ORIENTED_EDGE ( 'NONE', *, *, #589, .F. ) ;
#5078 = EDGE_CURVE ( 'NONE', #41, #4794, #200, .T. ) ;
#5079 = ORIENTED_EDGE ( 'NONE', *, *, #5037, .T. ) ;
#5080 = CARTESIAN_POINT ( 'NONE',  ( -6.944225494189258718, 2.280000000000000693, -4.367799999999992799 ) ) ;
#5081 = EDGE_CURVE ( 'NONE', #3588, #4021, #4365, .T. ) ;
#5082 = DIRECTION ( 'NONE',  ( 4.025359163750128667E-32, 1.224646799147353207E-16, 1.000000000000000000 ) ) ;
#5084 = DIRECTION ( 'NONE',  ( -0.000000000000000000, 1.000000000000000000, -0.000000000000000000 ) ) ;
#5083 = FACE_OUTER_BOUND ( 'NONE', #547, .T. ) ;
#5085 = ORIENTED_EDGE ( 'NONE', *, *, #1764, .F. ) ;
#5086 = LINE ( 'NONE', #2284, #4415 ) ;
#5087 = ORIENTED_EDGE ( 'NONE', *, *, #5786, .F. ) ;
#5088 = LINE ( 'NONE', #3009, #2249 ) ;
#5089 = CARTESIAN_POINT ( 'NONE',  ( -3.853879471276481894, 1.866102648704279332, -8.679625120320476839 ) ) ;
#5090 = CARTESIAN_POINT ( 'NONE',  ( -4.250000000000001776, 2.431434968063332036, 8.434513060040863763 ) ) ;
#5091 = CARTESIAN_POINT ( 'NONE',  ( 9.180713141060143911, 5.255337990269995707, -5.431252693856430724 ) ) ;
#5092 = ORIENTED_EDGE ( 'NONE', *, *, #1874, .F. ) ;
#5093 = LINE ( 'NONE', #2910, #2810 ) ;
#5094 = ORIENTED_EDGE ( 'NONE', *, *, #1733, .T. ) ;
#5095 = DIRECTION ( 'NONE',  ( 0.000000000000000000, 0.000000000000000000, 1.000000000000000000 ) ) ;
#5096 = CARTESIAN_POINT ( 'NONE',  ( 9.929618270671435099, 5.255337990269911330, 4.124199677418190824 ) ) ;
#5097 = DIRECTION ( 'NONE',  ( -0.9271838545667897558, 0.3746065934159062971, 0.000000000000000000 ) ) ;
#5098 = CARTESIAN_POINT ( 'NONE',  ( 12.58000000000000007, 1.130000000000001448, -13.65917520938231178 ) ) ;
#5099 = EDGE_LOOP ( 'NONE', ( #5507, #5044, #1570, #6165 ) ) ;
#5100 = DIRECTION ( 'NONE',  ( 0.000000000000000000, -0.000000000000000000, 1.000000000000000000 ) ) ;
#5101 = VECTOR ( 'NONE', #6068, 1000.000000000000000 ) ;
#5102 = ORIENTED_EDGE ( 'NONE', *, *, #2215, .T. ) ;
#5103 = VECTOR ( 'NONE', #700, 1000.000000000000000 ) ;
#5104 = CARTESIAN_POINT ( 'NONE',  ( 4.329539416155474996, 3.352184979837248946, 0.8521946352945490855 ) ) ;
#5105 = CARTESIAN_POINT ( 'NONE',  ( 6.449821268649270856, -4.707479524502637958, 0.1498572332372787030 ) ) ;
#5106 = CARTESIAN_POINT ( 'NONE',  ( 3.110000000000002984, 1.780000000000000693, 1.900000000000001021 ) ) ;
#5107 = DIRECTION ( 'NONE',  ( -0.000000000000000000, 1.000000000000000000, -1.521687259628778015E-16 ) ) ;
#5108 = EDGE_CURVE ( 'NONE', #754, #4454, #5541, .T. ) ;
#5109 = EDGE_LOOP ( 'NONE', ( #3964, #642, #4385, #1106, #294, #6133 ) ) ;
#5110 = AXIS2_PLACEMENT_3D ( 'NONE', #1769, #1739, #2353 ) ;
#5111 = AXIS2_PLACEMENT_3D ( 'NONE', #3228, #4373, #1052 ) ;
#5112 = EDGE_CURVE ( 'NONE', #2109, #5664, #2803, .T. ) ;
#5113 = ORIENTED_EDGE ( 'NONE', *, *, #1636, .T. ) ;
#5114 = CARTESIAN_POINT ( 'NONE',  ( -13.17259999999999565, 1.977600000000000469, 0.9250000000000004885 ) ) ;
#5115 = AXIS2_PLACEMENT_3D ( 'NONE', #95, #21, #2227 ) ;
#5116 = DIRECTION ( 'NONE',  ( 1.000000000000000000, 0.000000000000000000, 0.000000000000000000 ) ) ;
#5117 = VECTOR ( 'NONE', #4529, 1000.000000000000000 ) ;
#5118 = EDGE_CURVE ( 'NONE', #6237, #6596, #6778, .T. ) ;
#5119 = VECTOR ( 'NONE', #1988, 1000.000000000000000 ) ;
#5121 = ORIENTED_EDGE ( 'NONE', *, *, #3680, .T. ) ;
#5120 = CARTESIAN_POINT ( 'NONE',  ( -12.81499999999999595, 2.380000000000000782, -1.174999999999995604 ) ) ;
#5122 = CARTESIAN_POINT ( 'NONE',  ( -9.423120793068800793, 5.180000000000000604, 1.744431818181812810 ) ) ;
#5123 = AXIS2_PLACEMENT_3D ( 'NONE', #778, #4099, #5095 ) ;
#5124 = EDGE_CURVE ( 'NONE', #136, #1533, #3563, .T. ) ;
#5125 = EDGE_LOOP ( 'NONE', ( #5337, #1634, #1571, #205 ) ) ;
#5126 = CARTESIAN_POINT ( 'NONE',  ( -7.200000000000001066, 1.780000000000000693, -0.09999999999999480138 ) ) ;
#5127 = DIRECTION ( 'NONE',  ( -1.296892550819982002E-16, -0.000000000000000000, 1.000000000000000000 ) ) ;
#5128 = VECTOR ( 'NONE', #6807, 1000.000000000000000 ) ;
#5129 = DIRECTION ( 'NONE',  ( 0.000000000000000000, -1.000000000000000000, 0.000000000000000000 ) ) ;
#5130 = CARTESIAN_POINT ( 'NONE',  ( 7.727009489204059278, 5.255337990269911330, -7.114995514799070442 ) ) ;
#5131 = ORIENTED_EDGE ( 'NONE', *, *, #5301, .T. ) ;
#5132 = CARTESIAN_POINT ( 'NONE',  ( -7.043780303214237648, 2.280000000000000693, -4.479999999999994209 ) ) ;
#5133 = EDGE_CURVE ( 'NONE', #428, #1783, #5716, .T. ) ;
#5134 = EDGE_LOOP ( 'NONE', ( #2470, #5221, #4205, #1357 ) ) ;
#5135 = AXIS2_PLACEMENT_3D ( 'NONE', #3608, #4174, #3029 ) ;
#5136 = ORIENTED_EDGE ( 'NONE', *, *, #7029, .F. ) ;
#5137 = DIRECTION ( 'NONE',  ( 1.000000000000000000, -3.286955199289085105E-16, -0.000000000000000000 ) ) ;
#5138 = CARTESIAN_POINT ( 'NONE',  ( 6.854361321951246033, 5.179200000000061976, 8.361619446271392420 ) ) ;
#5139 = CYLINDRICAL_SURFACE ( 'NONE', #2027, 0.1524000000000004518 ) ;
#5140 = PLANE ( 'NONE',  #6326 ) ;
#5141 = VERTEX_POINT ( 'NONE', #341 ) ;
#5142 = FACE_OUTER_BOUND ( 'NONE', #1273, .T. ) ;
#5143 = AXIS2_PLACEMENT_3D ( 'NONE', #6786, #1242, #2985 ) ;
#5144 = VERTEX_POINT ( 'NONE', #843 ) ;
#5145 = CIRCLE ( 'NONE', #1691, 0.7620000000000011209 ) ;
#5146 = DIRECTION ( 'NONE',  ( -1.000000000000000000, -0.000000000000000000, 0.000000000000000000 ) ) ;
#5147 = CARTESIAN_POINT ( 'NONE',  ( -9.799113291647698176, 5.180000000000000604, -1.424999999999994493 ) ) ;
#5148 = DIRECTION ( 'NONE',  ( -0.000000000000000000, -0.000000000000000000, 1.000000000000000000 ) ) ;
#5149 = PLANE ( 'NONE',  #2301 ) ;
#5150 = ORIENTED_EDGE ( 'NONE', *, *, #1773, .T. ) ;
#5151 = B_SPLINE_CURVE_WITH_KNOTS ( 'NONE', 3,
 ( #4916, #7098, #2188, #6571 ),
 .UNSPECIFIED., .F., .F.,
 ( 4, 4 ),
 ( 1.273239544735185757E-09, 1.000000000000000000 ),
 .UNSPECIFIED. ) ;
#5152 = VERTEX_POINT ( 'NONE', #2407 ) ;
#5153 = CYLINDRICAL_SURFACE ( 'NONE', #167, 0.7620000000000011209 ) ;
#5154 = CARTESIAN_POINT ( 'NONE',  ( 11.27983273990924573, 2.540000000000000480, 5.231611787952942905 ) ) ;
#5156 = ORIENTED_EDGE ( 'NONE', *, *, #7033, .T. ) ;
#5155 = DIRECTION ( 'NONE',  ( -0.000000000000000000, 1.000000000000000000, -0.000000000000000000 ) ) ;
#5157 = EDGE_CURVE ( 'NONE', #5625, #5394, #2476, .T. ) ;
#5158 = CARTESIAN_POINT ( 'NONE',  ( -13.32499999999999751, -3.299999999999999822, -8.545133036385903935 ) ) ;
#5159 = ADVANCED_FACE ( 'NONE', ( #1995 ), #2984, .T. ) ;
#5160 = EDGE_CURVE ( 'NONE', #4439, #2448, #6922, .T. ) ;
#5161 = ORIENTED_EDGE ( 'NONE', *, *, #2704, .T. ) ;
#5162 = CIRCLE ( 'NONE', #3447, 11.20159999999999378 ) ;
#5163 = CYLINDRICAL_SURFACE ( 'NONE', #6610, 0.3024000000000012789 ) ;
#5164 = CARTESIAN_POINT ( 'NONE',  ( -5.774000000000003574, 5.179199999999999804, -5.079999999999997407 ) ) ;
#5165 = EDGE_CURVE ( 'NONE', #4006, #927, #4195, .T. ) ;
#5166 = PLANE ( 'NONE',  #6943 ) ;
#5167 = CARTESIAN_POINT ( 'NONE',  ( 9.796357976939505718, 5.255337990269999260, -4.392780824044584698 ) ) ;
#5168 = VERTEX_POINT ( 'NONE', #6384 ) ;
#5169 = DIRECTION ( 'NONE',  ( -1.000000000000000000, 0.000000000000000000, 1.101271886729816881E-16 ) ) ;
#5170 = VECTOR ( 'NONE', #4283, 1000.000000000000000 ) ;
#5171 = ADVANCED_FACE ( 'NONE', ( #1452 ), #4165, .T. ) ;
#5172 = EDGE_LOOP ( 'NONE', ( #1826, #4432 ) ) ;
#5173 = PLANE ( 'NONE',  #3059 ) ;
#5174 = VECTOR ( 'NONE', #1675, 1000.000000000000000 ) ;
#5175 = CARTESIAN_POINT ( 'NONE',  ( -13.47499999999999787, -2.299999999999986944, 1.270000000000000906 ) ) ;
#5176 = AXIS2_PLACEMENT_3D ( 'NONE', #5105, #4498, #3961 ) ;
#5177 = DIRECTION ( 'NONE',  ( -1.000000000000000000, 3.286955199289085598E-16, 0.000000000000000000 ) ) ;
#5178 = ADVANCED_FACE ( 'NONE', ( #5208 ), #3111, .T. ) ;
#5179 = DIRECTION ( 'NONE',  ( 0.000000000000000000, 0.000000000000000000, -1.000000000000000000 ) ) ;
#5180 = CARTESIAN_POINT ( 'NONE',  ( 9.250000000000001776, 1.600000000000000755, -1.900000000000000577 ) ) ;
#5181 = ORIENTED_EDGE ( 'NONE', *, *, #2259, .T. ) ;
#5182 = LINE ( 'NONE', #4602, #3289 ) ;
#5183 = VECTOR ( 'NONE', #1346, 1000.000000000000000 ) ;
#5184 = ORIENTED_EDGE ( 'NONE', *, *, #5251, .T. ) ;
#5185 = LINE ( 'NONE', #749, #3732 ) ;
#5186 = CYLINDRICAL_SURFACE ( 'NONE', #5399, 0.1500000000000009659 ) ;
#5187 = CARTESIAN_POINT ( 'NONE',  ( -13.47499999999999787, 1.977599999999999580, -1.675000000000000266 ) ) ;
#5188 = DIRECTION ( 'NONE',  ( -1.000000000000000000, 3.286955199289085598E-16, 0.000000000000000000 ) ) ;
#5189 = AXIS2_PLACEMENT_3D ( 'NONE', #584, #2786, #2127 ) ;
#5190 = ORIENTED_EDGE ( 'NONE', *, *, #4019, .T. ) ;
#5191 = ORIENTED_EDGE ( 'NONE', *, *, #1156, .T. ) ;
#5192 = DIRECTION ( 'NONE',  ( 1.000000000000000000, -3.286955199289085105E-16, -0.000000000000000000 ) ) ;
#5193 = LINE ( 'NONE', #6301, #703 ) ;
#5195 = ORIENTED_EDGE ( 'NONE', *, *, #3645, .T. ) ;
#5194 = DIRECTION ( 'NONE',  ( -0.000000000000000000, -1.000000000000000000, -0.000000000000000000 ) ) ;
#5196 = UNCERTAINTY_MEASURE_WITH_UNIT (LENGTH_MEASURE( 1.000000000000000082E-05 ), #2282, 'distance_accuracy_value', 'NONE');
#5197 = CARTESIAN_POINT ( 'NONE',  ( 13.59500000000000419, -3.299999999999996714, -13.65917520938231178 ) ) ;
#5198 = ORIENTED_EDGE ( 'NONE', *, *, #1148, .T. ) ;
#5199 = DIRECTION ( 'NONE',  ( -0.6427876096865378086, -0.000000000000000000, -0.7660444431189792347 ) ) ;
#5200 = CARTESIAN_POINT ( 'NONE',  ( -3.585778917551420086, 1.780000000000000471, -8.831276696411341831 ) ) ;
#5201 = CARTESIAN_POINT ( 'NONE',  ( 9.250000000000001776, 1.130000000000001448, -1.900000000000000577 ) ) ;
#5202 = EDGE_CURVE ( 'NONE', #349, #6499, #2062, .T. ) ;
#5203 = EDGE_LOOP ( 'NONE', ( #3305, #5205, #2034, #4496, #7077 ) ) ;
#5204 = PLANE ( 'NONE',  #1074 ) ;
#5205 = ORIENTED_EDGE ( 'NONE', *, *, #5875, .F. ) ;
#5206 = EDGE_CURVE ( 'NONE', #3116, #4145, #6283, .T. ) ;
#5207 = CARTESIAN_POINT ( 'NONE',  ( -5.774000000000002686, 5.180000000000000604, 5.079999999999997407 ) ) ;
#5208 = FACE_OUTER_BOUND ( 'NONE', #458, .T. ) ;
#5209 = CARTESIAN_POINT ( 'NONE',  ( -13.28239999999999910, -2.299999999999986944, -1.270000000000000906 ) ) ;
#5210 = LINE ( 'NONE', #2064, #3466 ) ;
#5211 = EDGE_CURVE ( 'NONE', #1974, #4006, #5528, .T. ) ;
#5212 = LINE ( 'NONE', #5789, #4023 ) ;
#5213 = ORIENTED_EDGE ( 'NONE', *, *, #4084, .T. ) ;
#5214 = CARTESIAN_POINT ( 'NONE',  ( -12.81499999999999595, 2.130000000000000782, 0.9250000000000000444 ) ) ;
#5215 = ORIENTED_EDGE ( 'NONE', *, *, #3716, .T. ) ;
#5216 = EDGE_CURVE ( 'NONE', #5729, #2087, #2426, .T. ) ;
#5217 = CARTESIAN_POINT ( 'NONE',  ( 4.674049973841272632, 3.294534569904111976, 1.147954685115623041 ) ) ;
#5218 = DIRECTION ( 'NONE',  ( 0.000000000000000000, -1.000000000000000000, 0.000000000000000000 ) ) ;
#5219 = DIRECTION ( 'NONE',  ( -0.9263013809843633206, 0.3742500509449994128, 0.04361938736532862404 ) ) ;
#5220 = DIRECTION ( 'NONE',  ( 0.000000000000000000, 0.000000000000000000, -1.000000000000000000 ) ) ;
#5221 = ORIENTED_EDGE ( 'NONE', *, *, #5160, .T. ) ;
#5222 = CIRCLE ( 'NONE', #2104, 1.600000000000000089 ) ;
#5223 = ORIENTED_EDGE ( 'NONE', *, *, #149, .F. ) ;
#5224 = B_SPLINE_CURVE_WITH_KNOTS ( 'NONE', 3,
 ( #2637, #1044, #3719, #7012, #4224, #430, #545 ),
 .UNSPECIFIED., .F., .F.,
 ( 4, 1, 1, 1, 4 ),
 ( 0.000000000000000000, 0.2500000000000000000, 0.5000000000000000000, 0.7500000000000000000, 1.000000000000000000 ),
 .UNSPECIFIED. ) ;
#5225 = DIRECTION ( 'NONE',  ( 0.000000000000000000, 1.000000000000000000, 0.000000000000000000 ) ) ;
#5226 = DIRECTION ( 'NONE',  ( -1.000000000000000000, 0.000000000000000000, 0.000000000000000000 ) ) ;
#5228 = ORIENTED_EDGE ( 'NONE', *, *, #2044, .T. ) ;
#5227 = CARTESIAN_POINT ( 'NONE',  ( -4.250000000000000000, 6.500000000000000888, 9.524999999999998579 ) ) ;
#5229 = VERTEX_POINT ( 'NONE', #6247 ) ;
#5230 = ORIENTED_EDGE ( 'NONE', *, *, #5037, .F. ) ;
#5231 = VECTOR ( 'NONE', #5146, 1000.000000000000000 ) ;
#5232 = AXIS2_PLACEMENT_3D ( 'NONE', #38, #5129, #2833 ) ;
#5233 = CARTESIAN_POINT ( 'NONE',  ( 9.250000000000001776, 1.280000000000001359, -1.900000000000000577 ) ) ;
#5234 = DIRECTION ( 'NONE',  ( -1.000000000000000000, 0.000000000000000000, 0.000000000000000000 ) ) ;
#5235 = FACE_OUTER_BOUND ( 'NONE', #3627, .T. ) ;
#5236 = ORIENTED_EDGE ( 'NONE', *, *, #1513, .T. ) ;
#5237 = DIRECTION ( 'NONE',  ( 0.000000000000000000, 0.000000000000000000, -1.000000000000000000 ) ) ;
#5238 = VECTOR ( 'NONE', #4954, 1000.000000000000000 ) ;
#5239 = ORIENTED_EDGE ( 'NONE', *, *, #2348, .T. ) ;
#5240 = ADVANCED_FACE ( 'NONE', ( #1310 ), #3527, .F. ) ;
#5241 = CIRCLE ( 'NONE', #4552, 0.7873999999999997668 ) ;
#5242 = CARTESIAN_POINT ( 'NONE',  ( -6.500000000000000888, 3.666054381999832579, 0.09999999999999481526 ) ) ;
#5243 = LINE ( 'NONE', #5750, #1961 ) ;
#5244 = LINE ( 'NONE', #917, #3917 ) ;
#5245 = FACE_OUTER_BOUND ( 'NONE', #2107, .T. ) ;
#5246 = ORIENTED_EDGE ( 'NONE', *, *, #3935, .T. ) ;
#5247 = DIRECTION ( 'NONE',  ( 0.9243140908165016212, -0.3734471335988389651, 0.07861742761547847735 ) ) ;
#5248 = EDGE_CURVE ( 'NONE', #424, #3055, #6816, .T. ) ;
#5249 = AXIS2_PLACEMENT_3D ( 'NONE', #280, #720, #6797 ) ;
#5250 = ORIENTED_EDGE ( 'NONE', *, *, #680, .F. ) ;
#5251 = EDGE_CURVE ( 'NONE', #6804, #3036, #5243, .T. ) ;
#5252 = EDGE_CURVE ( 'NONE', #819, #3452, #6858, .T. ) ;
#5253 = CARTESIAN_POINT ( 'NONE',  ( 4.978631618257905345, 2.980613728770026949, 0.8521946352945493075 ) ) ;
#5254 = DIRECTION ( 'NONE',  ( 0.3746065934159064081, 0.9271838545667897558, 0.000000000000000000 ) ) ;
#5255 = CARTESIAN_POINT ( 'NONE',  ( 3.921010815055866683, 3.246140058850847332, -13.65917520938231178 ) ) ;
#5256 = CARTESIAN_POINT ( 'NONE',  ( -13.32499999999999751, -3.299999999999999822, -1.374999999999996891 ) ) ;
#5257 = VERTEX_POINT ( 'NONE', #6890 ) ;
#5258 = EDGE_CURVE ( 'NONE', #5608, #5759, #1968, .T. ) ;
#5259 = EDGE_CURVE ( 'NONE', #525, #2485, #3224, .T. ) ;
#5260 = AXIS2_PLACEMENT_3D ( 'NONE', #2435, #4017, #3485 ) ;
#5261 = ADVANCED_FACE ( 'NONE', ( #6549 ), #1042, .F. ) ;
#5262 = ORIENTED_EDGE ( 'NONE', *, *, #6995, .F. ) ;
#5263 = CARTESIAN_POINT ( 'NONE',  ( -11.23799999999999955, -3.299999999999999822, 5.204170427930421283E-15 ) ) ;
#5264 = DIRECTION ( 'NONE',  ( -0.000000000000000000, 0.000000000000000000, -1.000000000000000000 ) ) ;
#5266 = ORIENTED_EDGE ( 'NONE', *, *, #4421, .F. ) ;
#5265 = DIRECTION ( 'NONE',  ( -1.000000000000000000, 0.000000000000000000, 0.000000000000000000 ) ) ;
#5267 = EDGE_CURVE ( 'NONE', #4953, #507, #2201, .T. ) ;
#5268 = VERTEX_POINT ( 'NONE', #5979 ) ;
#5269 = FACE_OUTER_BOUND ( 'NONE', #2304, .T. ) ;
#5270 = CARTESIAN_POINT ( 'NONE',  ( 8.945791244345402404, 1.215996986354672904, -1.750464270986195059 ) ) ;
#5271 = DIRECTION ( 'NONE',  ( -0.000000000000000000, 1.000000000000000000, -0.000000000000000000 ) ) ;
#5272 = VERTEX_POINT ( 'NONE', #2237 ) ;
#5273 = CARTESIAN_POINT ( 'NONE',  ( 11.63076168596787241, 1.780000000000000693, 4.557483554737496334 ) ) ;
#5274 = VECTOR ( 'NONE', #71, 1000.000000000000000 ) ;
#5275 = EDGE_LOOP ( 'NONE', ( #6431, #5004, #3739, #6580 ) ) ;
#5276 = CARTESIAN_POINT ( 'NONE',  ( 13.40240000000000542, -0.2999999999999873324, 0.007085511171399969804 ) ) ;
#5277 = DIRECTION ( 'NONE',  ( -0.000000000000000000, -1.000000000000000000, 0.000000000000000000 ) ) ;
#5278 = LINE ( 'NONE', #916, #5602 ) ;
#5279 = DIRECTION ( 'NONE',  ( 1.000000000000000000, 0.000000000000000000, 0.000000000000000000 ) ) ;
#5280 = CARTESIAN_POINT ( 'NONE',  ( 11.28900020239668756, 2.341068043185864589, -5.214102942516383621 ) ) ;
#5281 = CIRCLE ( 'NONE', #6532, 1.020000000000000018 ) ;
#5282 = ORIENTED_EDGE ( 'NONE', *, *, #1940, .F. ) ;
#5283 = LINE ( 'NONE', #5888, #632 ) ;
#5284 = ORIENTED_EDGE ( 'NONE', *, *, #896, .T. ) ;
#5285 = VECTOR ( 'NONE', #6229, 1000.000000000000000 ) ;
#5286 = AXIS2_PLACEMENT_3D ( 'NONE', #4538, #4469, #2820 ) ;
#5287 = CARTESIAN_POINT ( 'NONE',  ( 4.412172879712628948, 3.353876124328244224, -1.061129556046412681 ) ) ;
#5288 = CARTESIAN_POINT ( 'NONE',  ( -13.65000000000000036, 0.3800000000000001155, -1.779999999999997806 ) ) ;
#5289 = CARTESIAN_POINT ( 'NONE',  ( -9.650000000000000355, 5.030000000000000249, 1.874999999999995559 ) ) ;
#5290 = CARTESIAN_POINT ( 'NONE',  ( -13.65000000000000036, 6.500000000000000888, 2.664999999999993374 ) ) ;
#5291 = VERTEX_POINT ( 'NONE', #6015 ) ;
#5293 = ADVANCED_FACE ( 'NONE', ( #3938 ), #5557, .F. ) ;
#5292 = AXIS2_PLACEMENT_3D ( 'NONE', #2760, #1593, #4336 ) ;
#5294 = CIRCLE ( 'NONE', #6547, 0.1000000000000000472 ) ;
#5295 = VERTEX_POINT ( 'NONE', #2748 ) ;
#5296 = DIRECTION ( 'NONE',  ( 1.000000000000000000, 0.000000000000000000, 0.000000000000000000 ) ) ;
#5297 = VECTOR ( 'NONE', #543, 1000.000000000000000 ) ;
#5298 = FACE_OUTER_BOUND ( 'NONE', #1688, .T. ) ;
#5300 = ORIENTED_EDGE ( 'NONE', *, *, #4499, .F. ) ;
#5299 = CARTESIAN_POINT ( 'NONE',  ( -10.55742020121451397, 0.3800000000000001155, 3.684999999999993836 ) ) ;
#5301 = EDGE_CURVE ( 'NONE', #476, #4528, #5485, .T. ) ;
#5302 = AXIS2_PLACEMENT_3D ( 'NONE', #1982, #3172, #5363 ) ;
#5303 = VERTEX_POINT ( 'NONE', #7117 ) ;
#5304 = CARTESIAN_POINT ( 'NONE',  ( 1.230000000000000204, 0.3800000000000000044, -5.204170427930421283E-15 ) ) ;
#5305 = CARTESIAN_POINT ( 'NONE',  ( -7.200000000000001066, 3.666054381999832579, 0.09999999999999480138 ) ) ;
#5306 = VERTEX_POINT ( 'NONE', #3403 ) ;
#5307 = PLANE ( 'NONE',  #1187 ) ;
#5308 = ORIENTED_EDGE ( 'NONE', *, *, #5905, .F. ) ;
#5309 = DIRECTION ( 'NONE',  ( 0.7071067811865479058, 0.000000000000000000, -0.7071067811865472397 ) ) ;
#5310 = CARTESIAN_POINT ( 'NONE',  ( -7.043780303214237648, 2.280000000000000693, 4.479999999999994209 ) ) ;
#5311 = DIRECTION ( 'NONE',  ( 0.000000000000000000, -1.000000000000000000, 0.000000000000000000 ) ) ;
#5312 = CARTESIAN_POINT ( 'NONE',  ( -5.600000000000000533, 1.780000000000000693, -0.09999999999999480138 ) ) ;
#5313 = ORIENTED_EDGE ( 'NONE', *, *, #3670, .F. ) ;
#5314 = PLANE ( 'NONE',  #3404 ) ;
#5315 = ORIENTED_EDGE ( 'NONE', *, *, #1945, .F. ) ;
#5316 = CARTESIAN_POINT ( 'NONE',  ( 9.537358709033144422, 5.179199999999711146, -5.674846708224687397 ) ) ;
#5317 = DIRECTION ( 'NONE',  ( -0.000000000000000000, -1.000000000000000000, -0.000000000000000000 ) ) ;
#5318 = DIRECTION ( 'NONE',  ( 0.000000000000000000, 0.000000000000000000, 1.000000000000000000 ) ) ;
#5319 = CARTESIAN_POINT ( 'NONE',  ( -2.069999999999998952, 1.780000000000001137, 8.125000000000003553 ) ) ;
#5320 = ORIENTED_EDGE ( 'NONE', *, *, #7033, .F. ) ;
#5321 = ORIENTED_EDGE ( 'NONE', *, *, #3668, .F. ) ;
#5322 = B_SPLINE_CURVE_WITH_KNOTS ( 'NONE', 3,
 ( #3569, #4033, #784, #5756, #3999, #2879, #3957, #165, #6791, #3464, #5069, #2955, #204, #2989 ),
 .UNSPECIFIED., .F., .F.,
 ( 4, 2, 2, 2, 2, 2, 4 ),
 ( 0.000000000000000000, 0.03771873610529918180, 0.1179088414298576221, 0.1980989467544160276, 0.3584791574035328110, 0.6792395787017664333, 1.000000000000000000 ),
 .UNSPECIFIED. ) ;
#5323 = VERTEX_POINT ( 'NONE', #6623 ) ;
#5324 = FACE_OUTER_BOUND ( 'NONE', #3074, .T. ) ;
#5325 = EDGE_CURVE ( 'NONE', #2153, #5383, #2672, .T. ) ;
#5326 = DIRECTION ( 'NONE',  ( 0.000000000000000000, 1.000000000000000000, 0.000000000000000000 ) ) ;
#5328 = ORIENTED_EDGE ( 'NONE', *, *, #2606, .T. ) ;
#5327 = CARTESIAN_POINT ( 'NONE',  ( 4.440793731351647899, 3.197914340327913774, 0.8609605380569113064 ) ) ;
#5329 = VECTOR ( 'NONE', #4556, 1000.000000000000000 ) ;
#5330 = EDGE_CURVE ( 'NONE', #678, #3612, #2431, .T. ) ;
#5331 = EDGE_LOOP ( 'NONE', ( #3276, #2869, #1325, #6410, #1902, #1553, #6940, #5021 ) ) ;
#5332 = EDGE_CURVE ( 'NONE', #5032, #3669, #5522, .T. ) ;
#5333 = VECTOR ( 'NONE', #2680, 1000.000000000000000 ) ;
#5334 = CIRCLE ( 'NONE', #5111, 0.1500000000000002442 ) ;
#5335 = CARTESIAN_POINT ( 'NONE',  ( 10.15189057614266588, 5.179200000000006909, 4.644442262568017732 ) ) ;
#5336 = FACE_OUTER_BOUND ( 'NONE', #4051, .T. ) ;
#5337 = ORIENTED_EDGE ( 'NONE', *, *, #4354, .F. ) ;
#5338 = CARTESIAN_POINT ( 'NONE',  ( -6.400000000000000355, 1.665000000000000702, 5.204170427930421283E-15 ) ) ;
#5339 = EDGE_CURVE ( 'NONE', #827, #4392, #1656, .T. ) ;
#5340 = EDGE_LOOP ( 'NONE', ( #660, #1129, #282, #5282 ) ) ;
#5341 = EDGE_CURVE ( 'NONE', #635, #6103, #354, .T. ) ;
#5342 = LINE ( 'NONE', #4833, #3740 ) ;
#5343 = DIRECTION ( 'NONE',  ( -1.000000000000000000, 0.000000000000000000, 0.000000000000000000 ) ) ;
#5344 = VECTOR ( 'NONE', #842, 1000.000000000000000 ) ;
#5345 = DIRECTION ( 'NONE',  ( -0.000000000000000000, 1.000000000000000000, -0.000000000000000000 ) ) ;
#5346 = CARTESIAN_POINT ( 'NONE',  ( -3.469999999999981988, 1.780000000000000693, 9.525000000000002132 ) ) ;
#5347 = ORIENTED_EDGE ( 'NONE', *, *, #2437, .T. ) ;
#5348 = DIRECTION ( 'NONE',  ( -0.000000000000000000, -1.000000000000000000, -0.000000000000000000 ) ) ;
#5349 = EDGE_CURVE ( 'NONE', #4399, #2570, #4042, .T. ) ;
#5350 = ORIENTED_EDGE ( 'NONE', *, *, #6401, .T. ) ;
#5351 = AXIS2_PLACEMENT_3D ( 'NONE', #2905, #2865, #6129 ) ;
#5352 = CARTESIAN_POINT ( 'NONE',  ( 4.236884534604473451, 3.280299003502751720, -0.8521946352945493075 ) ) ;
#5353 = CARTESIAN_POINT ( 'NONE',  ( -9.119289552242044294, 5.030000000000000249, -1.595095693779899459 ) ) ;
#5354 = CARTESIAN_POINT ( 'NONE',  ( -4.250000000000000000, 2.540000000000000480, 9.524999999999998579 ) ) ;
#5355 = CARTESIAN_POINT ( 'NONE',  ( -12.81499999999999595, 5.030000000000000249, 1.274999999999995692 ) ) ;
#5356 = VERTEX_POINT ( 'NONE', #3329 ) ;
#5357 = EDGE_LOOP ( 'NONE', ( #1696, #977, #6211, #6508 ) ) ;
#5358 = VECTOR ( 'NONE', #2960, 1000.000000000000000 ) ;
#5359 = ORIENTED_EDGE ( 'NONE', *, *, #776, .T. ) ;
#5360 = ORIENTED_EDGE ( 'NONE', *, *, #5732, .T. ) ;
#5361 = AXIS2_PLACEMENT_3D ( 'NONE', #2914, #6750, #6217 ) ;
#5362 = FILL_AREA_STYLE ('',( #3650 ) ) ;
#5363 = DIRECTION ( 'NONE',  ( 0.000000000000000000, 0.000000000000000000, -1.000000000000000000 ) ) ;
#5365 = ORIENTED_EDGE ( 'NONE', *, *, #4883, .T. ) ;
#5364 = CARTESIAN_POINT ( 'NONE',  ( 1.230000000000000204, 6.500000000000000888, -5.204170427930421283E-15 ) ) ;
#5366 = ORIENTED_EDGE ( 'NONE', *, *, #3189, .T. ) ;
#5367 = FACE_OUTER_BOUND ( 'NONE', #6468, .T. ) ;
#5368 = DIRECTION ( 'NONE',  ( 0.000000000000000000, 1.000000000000000000, 0.000000000000000000 ) ) ;
#5369 = ORIENTED_EDGE ( 'NONE', *, *, #4076, .T. ) ;
#5370 = PLANE ( 'NONE',  #1535 ) ;
#5371 = EDGE_CURVE ( 'NONE', #6112, #4021, #4324, .T. ) ;
#5372 = B_SPLINE_CURVE_WITH_KNOTS ( 'NONE', 3,
 ( #4270, #6456, #4806, #381, #5859, #5316, #3160, #6994, #1427, #4776, #6359, #1461, #6491, #923 ),
 .UNSPECIFIED., .F., .F.,
 ( 4, 2, 2, 2, 2, 2, 4 ),
 ( 0.000000000000000000, 0.3207656499001172445, 0.6415313021503642466, 0.8019141282754878031, 0.8821055413380493038, 0.9622969544006112486, 1.000000000000000000 ),
 .UNSPECIFIED. ) ;
#5373 = ORIENTED_EDGE ( 'NONE', *, *, #6434, .T. ) ;
#5374 = ADVANCED_FACE ( 'NONE', ( #4897 ), #3790, .F. ) ;
#5375 = CARTESIAN_POINT ( 'NONE',  ( -9.119289552242044294, 2.280000000000000693, 1.595095693779899459 ) ) ;
#5376 = LINE ( 'NONE', #3121, #3179 ) ;
#5377 = DIRECTION ( 'NONE',  ( 1.000000000000000000, 0.000000000000000000, -1.121235145219832696E-16 ) ) ;
#5378 = DIRECTION ( 'NONE',  ( 0.000000000000000000, 1.000000000000000000, 0.000000000000000000 ) ) ;
#5379 = DIRECTION ( 'NONE',  ( 0.000000000000000000, 0.000000000000000000, 1.000000000000000000 ) ) ;
#5380 = ORIENTED_EDGE ( 'NONE', *, *, #7075, .F. ) ;
#5381 = CARTESIAN_POINT ( 'NONE',  ( -10.55742020121451397, 6.500000000000000888, 2.664999999999993818 ) ) ;
#5382 = EDGE_CURVE ( 'NONE', #3428, #2223, #70, .T. ) ;
#5383 = VERTEX_POINT ( 'NONE', #2280 ) ;
#5384 = EDGE_CURVE ( 'NONE', #1172, #1316, #3900, .T. ) ;
#5385 = CARTESIAN_POINT ( 'NONE',  ( 4.236884534604473451, 3.280299003502751276, -0.9569143895785540144 ) ) ;
#5386 = DIRECTION ( 'NONE',  ( 0.000000000000000000, 0.000000000000000000, -1.000000000000000000 ) ) ;
#5387 = CIRCLE ( 'NONE', #1825, 11.33000000000000007 ) ;
#5388 = FACE_OUTER_BOUND ( 'NONE', #1623, .T. ) ;
#5389 =( NAMED_UNIT ( * ) SI_UNIT ( $, .STERADIAN. ) SOLID_ANGLE_UNIT ( ) );
#5390 = VERTEX_POINT ( 'NONE', #3368 ) ;
#5391 = ORIENTED_EDGE ( 'NONE', *, *, #2600, .F. ) ;
#5392 = VECTOR ( 'NONE', #6084, 1000.000000000000000 ) ;
#5393 = ORIENTED_EDGE ( 'NONE', *, *, #6814, .T. ) ;
#5394 = VERTEX_POINT ( 'NONE', #7080 ) ;
#5395 = DIRECTION ( 'NONE',  ( 0.000000000000000000, 0.000000000000000000, -1.000000000000000000 ) ) ;
#5396 = DIRECTION ( 'NONE',  ( 1.000000000000000000, 0.000000000000000000, -1.296892550819982002E-16 ) ) ;
#5397 = CARTESIAN_POINT ( 'NONE',  ( -9.782114919487536753, 5.180000000000000604, -2.664999999999993818 ) ) ;
#5398 = B_SPLINE_CURVE_WITH_KNOTS ( 'NONE', 1,
 ( #5731, #2930 ),
 .UNSPECIFIED., .F., .F.,
 ( 2, 2 ),
 ( 0.000000000000000000, 0.0004384612110122606318 ),
 .UNSPECIFIED. ) ;
#5399 = AXIS2_PLACEMENT_3D ( 'NONE', #1391, #5254, #2586 ) ;
#5401 = ORIENTED_EDGE ( 'NONE', *, *, #2484, .F. ) ;
#5400 = DIRECTION ( 'NONE',  ( 0.000000000000000000, 0.000000000000000000, -1.000000000000000000 ) ) ;
#5402 = AXIS2_PLACEMENT_3D ( 'NONE', #2877, #3387, #6142 ) ;
#5403 = AXIS2_PLACEMENT_3D ( 'NONE', #3920, #1169, #2547 ) ;
#5404 = ORIENTED_EDGE ( 'NONE', *, *, #4228, .F. ) ;
#5405 = DIRECTION ( 'NONE',  ( 0.000000000000000000, -0.000000000000000000, 1.000000000000000000 ) ) ;
#5406 = CARTESIAN_POINT ( 'NONE',  ( -12.81499999999999595, 1.830000000000000737, -1.424999999999995826 ) ) ;
#5407 = CARTESIAN_POINT ( 'NONE',  ( -4.250000000000002665, 5.179199999999999804, 6.603999999999997428 ) ) ;
#5408 = VECTOR ( 'NONE', #5666, 1000.000000000000000 ) ;
#5409 = ORIENTED_EDGE ( 'NONE', *, *, #6591, .T. ) ;
#5410 = LINE ( 'NONE', #1586, #2356 ) ;
#5411 = ORIENTED_EDGE ( 'NONE', *, *, #7023, .F. ) ;
#5412 = DIRECTION ( 'NONE',  ( 1.000000000000000000, 0.000000000000000000, 0.000000000000000000 ) ) ;
#5413 = ADVANCED_FACE ( 'NONE', ( #6158 ), #2859, .F. ) ;
#5414 = DIRECTION ( 'NONE',  ( 4.025359163750128667E-32, 1.224646799147353207E-16, 1.000000000000000000 ) ) ;
#5415 = CARTESIAN_POINT ( 'NONE',  ( 13.14200000000000124, -11.92504368135278803, -3.175000000000009148 ) ) ;
#5416 = DIRECTION ( 'NONE',  ( 4.650733179562504013E-16, 1.000000000000000000, 0.000000000000000000 ) ) ;
#5417 = LINE ( 'NONE', #2097, #2754 ) ;
#5418 = ORIENTED_EDGE ( 'NONE', *, *, #1500, .F. ) ;
#5419 = LINE ( 'NONE', #2684, #5101 ) ;
#5420 = EDGE_CURVE ( 'NONE', #5390, #5306, #1382, .T. ) ;
#5421 = ORIENTED_EDGE ( 'NONE', *, *, #4163, .T. ) ;
#5422 = B_SPLINE_SURFACE_WITH_KNOTS ( 'NONE', 3, 3, ( 
 ( #4236, #6426, #1495, #5352, #990 ),
 ( #5890, #3641, #2622, #4709, #5385 ),
 ( #452, #890, #3091, #5287, #350 ),
 ( #6567, #637, #1168, #49, #7062 ),
 ( #6530, #600, #2687, #4876, #5027 ),
 ( #1707, #521, #1637, #3919, #2146 ),
 ( #486, #1602, #1672, #5574, #1749 ) ),
 .UNSPECIFIED., .F., .F., .F.,
 ( 4, 1, 1, 1, 4 ),
 ( 4, 1, 4 ),
 ( 0.000000000000000000, 0.2500000000000000000, 0.5000000000000000000, 0.7500000000000000000, 1.000000000000000000 ),
 ( 0.000000000000000000, 0.5000000000000000000, 1.000000000000000000 ),
 .UNSPECIFIED. ) ;
#5423 = LINE ( 'NONE', #6106, #1207 ) ;
#5424 = EDGE_CURVE ( 'NONE', #4967, #2808, #5193, .T. ) ;
#5425 = PLANE ( 'NONE',  #3473 ) ;
#5426 = CARTESIAN_POINT ( 'NONE',  ( 4.530000000000015348, 1.780000000000000693, 8.125000000000003553 ) ) ;
#5427 = LINE ( 'NONE', #4810, #1499 ) ;
#5428 = ORIENTED_EDGE ( 'NONE', *, *, #3010, .F. ) ;
#5429 = ORIENTED_EDGE ( 'NONE', *, *, #1681, .T. ) ;
#5430 = EDGE_CURVE ( 'NONE', #2059, #1534, #1802, .T. ) ;
#5431 = VERTEX_POINT ( 'NONE', #696 ) ;
#5432 = ORIENTED_EDGE ( 'NONE', *, *, #4721, .F. ) ;
#5433 = FACE_OUTER_BOUND ( 'NONE', #5598, .T. ) ;
#5434 = EDGE_CURVE ( 'NONE', #6471, #6698, #4575, .T. ) ;
#5435 = CARTESIAN_POINT ( 'NONE',  ( 7.914186808958331376, 1.780000000000000693, -9.148253751560858404 ) ) ;
#5436 = CARTESIAN_POINT ( 'NONE',  ( -13.47499999999999964, -3.299999999999999822, -8.545133036385903935 ) ) ;
#5438 = ORIENTED_EDGE ( 'NONE', *, *, #3587, .T. ) ;
#5437 = LINE ( 'NONE', #2781, #1020 ) ;
#5439 = VERTEX_POINT ( 'NONE', #6844 ) ;
#5440 = DIRECTION ( 'NONE',  ( 0.000000000000000000, 0.000000000000000000, 1.000000000000000000 ) ) ;
#5441 = CARTESIAN_POINT ( 'NONE',  ( 13.26900000000000190, 0.3800000000000000044, -0.5079999999999949001 ) ) ;
#5442 = VECTOR ( 'NONE', #2413, 1000.000000000000000 ) ;
#5443 = CARTESIAN_POINT ( 'NONE',  ( -13.47499999999999787, 1.480000000000001315, 1.675000000000000044 ) ) ;
#5444 = ORIENTED_EDGE ( 'NONE', *, *, #5118, .F. ) ;
#5445 = CARTESIAN_POINT ( 'NONE',  ( 13.26900000000000190, 0.3800000000000000044, 0.5079999999999949001 ) ) ;
#5446 = VERTEX_POINT ( 'NONE', #2427 ) ;
#5447 = VECTOR ( 'NONE', #2056, 1000.000000000000000 ) ;
#5448 = DIRECTION ( 'NONE',  ( 0.000000000000000000, 0.000000000000000000, 1.000000000000000000 ) ) ;
#5449 = CARTESIAN_POINT ( 'NONE',  ( 12.58000000000000007, 1.130000000000001670, 0.4049999999999999711 ) ) ;
#5450 = LINE ( 'NONE', #2723, #4654 ) ;
#5451 = PLANE ( 'NONE',  #4873 ) ;
#5452 = CARTESIAN_POINT ( 'NONE',  ( -13.55499999999999794, 0.5500000000000132561, -1.270000000000000906 ) ) ;
#5453 = EDGE_LOOP ( 'NONE', ( #3185, #2183, #7115, #3444, #3860, #3515, #5738, #1279 ) ) ;
#5454 = CARTESIAN_POINT ( 'NONE',  ( 3.921010815055865795, 3.246140058850846888, 0.8609605380569113064 ) ) ;
#5455 = AXIS2_PLACEMENT_3D ( 'NONE', #1963, #5526, #4903 ) ;
#5456 = AXIS2_PLACEMENT_3D ( 'NONE', #5545, #605, #2807 ) ;
#5457 = VERTEX_POINT ( 'NONE', #1293 ) ;
#5458 = VECTOR ( 'NONE', #6291, 1000.000000000000000 ) ;
#5459 = DIRECTION ( 'NONE',  ( 0.000000000000000000, 1.000000000000000000, 0.000000000000000000 ) ) ;
#5460 = CIRCLE ( 'NONE', #3857, 0.007085511171399470204 ) ;
#5461 = CARTESIAN_POINT ( 'NONE',  ( -13.47499999999999964, -3.299999999999986944, -1.164999999999999813 ) ) ;
#5462 = VECTOR ( 'NONE', #2674, 1000.000000000000000 ) ;
#5463 = CARTESIAN_POINT ( 'NONE',  ( 4.607758076431186289, 3.130456366136391999, 1.295809480635352617 ) ) ;
#5464 = DIRECTION ( 'NONE',  ( 0.000000000000000000, 0.000000000000000000, 1.000000000000000000 ) ) ;
#5465 = EDGE_CURVE ( 'NONE', #2665, #3876, #2968, .T. ) ;
#5466 = ORIENTED_EDGE ( 'NONE', *, *, #5434, .F. ) ;
#5467 = ORIENTED_EDGE ( 'NONE', *, *, #1741, .T. ) ;
#5468 = VECTOR ( 'NONE', #1858, 1000.000000000000114 ) ;
#5469 = EDGE_CURVE ( 'NONE', #1047, #6370, #6269, .T. ) ;
#5470 = EDGE_CURVE ( 'NONE', #4573, #1337, #255, .T. ) ;
#5471 = ORIENTED_EDGE ( 'NONE', *, *, #6213, .F. ) ;
#5472 = ORIENTED_EDGE ( 'NONE', *, *, #5529, .F. ) ;
#5473 = DIRECTION ( 'NONE',  ( 0.000000000000000000, 0.3939192985791735158, -0.9191450300180553645 ) ) ;
#5474 = CYLINDRICAL_SURFACE ( 'NONE', #293, 0.3810000000000000608 ) ;
#5475 = EDGE_CURVE ( 'NONE', #5068, #2087, #1612, .T. ) ;
#5476 = AXIS2_PLACEMENT_3D ( 'NONE', #2830, #4865, #5448 ) ;
#5477 = CARTESIAN_POINT ( 'NONE',  ( 13.14200000000000124, 1.780000000000000693, 3.175000000000009148 ) ) ;
#5479 = ORIENTED_EDGE ( 'NONE', *, *, #5617, .F. ) ;
#5478 = CARTESIAN_POINT ( 'NONE',  ( -11.23799999999999955, 3.560000000000000497, 0.5120000000000055618 ) ) ;
#5480 = ADVANCED_FACE ( 'NONE', ( #142, #727, #2347, #6764, #2932 ), #1334, .F. ) ;
#5481 = AXIS2_PLACEMENT_3D ( 'NONE', #4570, #824, #2922 ) ;
#5482 = ORIENTED_EDGE ( 'NONE', *, *, #5371, .T. ) ;
#5483 = CARTESIAN_POINT ( 'NONE',  ( -12.81499999999999595, 1.830000000000003180, -0.9250000000000000444 ) ) ;
#5484 = EDGE_CURVE ( 'NONE', #6196, #3876, #6727, .T. ) ;
#5485 = LINE ( 'NONE', #6123, #3586 ) ;
#5486 = CARTESIAN_POINT ( 'NONE',  ( 10.15190976443981974, 2.540000000000000480, -4.644452251363272666 ) ) ;
#5487 = AXIS2_PLACEMENT_3D ( 'NONE', #5209, #268, #3599 ) ;
#5488 = LINE ( 'NONE', #5879, #5462 ) ;
#5489 = EDGE_LOOP ( 'NONE', ( #146, #956, #1370, #6753 ) ) ;
#5490 = CARTESIAN_POINT ( 'NONE',  ( -13.65000000000000391, -3.299999999999987832, -0.8649999999999999911 ) ) ;
#5491 = ORIENTED_EDGE ( 'NONE', *, *, #4579, .F. ) ;
#5492 = AXIS2_PLACEMENT_3D ( 'NONE', #5304, #3691, #2088 ) ;
#5493 = FACE_OUTER_BOUND ( 'NONE', #5331, .T. ) ;
#5494 = CARTESIAN_POINT ( 'NONE',  ( 7.695414893271074419, 2.540000000000000480, 7.705181426667934375 ) ) ;
#5495 = CARTESIAN_POINT ( 'NONE',  ( -4.250000000000000000, 6.500000000000000888, -9.524999999999998579 ) ) ;
#5496 = DIRECTION ( 'NONE',  ( 0.9271838545667895337, -0.3746065934159066302, 0.000000000000000000 ) ) ;
#5497 = CARTESIAN_POINT ( 'NONE',  ( -9.119289552242044294, 5.030000000000000249, -1.595095693779899459 ) ) ;
#5498 = ORIENTED_EDGE ( 'NONE', *, *, #4070, .F. ) ;
#5499 = CARTESIAN_POINT ( 'NONE',  ( -13.15000000000000036, 0.3800000000000001155, 1.780000000000002247 ) ) ;
#5500 = ORIENTED_EDGE ( 'NONE', *, *, #5165, .T. ) ;
#5501 = CARTESIAN_POINT ( 'NONE',  ( -6.500000000000000888, 1.780000000000000693, -0.09999999999999481526 ) ) ;
#5502 = DIRECTION ( 'NONE',  ( 3.021188535318570096E-16, 0.9191450300180553645, -0.3939192985791735158 ) ) ;
#5503 = CARTESIAN_POINT ( 'NONE',  ( 3.110000000000002984, -11.92504368135278803, -1.900000000000001021 ) ) ;
#5504 = LINE ( 'NONE', #1531, #2778 ) ;
#5505 = VERTEX_POINT ( 'NONE', #5596 ) ;
#5506 = LINE ( 'NONE', #4233, #6479 ) ;
#5507 = ORIENTED_EDGE ( 'NONE', *, *, #4237, .T. ) ;
#5508 = B_SPLINE_CURVE_WITH_KNOTS ( 'NONE', 1,
 ( #854, #1937 ),
 .UNSPECIFIED., .F., .F.,
 ( 2, 2 ),
 ( 0.000000000000000000, 0.0004384612110122606318 ),
 .UNSPECIFIED. ) ;
#5509 = CIRCLE ( 'NONE', #3674, 0.7873999999999997668 ) ;
#5510 = ORIENTED_EDGE ( 'NONE', *, *, #6231, .T. ) ;
#5511 = FACE_OUTER_BOUND ( 'NONE', #5793, .T. ) ;
#5512 = CARTESIAN_POINT ( 'NONE',  ( 11.27983273990924573, 6.500000000000000888, 5.231611787952942905 ) ) ;
#5513 = DIRECTION ( 'NONE',  ( 0.000000000000000000, 0.000000000000000000, 1.000000000000000000 ) ) ;
#5514 = EDGE_CURVE ( 'NONE', #5168, #2414, #2460, .T. ) ;
#5516 = EDGE_LOOP ( 'NONE', ( #3568, #2192, #2957, #4269 ) ) ;
#5515 = DIRECTION ( 'NONE',  ( 0.000000000000000000, -1.000000000000000000, 0.000000000000000000 ) ) ;
#5517 = VECTOR ( 'NONE', #24, 1000.000000000000000 ) ;
#5518 = ORIENTED_EDGE ( 'NONE', *, *, #5424, .T. ) ;
#5519 = DIRECTION ( 'NONE',  ( 0.000000000000000000, 0.000000000000000000, 1.000000000000000000 ) ) ;
#5520 = CIRCLE ( 'NONE', #910, 0.2726000000000000090 ) ;
#5521 = VECTOR ( 'NONE', #3520, 1000.000000000000000 ) ;
#5522 = LINE ( 'NONE', #7044, #3476 ) ;
#5523 = EDGE_CURVE ( 'NONE', #6499, #5168, #1362, .T. ) ;
#5524 = LINE ( 'NONE', #3293, #791 ) ;
#5525 = ORIENTED_EDGE ( 'NONE', *, *, #2619, .T. ) ;
#5526 = DIRECTION ( 'NONE',  ( 0.000000000000000000, 1.000000000000000000, 0.000000000000000000 ) ) ;
#5527 = AXIS2_PLACEMENT_3D ( 'NONE', #3494, #6249, #2298 ) ;
#5528 = CIRCLE ( 'NONE', #5063, 0.3500000000000000333 ) ;
#5529 = EDGE_CURVE ( 'NONE', #6841, #4904, #214, .T. ) ;
#5530 = EDGE_LOOP ( 'NONE', ( #2222, #2337, #104, #4896 ) ) ;
#5531 = DIRECTION ( 'NONE',  ( 0.000000000000000000, 0.000000000000000000, 1.000000000000000000 ) ) ;
#5532 = AXIS2_PLACEMENT_3D ( 'NONE', #4390, #5002, #4350 ) ;
#5533 = CARTESIAN_POINT ( 'NONE',  ( 7.094738775679740428, 1.780000000000000693, 8.171673613956837556 ) ) ;
#5534 = LINE ( 'NONE', #3871, #4200 ) ;
#5535 = LINE ( 'NONE', #119, #1255 ) ;
#5536 = VERTEX_POINT ( 'NONE', #4509 ) ;
#5537 = CARTESIAN_POINT ( 'NONE',  ( -4.250000000000002665, 5.179199999999999804, -6.603999999999997428 ) ) ;
#5538 = VECTOR ( 'NONE', #353, 1000.000000000000000 ) ;
#5539 = ORIENTED_EDGE ( 'NONE', *, *, #6794, .T. ) ;
#5540 = CARTESIAN_POINT ( 'NONE',  ( -13.15000000000000036, 0.3800000000000001155, 1.424999999999994271 ) ) ;
#5541 = LINE ( 'NONE', #2369, #460 ) ;
#5542 = DIRECTION ( 'NONE',  ( 3.286955199289085105E-16, 1.000000000000000000, 0.000000000000000000 ) ) ;
#5543 =( NAMED_UNIT ( * ) PLANE_ANGLE_UNIT ( ) SI_UNIT ( $, .RADIAN. ) );
#5544 = ORIENTED_EDGE ( 'NONE', *, *, #670, .F. ) ;
#5545 = CARTESIAN_POINT ( 'NONE',  ( 8.851410775998498792, 1.254129170773428115, 0.000000000000000000 ) ) ;
#5546 = ORIENTED_EDGE ( 'NONE', *, *, #1281, .T. ) ;
#5547 = EDGE_LOOP ( 'NONE', ( #3400, #4993, #5773, #7105, #955, #4874, #7104, #1194, #457, #826, #1718, #1335, #6290, #6626, #5711, #5969, #4812, #6110, #6747, #1161 ) ) ;
#5548 = CARTESIAN_POINT ( 'NONE',  ( 9.543952386405175403, 5.179199999999999804, 5.812327508528072784 ) ) ;
#5549 = CARTESIAN_POINT ( 'NONE',  ( -9.650000000000000355, 5.030000000000000249, -1.274999999999994804 ) ) ;
#5550 = CARTESIAN_POINT ( 'NONE',  ( -9.650000000000000355, 5.030000000000000249, -1.874999999999995559 ) ) ;
#5551 = CYLINDRICAL_SURFACE ( 'NONE', #1845, 11.33000000000000007 ) ;
#5553 = ORIENTED_EDGE ( 'NONE', *, *, #6254, .T. ) ;
#5552 = DIRECTION ( 'NONE',  ( 0.9271838545667895337, -0.3746065934159066302, 0.000000000000000000 ) ) ;
#5554 = EDGE_CURVE ( 'NONE', #3193, #5889, #1877, .T. ) ;
#5555 = ORIENTED_EDGE ( 'NONE', *, *, #3321, .T. ) ;
#5556 = CARTESIAN_POINT ( 'NONE',  ( 9.981594441686114649, 5.179199999999766213, -4.959027882654309494 ) ) ;
#5557 = CYLINDRICAL_SURFACE ( 'NONE', #4379, 9.849999999999997868 ) ;
#5558 = PLANE ( 'NONE',  #1131 ) ;
#5559 = ORIENTED_EDGE ( 'NONE', *, *, #4631, .F. ) ;
#5560 = DIRECTION ( 'NONE',  ( 0.000000000000000000, 1.000000000000000000, -0.000000000000000000 ) ) ;
#5561 = ADVANCED_FACE ( 'NONE', ( #3713 ), #3614, .F. ) ;
#5562 = ADVANCED_FACE ( 'NONE', ( #1507 ), #6368, .T. ) ;
#5563 = ORIENTED_EDGE ( 'NONE', *, *, #841, .T. ) ;
#5564 = CARTESIAN_POINT ( 'NONE',  ( -8.294999999999996376, 6.500000000000000888, -5.079999999999996518 ) ) ;
#5565 = DIRECTION ( 'NONE',  ( -0.000000000000000000, -0.000000000000000000, -1.000000000000000000 ) ) ;
#5566 = EDGE_CURVE ( 'NONE', #1569, #5941, #6404, .T. ) ;
#5567 = DIRECTION ( 'NONE',  ( 0.7660444431189792347, 0.000000000000000000, -0.6427876096865378086 ) ) ;
#5568 = DIRECTION ( 'NONE',  ( -1.000000000000000000, 3.286955199289085105E-16, 0.000000000000000000 ) ) ;
#5569 = ORIENTED_EDGE ( 'NONE', *, *, #5697, .T. ) ;
#5570 = PLANE ( 'NONE',  #3619 ) ;
#5571 = AXIS2_PLACEMENT_3D ( 'NONE', #669, #2870, #3559 ) ;
#5572 = ADVANCED_FACE ( 'NONE', ( #4149 ), #5802, .F. ) ;
#5573 = VERTEX_POINT ( 'NONE', #2562 ) ;
#5574 = CARTESIAN_POINT ( 'NONE',  ( 4.978631618257905345, 2.980613728770025617, -0.8521946352945493075 ) ) ;
#5575 = CARTESIAN_POINT ( 'NONE',  ( 9.292948119243549243, 5.255337990269911330, 5.263141456775872307 ) ) ;
#5576 = LINE ( 'NONE', #640, #3654 ) ;
#5577 = VECTOR ( 'NONE', #6842, 1000.000000000000000 ) ;
#5578 = DIRECTION ( 'NONE',  ( 0.000000000000000000, 1.000000000000000000, 0.000000000000000000 ) ) ;
#5579 = ORIENTED_EDGE ( 'NONE', *, *, #5267, .F. ) ;
#5580 = FACE_OUTER_BOUND ( 'NONE', #4420, .T. ) ;
#5581 = EDGE_LOOP ( 'NONE', ( #3521, #5868, #3008, #3803 ) ) ;
#5582 = AXIS2_PLACEMENT_3D ( 'NONE', #6613, #5473, #1176 ) ;
#5583 = VECTOR ( 'NONE', #1736, 1000.000000000000000 ) ;
#5584 = ORIENTED_EDGE ( 'NONE', *, *, #5434, .T. ) ;
#5585 = CARTESIAN_POINT ( 'NONE',  ( 4.530000000000015348, 1.780000000000001137, 8.125000000000003553 ) ) ;
#5586 = DIRECTION ( 'NONE',  ( -7.953893863423147762E-16, 0.000000000000000000, 1.000000000000000000 ) ) ;
#5587 = DIRECTION ( 'NONE',  ( 0.000000000000000000, 0.000000000000000000, -1.000000000000000000 ) ) ;
#5588 = DIRECTION ( 'NONE',  ( 0.000000000000000000, 0.000000000000000000, 1.000000000000000000 ) ) ;
#5590 = VERTEX_POINT ( 'NONE', #4179 ) ;
#5589 = CARTESIAN_POINT ( 'NONE',  ( -9.650000000000000355, 5.030000000000000249, 1.274999999999994804 ) ) ;
#5591 = AXIS2_PLACEMENT_3D ( 'NONE', #6602, #3269, #5459 ) ;
#5592 = AXIS2_PLACEMENT_3D ( 'NONE', #2861, #5049, #110 ) ;
#5593 = ORIENTED_EDGE ( 'NONE', *, *, #5043, .F. ) ;
#5594 = CIRCLE ( 'NONE', #4213, 0.5999999999999998668 ) ;
#5595 = DIRECTION ( 'NONE',  ( 0.000000000000000000, -1.000000000000000000, 0.000000000000000000 ) ) ;
#5596 = CARTESIAN_POINT ( 'NONE',  ( 13.67500000000000426, -0.2999999999999873324, -0.007085511171399969804 ) ) ;
#5597 = SURFACE_STYLE_FILL_AREA ( #4576 ) ;
#5598 = EDGE_LOOP ( 'NONE', ( #2009, #2544, #3325, #4626 ) ) ;
#5599 = PLANE ( 'NONE',  #2697 ) ;
#5600 = VECTOR ( 'NONE', #2740, 1000.000000000000000 ) ;
#5601 = ORIENTED_EDGE ( 'NONE', *, *, #1404, .T. ) ;
#5602 = VECTOR ( 'NONE', #3725, 1000.000000000000000 ) ;
#5603 = CARTESIAN_POINT ( 'NONE',  ( 1.230000000000000204, 1.930000000000001048, 5.204170427930421283E-15 ) ) ;
#5604 = CARTESIAN_POINT ( 'NONE',  ( 7.632474216967865210, 2.142274161319330350, 7.758829572489291060 ) ) ;
#5605 = FACE_OUTER_BOUND ( 'NONE', #3079, .T. ) ;
#5606 = EDGE_CURVE ( 'NONE', #3463, #2394, #1438, .T. ) ;
#5607 = CARTESIAN_POINT ( 'NONE',  ( 13.29260000000000375, 1.130000000000001448, 0.4049999999999989164 ) ) ;
#5608 = VERTEX_POINT ( 'NONE', #1946 ) ;
#5609 = FACE_OUTER_BOUND ( 'NONE', #549, .T. ) ;
#5610 = AXIS2_PLACEMENT_3D ( 'NONE', #4287, #1547, #5842 ) ;
#5611 = ORIENTED_EDGE ( 'NONE', *, *, #5211, .T. ) ;
#5612 = ADVANCED_FACE ( 'NONE', ( #2532 ), #3136, .F. ) ;
#5613 = DIRECTION ( 'NONE',  ( -1.000000000000000000, 0.000000000000000000, -8.106184467181343480E-16 ) ) ;
#5614 = CARTESIAN_POINT ( 'NONE',  ( 6.733202033115826879, 5.255337990269988602, 7.912247349472467661 ) ) ;
#5615 = LINE ( 'NONE', #4915, #3756 ) ;
#5616 = FACE_OUTER_BOUND ( 'NONE', #5925, .T. ) ;
#5617 = EDGE_CURVE ( 'NONE', #6339, #5625, #2015, .T. ) ;
#5618 = ORIENTED_EDGE ( 'NONE', *, *, #6731, .F. ) ;
#5619 = DIRECTION ( 'NONE',  ( -1.000000000000000000, 3.286955199289085105E-16, 0.000000000000000000 ) ) ;
#5620 = ORIENTED_EDGE ( 'NONE', *, *, #4648, .T. ) ;
#5621 = LINE ( 'NONE', #6149, #2236 ) ;
#5622 = LINE ( 'NONE', #686, #6090 ) ;
#5623 = DIRECTION ( 'NONE',  ( 0.07289280957264496208, -0.02945060674215600402, 0.9969048600920376035 ) ) ;
#5624 = CARTESIAN_POINT ( 'NONE',  ( -12.81499999999999595, 1.830000000000003180, 0.9250000000000001554 ) ) ;
#5625 = VERTEX_POINT ( 'NONE', #4217 ) ;
#5626 = AXIS2_PLACEMENT_3D ( 'NONE', #216, #2933, #6195 ) ;
#5627 = ORIENTED_EDGE ( 'NONE', *, *, #664, .F. ) ;
#5628 = CARTESIAN_POINT ( 'NONE',  ( 9.168731911514477417, 5.179199999999974047, -6.190854495737119656 ) ) ;
#5629 = CARTESIAN_POINT ( 'NONE',  ( -13.28239999999999910, -2.307085511171386383, 1.270000000000000906 ) ) ;
#5630 = CIRCLE ( 'NONE', #434, 0.007085511171399470204 ) ;
#5631 = CARTESIAN_POINT ( 'NONE',  ( -2.069999999999998952, 1.780000000000000693, 8.125000000000003553 ) ) ;
#5632 = APPLICATION_PROTOCOL_DEFINITION ( 'draft international standard', 'automotive_design', 1998, #3247 ) ;
#5633 = ORIENTED_EDGE ( 'NONE', *, *, #6873, .T. ) ;
#5634 = CARTESIAN_POINT ( 'NONE',  ( 9.250000000000001776, 1.280000000000001359, -13.65917520938231178 ) ) ;
#5635 = AXIS2_PLACEMENT_3D ( 'NONE', #6789, #1971, #2854 ) ;
#5636 = ORIENTED_EDGE ( 'NONE', *, *, #485, .F. ) ;
#5637 = CARTESIAN_POINT ( 'NONE',  ( 7.621577998269030374, 2.156967621143929037, -7.766633537312433333 ) ) ;
#5638 = FACE_OUTER_BOUND ( 'NONE', #3813, .T. ) ;
#5639 = CARTESIAN_POINT ( 'NONE',  ( -6.500000000000000888, 1.665000000000000702, -0.09999999999999481526 ) ) ;
#5640 = CIRCLE ( 'NONE', #694, 0.2726000000000000090 ) ;
#5641 = CARTESIAN_POINT ( 'NONE',  ( 10.31865235231269473, 5.179199999999755555, -4.311576216459639177 ) ) ;
#5642 = AXIS2_PLACEMENT_3D ( 'NONE', #3328, #2279, #5595 ) ;
#5643 = VERTEX_POINT ( 'NONE', #962 ) ;
#5644 = CARTESIAN_POINT ( 'NONE',  ( -13.47499999999999787, 0.5500000000000132561, 1.070000000000000950 ) ) ;
#5645 = ORIENTED_EDGE ( 'NONE', *, *, #2259, .F. ) ;
#5646 = ADVANCED_FACE ( 'NONE', ( #4722 ), #864, .F. ) ;
#5647 = VECTOR ( 'NONE', #4139, 1000.000000000000000 ) ;
#5648 = CARTESIAN_POINT ( 'NONE',  ( -5.774000000000003574, 6.500000000000000888, -5.079999999999997407 ) ) ;
#5649 = CARTESIAN_POINT ( 'NONE',  ( 6.992828900876832954, 5.179199999999835491, 8.257276648908195682 ) ) ;
#5650 = PLANE ( 'NONE',  #5361 ) ;
#5651 = CARTESIAN_POINT ( 'NONE',  ( 5.992500000000000604, 0.3800000000000001155, -4.292599999999995752 ) ) ;
#5652 = ORIENTED_EDGE ( 'NONE', *, *, #2873, .T. ) ;
#5653 = CARTESIAN_POINT ( 'NONE',  ( -7.043780303214237648, 5.030000000000000249, 4.479999999999994209 ) ) ;
#5654 = VERTEX_POINT ( 'NONE', #425 ) ;
#5655 = EDGE_CURVE ( 'NONE', #6328, #2538, #1471, .T. ) ;
#5656 = DIRECTION ( 'NONE',  ( 1.000000000000000000, -3.286955199289085105E-16, 0.000000000000000000 ) ) ;
#5657 = DIRECTION ( 'NONE',  ( -3.286955199289085105E-16, -1.000000000000000000, 0.000000000000000000 ) ) ;
#5658 = PLANE ( 'NONE',  #1670 ) ;
#5659 = PLANE ( 'NONE',  #6199 ) ;
#5660 = VERTEX_POINT ( 'NONE', #899 ) ;
#5661 = ADVANCED_FACE ( 'NONE', ( #5298 ), #2500, .F. ) ;
#5662 = ADVANCED_FACE ( 'NONE', ( #3683 ), #324, .F. ) ;
#5663 = ADVANCED_FACE ( 'NONE', ( #4282 ), #6972, .T. ) ;
#5664 = VERTEX_POINT ( 'NONE', #6466 ) ;
#5665 = LINE ( 'NONE', #322, #3157 ) ;
#5666 = DIRECTION ( 'NONE',  ( -1.000000000000000000, -0.000000000000000000, 0.000000000000000000 ) ) ;
#5668 = ORIENTED_EDGE ( 'NONE', *, *, #6517, .T. ) ;
#5667 = CYLINDRICAL_SURFACE ( 'NONE', #2164, 0.1000000000000000472 ) ;
#5669 = CARTESIAN_POINT ( 'NONE',  ( -13.47499999999999964, -1.513455064898399982, -0.3993378849564480082 ) ) ;
#5670 = ORIENTED_EDGE ( 'NONE', *, *, #2935, .T. ) ;
#5671 = CARTESIAN_POINT ( 'NONE',  ( -9.583884281761978485, 6.500000000000000888, -3.380651821862342032 ) ) ;
#5672 = DIRECTION ( 'NONE',  ( -0.000000000000000000, -1.000000000000000000, -0.000000000000000000 ) ) ;
#5673 = DIRECTION ( 'NONE',  ( 1.000000000000000000, 0.000000000000000000, 1.493467077894566109E-16 ) ) ;
#5674 = CARTESIAN_POINT ( 'NONE',  ( 10.13254500954318438, 5.179199999999847925, -4.682641637301467874 ) ) ;
#5675 = EDGE_LOOP ( 'NONE', ( #1798, #5432, #5968, #499 ) ) ;
#5676 = FACE_OUTER_BOUND ( 'NONE', #3391, .T. ) ;
#5677 = ORIENTED_EDGE ( 'NONE', *, *, #5251, .F. ) ;
#5678 = DIRECTION ( 'NONE',  ( 0.000000000000000000, 1.000000000000000000, 0.000000000000000000 ) ) ;
#5679 = CARTESIAN_POINT ( 'NONE',  ( 10.18066959253784098, 5.179199999999846149, 4.589680815208468267 ) ) ;
#5680 = CYLINDRICAL_SURFACE ( 'NONE', #6166, 11.33000000000000007 ) ;
#5681 = DIRECTION ( 'NONE',  ( 0.000000000000000000, 0.000000000000000000, -1.000000000000000000 ) ) ;
#5682 = ORIENTED_EDGE ( 'NONE', *, *, #1909, .T. ) ;
#5683 = CARTESIAN_POINT ( 'NONE',  ( 12.58000000000000007, 1.280000000000001359, -0.4049999999999999711 ) ) ;
#5684 = CIRCLE ( 'NONE', #6822, 9.849999999999997868 ) ;
#5685 = VERTEX_POINT ( 'NONE', #3583 ) ;
#5686 = VECTOR ( 'NONE', #974, 1000.000000000000000 ) ;
#5687 = CARTESIAN_POINT ( 'NONE',  ( -6.300000000000000711, 1.665000000000000702, 0.09999999999999492628 ) ) ;
#5688 = CARTESIAN_POINT ( 'NONE',  ( -3.490000000000007763, 2.540000000000000480, -2.775908958334685015E-15 ) ) ;
#5689 = ADVANCED_FACE ( 'NONE', ( #7007 ), #2083, .T. ) ;
#5690 = LINE ( 'NONE', #1430, #764 ) ;
#5691 = CARTESIAN_POINT ( 'NONE',  ( 12.84569950541076899, 0.3800000000000000044, 3.174999999999994049 ) ) ;
#5692 = VERTEX_POINT ( 'NONE', #4427 ) ;
#5693 = ADVANCED_FACE ( 'NONE', ( #64 ), #5551, .T. ) ;
#5694 = ADVANCED_FACE ( 'NONE', ( #1001 ), #5972, .F. ) ;
#5695 = VECTOR ( 'NONE', #288, 1000.000000000000000 ) ;
#5696 = VERTEX_POINT ( 'NONE', #6083 ) ;
#5697 = EDGE_CURVE ( 'NONE', #3855, #5771, #6578, .T. ) ;
#5698 = DIRECTION ( 'NONE',  ( 0.000000000000000000, 1.000000000000000000, 0.000000000000000000 ) ) ;
#5699 = VECTOR ( 'NONE', #2521, 1000.000000000000000 ) ;
#5700 = CARTESIAN_POINT ( 'NONE',  ( 11.60812642218991009, 1.780000000000000693, 4.545700382234141301 ) ) ;
#5701 = ORIENTED_EDGE ( 'NONE', *, *, #103, .F. ) ;
#5702 = CARTESIAN_POINT ( 'NONE',  ( -7.200000000000001066, 1.665000000000000702, 0.09999999999999480138 ) ) ;
#5703 = VECTOR ( 'NONE', #1266, 1000.000000000000000 ) ;
#5704 = ORIENTED_EDGE ( 'NONE', *, *, #6826, .F. ) ;
#5705 = EDGE_CURVE ( 'NONE', #5696, #6244, #3819, .T. ) ;
#5706 = CARTESIAN_POINT ( 'NONE',  ( 7.695414893271073531, 2.439580982986769175, -7.705181426667934375 ) ) ;
#5707 = FACE_OUTER_BOUND ( 'NONE', #1247, .T. ) ;
#5708 = AXIS2_PLACEMENT_3D ( 'NONE', #6259, #1323, #2994 ) ;
#5709 = CARTESIAN_POINT ( 'NONE',  ( -13.15000000000000036, 5.180000000000000604, -1.779999999999998028 ) ) ;
#5710 = CARTESIAN_POINT ( 'NONE',  ( 9.886027126599346460, 5.255337990269826065, -4.213992086842322848 ) ) ;
#5711 = ORIENTED_EDGE ( 'NONE', *, *, #5529, .T. ) ;
#5712 = CARTESIAN_POINT ( 'NONE',  ( 1.976946756233350477, -2.900320916616998090, -0.8609605380569113064 ) ) ;
#5713 = ORIENTED_EDGE ( 'NONE', *, *, #2028, .F. ) ;
#5714 = CIRCLE ( 'NONE', #5135, 0.7620000000000011209 ) ;
#5715 = CARTESIAN_POINT ( 'NONE',  ( 4.384602742339261283, 3.058836762142893573, 0.8609605380569113064 ) ) ;
#5716 = LINE ( 'NONE', #3213, #1486 ) ;
#5717 = CARTESIAN_POINT ( 'NONE',  ( -13.65000000000000391, -2.600000000000000089, -0.8649999999999999911 ) ) ;
#5718 = DIRECTION ( 'NONE',  ( -0.000000000000000000, -1.000000000000000000, 0.000000000000000000 ) ) ;
#5719 = LINE ( 'NONE', #5823, #1595 ) ;
#5720 = VERTEX_POINT ( 'NONE', #3892 ) ;
#5721 = FACE_OUTER_BOUND ( 'NONE', #3112, .T. ) ;
#5722 = VECTOR ( 'NONE', #2770, 1000.000000000000000 ) ;
#5723 = ORIENTED_EDGE ( 'NONE', *, *, #6004, .T. ) ;
#5724 = AXIS2_PLACEMENT_3D ( 'NONE', #1268, #3011, #3518 ) ;
#5725 = DIRECTION ( 'NONE',  ( 0.000000000000000000, 0.000000000000000000, -1.000000000000000000 ) ) ;
#5726 = LINE ( 'NONE', #787, #2311 ) ;
#5727 = CARTESIAN_POINT ( 'NONE',  ( 12.84569950541076899, 1.780000000000000693, 3.174999999999994049 ) ) ;
#5728 = CARTESIAN_POINT ( 'NONE',  ( -9.650000000000000355, 5.030000000000000249, 1.424999999999995826 ) ) ;
#5729 = VERTEX_POINT ( 'NONE', #2197 ) ;
#5730 = VERTEX_POINT ( 'NONE', #2814 ) ;
#5731 = CARTESIAN_POINT ( 'NONE',  ( 7.417859203408450952, 5.255337990269911330, 7.374403436129172817 ) ) ;
#5732 = EDGE_CURVE ( 'NONE', #837, #6942, #4612, .T. ) ;
#5733 = DIRECTION ( 'NONE',  ( 0.000000000000000000, 1.000000000000000000, 0.000000000000000000 ) ) ;
#5735 = ORIENTED_EDGE ( 'NONE', *, *, #2079, .T. ) ;
#5734 = CARTESIAN_POINT ( 'NONE',  ( -6.400000000000000355, 1.762200000000000655, 5.204170427930421283E-15 ) ) ;
#5736 = CARTESIAN_POINT ( 'NONE',  ( 4.236884534604473451, 3.280299003502751276, -0.7474748810105446006 ) ) ;
#5737 = EDGE_CURVE ( 'NONE', #2675, #5692, #2315, .T. ) ;
#5738 = ORIENTED_EDGE ( 'NONE', *, *, #2070, .T. ) ;
#5739 = EDGE_CURVE ( 'NONE', #6287, #4772, #2274, .T. ) ;
#5740 = DIRECTION ( 'NONE',  ( 0.000000000000000000, 0.000000000000000000, -1.000000000000000000 ) ) ;
#5741 = DIRECTION ( 'NONE',  ( 0.000000000000000000, 0.000000000000000000, -1.000000000000000000 ) ) ;
#5742 = DIRECTION ( 'NONE',  ( 0.000000000000000000, 0.000000000000000000, 1.000000000000000000 ) ) ;
#5743 = ORIENTED_EDGE ( 'NONE', *, *, #3671, .T. ) ;
#5744 = CARTESIAN_POINT ( 'NONE',  ( 13.65000000000000036, 1.130000000000000782, 0.5079999999999950111 ) ) ;
#5745 = EDGE_CURVE ( 'NONE', #2069, #6471, #1538, .T. ) ;
#5746 = VECTOR ( 'NONE', #3728, 1000.000000000000000 ) ;
#5747 = ORIENTED_EDGE ( 'NONE', *, *, #5216, .T. ) ;
#5748 = DIRECTION ( 'NONE',  ( 1.000000000000000000, -0.000000000000000000, -1.101271886729817128E-16 ) ) ;
#5749 = VECTOR ( 'NONE', #3777, 1000.000000000000000 ) ;
#5750 = CARTESIAN_POINT ( 'NONE',  ( -7.200000000000001066, 1.665000000000000702, -0.09999999999999480138 ) ) ;
#5751 = VECTOR ( 'NONE', #2306, 1000.000000000000000 ) ;
#5752 = CARTESIAN_POINT ( 'NONE',  ( 6.449821268649270856, -4.707479524502637958, -0.1498572332372787030 ) ) ;
#5753 = LINE ( 'NONE', #781, #459 ) ;
#5754 = DIRECTION ( 'NONE',  ( 0.000000000000000000, -1.000000000000000000, 0.000000000000000000 ) ) ;
#5755 = ORIENTED_EDGE ( 'NONE', *, *, #2121, .F. ) ;
#5756 = CARTESIAN_POINT ( 'NONE',  ( 9.654995840226611392, 5.255337990269868698, -4.658427592134093409 ) ) ;
#5757 = AXIS2_PLACEMENT_3D ( 'NONE', #126, #1278, #162 ) ;
#5758 = AXIS2_PLACEMENT_3D ( 'NONE', #823, #5218, #560 ) ;
#5759 = VERTEX_POINT ( 'NONE', #1614 ) ;
#5760 = CARTESIAN_POINT ( 'NONE',  ( 4.412172879712625395, 3.353876124328246000, 0.6432597145426852681 ) ) ;
#5761 = DIRECTION ( 'NONE',  ( -0.000000000000000000, -1.000000000000000000, -0.000000000000000000 ) ) ;
#5762 = CARTESIAN_POINT ( 'NONE',  ( -13.65000000000000036, 6.500000000000000888, -2.664999999999993374 ) ) ;
#5763 = CARTESIAN_POINT ( 'NONE',  ( -5.600000000000000533, 1.780000000000000693, 0.09999999999999480138 ) ) ;
#5764 = AXIS2_PLACEMENT_3D ( 'NONE', #829, #5899, #4785 ) ;
#5765 = ORIENTED_EDGE ( 'NONE', *, *, #4193, .F. ) ;
#5766 = SURFACE_SIDE_STYLE ('',( #4511 ) ) ;
#5767 = EDGE_LOOP ( 'NONE', ( #5350, #3265, #302, #540, #4024, #5782, #4049, #1124 ) ) ;
#5768 = DIRECTION ( 'NONE',  ( 7.953893863423147762E-16, -0.000000000000000000, -1.000000000000000000 ) ) ;
#5769 = CARTESIAN_POINT ( 'NONE',  ( 3.110000000000002984, -11.92504368135278803, -1.900000000000001021 ) ) ;
#5771 = VERTEX_POINT ( 'NONE', #3746 ) ;
#5770 = DIRECTION ( 'NONE',  ( 3.561869728205487067E-15, 0.000000000000000000, -1.000000000000000000 ) ) ;
#5772 = EDGE_CURVE ( 'NONE', #4512, #2793, #467, .T. ) ;
#5773 = ORIENTED_EDGE ( 'NONE', *, *, #4417, .T. ) ;
#5774 = DIRECTION ( 'NONE',  ( 0.000000000000000000, 1.000000000000000000, 0.000000000000000000 ) ) ;
#5775 = EDGE_CURVE ( 'NONE', #1151, #4967, #2668, .T. ) ;
#5776 = CARTESIAN_POINT ( 'NONE',  ( -9.650000000000000355, 2.280000000000000693, -1.274999999999995692 ) ) ;
#5777 = FACE_OUTER_BOUND ( 'NONE', #2970, .T. ) ;
#5778 = ORIENTED_EDGE ( 'NONE', *, *, #5566, .T. ) ;
#5779 = LINE ( 'NONE', #6979, #5447 ) ;
#5780 = EDGE_CURVE ( 'NONE', #2376, #4882, #6049, .T. ) ;
#5781 = EDGE_CURVE ( 'NONE', #3055, #3658, #4317, .T. ) ;
#5782 = ORIENTED_EDGE ( 'NONE', *, *, #5834, .F. ) ;
#5783 = EDGE_CURVE ( 'NONE', #5229, #1473, #1111, .T. ) ;
#5784 = DIRECTION ( 'NONE',  ( 0.7071067811865472397, -0.000000000000000000, 0.7071067811865479058 ) ) ;
#5785 = CARTESIAN_POINT ( 'NONE',  ( 1.230000000000000204, 1.780000000000000693, -5.204170427930421283E-15 ) ) ;
#5786 = EDGE_CURVE ( 'NONE', #3242, #4225, #2780, .T. ) ;
#5787 = FACE_OUTER_BOUND ( 'NONE', #5125, .T. ) ;
#5788 = CARTESIAN_POINT ( 'NONE',  ( -3.490000000000000657, 2.540000000000000480, -9.524999999999998579 ) ) ;
#5789 = CARTESIAN_POINT ( 'NONE',  ( 13.59500000000000419, 0.9776000000000001355, -13.65917520938231178 ) ) ;
#5790 = ORIENTED_EDGE ( 'NONE', *, *, #1049, .T. ) ;
#5791 = DIRECTION ( 'NONE',  ( -1.000000000000000000, 0.000000000000000000, -1.355252715606880543E-16 ) ) ;
#5792 = ADVANCED_FACE ( 'NONE', ( #2156 ), #6011, .F. ) ;
#5793 = EDGE_LOOP ( 'NONE', ( #3314, #2746, #6113, #6399, #5012, #2003, #271, #4387, #373, #2965 ) ) ;
#5794 = CARTESIAN_POINT ( 'NONE',  ( 4.978631618257905345, 2.980613728770026061, 0.8521946352945493075 ) ) ;
#5795 = LINE ( 'NONE', #315, #5059 ) ;
#5796 = DIRECTION ( 'NONE',  ( 0.000000000000000000, 0.000000000000000000, -1.000000000000000000 ) ) ;
#5797 = DIRECTION ( 'NONE',  ( 0.000000000000000000, 0.000000000000000000, 1.000000000000000000 ) ) ;
#5798 = VERTEX_POINT ( 'NONE', #5477 ) ;
#5799 = AXIS2_PLACEMENT_3D ( 'NONE', #6134, #4022, #1272 ) ;
#5800 = EDGE_LOOP ( 'NONE', ( #866, #5960, #1717, #4748 ) ) ;
#5801 = CARTESIAN_POINT ( 'NONE',  ( 4.530000000000015348, 0.3799999999999992828, 8.125000000000003553 ) ) ;
#5802 = PLANE ( 'NONE',  #3007 ) ;
#5804 = EDGE_LOOP ( 'NONE', ( #5510, #3483, #5230, #5471 ) ) ;
#5803 = CARTESIAN_POINT ( 'NONE',  ( -13.55499999999999794, 0.5500000000000132561, 1.270000000000000906 ) ) ;
#5805 = AXIS2_PLACEMENT_3D ( 'NONE', #6805, #3905, #6095 ) ;
#5806 = CLOSED_SHELL ( 'NONE', ( #1714, #402, #1964, #888, #3753, #2182, #1671, #4376, #318, #1190, #2488, #7119, #47, #5480, #6226, #2892, #2042, #3026, #140, #6690, #3182, #3761, #5159, #2561, #928, #3067, #3337, #4930, #5693, #970, #6473, #4466, #3808, #2495, #2314, #1857, #681, #6348, #723, #5572, #761, #1859, #4508, #178, #2159, #4156, #3235, #2885, #3413, #4638, #5413, #6944, #5261, #186, #902, #3623, #6917, #5694, #5374, #4403, #6091, #1289, #1451, #4928, #2257, #84, #10, #1770, #4982, #5949, #448, #2393, #1997, #6297, #5646, #6423, #3061, #6687, #538, #5071, #4362, #5792, #1907, #6880, #886, #2657, #1544, #5240, #541, #5661, #598, #726, #5988, #6734, #6836, #4951, #5900, #5561, #4196, #6122, #4153, #674, #3591, #6052, #4733, #2254, #1290, #3743, #6788 ) ) ;
#5807 = ORIENTED_EDGE ( 'NONE', *, *, #1909, .F. ) ;
#5808 = ORIENTED_EDGE ( 'NONE', *, *, #2612, .F. ) ;
#5809 = VECTOR ( 'NONE', #1216, 1000.000000000000000 ) ;
#5810 = VECTOR ( 'NONE', #3792, 1000.000000000000000 ) ;
#5811 = CARTESIAN_POINT ( 'NONE',  ( -9.650000000000000355, 2.379995206296890764, -1.274999999999994804 ) ) ;
#5812 = DIRECTION ( 'NONE',  ( -0.000000000000000000, -1.000000000000000000, -0.000000000000000000 ) ) ;
#5813 = CARTESIAN_POINT ( 'NONE',  ( -12.81499999999999595, 2.280000000000000249, 0.9250000000000000444 ) ) ;
#5814 = ORIENTED_EDGE ( 'NONE', *, *, #3772, .F. ) ;
#5815 = CARTESIAN_POINT ( 'NONE',  ( -13.47499999999999964, -2.600000000000000089, 0.8650000000000001021 ) ) ;
#5816 = AXIS2_PLACEMENT_3D ( 'NONE', #237, #1240, #5678 ) ;
#5817 = VERTEX_POINT ( 'NONE', #2741 ) ;
#5818 = CARTESIAN_POINT ( 'NONE',  ( -11.23799999999999955, -3.299999999999999822, 0.7620000000000062279 ) ) ;
#5819 = EDGE_CURVE ( 'NONE', #4060, #461, #3697, .T. ) ;
#5820 = DIRECTION ( 'NONE',  ( 1.000000000000000000, -3.286955199289085105E-16, -0.000000000000000000 ) ) ;
#5821 = DIRECTION ( 'NONE',  ( 1.000000000000000000, 0.000000000000000000, 0.000000000000000000 ) ) ;
#5822 = LINE ( 'NONE', #2445, #1953 ) ;
#5823 = CARTESIAN_POINT ( 'NONE',  ( -13.32499999999999751, -1.513455064898399982, -0.3993378849564480082 ) ) ;
#5824 = ORIENTED_EDGE ( 'NONE', *, *, #58, .T. ) ;
#5825 = DIRECTION ( 'NONE',  ( 1.000000000000000000, 0.000000000000000000, 0.000000000000000000 ) ) ;
#5826 = VECTOR ( 'NONE', #4610, 1000.000000000000000 ) ;
#5827 = VERTEX_POINT ( 'NONE', #2456 ) ;
#5828 = PLANE ( 'NONE',  #2125 ) ;
#5829 = FACE_OUTER_BOUND ( 'NONE', #6455, .T. ) ;
#5830 = CARTESIAN_POINT ( 'NONE',  ( 12.58000000000000007, 1.280000000000001359, -1.900000000000001021 ) ) ;
#5831 = VECTOR ( 'NONE', #4229, 1000.000000000000000 ) ;
#5832 = DIRECTION ( 'NONE',  ( -3.977264022323940870E-16, -1.000000000000000000, -3.970780294165348038E-16 ) ) ;
#5833 = VERTEX_POINT ( 'NONE', #5728 ) ;
#5834 = EDGE_CURVE ( 'NONE', #3383, #1899, #251, .T. ) ;
#5835 = AXIS2_PLACEMENT_3D ( 'NONE', #4977, #2138, #5018 ) ;
#5836 = ORIENTED_EDGE ( 'NONE', *, *, #2172, .T. ) ;
#5837 =( NAMED_UNIT ( * ) PLANE_ANGLE_UNIT ( ) SI_UNIT ( $, .RADIAN. ) );
#5838 = DIRECTION ( 'NONE',  ( 1.000000000000000000, 0.000000000000000000, 0.000000000000000000 ) ) ;
#5840 = ORIENTED_EDGE ( 'NONE', *, *, #6953, .T. ) ;
#5839 = FACE_OUTER_BOUND ( 'NONE', #2683, .T. ) ;
#5841 = ORIENTED_EDGE ( 'NONE', *, *, #6740, .F. ) ;
#5842 = DIRECTION ( 'NONE',  ( 1.000000000000000000, 0.000000000000000000, 0.000000000000000000 ) ) ;
#5843 = DIRECTION ( 'NONE',  ( -1.000000000000000000, 0.000000000000000000, 4.336808689942013792E-16 ) ) ;
#5844 = ORIENTED_EDGE ( 'NONE', *, *, #1635, .T. ) ;
#5845 = LINE ( 'NONE', #3594, #6253 ) ;
#5846 = AXIS2_PLACEMENT_3D ( 'NONE', #2824, #2714, #4359 ) ;
#5847 = ORIENTED_EDGE ( 'NONE', *, *, #7037, .F. ) ;
#5848 = LINE ( 'NONE', #3187, #6843 ) ;
#5849 = FACE_OUTER_BOUND ( 'NONE', #6392, .T. ) ;
#5850 = FACE_OUTER_BOUND ( 'NONE', #4474, .T. ) ;
#5851 = DIRECTION ( 'NONE',  ( 0.000000000000000000, 1.000000000000000000, 0.000000000000000000 ) ) ;
#5852 = CIRCLE ( 'NONE', #4708, 11.33000000000000007 ) ;
#5853 = ORIENTED_EDGE ( 'NONE', *, *, #5420, .F. ) ;
#5854 = CARTESIAN_POINT ( 'NONE',  ( -6.300000000000000711, 1.780000000000000693, 0.7999999999999948264 ) ) ;
#5855 = EDGE_CURVE ( 'NONE', #2448, #2857, #2419, .T. ) ;
#5856 = ORIENTED_EDGE ( 'NONE', *, *, #53, .T. ) ;
#5857 = MECHANICAL_DESIGN_GEOMETRIC_PRESENTATION_REPRESENTATION (  '', ( #2421 ), #3341 ) ;
#5858 = VECTOR ( 'NONE', #2858, 1000.000000000000000 ) ;
#5859 = CARTESIAN_POINT ( 'NONE',  ( 9.168731911514477417, 5.179199999999974047, -6.190854495737119656 ) ) ;
#5860 = LINE ( 'NONE', #891, #6659 ) ;
#5861 = DIRECTION ( 'NONE',  ( 0.000000000000000000, -1.000000000000000000, 0.000000000000000000 ) ) ;
#5862 = LINE ( 'NONE', #5256, #4952 ) ;
#5863 = EDGE_CURVE ( 'NONE', #5431, #4380, #1481, .T. ) ;
#5864 = ORIENTED_EDGE ( 'NONE', *, *, #194, .T. ) ;
#5865 = AXIS2_PLACEMENT_3D ( 'NONE', #2372, #6640, #4453 ) ;
#5866 = VECTOR ( 'NONE', #3642, 1000.000000000000000 ) ;
#5867 = EDGE_CURVE ( 'NONE', #4885, #1501, #98, .T. ) ;
#5868 = ORIENTED_EDGE ( 'NONE', *, *, #935, .F. ) ;
#5869 = DIRECTION ( 'NONE',  ( 0.000000000000000000, 0.000000000000000000, 1.000000000000000000 ) ) ;
#5870 = VECTOR ( 'NONE', #1686, 1000.000000000000000 ) ;
#5871 = DIRECTION ( 'NONE',  ( 1.000000000000000000, 0.000000000000000000, 0.000000000000000000 ) ) ;
#5872 = ADVANCED_FACE ( 'NONE', ( #1759 ), #5659, .F. ) ;
#5874 = ORIENTED_EDGE ( 'NONE', *, *, #6168, .T. ) ;
#5873 = CARTESIAN_POINT ( 'NONE',  ( 13.67500000000000426, -0.2999999999999873324, 0.007085511171399388672 ) ) ;
#5875 = EDGE_CURVE ( 'NONE', #6196, #1534, #1368, .T. ) ;
#5876 = VECTOR ( 'NONE', #926, 1000.000000000000000 ) ;
#5877 = ORIENTED_EDGE ( 'NONE', *, *, #3983, .F. ) ;
#5878 = CARTESIAN_POINT ( 'NONE',  ( 13.44500000000000384, 0.9776000000000001355, -13.65917520938231178 ) ) ;
#5879 = CARTESIAN_POINT ( 'NONE',  ( -13.47499999999999787, 1.977599999999999580, -0.8650000000000003242 ) ) ;
#5880 = ORIENTED_EDGE ( 'NONE', *, *, #670, .T. ) ;
#5881 = CARTESIAN_POINT ( 'NONE',  ( -10.55742020121451397, 5.180000000000000604, -3.684999999999993836 ) ) ;
#5882 = ORIENTED_EDGE ( 'NONE', *, *, #589, .T. ) ;
#5883 = DIRECTION ( 'NONE',  ( 0.000000000000000000, 0.000000000000000000, 1.000000000000000000 ) ) ;
#5884 = CARTESIAN_POINT ( 'NONE',  ( 13.65000000000000036, 6.500000000000000888, 3.175000000000005596 ) ) ;
#5885 = CARTESIAN_POINT ( 'NONE',  ( -8.294999999999996376, -8.552339098412836904, 5.079999999999996518 ) ) ;
#5886 = CARTESIAN_POINT ( 'NONE',  ( -9.650000000000000355, 2.280000000000000693, -1.424999999999995826 ) ) ;
#5887 = VERTEX_POINT ( 'NONE', #5076 ) ;
#5888 = CARTESIAN_POINT ( 'NONE',  ( -4.250000000000002665, 5.179199999999999804, 6.603999999999997428 ) ) ;
#5889 = VERTEX_POINT ( 'NONE', #2923 ) ;
#5890 = CARTESIAN_POINT ( 'NONE',  ( 4.236884534604473451, 3.280299003502751276, -0.7474748810105446006 ) ) ;
#5891 = DIRECTION ( 'NONE',  ( 0.000000000000000000, 0.000000000000000000, 1.000000000000000000 ) ) ;
#5892 = DIRECTION ( 'NONE',  ( -0.9263013809843634316, 0.3742500509449993573, 0.04361938736532862404 ) ) ;
#5893 = LINE ( 'NONE', #3609, #6658 ) ;
#5894 = ORIENTED_EDGE ( 'NONE', *, *, #2695, .F. ) ;
#5895 = ORIENTED_EDGE ( 'NONE', *, *, #5863, .F. ) ;
#5896 = EDGE_LOOP ( 'NONE', ( #6498, #1117, #4615, #3873 ) ) ;
#5897 = SURFACE_STYLE_USAGE ( .BOTH. , #2081 ) ;
#5898 = EDGE_CURVE ( 'NONE', #6103, #31, #209, .T. ) ;
#5899 = DIRECTION ( 'NONE',  ( 0.000000000000000000, 0.3939192985791735158, 0.9191450300180553645 ) ) ;
#5900 = ADVANCED_FACE ( 'NONE', ( #2962 ), #3436, .T. ) ;
#5902 = VERTEX_POINT ( 'NONE', #1220 ) ;
#5901 = LINE ( 'NONE', #6939, #211 ) ;
#5903 = VECTOR ( 'NONE', #3915, 1000.000000000000000 ) ;
#5904 = EDGE_CURVE ( 'NONE', #4953, #2412, #135, .T. ) ;
#5905 = EDGE_CURVE ( 'NONE', #4006, #2604, #3396, .T. ) ;
#5906 = VERTEX_POINT ( 'NONE', #5040 ) ;
#5907 = VECTOR ( 'NONE', #4438, 999.9999999999998863 ) ;
#5908 = VECTOR ( 'NONE', #3924, 1000.000000000000114 ) ;
#5909 = ADVANCED_FACE ( 'NONE', ( #4534 ), #6798, .T. ) ;
#5910 = VECTOR ( 'NONE', #2096, 1000.000000000000000 ) ;
#5911 = DIRECTION ( 'NONE',  ( -0.000000000000000000, -0.000000000000000000, 1.000000000000000000 ) ) ;
#5912 = CARTESIAN_POINT ( 'NONE',  ( 7.914186808958331376, 1.780000000000000693, 9.148253751560860181 ) ) ;
#5913 = ORIENTED_EDGE ( 'NONE', *, *, #4847, .F. ) ;
#5914 = CARTESIAN_POINT ( 'NONE',  ( -1.422527391694573942E-15, 1.780000000000000693, 9.524999999999998579 ) ) ;
#5915 = STYLED_ITEM ( 'NONE', ( #2666 ), #1307 ) ;
#5916 = VERTEX_POINT ( 'NONE', #1797 ) ;
#5917 = DIRECTION ( 'NONE',  ( 0.000000000000000000, 0.000000000000000000, 1.000000000000000000 ) ) ;
#5918 = CARTESIAN_POINT ( 'NONE',  ( -13.28239999999999910, -2.307085511171386383, -1.270000000000000906 ) ) ;
#5919 = AXIS2_PLACEMENT_3D ( 'NONE', #2185, #559, #2768 ) ;
#5920 = LINE ( 'NONE', #698, #6371 ) ;
#5921 = LINE ( 'NONE', #1558, #4364 ) ;
#5922 = LINE ( 'NONE', #6958, #215 ) ;
#5923 = ORIENTED_EDGE ( 'NONE', *, *, #4639, .T. ) ;
#5924 = CARTESIAN_POINT ( 'NONE',  ( 8.512783617748475251, 1.877200000000000646, -8.679283540538028419 ) ) ;
#5925 = EDGE_LOOP ( 'NONE', ( #2151, #4980, #2293, #2737 ) ) ;
#5926 = AXIS2_PLACEMENT_3D ( 'NONE', #4123, #7073, #2082 ) ;
#5927 = LINE ( 'NONE', #3774, #397 ) ;
#5928 = DIRECTION ( 'NONE',  ( -0.000000000000000000, -1.000000000000000000, -0.000000000000000000 ) ) ;
#5929 = LINE ( 'NONE', #352, #6497 ) ;
#5930 = PLANE ( 'NONE',  #6992 ) ;
#5931 = ORIENTED_EDGE ( 'NONE', *, *, #1182, .F. ) ;
#5932 = ORIENTED_EDGE ( 'NONE', *, *, #2799, .T. ) ;
#5933 = AXIS2_PLACEMENT_3D ( 'NONE', #3962, #5623, #571 ) ;
#5934 = ORIENTED_EDGE ( 'NONE', *, *, #6776, .T. ) ;
#5935 = ORIENTED_EDGE ( 'NONE', *, *, #1011, .T. ) ;
#5936 = VECTOR ( 'NONE', #5177, 1000.000000000000000 ) ;
#5937 = LINE ( 'NONE', #999, #1312 ) ;
#5938 = DIRECTION ( 'NONE',  ( 0.000000000000000000, 0.000000000000000000, 1.000000000000000000 ) ) ;
#5939 = CARTESIAN_POINT ( 'NONE',  ( -6.400000000000000355, 1.762200000000000655, 1.600000000000005196 ) ) ;
#5941 = VERTEX_POINT ( 'NONE', #4571 ) ;
#5940 = CARTESIAN_POINT ( 'NONE',  ( -11.23799999999999955, 2.280000000000000693, 0.7620000000000062279 ) ) ;
#5942 = AXIS2_PLACEMENT_3D ( 'NONE', #3178, #4729, #6913 ) ;
#5943 = EDGE_CURVE ( 'NONE', #4727, #41, #4041, .T. ) ;
#5944 = VERTEX_POINT ( 'NONE', #1287 ) ;
#5945 = DIRECTION ( 'NONE',  ( 1.000000000000000000, -3.286955199289085105E-16, -0.000000000000000000 ) ) ;
#5946 = DIRECTION ( 'NONE',  ( 0.6427876096865378086, 0.000000000000000000, 0.7660444431189792347 ) ) ;
#5947 = DIRECTION ( 'NONE',  ( 0.000000000000000000, 1.000000000000000000, 0.000000000000000000 ) ) ;
#5948 = VERTEX_POINT ( 'NONE', #5691 ) ;
#5949 = ADVANCED_FACE ( 'NONE', ( #6189 ), #5149, .F. ) ;
#5950 = CARTESIAN_POINT ( 'NONE',  ( 1.230000000000000204, 6.500000000000000888, 5.204170427930421283E-15 ) ) ;
#5951 = ADVANCED_FACE ( 'NONE', ( #1324 ), #789, .F. ) ;
#5952 = ORIENTED_EDGE ( 'NONE', *, *, #184, .F. ) ;
#5953 = DIRECTION ( 'NONE',  ( 1.000000000000000000, 0.000000000000000000, 0.000000000000000000 ) ) ;
#5954 = DIRECTION ( 'NONE',  ( 1.296892550819982002E-16, 0.000000000000000000, 1.000000000000000000 ) ) ;
#5955 = LINE ( 'NONE', #1017, #5333 ) ;
#5956 = CARTESIAN_POINT ( 'NONE',  ( 9.250000000000003553, 1.280000000000001359, -1.900000000000000577 ) ) ;
#5957 = CARTESIAN_POINT ( 'NONE',  ( 1.230000000000000204, 1.780000000000000693, 5.204170427930421283E-15 ) ) ;
#5958 = ORIENTED_EDGE ( 'NONE', *, *, #2755, .F. ) ;
#5959 = CARTESIAN_POINT ( 'NONE',  ( 12.84569950541076899, 0.3800000000000001155, -4.194999999999994067 ) ) ;
#5960 = ORIENTED_EDGE ( 'NONE', *, *, #4849, .F. ) ;
#5961 = CARTESIAN_POINT ( 'NONE',  ( -12.81499999999999595, 2.130000000000000782, -0.9250000000000000444 ) ) ;
#5962 = DIRECTION ( 'NONE',  ( -1.296892550819982002E-16, -0.000000000000000000, 1.000000000000000000 ) ) ;
#5963 = VECTOR ( 'NONE', #291, 1000.000000000000000 ) ;
#5964 = CARTESIAN_POINT ( 'NONE',  ( 3.110000000000002984, 1.780000000000000249, -1.900000000000001021 ) ) ;
#5965 = CARTESIAN_POINT ( 'NONE',  ( 9.768898486673464276, -0.5517170886363883531, 4.445069200168386914 ) ) ;
#5966 = ORIENTED_EDGE ( 'NONE', *, *, #2536, .F. ) ;
#5967 = VECTOR ( 'NONE', #1072, 1000.000000000000000 ) ;
#5968 = ORIENTED_EDGE ( 'NONE', *, *, #4031, .F. ) ;
#5969 = ORIENTED_EDGE ( 'NONE', *, *, #2926, .T. ) ;
#5970 = CARTESIAN_POINT ( 'NONE',  ( -9.650000000000000355, 2.280000000000000693, -1.274999999999995692 ) ) ;
#5971 = CARTESIAN_POINT ( 'NONE',  ( 10.47733411724931329, 1.780000000000000693, 3.957047167264603260 ) ) ;
#5972 = PLANE ( 'NONE',  #465 ) ;
#5973 = VECTOR ( 'NONE', #3664, 1000.000000000000114 ) ;
#5974 = VECTOR ( 'NONE', #7090, 1000.000000000000000 ) ;
#5976 = ORIENTED_EDGE ( 'NONE', *, *, #6961, .T. ) ;
#5975 = DIRECTION ( 'NONE',  ( 0.000000000000000000, 0.000000000000000000, -1.000000000000000000 ) ) ;
#5977 = VECTOR ( 'NONE', #3292, 1000.000000000000000 ) ;
#5978 = VERTEX_POINT ( 'NONE', #2853 ) ;
#5979 = CARTESIAN_POINT ( 'NONE',  ( 11.27983273990924573, 6.500000000000000888, -5.231611787952942905 ) ) ;
#5980 = CARTESIAN_POINT ( 'NONE',  ( 0.7217936292651684349, 1.877200000000000646, -0.6056567681025109007 ) ) ;
#5981 = CARTESIAN_POINT ( 'NONE',  ( 1.230000000000000204, 1.780000000000000693, 5.204170427930421283E-15 ) ) ;
#5982 = EDGE_CURVE ( 'NONE', #2376, #2996, #5893, .T. ) ;
#5983 = VECTOR ( 'NONE', #1575, 1000.000000000000000 ) ;
#5984 = ORIENTED_EDGE ( 'NONE', *, *, #1116, .T. ) ;
#5985 = DIRECTION ( 'NONE',  ( -0.000000000000000000, 0.000000000000000000, 1.000000000000000000 ) ) ;
#5986 = VERTEX_POINT ( 'NONE', #1356 ) ;
#5987 = PRODUCT_RELATED_PRODUCT_CATEGORY ( 'part', '', ( #6689 ) ) ;
#5988 = ADVANCED_FACE ( 'NONE', ( #6332 ), #6933, .T. ) ;
#5989 = PLANE ( 'NONE',  #3066 ) ;
#5990 = LINE ( 'NONE', #3414, #3763 ) ;
#5991 = EDGE_CURVE ( 'NONE', #4705, #3658, #954, .T. ) ;
#5992 = CARTESIAN_POINT ( 'NONE',  ( -8.294999999999999929, 1.930000000000001048, 5.079999999999993854 ) ) ;
#5993 = DIRECTION ( 'NONE',  ( 1.000000000000000000, 0.000000000000000000, -1.296892550819982002E-16 ) ) ;
#5994 = EDGE_CURVE ( 'NONE', #1151, #327, #5862, .T. ) ;
#5995 = FACE_OUTER_BOUND ( 'NONE', #4917, .T. ) ;
#5996 = ORIENTED_EDGE ( 'NONE', *, *, #2527, .T. ) ;
#5997 = DIRECTION ( 'NONE',  ( 1.000000000000000000, -3.286955199289085105E-16, 0.000000000000000000 ) ) ;
#5998 = EDGE_LOOP ( 'NONE', ( #470, #7009, #4136, #401 ) ) ;
#5999 = EDGE_CURVE ( 'NONE', #3346, #3181, #4026, .T. ) ;
#6000 = EDGE_CURVE ( 'NONE', #5141, #5643, #3676, .T. ) ;
#6001 = FACE_OUTER_BOUND ( 'NONE', #4104, .T. ) ;
#6002 = CARTESIAN_POINT ( 'NONE',  ( -13.47499999999999787, 0.7299999999999998712, -0.5650000000000000577 ) ) ;
#6003 = DIRECTION ( 'NONE',  ( 0.000000000000000000, 0.000000000000000000, 1.000000000000000000 ) ) ;
#6004 = EDGE_CURVE ( 'NONE', #2902, #4392, #3684, .T. ) ;
#6005 = ORIENTED_EDGE ( 'NONE', *, *, #4713, .F. ) ;
#6006 = ORIENTED_EDGE ( 'NONE', *, *, #356, .F. ) ;
#6007 = VERTEX_POINT ( 'NONE', #5763 ) ;
#6008 = ORIENTED_EDGE ( 'NONE', *, *, #3932, .F. ) ;
#6009 = DIRECTION ( 'NONE',  ( 0.000000000000000000, 0.000000000000000000, 1.000000000000000000 ) ) ;
#6010 = CARTESIAN_POINT ( 'NONE',  ( 13.44500000000000384, -3.299999999999995826, -0.1050000000000020084 ) ) ;
#6011 = PLANE ( 'NONE',  #3577 ) ;
#6013 = ORIENTED_EDGE ( 'NONE', *, *, #6306, .T. ) ;
#6012 = CARTESIAN_POINT ( 'NONE',  ( -7.043780303214237648, 5.030000000000000249, -4.479999999999994209 ) ) ;
#6014 = EDGE_LOOP ( 'NONE', ( #5958, #1651, #1771, #4902 ) ) ;
#6015 = CARTESIAN_POINT ( 'NONE',  ( -9.650000000000000355, 2.130000000000000782, -1.274999999999997469 ) ) ;
#6016 = FACE_OUTER_BOUND ( 'NONE', #3752, .T. ) ;
#6017 = AXIS2_PLACEMENT_3D ( 'NONE', #2837, #4095, #1202 ) ;
#6018 = LINE ( 'NONE', #506, #634 ) ;
#6019 = ORIENTED_EDGE ( 'NONE', *, *, #492, .F. ) ;
#6020 = DIRECTION ( 'NONE',  ( -1.000000000000000000, -0.000000000000000000, 1.296892550819981755E-16 ) ) ;
#6021 = EDGE_LOOP ( 'NONE', ( #6079, #5880, #957, #1913 ) ) ;
#6022 = LINE ( 'NONE', #550, #1095 ) ;
#6023 = DIRECTION ( 'NONE',  ( -0.000000000000000000, -0.000000000000000000, 1.000000000000000000 ) ) ;
#6024 = DIRECTION ( 'NONE',  ( -0.000000000000000000, 1.000000000000000000, -0.000000000000000000 ) ) ;
#6025 = LINE ( 'NONE', #5885, #5910 ) ;
#6026 = PLANE ( 'NONE',  #2883 ) ;
#6027 = ORIENTED_EDGE ( 'NONE', *, *, #3988, .F. ) ;
#6028 = DIRECTION ( 'NONE',  ( -0.000000000000000000, 1.000000000000000000, -0.000000000000000000 ) ) ;
#6029 = AXIS2_PLACEMENT_3D ( 'NONE', #1839, #4719, #6906 ) ;
#6030 = ORIENTED_EDGE ( 'NONE', *, *, #5325, .F. ) ;
#6031 = EDGE_CURVE ( 'NONE', #2829, #3428, #566, .T. ) ;
#6032 = AXIS2_PLACEMENT_3D ( 'NONE', #6683, #1756, #3960 ) ;
#6033 = CARTESIAN_POINT ( 'NONE',  ( -13.55499999999999972, -2.299999999999987388, 1.262914488828601023 ) ) ;
#6034 = CIRCLE ( 'NONE', #840, 9.849999999999997868 ) ;
#6035 = DIRECTION ( 'NONE',  ( -1.000000000000000000, 0.000000000000000000, -4.336808689942013792E-16 ) ) ;
#6036 = VECTOR ( 'NONE', #1302, 999.9999999999998863 ) ;
#6037 = CARTESIAN_POINT ( 'NONE',  ( -13.28239999999999910, -2.299999999999986944, -1.270000000000000906 ) ) ;
#6038 = DIRECTION ( 'NONE',  ( 1.000000000000000000, 0.000000000000000000, -6.851198562309674036E-17 ) ) ;
#6039 = ORIENTED_EDGE ( 'NONE', *, *, #6735, .T. ) ;
#6040 = ORIENTED_EDGE ( 'NONE', *, *, #4723, .T. ) ;
#6041 = EDGE_CURVE ( 'NONE', #4863, #2412, #385, .T. ) ;
#6042 = CIRCLE ( 'NONE', #7054, 0.4999999999999995004 ) ;
#6043 = ORIENTED_EDGE ( 'NONE', *, *, #581, .F. ) ;
#6044 = EDGE_CURVE ( 'NONE', #2414, #1768, #7121, .T. ) ;
#6045 = ORIENTED_EDGE ( 'NONE', *, *, #5606, .T. ) ;
#6046 = CARTESIAN_POINT ( 'NONE',  ( 5.930000000000013038, 1.780000000000000693, 9.524999999999998579 ) ) ;
#6047 = CARTESIAN_POINT ( 'NONE',  ( -11.23799999999999955, 2.280000000000000693, 5.204170427930421283E-15 ) ) ;
#6048 = CONICAL_SURFACE ( 'NONE', #755, 0.5120000000000003437, 0.3177980058098908156 ) ;
#6049 = LINE ( 'NONE', #4853, #3693 ) ;
#6051 = ORIENTED_EDGE ( 'NONE', *, *, #6086, .F. ) ;
#6050 = DIRECTION ( 'NONE',  ( 1.000000000000000000, 0.000000000000000000, -0.000000000000000000 ) ) ;
#6052 = ADVANCED_FACE ( 'NONE', ( #6429 ), #2493, .F. ) ;
#6053 = CIRCLE ( 'NONE', #2021, 0.7620000000000011209 ) ;
#6054 = ORIENTED_EDGE ( 'NONE', *, *, #3229, .F. ) ;
#6055 = PLANE ( 'NONE',  #6425 ) ;
#6056 = DIRECTION ( 'NONE',  ( 1.000000000000000000, 0.000000000000000000, 0.000000000000000000 ) ) ;
#6057 = DIRECTION ( 'NONE',  ( 0.000000000000000000, 0.000000000000000000, -1.000000000000000000 ) ) ;
#6058 = AXIS2_PLACEMENT_3D ( 'NONE', #343, #5954, #4166 ) ;
#6059 = EDGE_LOOP ( 'NONE', ( #1064, #3118, #5198, #3037, #5840, #1809 ) ) ;
#6060 = LINE ( 'NONE', #1123, #6827 ) ;
#6061 = ORIENTED_EDGE ( 'NONE', *, *, #6424, .T. ) ;
#6062 = AXIS2_PLACEMENT_3D ( 'NONE', #2976, #5127, #4092 ) ;
#6063 = CARTESIAN_POINT ( 'NONE',  ( -13.47499999999999787, -2.499999999999988010, 1.270000000000000906 ) ) ;
#6064 = CARTESIAN_POINT ( 'NONE',  ( -12.81499999999999595, 5.030000000000000249, 1.274999999999995692 ) ) ;
#6065 = CARTESIAN_POINT ( 'NONE',  ( 0.000000000000000000, 0.000000000000000000, 0.000000000000000000 ) ) ;
#6066 = CARTESIAN_POINT ( 'NONE',  ( -13.15000000000000036, 0.3800000000000001155, -1.779999999999998028 ) ) ;
#6067 = VERTEX_POINT ( 'NONE', #6869 ) ;
#6068 = DIRECTION ( 'NONE',  ( -0.8845174129299223642, 0.000000000000000000, 0.4665071770334913714 ) ) ;
#6069 = ORIENTED_EDGE ( 'NONE', *, *, #232, .T. ) ;
#6070 = FACE_OUTER_BOUND ( 'NONE', #5489, .T. ) ;
#6071 = CARTESIAN_POINT ( 'NONE',  ( 10.44987485261481375, 5.179199999999755555, 4.035047607547486592 ) ) ;
#6072 = CARTESIAN_POINT ( 'NONE',  ( -9.650000000000000355, 2.379995206296890764, 1.274999999999994804 ) ) ;
#6073 = LINE ( 'NONE', #4880, #4614 ) ;
#6074 = VERTEX_POINT ( 'NONE', #1978 ) ;
#6075 = DIRECTION ( 'NONE',  ( 0.000000000000000000, 1.000000000000000000, -0.000000000000000000 ) ) ;
#6076 = EDGE_CURVE ( 'NONE', #3375, #1818, #3095, .T. ) ;
#6077 = ORIENTED_EDGE ( 'NONE', *, *, #6031, .F. ) ;
#6078 = VECTOR ( 'NONE', #5010, 1000.000000000000000 ) ;
#6079 = ORIENTED_EDGE ( 'NONE', *, *, #1379, .T. ) ;
#6080 = LINE ( 'NONE', #2305, #3402 ) ;
#6081 = EDGE_CURVE ( 'NONE', #3251, #1407, #3708, .T. ) ;
#6082 = CARTESIAN_POINT ( 'NONE',  ( 0.7217936292651684349, 1.877200000000000646, 0.6056567681025109007 ) ) ;
#6083 = CARTESIAN_POINT ( 'NONE',  ( -13.65000000000000213, 5.180000000000000604, -2.664999999999993818 ) ) ;
#6085 = ORIENTED_EDGE ( 'NONE', *, *, #4276, .T. ) ;
#6084 = DIRECTION ( 'NONE',  ( -1.000000000000000000, 0.000000000000000000, -1.121235145219832696E-16 ) ) ;
#6086 = EDGE_CURVE ( 'NONE', #6349, #6296, #4820, .T. ) ;
#6087 = AXIS2_PLACEMENT_3D ( 'NONE', #3154, #1999, #7020 ) ;
#6088 = EDGE_LOOP ( 'NONE', ( #2520, #6609, #4115, #4829, #5645, #2572, #4181, #3058, #785, #1448, #526, #1748 ) ) ;
#6089 = CARTESIAN_POINT ( 'NONE',  ( 13.29260000000000375, 0.9776000000000012458, 0.4049999999999991385 ) ) ;
#6090 = VECTOR ( 'NONE', #170, 1000.000000000000000 ) ;
#6091 = ADVANCED_FACE ( 'NONE', ( #3130 ), #2557, .F. ) ;
#6092 = CARTESIAN_POINT ( 'NONE',  ( 5.992500000000000604, -2.227103518025149054, -5.867399999999994620 ) ) ;
#6093 = DIRECTION ( 'NONE',  ( 1.000000000000000000, -0.000000000000000000, -0.000000000000000000 ) ) ;
#6094 = VERTEX_POINT ( 'NONE', #6363 ) ;
#6095 = DIRECTION ( 'NONE',  ( 0.000000000000000000, 0.000000000000000000, -1.000000000000000000 ) ) ;
#6096 = VECTOR ( 'NONE', #4102, 1000.000000000000000 ) ;
#6097 = ORIENTED_EDGE ( 'NONE', *, *, #361, .F. ) ;
#6098 = DIRECTION ( 'NONE',  ( 0.7071067811865479058, 0.000000000000000000, 0.7071067811865472397 ) ) ;
#6099 = VECTOR ( 'NONE', #4617, 1000.000000000000000 ) ;
#6100 = DIRECTION ( 'NONE',  ( -0.3746065934159063526, -0.9271838545667898668, -0.000000000000000000 ) ) ;
#6101 = LINE ( 'NONE', #4519, #286 ) ;
#6102 = DIRECTION ( 'NONE',  ( -4.336808689942013792E-16, 0.000000000000000000, -1.000000000000000000 ) ) ;
#6103 = VERTEX_POINT ( 'NONE', #1431 ) ;
#6104 = DIRECTION ( 'NONE',  ( 0.000000000000000000, -0.000000000000000000, 1.000000000000000000 ) ) ;
#6105 = VERTEX_POINT ( 'NONE', #6832 ) ;
#6106 = CARTESIAN_POINT ( 'NONE',  ( -13.65000000000000036, 0.3800000000000000044, -2.664999999999993374 ) ) ;
#6107 = CARTESIAN_POINT ( 'NONE',  ( 10.05762606500454304, 5.255337990269911330, 3.854445488974524547 ) ) ;
#6108 = DIRECTION ( 'NONE',  ( 1.000000000000000000, 0.000000000000000000, -8.106184467181343480E-16 ) ) ;
#6109 = CARTESIAN_POINT ( 'NONE',  ( -12.81499999999999595, 2.380000000000000782, 1.174999999999995604 ) ) ;
#6110 = ORIENTED_EDGE ( 'NONE', *, *, #2358, .F. ) ;
#6111 = ORIENTED_EDGE ( 'NONE', *, *, #6341, .T. ) ;
#6112 = VERTEX_POINT ( 'NONE', #2008 ) ;
#6113 = ORIENTED_EDGE ( 'NONE', *, *, #5202, .T. ) ;
#6114 = CARTESIAN_POINT ( 'NONE',  ( 7.695414893271073531, 5.179199999999975823, 7.705181426667935263 ) ) ;
#6115 = CARTESIAN_POINT ( 'NONE',  ( -13.47499999999999787, 1.977599999999999580, -8.545133036385903935 ) ) ;
#6116 = CARTESIAN_POINT ( 'NONE',  ( -8.294999999999996376, -8.552339098412836904, -5.079999999999996518 ) ) ;
#6117 = CARTESIAN_POINT ( 'NONE',  ( -13.47499999999999787, 0.5500000000000132561, -1.070000000000000950 ) ) ;
#6119 = VERTEX_POINT ( 'NONE', #5319 ) ;
#6118 = PLANE ( 'NONE',  #4353 ) ;
#6120 = ORIENTED_EDGE ( 'NONE', *, *, #1942, .T. ) ;
#6121 = CARTESIAN_POINT ( 'NONE',  ( 9.876035985635374104, 5.179199999999766213, -5.140843202886856922 ) ) ;
#6122 = ADVANCED_FACE ( 'NONE', ( #2588 ), #4779, .F. ) ;
#6123 = CARTESIAN_POINT ( 'NONE',  ( -7.043780303214237648, 2.280000000000000693, -4.479999999999994209 ) ) ;
#6124 = CARTESIAN_POINT ( 'NONE',  ( -12.81499999999999595, 2.130000000000000782, 8.545133036385903935 ) ) ;
#6125 = ORIENTED_EDGE ( 'NONE', *, *, #6918, .T. ) ;
#6126 = DIRECTION ( 'NONE',  ( 1.000000000000000000, 0.000000000000000000, 0.000000000000000000 ) ) ;
#6127 = EDGE_CURVE ( 'NONE', #5730, #6370, #3881, .T. ) ;
#6128 = ORIENTED_EDGE ( 'NONE', *, *, #3279, .F. ) ;
#6129 = DIRECTION ( 'NONE',  ( 0.000000000000000000, 0.000000000000000000, 1.000000000000000000 ) ) ;
#6130 = DIRECTION ( 'NONE',  ( 0.000000000000000000, 0.000000000000000000, 1.000000000000000000 ) ) ;
#6131 = DIRECTION ( 'NONE',  ( 1.000000000000000000, 0.000000000000000000, 0.000000000000000000 ) ) ;
#6132 = DIRECTION ( 'NONE',  ( 0.000000000000000000, 0.000000000000000000, -1.000000000000000000 ) ) ;
#6133 = ORIENTED_EDGE ( 'NONE', *, *, #3668, .T. ) ;
#6134 = CARTESIAN_POINT ( 'NONE',  ( 13.40240000000000542, -0.2999999999999873324, 0.000000000000000000 ) ) ;
#6135 = EDGE_CURVE ( 'NONE', #136, #212, #6073, .T. ) ;
#6136 = VECTOR ( 'NONE', #5061, 1000.000000000000000 ) ;
#6137 = ORIENTED_EDGE ( 'NONE', *, *, #756, .F. ) ;
#6138 = FACE_OUTER_BOUND ( 'NONE', #6813, .T. ) ;
#6139 = CARTESIAN_POINT ( 'NONE',  ( 9.750279935292137878, 5.255337990269954851, 4.481776953258796325 ) ) ;
#6140 = CARTESIAN_POINT ( 'NONE',  ( -13.32499999999999751, -3.299999999999986944, -1.164999999999999813 ) ) ;
#6141 = VECTOR ( 'NONE', #5013, 999.9999999999998863 ) ;
#6142 = DIRECTION ( 'NONE',  ( 0.000000000000000000, 0.000000000000000000, -1.000000000000000000 ) ) ;
#6143 = ORIENTED_EDGE ( 'NONE', *, *, #6469, .F. ) ;
#6144 = CYLINDRICAL_SURFACE ( 'NONE', #1433, 11.33000000000000007 ) ;
#6145 = EDGE_LOOP ( 'NONE', ( #6729, #1013, #5284, #1667 ) ) ;
#6146 = PRESENTATION_LAYER_ASSIGNMENT (  '', '', ( #5915 ) ) ;
#6147 = AXIS2_PLACEMENT_3D ( 'NONE', #2552, #1934, #1388 ) ;
#6148 = AXIS2_PLACEMENT_3D ( 'NONE', #6065, #3340, #1269 ) ;
#6149 = CARTESIAN_POINT ( 'NONE',  ( -12.81499999999999595, 2.380000000000000782, 1.274999999999995692 ) ) ;
#6150 = FACE_OUTER_BOUND ( 'NONE', #3558, .T. ) ;
#6151 = DIRECTION ( 'NONE',  ( -0.000000000000000000, 1.000000000000000000, -0.000000000000000000 ) ) ;
#6152 = DIRECTION ( 'NONE',  ( -0.000000000000000000, 1.000000000000000000, -0.000000000000000000 ) ) ;
#6153 = EDGE_LOOP ( 'NONE', ( #4782, #1114, #2845, #5593 ) ) ;
#6154 = CIRCLE ( 'NONE', #1546, 11.33000000000000007 ) ;
#6155 = EDGE_LOOP ( 'NONE', ( #2838, #3354, #4355, #6265 ) ) ;
#6156 = AXIS2_PLACEMENT_3D ( 'NONE', #1086, #2721, #1589 ) ;
#6157 = CARTESIAN_POINT ( 'NONE',  ( 8.018461836739970039, 5.179199999999999804, -7.434112822062039605 ) ) ;
#6158 = FACE_OUTER_BOUND ( 'NONE', #1304, .T. ) ;
#6160 = CARTESIAN_POINT ( 'NONE',  ( 10.02431184744729897, 5.204557334774087884, 4.578028980057928798 ) ) ;
#6159 = DIRECTION ( 'NONE',  ( 0.9271838545667895337, -0.3746065934159066302, 0.000000000000000000 ) ) ;
#6161 = ORIENTED_EDGE ( 'NONE', *, *, #4849, .T. ) ;
#6162 = DIRECTION ( 'NONE',  ( 0.000000000000000000, 1.000000000000000000, -0.000000000000000000 ) ) ;
#6163 = VECTOR ( 'NONE', #4693, 1000.000000000000000 ) ;
#6164 = EDGE_CURVE ( 'NONE', #875, #4399, #5504, .T. ) ;
#6165 = ORIENTED_EDGE ( 'NONE', *, *, #6907, .F. ) ;
#6166 = AXIS2_PLACEMENT_3D ( 'NONE', #743, #2408, #3188 ) ;
#6167 = CARTESIAN_POINT ( 'NONE',  ( -11.23799999999999955, 3.560000000000000497, 5.204170427930421283E-15 ) ) ;
#6168 = EDGE_CURVE ( 'NONE', #212, #1746, #5427, .T. ) ;
#6169 = CARTESIAN_POINT ( 'NONE',  ( 9.960532077246391225, 5.217236002149687302, -4.544827333199574326 ) ) ;
#6170 = DIRECTION ( 'NONE',  ( 0.000000000000000000, 0.000000000000000000, -1.000000000000000000 ) ) ;
#6171 = CARTESIAN_POINT ( 'NONE',  ( 8.571404318993259608, 5.255337990269907777, -6.240149833263482826 ) ) ;
#6172 = ORIENTED_EDGE ( 'NONE', *, *, #3508, .T. ) ;
#6173 = PLANE ( 'NONE',  #5571 ) ;
#6174 = EDGE_CURVE ( 'NONE', #1682, #5685, #5520, .T. ) ;
#6175 = VECTOR ( 'NONE', #6408, 1000.000000000000000 ) ;
#6176 = EDGE_LOOP ( 'NONE', ( #7000, #1469, #5131, #5313 ) ) ;
#6177 = B_SPLINE_SURFACE_WITH_KNOTS ( 'NONE', 1, 3, ( 
 ( #742, #6749, #6107, #5096, #6604, #3425, #6139, #638, #86, #1276, #4489, #5575, #159, #1673, #4986, #3953, #5029, #1134, #3879, #3459, #5614, #124 ),
 ( #2951, #6709, #6071, #2260, #2841, #5679, #675, #6677, #2913, #2875, #1750, #2332, #4525, #1209, #4027, #1786, #3994, #6179, #1821, #3350, #5649, #5138 ) ),
 .UNSPECIFIED., .F., .F., .F.,
 ( 2, 2 ),
 ( 4, 2, 2, 2, 2, 2, 2, 2, 2, 2, 4 ),
 ( 0.000000000000000000, 1.000000000000000000 ),
 ( 0.000000000000000000, 0.1027956485658656632, 0.1541934728487985018, 0.2055912971317313265, 0.2569891214146641789, 0.3083869456975970036, 0.4111825942634626530, 0.6167738913951940072, 0.8223651885269253059, 0.9111825942634625974, 1.000000000000000000 ),
 .UNSPECIFIED. ) ;
#6178 = DIRECTION ( 'NONE',  ( -7.953893863423147762E-16, 0.000000000000000000, -1.000000000000000000 ) ) ;
#6179 = CARTESIAN_POINT ( 'NONE',  ( 7.555855525484991730, 5.179199999999999804, 7.822285655171796748 ) ) ;
#6180 = CARTESIAN_POINT ( 'NONE',  ( 13.59500000000000419, -2.600000000000008527, 0.4050000000000016920 ) ) ;
#6181 = CARTESIAN_POINT ( 'NONE',  ( 5.992500000000000604, 0.3800000000000001155, -5.079999999999994742 ) ) ;
#6182 = MANIFOLD_SOLID_BREP ( 'Combine4', #6372 ) ;
#6183 = ORIENTED_EDGE ( 'NONE', *, *, #2108, .T. ) ;
#6184 = DIRECTION ( 'NONE',  ( -1.000000000000000000, 0.000000000000000000, -1.936075308009829170E-17 ) ) ;
#6185 = ORIENTED_EDGE ( 'NONE', *, *, #591, .T. ) ;
#6186 = CARTESIAN_POINT ( 'NONE',  ( 4.980272008114184246, 3.028083704691638900, 0.7823141873963935788 ) ) ;
#6187 = CARTESIAN_POINT ( 'NONE',  ( -13.55499999999999972, -2.307085511171386383, -1.270000000000000906 ) ) ;
#6188 = CARTESIAN_POINT ( 'NONE',  ( -13.55499999999999972, -2.299999999999986944, -1.277085511171400123 ) ) ;
#6189 = FACE_OUTER_BOUND ( 'NONE', #1606, .T. ) ;
#6190 = ORIENTED_EDGE ( 'NONE', *, *, #6569, .F. ) ;
#6191 = VECTOR ( 'NONE', #6624, 1000.000000000000000 ) ;
#6192 = ORIENTED_EDGE ( 'NONE', *, *, #2742, .F. ) ;
#6193 = FACE_OUTER_BOUND ( 'NONE', #2111, .T. ) ;
#6194 = CARTESIAN_POINT ( 'NONE',  ( -7.200000000000001066, 3.666054381999832579, -0.09999999999999480138 ) ) ;
#6196 = VERTEX_POINT ( 'NONE', #563 ) ;
#6195 = DIRECTION ( 'NONE',  ( 3.286955199289085105E-16, 1.000000000000000000, 0.000000000000000000 ) ) ;
#6197 = EDGE_LOOP ( 'NONE', ( #1318, #4919, #4284, #5092 ) ) ;
#6198 = PLANE ( 'NONE',  #3626 ) ;
#6199 = AXIS2_PLACEMENT_3D ( 'NONE', #721, #6759, #3963 ) ;
#6200 = AXIS2_PLACEMENT_3D ( 'NONE', #5549, #4532, #5074 ) ;
#6201 = ORIENTED_EDGE ( 'NONE', *, *, #3671, .F. ) ;
#6202 = DIRECTION ( 'NONE',  ( 1.000000000000000000, -3.286955199289085105E-16, -0.000000000000000000 ) ) ;
#6203 = CARTESIAN_POINT ( 'NONE',  ( -13.32499999999999751, -3.299999999999986944, 1.164999999999999813 ) ) ;
#6204 = FACE_OUTER_BOUND ( 'NONE', #2098, .T. ) ;
#6205 = CIRCLE ( 'NONE', #5527, 11.33000000000000007 ) ;
#6206 = CARTESIAN_POINT ( 'NONE',  ( -9.650000000000000355, 2.280000000000000693, 1.874999999999995559 ) ) ;
#6207 = AXIS2_PLACEMENT_3D ( 'NONE', #4130, #3662, #6351 ) ;
#6208 = ORIENTED_EDGE ( 'NONE', *, *, #6501, .F. ) ;
#6209 = CARTESIAN_POINT ( 'NONE',  ( -8.294999999999996376, -8.552339098412836904, 5.079999999999996518 ) ) ;
#6210 = EDGE_CURVE ( 'NONE', #5654, #6653, #6998, .T. ) ;
#6211 = ORIENTED_EDGE ( 'NONE', *, *, #1283, .T. ) ;
#6212 = AXIS2_PLACEMENT_3D ( 'NONE', #3071, #5264, #5226 ) ;
#6213 = EDGE_CURVE ( 'NONE', #4994, #5720, #2074, .T. ) ;
#6214 = DIRECTION ( 'NONE',  ( -1.000000000000000000, -0.000000000000000000, 7.953893863423147762E-16 ) ) ;
#6215 = ADVANCED_FACE ( 'NONE', ( #6494 ), #5930, .F. ) ;
#6216 = DIRECTION ( 'NONE',  ( 0.000000000000000000, 1.000000000000000000, 0.000000000000000000 ) ) ;
#6217 = DIRECTION ( 'NONE',  ( -1.000000000000000000, 0.000000000000000000, -1.296892550819982002E-16 ) ) ;
#6218 = CARTESIAN_POINT ( 'NONE',  ( -9.251967164181534642, 2.280000000000000693, -1.665071770334923817 ) ) ;
#6219 = VERTEX_POINT ( 'NONE', #7028 ) ;
#6220 = CARTESIAN_POINT ( 'NONE',  ( -13.55499999999999972, -2.299999999999986944, -1.270000000000000906 ) ) ;
#6221 = AXIS2_PLACEMENT_3D ( 'NONE', #3030, #6397, #4111 ) ;
#6222 = EDGE_CURVE ( 'NONE', #6440, #2599, #3911, .T. ) ;
#6223 = EDGE_CURVE ( 'NONE', #699, #6612, #4957, .T. ) ;
#6224 = ORIENTED_EDGE ( 'NONE', *, *, #2086, .F. ) ;
#6225 = CARTESIAN_POINT ( 'NONE',  ( 4.236884534604473451, 3.280299003502751720, 0.8521946352945493075 ) ) ;
#6226 = ADVANCED_FACE ( 'NONE', ( #1030, #1062 ), #4416, .T. ) ;
#6227 = PLANE ( 'NONE',  #5176 ) ;
#6228 = CARTESIAN_POINT ( 'NONE',  ( -13.47499999999999787, 1.830000000000003402, 0.9250000000000001554 ) ) ;
#6229 = DIRECTION ( 'NONE',  ( -1.141265444721583757E-16, 0.000000000000000000, -1.000000000000000000 ) ) ;
#6230 = ORIENTED_EDGE ( 'NONE', *, *, #5982, .F. ) ;
#6231 = EDGE_CURVE ( 'NONE', #4994, #6339, #5151, .T. ) ;
#6232 = ORIENTED_EDGE ( 'NONE', *, *, #5855, .F. ) ;
#6233 = CARTESIAN_POINT ( 'NONE',  ( -4.250000000000007994, 2.540000000000000480, -3.380404891954844825E-15 ) ) ;
#6234 = DIRECTION ( 'NONE',  ( 1.000000000000000000, -0.000000000000000000, -0.000000000000000000 ) ) ;
#6235 = ORIENTED_EDGE ( 'NONE', *, *, #6751, .T. ) ;
#6236 = DIRECTION ( 'NONE',  ( 0.000000000000000000, 1.000000000000000000, 0.000000000000000000 ) ) ;
#6237 = VERTEX_POINT ( 'NONE', #2734 ) ;
#6238 = FACE_OUTER_BOUND ( 'NONE', #1138, .T. ) ;
#6239 = CARTESIAN_POINT ( 'NONE',  ( 9.768898486673464276, 5.255337990269957515, -4.445069200168386914 ) ) ;
#6240 = CARTESIAN_POINT ( 'NONE',  ( 11.27983273990924573, 2.540000000000000480, -5.231611787952945569 ) ) ;
#6241 = CARTESIAN_POINT ( 'NONE',  ( 10.61506990728764066, 5.179199999999756443, -3.671777240994108737 ) ) ;
#6242 = ORIENTED_EDGE ( 'NONE', *, *, #6825, .F. ) ;
#6243 = CYLINDRICAL_SURFACE ( 'NONE', #2690, 0.3199999999999991185 ) ;
#6244 = VERTEX_POINT ( 'NONE', #3427 ) ;
#6245 = ORIENTED_EDGE ( 'NONE', *, *, #2126, .F. ) ;
#6246 = CARTESIAN_POINT ( 'NONE',  ( -13.65000000000000213, 0.4300000000000000488, -0.5650000000000000577 ) ) ;
#6247 = CARTESIAN_POINT ( 'NONE',  ( 13.29260000000000375, 1.280000000000001359, -0.4050000000000005818 ) ) ;
#6248 = FACE_OUTER_BOUND ( 'NONE', #4972, .T. ) ;
#6249 = DIRECTION ( 'NONE',  ( 0.000000000000000000, 1.000000000000000000, 0.000000000000000000 ) ) ;
#6250 = CARTESIAN_POINT ( 'NONE',  ( 13.44500000000000384, 0.9776000000000001355, -13.65917520938231178 ) ) ;
#6251 = EDGE_LOOP ( 'NONE', ( #3835, #6781, #1065, #4242, #6422, #5895 ) ) ;
#6252 = DIRECTION ( 'NONE',  ( 0.000000000000000000, 0.000000000000000000, -1.000000000000000000 ) ) ;
#6253 = VECTOR ( 'NONE', #5237, 1000.000000000000000 ) ;
#6254 = EDGE_CURVE ( 'NONE', #2570, #4921, #106, .T. ) ;
#6255 = ORIENTED_EDGE ( 'NONE', *, *, #4286, .F. ) ;
#6256 = VECTOR ( 'NONE', #515, 1000.000000000000000 ) ;
#6257 = DIRECTION ( 'NONE',  ( 0.000000000000000000, 0.000000000000000000, 1.000000000000000000 ) ) ;
#6258 = CARTESIAN_POINT ( 'NONE',  ( -13.15000000000000036, 5.180000000000000604, 1.779999999999998028 ) ) ;
#6259 = CARTESIAN_POINT ( 'NONE',  ( -11.23799999999999955, 2.799999999999997158, 5.204170427930421283E-15 ) ) ;
#6260 = DIRECTION ( 'NONE',  ( -1.000000000000000000, 0.000000000000000000, -1.355252715606880543E-16 ) ) ;
#6261 = ORIENTED_EDGE ( 'NONE', *, *, #6660, .T. ) ;
#6262 = VECTOR ( 'NONE', #3850, 1000.000000000000000 ) ;
#6263 = EDGE_CURVE ( 'NONE', #3274, #4454, #6205, .T. ) ;
#6264 = STYLED_ITEM ( 'NONE', ( #1911 ), #234 ) ;
#6265 = ORIENTED_EDGE ( 'NONE', *, *, #145, .F. ) ;
#6266 = LINE ( 'NONE', #6763, #3045 ) ;
#6267 = ADVANCED_FACE ( 'NONE', ( #2262 ), #3955, .F. ) ;
#6268 = AXIS2_PLACEMENT_3D ( 'NONE', #1450, #2513, #5883 ) ;
#6269 = LINE ( 'NONE', #179, #3806 ) ;
#6270 = EDGE_CURVE ( 'NONE', #6358, #1316, #573, .T. ) ;
#6271 = ORIENTED_EDGE ( 'NONE', *, *, #3504, .F. ) ;
#6272 = DIRECTION ( 'NONE',  ( 0.000000000000000000, -1.000000000000000000, 0.000000000000000000 ) ) ;
#6273 = CIRCLE ( 'NONE', #2018, 0.09999999999999982514 ) ;
#6274 = ORIENTED_EDGE ( 'NONE', *, *, #4400, .F. ) ;
#6275 = LINE ( 'NONE', #5671, #404 ) ;
#6276 = CARTESIAN_POINT ( 'NONE',  ( 11.16594054892915899, 6.500000000000000888, -5.172323266013562737 ) ) ;
#6277 = AXIS2_PLACEMENT_3D ( 'NONE', #6868, #4040, #3501 ) ;
#6278 = CARTESIAN_POINT ( 'NONE',  ( -9.799113291647698176, 5.180000000000000604, 1.424999999999994493 ) ) ;
#6279 = ORIENTED_EDGE ( 'NONE', *, *, #2121, .T. ) ;
#6280 = DIRECTION ( 'NONE',  ( 0.000000000000000000, 0.000000000000000000, 1.000000000000000000 ) ) ;
#6281 = ORIENTED_EDGE ( 'NONE', *, *, #857, .T. ) ;
#6282 = FACE_OUTER_BOUND ( 'NONE', #6059, .T. ) ;
#6283 = LINE ( 'NONE', #3083, #4605 ) ;
#6284 = DIRECTION ( 'NONE',  ( 0.000000000000000000, 0.000000000000000000, 1.000000000000000000 ) ) ;
#6285 = CARTESIAN_POINT ( 'NONE',  ( -9.423120793068800793, 5.180000000000000604, -1.744431818181812810 ) ) ;
#6286 = CARTESIAN_POINT ( 'NONE',  ( 10.31452255666995299, 1.862354140077071341, 4.320015407896656612 ) ) ;
#6287 = VERTEX_POINT ( 'NONE', #88 ) ;
#6288 = CARTESIAN_POINT ( 'NONE',  ( 1.229999999999999982, -0.2565206349206209380, -4.819490798990419363E-15 ) ) ;
#6289 = VECTOR ( 'NONE', #2053, 1000.000000000000000 ) ;
#6290 = ORIENTED_EDGE ( 'NONE', *, *, #224, .T. ) ;
#6291 = DIRECTION ( 'NONE',  ( 0.000000000000000000, 0.000000000000000000, 1.000000000000000000 ) ) ;
#6292 = DIRECTION ( 'NONE',  ( 3.286955199289085105E-16, 1.000000000000000000, 0.000000000000000000 ) ) ;
#6293 = DIRECTION ( 'NONE',  ( 0.9271838545667897558, -0.3746065934159062971, 0.000000000000000000 ) ) ;
#6294 = CARTESIAN_POINT ( 'NONE',  ( 13.29260000000000375, 0.9776000000000012458, 0.4049999999999991385 ) ) ;
#6295 = EDGE_CURVE ( 'NONE', #4961, #1238, #2915, .T. ) ;
#6296 = VERTEX_POINT ( 'NONE', #1313 ) ;
#6297 = ADVANCED_FACE ( 'NONE', ( #4030 ), #3529, .F. ) ;
#6298 = ORIENTED_EDGE ( 'NONE', *, *, #4579, .T. ) ;
#6299 = CARTESIAN_POINT ( 'NONE',  ( 8.857477254755181661, 1.251678154257254594, -0.1498572332372787030 ) ) ;
#6300 = ADVANCED_FACE ( 'NONE', ( #744 ), #5140, .T. ) ;
#6301 = CARTESIAN_POINT ( 'NONE',  ( -13.65000000000000036, -3.299999999999986944, -1.164999999999999813 ) ) ;
#6302 = EDGE_CURVE ( 'NONE', #5536, #6219, #1724, .T. ) ;
#6304 = ORIENTED_EDGE ( 'NONE', *, *, #283, .F. ) ;
#6303 = DIRECTION ( 'NONE',  ( 1.000000000000000000, -3.286955199289085105E-16, -0.000000000000000000 ) ) ;
#6305 = EDGE_CURVE ( 'NONE', #5590, #3286, #4824, .T. ) ;
#6306 = EDGE_CURVE ( 'NONE', #530, #3904, #4599, .T. ) ;
#6307 = ORIENTED_EDGE ( 'NONE', *, *, #1367, .F. ) ;
#6308 = VECTOR ( 'NONE', #1186, 1000.000000000000000 ) ;
#6309 = CARTESIAN_POINT ( 'NONE',  ( -13.47499999999999787, 0.5500000000000132561, 1.270000000000000906 ) ) ;
#6310 = CARTESIAN_POINT ( 'NONE',  ( -3.936687167144438337, 1.917375781745411345, -8.630399365338222495 ) ) ;
#6311 = PLANE ( 'NONE',  #6480 ) ;
#6312 = ORIENTED_EDGE ( 'NONE', *, *, #1729, .F. ) ;
#6313 = DIRECTION ( 'NONE',  ( 0.000000000000000000, -0.000000000000000000, -1.000000000000000000 ) ) ;
#6314 = VECTOR ( 'NONE', #3123, 1000.000000000000000 ) ;
#6315 = EDGE_CURVE ( 'NONE', #2776, #484, #2953, .T. ) ;
#6316 = EDGE_LOOP ( 'NONE', ( #1886, #894 ) ) ;
#6317 = DIRECTION ( 'NONE',  ( 9.476706360882653295E-16, 0.000000000000000000, 1.000000000000000000 ) ) ;
#6318 = AXIS2_PLACEMENT_3D ( 'NONE', #2889, #3502, #2341 ) ;
#6319 = CARTESIAN_POINT ( 'NONE',  ( -3.490000000000007763, 1.780000000000000693, 2.775908958334685015E-15 ) ) ;
#6320 = AXIS2_PLACEMENT_3D ( 'NONE', #6867, #3573, #6292 ) ;
#6321 = DIRECTION ( 'NONE',  ( 1.000000000000000000, 0.000000000000000000, 0.000000000000000000 ) ) ;
#6322 = DIRECTION ( 'NONE',  ( 1.000000000000000000, 0.000000000000000000, 0.000000000000000000 ) ) ;
#6323 = DIRECTION ( 'NONE',  ( 0.000000000000000000, 0.000000000000000000, -1.000000000000000000 ) ) ;
#6324 = ORIENTED_EDGE ( 'NONE', *, *, #15, .F. ) ;
#6325 = PLANE ( 'NONE',  #6838 ) ;
#6326 = AXIS2_PLACEMENT_3D ( 'NONE', #6218, #202, #5681 ) ;
#6327 = VECTOR ( 'NONE', #5009, 1000.000000000000114 ) ;
#6328 = VERTEX_POINT ( 'NONE', #5067 ) ;
#6329 = CARTESIAN_POINT ( 'NONE',  ( 4.898729528372977704, 3.012896268582575310, 0.5387417953851396657 ) ) ;
#6330 = LINE ( 'NONE', #6360, #4821 ) ;
#6331 = PLANE ( 'NONE',  #2961 ) ;
#6332 = FACE_OUTER_BOUND ( 'NONE', #482, .T. ) ;
#6333 = VECTOR ( 'NONE', #5513, 1000.000000000000000 ) ;
#6334 = ORIENTED_EDGE ( 'NONE', *, *, #1942, .F. ) ;
#6335 = ORIENTED_EDGE ( 'NONE', *, *, #6907, .T. ) ;
#6336 = CARTESIAN_POINT ( 'NONE',  ( 13.14200000000000124, 1.130000000000000782, 1.900000000000002354 ) ) ;
#6337 = CARTESIAN_POINT ( 'NONE',  ( -0.4067930348823200482, 5.030000000000000249, -3.000000000000005329 ) ) ;
#6339 = VERTEX_POINT ( 'NONE', #1243 ) ;
#6338 = CARTESIAN_POINT ( 'NONE',  ( 13.59500000000000419, 0.9776000000000001355, -0.4049999999999991385 ) ) ;
#6340 = VERTEX_POINT ( 'NONE', #1862 ) ;
#6341 = EDGE_CURVE ( 'NONE', #5833, #4012, #1025, .T. ) ;
#6342 = ORIENTED_EDGE ( 'NONE', *, *, #2206, .T. ) ;
#6343 = CARTESIAN_POINT ( 'NONE',  ( -9.799113291647698176, -8.552339098412836904, -1.805999999999994499 ) ) ;
#6344 = PLANE ( 'NONE',  #6629 ) ;
#6345 = DIRECTION ( 'NONE',  ( 1.000000000000000000, -0.000000000000000000, 0.000000000000000000 ) ) ;
#6346 = ORIENTED_EDGE ( 'NONE', *, *, #5739, .F. ) ;
#6347 = DIRECTION ( 'NONE',  ( 1.000000000000000000, 0.000000000000000000, 0.000000000000000000 ) ) ;
#6348 = ADVANCED_FACE ( 'NONE', ( #5616 ), #2805, .F. ) ;
#6349 = VERTEX_POINT ( 'NONE', #3462 ) ;
#6350 = DIRECTION ( 'NONE',  ( 0.9271838545667895337, -0.3746065934159066302, 0.000000000000000000 ) ) ;
#6351 = DIRECTION ( 'NONE',  ( -0.6636987268331873135, 0.000000000000000000, -0.7480000000000041060 ) ) ;
#6352 = DIRECTION ( 'NONE',  ( 0.000000000000000000, -1.000000000000000000, -0.000000000000000000 ) ) ;
#6353 = EDGE_CURVE ( 'NONE', #3356, #678, #3110, .T. ) ;
#6354 = DIRECTION ( 'NONE',  ( 1.000000000000000000, 0.000000000000000000, -7.114187483500664141E-16 ) ) ;
#6355 = CARTESIAN_POINT ( 'NONE',  ( -6.944225494189258718, 2.280000000000000693, 4.367799999999992799 ) ) ;
#6356 = EDGE_LOOP ( 'NONE', ( #5584, #357, #6271, #5704 ) ) ;
#6357 = CARTESIAN_POINT ( 'NONE',  ( -6.300000000000000711, 3.666054381999832579, -0.09999999999999492628 ) ) ;
#6358 = VERTEX_POINT ( 'NONE', #5651 ) ;
#6359 = CARTESIAN_POINT ( 'NONE',  ( 10.03280909891431527, 5.179199999999674731, -4.867545697726416876 ) ) ;
#6360 = CARTESIAN_POINT ( 'NONE',  ( -6.500000000000000888, 3.666054381999832579, -0.09999999999999481526 ) ) ;
#6361 = CARTESIAN_POINT ( 'NONE',  ( -13.47499999999999787, 0.4299999999999999933, -0.5650000000000000577 ) ) ;
#6362 = AXIS2_PLACEMENT_3D ( 'NONE', #2483, #715, #5100 ) ;
#6363 = CARTESIAN_POINT ( 'NONE',  ( -6.300000000000000711, 1.665000000000000702, -0.7999999999999948264 ) ) ;
#6364 = VERTEX_POINT ( 'NONE', #1711 ) ;
#6365 = AXIS2_PLACEMENT_3D ( 'NONE', #6209, #2440, #3489 ) ;
#6366 = ORIENTED_EDGE ( 'NONE', *, *, #799, .T. ) ;
#6367 =( LENGTH_UNIT ( ) NAMED_UNIT ( * ) SI_UNIT ( .MILLI., .METRE. ) );
#6368 = PLANE ( 'NONE',  #116 ) ;
#6370 = VERTEX_POINT ( 'NONE', #4527 ) ;
#6369 = CARTESIAN_POINT ( 'NONE',  ( 12.84569950541076899, 1.780000000000000693, -3.174999999999994049 ) ) ;
#6371 = VECTOR ( 'NONE', #1227, 1000.000000000000000 ) ;
#6372 = CLOSED_SHELL ( 'NONE', ( #436, #1503, #5178, #2981, #6507, #4687, #4762, #4832, #2162, #3939, #3851, #3048, #3376, #836, #239, #1808, #685, #5662, #133, #5951, #4815, #4116, #4717, #3132, #5024, #6300, #3423, #5171, #691, #3374, #1690, #5663, #1371, #3795, #1296, #1198, #3634, #5612, #1869, #2893, #3216, #1328, #4856, #2318, #3456, #1679, #5872, #312, #4603, #3244, #1587, #3549, #1467, #5689, #4583, #323, #5293, #137, #5909, #1991, #6215, #2663, #5562, #6267, #1274, #2267, #3540, #6920, #3750, #3420, #1059, #621 ) ) ;
#6373 = ORIENTED_EDGE ( 'NONE', *, *, #6461, .F. ) ;
#6374 = VECTOR ( 'NONE', #4757, 1000.000000000000000 ) ;
#6375 = LINE ( 'NONE', #3144, #72 ) ;
#6376 = CARTESIAN_POINT ( 'NONE',  ( 6.443754789892586210, -4.705028507986465769, 0.000000000000000000 ) ) ;
#6377 = EDGE_CURVE ( 'NONE', #5730, #6119, #4562, .T. ) ;
#6378 = EDGE_LOOP ( 'NONE', ( #243, #7013 ) ) ;
#6379 = CARTESIAN_POINT ( 'NONE',  ( 9.130125890106910447, 1.303301166538628486, 1.900000000000000577 ) ) ;
#6380 = VECTOR ( 'NONE', #3491, 1000.000000000000000 ) ;
#6381 = ORIENTED_EDGE ( 'NONE', *, *, #1985, .F. ) ;
#6382 = VECTOR ( 'NONE', #3869, 1000.000000000000000 ) ;
#6383 = DIRECTION ( 'NONE',  ( 1.000000000000000000, 0.000000000000000000, -0.000000000000000000 ) ) ;
#6384 = CARTESIAN_POINT ( 'NONE',  ( 11.27983273990924573, 2.540000000000000480, 5.231611787952942905 ) ) ;
#6385 = CYLINDRICAL_SURFACE ( 'NONE', #7078, 0.1524000000000004518 ) ;
#6386 = CARTESIAN_POINT ( 'NONE',  ( 0.7217936292651684349, 6.500000000000000888, -0.6056567681025109007 ) ) ;
#6387 = EDGE_CURVE ( 'NONE', #1569, #989, #1211, .T. ) ;
#6388 = CARTESIAN_POINT ( 'NONE',  ( 11.27983273990924395, 2.439593252090354270, -5.231611787952944681 ) ) ;
#6389 = VERTEX_POINT ( 'NONE', #6818 ) ;
#6390 = CARTESIAN_POINT ( 'NONE',  ( 13.44500000000000384, 5.221380679259153723, 3.757020291111129673 ) ) ;
#6391 = CIRCLE ( 'NONE', #3868, 0.2999999999999999334 ) ;
#6392 = EDGE_LOOP ( 'NONE', ( #4960, #26, #4650, #6895 ) ) ;
#6393 = DIRECTION ( 'NONE',  ( -1.000000000000000000, 3.977264022323940376E-16, 0.000000000000000000 ) ) ;
#6394 = CARTESIAN_POINT ( 'NONE',  ( -13.65000000000000391, -3.299999999999999822, -1.675000000000000044 ) ) ;
#6395 = LINE ( 'NONE', #3707, #5014 ) ;
#6396 = VECTOR ( 'NONE', #2073, 1000.000000000000000 ) ;
#6397 = DIRECTION ( 'NONE',  ( 0.000000000000000000, 1.000000000000000000, -0.000000000000000000 ) ) ;
#6398 = EDGE_CURVE ( 'NONE', #3867, #139, #3601, .T. ) ;
#6399 = ORIENTED_EDGE ( 'NONE', *, *, #5523, .T. ) ;
#6400 = VECTOR ( 'NONE', #3631, 1000.000000000000000 ) ;
#6401 = EDGE_CURVE ( 'NONE', #5889, #5050, #2766, .T. ) ;
#6402 = ORIENTED_EDGE ( 'NONE', *, *, #3015, .T. ) ;
#6403 = DIRECTION ( 'NONE',  ( 3.826722296333380866E-17, -0.9499257899463777743, 0.3124755887981493507 ) ) ;
#6404 = LINE ( 'NONE', #932, #3233 ) ;
#6406 = ORIENTED_EDGE ( 'NONE', *, *, #6953, .F. ) ;
#6405 = DIRECTION ( 'NONE',  ( 0.000000000000000000, -1.000000000000000000, 0.000000000000000000 ) ) ;
#6407 = ORIENTED_EDGE ( 'NONE', *, *, #3710, .T. ) ;
#6408 = DIRECTION ( 'NONE',  ( -1.000000000000000000, 0.000000000000000000, 1.355252715606880543E-16 ) ) ;
#6409 = CARTESIAN_POINT ( 'NONE',  ( -11.23799999999999955, 2.280000000000000693, 5.204170427930421283E-15 ) ) ;
#6410 = ORIENTED_EDGE ( 'NONE', *, *, #6305, .T. ) ;
#6411 = DIRECTION ( 'NONE',  ( 0.000000000000000000, 0.000000000000000000, -1.000000000000000000 ) ) ;
#6412 = CIRCLE ( 'NONE', #3330, 0.4999999999999995004 ) ;
#6413 = ORIENTED_EDGE ( 'NONE', *, *, #1866, .F. ) ;
#6414 = LINE ( 'NONE', #339, #2014 ) ;
#6415 = DIRECTION ( 'NONE',  ( 0.3746065934159064081, 0.9271838545667897558, -0.000000000000000000 ) ) ;
#6416 = FACE_OUTER_BOUND ( 'NONE', #5340, .T. ) ;
#6417 = LINE ( 'NONE', #481, #5746 ) ;
#6418 = AXIS2_PLACEMENT_3D ( 'NONE', #5041, #3566, #3054 ) ;
#6419 = ORIENTED_EDGE ( 'NONE', *, *, #5867, .T. ) ;
#6420 = CARTESIAN_POINT ( 'NONE',  ( -7.043780303214237648, 5.030000000000000249, -4.479999999999994209 ) ) ;
#6421 = EDGE_CURVE ( 'NONE', #5660, #827, #3688, .T. ) ;
#6422 = ORIENTED_EDGE ( 'NONE', *, *, #3859, .F. ) ;
#6423 = ADVANCED_FACE ( 'NONE', ( #4769 ), #4253, .F. ) ;
#6424 = EDGE_CURVE ( 'NONE', #1641, #565, #3085, .T. ) ;
#6425 = AXIS2_PLACEMENT_3D ( 'NONE', #2346, #69, #1693 ) ;
#6426 = CARTESIAN_POINT ( 'NONE',  ( 4.236884534604473451, 3.280299003502751720, -0.8521946352945493075 ) ) ;
#6427 = DIRECTION ( 'NONE',  ( 1.000000000000000000, 0.000000000000000000, 0.000000000000000000 ) ) ;
#6428 = DIRECTION ( 'NONE',  ( 0.3746065934159064081, 0.9271838545667897558, 0.000000000000000000 ) ) ;
#6429 = FACE_OUTER_BOUND ( 'NONE', #4352, .T. ) ;
#6430 = EDGE_LOOP ( 'NONE', ( #1789, #1081, #5347, #5482 ) ) ;
#6431 = ORIENTED_EDGE ( 'NONE', *, *, #4417, .F. ) ;
#6432 = EDGE_CURVE ( 'NONE', #1658, #4145, #5822, .T. ) ;
#6433 = AXIS2_PLACEMENT_3D ( 'NONE', #2514, #1415, #5405 ) ;
#6434 = EDGE_CURVE ( 'NONE', #4252, #1873, #1147, .T. ) ;
#6435 = VERTEX_POINT ( 'NONE', #6285 ) ;
#6436 = DIRECTION ( 'NONE',  ( -7.953893863423147762E-16, 0.000000000000000000, -1.000000000000000000 ) ) ;
#6437 = AXIS2_PLACEMENT_3D ( 'NONE', #6194, #1363, #4652 ) ;
#6438 = DIRECTION ( 'NONE',  ( 0.000000000000000000, -0.000000000000000000, 1.000000000000000000 ) ) ;
#6440 = VERTEX_POINT ( 'NONE', #6924 ) ;
#6439 = LINE ( 'NONE', #6909, #1476 ) ;
#6441 = EDGE_CURVE ( 'NONE', #5446, #1533, #2577, .T. ) ;
#6442 = AXIS2_PLACEMENT_3D ( 'NONE', #856, #2525, #893 ) ;
#6443 = VERTEX_POINT ( 'NONE', #817 ) ;
#6444 = PLANE ( 'NONE',  #2971 ) ;
#6445 = LINE ( 'NONE', #6513, #3971 ) ;
#6446 = ORIENTED_EDGE ( 'NONE', *, *, #2130, .F. ) ;
#6447 = DIRECTION ( 'NONE',  ( 8.106184467181343480E-16, 0.000000000000000000, 1.000000000000000000 ) ) ;
#6448 = VERTEX_POINT ( 'NONE', #344 ) ;
#6449 = CARTESIAN_POINT ( 'NONE',  ( -6.400000000000000355, 1.780000000000000693, 5.204170427930421283E-15 ) ) ;
#6450 = CARTESIAN_POINT ( 'NONE',  ( -9.650000000000000355, 2.280000000000000693, -1.424999999999995826 ) ) ;
#6451 = CARTESIAN_POINT ( 'NONE',  ( -11.23799999999999955, 2.799999999999997158, -0.7619999999999953477 ) ) ;
#6452 = DIRECTION ( 'NONE',  ( 0.000000000000000000, 1.000000000000000000, 0.000000000000000000 ) ) ;
#6453 = ORIENTED_EDGE ( 'NONE', *, *, #5772, .F. ) ;
#6454 = DIRECTION ( 'NONE',  ( -0.000000000000000000, 1.000000000000000000, 0.000000000000000000 ) ) ;
#6455 = EDGE_LOOP ( 'NONE', ( #210, #5266, #275, #6481 ) ) ;
#6456 = CARTESIAN_POINT ( 'NONE',  ( 8.018461836739970039, 5.179199999999999804, -7.434112822062039605 ) ) ;
#6457 = CARTESIAN_POINT ( 'NONE',  ( 9.250000000000001776, 1.600000000000000755, 1.900000000000000577 ) ) ;
#6458 = CARTESIAN_POINT ( 'NONE',  ( 4.384602742339261283, 3.058836762142893573, -0.8609605380569113064 ) ) ;
#6459 = DIRECTION ( 'NONE',  ( -0.000000000000000000, -1.000000000000000000, 2.248047161348868956E-15 ) ) ;
#6460 = ORIENTED_EDGE ( 'NONE', *, *, #5775, .F. ) ;
#6461 = EDGE_CURVE ( 'NONE', #6244, #6536, #4167, .T. ) ;
#6462 = ORIENTED_EDGE ( 'NONE', *, *, #6472, .F. ) ;
#6463 = ORIENTED_EDGE ( 'NONE', *, *, #395, .F. ) ;
#6464 = EDGE_CURVE ( 'NONE', #5394, #1768, #6860, .T. ) ;
#6465 = LINE ( 'NONE', #6849, #4098 ) ;
#6466 = CARTESIAN_POINT ( 'NONE',  ( 7.695414893271074419, 2.540000000000000480, -7.705181426667934375 ) ) ;
#6468 = EDGE_LOOP ( 'NONE', ( #3702, #2450, #6565, #4154 ) ) ;
#6467 = CARTESIAN_POINT ( 'NONE',  ( 1.230000000000000204, 5.179199999999999804, -5.204170427930421283E-15 ) ) ;
#6469 = EDGE_CURVE ( 'NONE', #6952, #4255, #5640, .T. ) ;
#6470 = AXIS2_PLACEMENT_3D ( 'NONE', #6635, #3306, #1561 ) ;
#6471 = VERTEX_POINT ( 'NONE', #1348 ) ;
#6472 = EDGE_CURVE ( 'NONE', #424, #2366, #845, .T. ) ;
#6473 = ADVANCED_FACE ( 'NONE', ( #5850 ), #1896, .F. ) ;
#6474 = CARTESIAN_POINT ( 'NONE',  ( 13.14200000000000124, 1.780000000000000693, -1.900000000000002354 ) ) ;
#6475 = LINE ( 'NONE', #4257, #4090 ) ;
#6476 = ORIENTED_EDGE ( 'NONE', *, *, #6950, .F. ) ;
#6477 = CARTESIAN_POINT ( 'NONE',  ( -9.650000000000000355, 2.280000000000000693, 1.424999999999995826 ) ) ;
#6478 = AXIS2_PLACEMENT_3D ( 'NONE', #3889, #7106, #3817 ) ;
#6479 = VECTOR ( 'NONE', #5791, 1000.000000000000000 ) ;
#6480 = AXIS2_PLACEMENT_3D ( 'NONE', #299, #2469, #1445 ) ;
#6481 = ORIENTED_EDGE ( 'NONE', *, *, #3547, .T. ) ;
#6482 = DIRECTION ( 'NONE',  ( -0.000000000000000000, -1.000000000000000000, -0.000000000000000000 ) ) ;
#6483 = CARTESIAN_POINT ( 'NONE',  ( 13.29260000000000375, 0.9776000000000012458, -13.65917520938231178 ) ) ;
#6484 = DIRECTION ( 'NONE',  ( -3.286955199289085105E-16, -1.000000000000000000, -7.608436298143891306E-17 ) ) ;
#6485 = DIRECTION ( 'NONE',  ( -0.3746065934159063526, -0.9271838545667898668, 0.000000000000000000 ) ) ;
#6486 = CARTESIAN_POINT ( 'NONE',  ( 10.15189057614266588, 5.179200000000006909, -4.644442262568017732 ) ) ;
#6487 = EDGE_LOOP ( 'NONE', ( #599, #6870, #882, #2638 ) ) ;
#6488 = LINE ( 'NONE', #597, #1882 ) ;
#6489 = EDGE_LOOP ( 'NONE', ( #2944, #5239 ) ) ;
#6490 = CIRCLE ( 'NONE', #4890, 10.79499999999999638 ) ;
#6491 = CARTESIAN_POINT ( 'NONE',  ( 10.12918382361691982, 5.179199999999823056, -4.688046125937591846 ) ) ;
#6492 = LINE ( 'NONE', #1496, #2767 ) ;
#6493 = CARTESIAN_POINT ( 'NONE',  ( 12.84569950541076899, 6.500000000000000888, -4.194999999999994067 ) ) ;
#6494 = FACE_OUTER_BOUND ( 'NONE', #6793, .T. ) ;
#6495 = ORIENTED_EDGE ( 'NONE', *, *, #245, .F. ) ;
#6496 = ORIENTED_EDGE ( 'NONE', *, *, #6643, .T. ) ;
#6497 = VECTOR ( 'NONE', #4210, 1000.000000000000000 ) ;
#6498 = ORIENTED_EDGE ( 'NONE', *, *, #5732, .F. ) ;
#6499 = VERTEX_POINT ( 'NONE', #4670 ) ;
#6500 = DIRECTION ( 'NONE',  ( -3.286955199289085105E-16, -1.000000000000000000, 7.608436298143891306E-17 ) ) ;
#6501 = EDGE_CURVE ( 'NONE', #2118, #1352, #5244, .T. ) ;
#6502 = CARTESIAN_POINT ( 'NONE',  ( 13.26900000000000190, 1.129999999999999893, 0.5080000000000051141 ) ) ;
#6503 = DIRECTION ( 'NONE',  ( 0.000000000000000000, 0.000000000000000000, -1.000000000000000000 ) ) ;
#6505 = VERTEX_POINT ( 'NONE', #376 ) ;
#6504 = CARTESIAN_POINT ( 'NONE',  ( -9.650000000000000355, 5.030000000000000249, 1.874999999999995559 ) ) ;
#6506 = VECTOR ( 'NONE', #1775, 1000.000000000000000 ) ;
#6507 = ADVANCED_FACE ( 'NONE', ( #6416 ), #269, .F. ) ;
#6508 = ORIENTED_EDGE ( 'NONE', *, *, #2691, .F. ) ;
#6509 = EDGE_CURVE ( 'NONE', #4367, #3936, #5753, .T. ) ;
#6510 = EDGE_CURVE ( 'NONE', #1352, #3588, #5210, .T. ) ;
#6511 = CARTESIAN_POINT ( 'NONE',  ( -9.251967164181534642, 5.030000000000000249, -1.665071770334923817 ) ) ;
#6512 = CARTESIAN_POINT ( 'NONE',  ( 10.15190976443982152, 2.339162959182857549, -4.644452251363275330 ) ) ;
#6513 = CARTESIAN_POINT ( 'NONE',  ( -3.490000000000007763, 1.780000000000000693, -2.775908958334685015E-15 ) ) ;
#6514 = ORIENTED_EDGE ( 'NONE', *, *, #2451, .T. ) ;
#6515 = LINE ( 'NONE', #3794, #2472 ) ;
#6516 = EDGE_CURVE ( 'NONE', #4445, #745, #340, .T. ) ;
#6517 = EDGE_CURVE ( 'NONE', #4863, #507, #5921, .T. ) ;
#6518 = EDGE_LOOP ( 'NONE', ( #1009, #5976 ) ) ;
#6519 = EDGE_CURVE ( 'NONE', #5068, #1682, #1258, .T. ) ;
#6520 = CARTESIAN_POINT ( 'NONE',  ( -13.32499999999999574, 1.480000000000001315, -1.675000000000000044 ) ) ;
#6521 = CARTESIAN_POINT ( 'NONE',  ( 1.940500351447028926, -2.885595613245920621, 1.359412968102929886 ) ) ;
#6522 = CARTESIAN_POINT ( 'NONE',  ( -3.532500000000000195, -2.227103518025149054, 4.292600000000005522 ) ) ;
#6523 = CARTESIAN_POINT ( 'NONE',  ( -10.55742020121451397, 0.3800000000000000044, -2.664999999999993818 ) ) ;
#6524 = CARTESIAN_POINT ( 'NONE',  ( -6.500000000000000888, 1.665000000000000702, 0.7999999999999948264 ) ) ;
#6525 = ORIENTED_EDGE ( 'NONE', *, *, #2487, .F. ) ;
#6526 = DIRECTION ( 'NONE',  ( -1.000000000000000000, 0.000000000000000000, 0.000000000000000000 ) ) ;
#6527 = ADVANCED_FACE ( 'NONE', ( #1018 ), #946, .T. ) ;
#6528 = AXIS2_PLACEMENT_3D ( 'NONE', #5734, #109, #4543 ) ;
#6529 = ORIENTED_EDGE ( 'NONE', *, *, #2032, .F. ) ;
#6530 = CARTESIAN_POINT ( 'NONE',  ( 4.898729528372977704, 3.012896268582575310, -0.5387417953851396657 ) ) ;
#6531 = CARTESIAN_POINT ( 'NONE',  ( -9.650000000000000355, 2.130000000000000782, 1.274999999999997469 ) ) ;
#6532 = AXIS2_PLACEMENT_3D ( 'NONE', #947, #4802, #7057 ) ;
#6533 = CARTESIAN_POINT ( 'NONE',  ( -4.250000000000002665, 5.179199999999999804, -6.603999999999997428 ) ) ;
#6534 = DIRECTION ( 'NONE',  ( 0.000000000000000000, 1.000000000000000000, 0.000000000000000000 ) ) ;
#6535 = ORIENTED_EDGE ( 'NONE', *, *, #3141, .F. ) ;
#6536 = VERTEX_POINT ( 'NONE', #6523 ) ;
#6537 = VECTOR ( 'NONE', #4635, 1000.000000000000000 ) ;
#6538 = ORIENTED_EDGE ( 'NONE', *, *, #2161, .F. ) ;
#6539 = ORIENTED_EDGE ( 'NONE', *, *, #5606, .F. ) ;
#6540 = DIRECTION ( 'NONE',  ( 0.000000000000000000, 1.000000000000000000, 0.000000000000000000 ) ) ;
#6541 = LINE ( 'NONE', #5233, #4316 ) ;
#6542 = CARTESIAN_POINT ( 'NONE',  ( 9.250000000000003553, 1.280000000000001359, 1.900000000000000577 ) ) ;
#6543 = AXIS2_PLACEMENT_3D ( 'NONE', #3122, #1385, #6354 ) ;
#6544 = AXIS2_PLACEMENT_3D ( 'NONE', #4461, #2339, #5038 ) ;
#6546 = ORIENTED_EDGE ( 'NONE', *, *, #6164, .T. ) ;
#6545 = DIRECTION ( 'NONE',  ( 0.000000000000000000, 1.000000000000000000, 0.000000000000000000 ) ) ;
#6547 = AXIS2_PLACEMENT_3D ( 'NONE', #6829, #1905, #4109 ) ;
#6548 = ORIENTED_EDGE ( 'NONE', *, *, #2844, .F. ) ;
#6549 = FACE_OUTER_BOUND ( 'NONE', #6621, .T. ) ;
#6550 = CARTESIAN_POINT ( 'NONE',  ( -3.532500000000000195, 0.3800000000000001155, 4.292600000000005522 ) ) ;
#6551 = CARTESIAN_POINT ( 'NONE',  ( 8.076329706295434008, 1.780000000000000471, 9.029783774122591922 ) ) ;
#6552 = VECTOR ( 'NONE', #5733, 1000.000000000000000 ) ;
#6553 = EDGE_LOOP ( 'NONE', ( #2862, #7093 ) ) ;
#6554 = LINE ( 'NONE', #1082, #5907 ) ;
#6555 = ADVANCED_FACE ( 'NONE', ( #3801 ), #5451, .F. ) ;
#6556 = EDGE_LOOP ( 'NONE', ( #5525, #996, #6963, #4555 ) ) ;
#6557 = CARTESIAN_POINT ( 'NONE',  ( -13.32499999999999574, 1.480000000000001092, 1.275000000000002798 ) ) ;
#6558 = DIRECTION ( 'NONE',  ( 0.000000000000000000, 1.000000000000000000, -0.000000000000000000 ) ) ;
#6559 = CARTESIAN_POINT ( 'NONE',  ( 10.08809161764697748, 5.191878667390639635, 4.611230626915646447 ) ) ;
#6560 = CARTESIAN_POINT ( 'NONE',  ( 12.58000000000000007, -3.299999999999996714, 0.4049999999999999711 ) ) ;
#6561 = CARTESIAN_POINT ( 'NONE',  ( 3.921010815055865795, 3.246140058850846888, -0.8609605380569113064 ) ) ;
#6562 = ORIENTED_EDGE ( 'NONE', *, *, #245, .T. ) ;
#6563 = CARTESIAN_POINT ( 'NONE',  ( 5.992500000000000604, -2.227103518025149054, -5.079999999999994742 ) ) ;
#6564 = EDGE_CURVE ( 'NONE', #4886, #6443, #5334, .T. ) ;
#6565 = ORIENTED_EDGE ( 'NONE', *, *, #1721, .T. ) ;
#6566 = EDGE_CURVE ( 'NONE', #2432, #3845, #3280, .T. ) ;
#6567 = CARTESIAN_POINT ( 'NONE',  ( 4.607758076431188954, 3.130456366136390667, -0.4085797899537459976 ) ) ;
#6568 = CARTESIAN_POINT ( 'NONE',  ( 0.000000000000000000, 0.000000000000000000, 0.000000000000000000 ) ) ;
#6569 = EDGE_CURVE ( 'NONE', #5272, #2628, #4868, .T. ) ;
#6570 = DIRECTION ( 'NONE',  ( 0.000000000000000000, 0.000000000000000000, 1.000000000000000000 ) ) ;
#6571 = CARTESIAN_POINT ( 'NONE',  ( 7.417859203408450952, 5.255337990269911330, 7.374403436129172817 ) ) ;
#6572 = EDGE_LOOP ( 'NONE', ( #6460, #2706, #4418, #7042 ) ) ;
#6573 = ORIENTED_EDGE ( 'NONE', *, *, #4190, .T. ) ;
#6574 = ORIENTED_EDGE ( 'NONE', *, *, #2621, .T. ) ;
#6575 = VERTEX_POINT ( 'NONE', #6451 ) ;
#6576 = LINE ( 'NONE', #570, #2821 ) ;
#6577 = CARTESIAN_POINT ( 'NONE',  ( 7.365411559137649888, 1.780000000000000693, -9.525000000000000355 ) ) ;
#6578 = LINE ( 'NONE', #2229, #5870 ) ;
#6580 = ORIENTED_EDGE ( 'NONE', *, *, #4797, .T. ) ;
#6579 = DIRECTION ( 'NONE',  ( -7.953893863423148748E-16, 0.000000000000000000, 1.000000000000000000 ) ) ;
#6581 = ORIENTED_EDGE ( 'NONE', *, *, #4275, .F. ) ;
#6582 = LINE ( 'NONE', #542, #1837 ) ;
#6583 = DIRECTION ( 'NONE',  ( -1.000000000000000000, 3.977264022323940376E-16, 0.000000000000000000 ) ) ;
#6584 = LINE ( 'NONE', #1657, #4920 ) ;
#6585 = VECTOR ( 'NONE', #1926, 999.9999999999998863 ) ;
#6586 = EDGE_LOOP ( 'NONE', ( #1703, #3477 ) ) ;
#6587 = DIRECTION ( 'NONE',  ( -0.9271838545667897558, 0.3746065934159062971, 0.000000000000000000 ) ) ;
#6588 = ORIENTED_EDGE ( 'NONE', *, *, #769, .F. ) ;
#6589 = AXIS2_PLACEMENT_3D ( 'NONE', #5197, #2464, #3005 ) ;
#6590 = DIRECTION ( 'NONE',  ( -0.000000000000000000, 1.000000000000000000, -0.000000000000000000 ) ) ;
#6591 = EDGE_CURVE ( 'NONE', #3375, #2776, #441, .T. ) ;
#6592 = CARTESIAN_POINT ( 'NONE',  ( 5.992500000000000604, 0.000000000000000000, 5.867400000000005278 ) ) ;
#6593 = CARTESIAN_POINT ( 'NONE',  ( 9.960532077246391225, 5.217236002149687302, 4.544827333199574326 ) ) ;
#6594 = CARTESIAN_POINT ( 'NONE',  ( 8.285935220419094804, 1.932167297552726870, -8.864964822121013555 ) ) ;
#6595 = CARTESIAN_POINT ( 'NONE',  ( -13.55499999999999794, 0.5570855111714126950, 1.270000000000000906 ) ) ;
#6596 = VERTEX_POINT ( 'NONE', #6 ) ;
#6597 = LINE ( 'NONE', #2800, #850 ) ;
#6598 = AXIS2_PLACEMENT_3D ( 'NONE', #90, #2300, #4493 ) ;
#6599 = EDGE_CURVE ( 'NONE', #2299, #2109, #4034, .T. ) ;
#6600 = VERTEX_POINT ( 'NONE', #7019 ) ;
#6601 = CIRCLE ( 'NONE', #5816, 0.1499999999999999667 ) ;
#6602 = CARTESIAN_POINT ( 'NONE',  ( -13.65000000000000213, 0.4300000000000000488, 0.5650000000000000577 ) ) ;
#6603 = EDGE_CURVE ( 'NONE', #4672, #7024, #410, .T. ) ;
#6604 = CARTESIAN_POINT ( 'NONE',  ( 9.886027126599346460, 5.255337990269826065, 4.213992086842322848 ) ) ;
#6605 = AXIS2_PLACEMENT_3D ( 'NONE', #6409, #4360, #2054 ) ;
#6606 = DIRECTION ( 'NONE',  ( 8.106184467181343480E-16, 0.000000000000000000, 1.000000000000000000 ) ) ;
#6607 = CARTESIAN_POINT ( 'NONE',  ( 0.000000000000000000, 1.780000000000000693, 0.000000000000000000 ) ) ;
#6608 = ORIENTED_EDGE ( 'NONE', *, *, #583, .F. ) ;
#6609 = ORIENTED_EDGE ( 'NONE', *, *, #2023, .F. ) ;
#6610 = AXIS2_PLACEMENT_3D ( 'NONE', #223, #1774, #1339 ) ;
#6611 = ORIENTED_EDGE ( 'NONE', *, *, #5349, .F. ) ;
#6612 = VERTEX_POINT ( 'NONE', #2614 ) ;
#6613 = CARTESIAN_POINT ( 'NONE',  ( -13.64999999999999858, -3.299999999999995826, 0.1050000000000020084 ) ) ;
#6614 = EDGE_CURVE ( 'NONE', #4393, #1919, #3727, .T. ) ;
#6615 = FACE_OUTER_BOUND ( 'NONE', #1680, .T. ) ;
#6616 = CIRCLE ( 'NONE', #5249, 0.2726000000000000090 ) ;
#6617 = DIRECTION ( 'NONE',  ( -1.000000000000000000, 0.000000000000000000, 0.000000000000000000 ) ) ;
#6619 = EDGE_LOOP ( 'NONE', ( #3431, #5315, #173, #2160, #2512, #2616 ) ) ;
#6618 = CARTESIAN_POINT ( 'NONE',  ( 1.230000000000000204, 5.179199999999999804, 5.204170427930421283E-15 ) ) ;
#6620 = AXIS2_PLACEMENT_3D ( 'NONE', #6859, #3020, #5097 ) ;
#6621 = EDGE_LOOP ( 'NONE', ( #6019, #3773, #2080, #5491 ) ) ;
#6622 = CARTESIAN_POINT ( 'NONE',  ( 9.537358709033144422, 5.179199999999711146, -5.674846708224687397 ) ) ;
#6623 = CARTESIAN_POINT ( 'NONE',  ( -12.81499999999999595, 2.280000000000000249, 1.174999999999995604 ) ) ;
#6624 = DIRECTION ( 'NONE',  ( -1.000000000000000000, -0.000000000000000000, -0.000000000000000000 ) ) ;
#6625 = VECTOR ( 'NONE', #240, 1000.000000000000000 ) ;
#6626 = ORIENTED_EDGE ( 'NONE', *, *, #2894, .F. ) ;
#6627 = DIRECTION ( 'NONE',  ( -0.7071067811865482389, 0.000000000000000000, -0.7071067811865469066 ) ) ;
#6628 = ORIENTED_EDGE ( 'NONE', *, *, #577, .T. ) ;
#6629 = AXIS2_PLACEMENT_3D ( 'NONE', #5878, #5234, #2568 ) ;
#6630 = CYLINDRICAL_SURFACE ( 'NONE', #5476, 0.4500000000000007327 ) ;
#6631 = CARTESIAN_POINT ( 'NONE',  ( 8.913668243767567390, 1.390755732442274351, -0.1498572332372787030 ) ) ;
#6632 = CARTESIAN_POINT ( 'NONE',  ( -4.081225315622122984, 2.052450646900445097, 8.542210055051935313 ) ) ;
#6633 = CARTESIAN_POINT ( 'NONE',  ( -9.650000000000000355, 5.030000000000000249, -1.274999999999994804 ) ) ;
#6634 = VERTEX_POINT ( 'NONE', #2724 ) ;
#6635 = CARTESIAN_POINT ( 'NONE',  ( 5.992500000000000604, 0.3800000000000001155, 5.080000000000005400 ) ) ;
#6636 = VERTEX_POINT ( 'NONE', #3833 ) ;
#6637 = CARTESIAN_POINT ( 'NONE',  ( -3.532500000000000195, -2.227103518025149054, -5.079999999999994742 ) ) ;
#6638 = DIRECTION ( 'NONE',  ( -0.6427876096865378086, -0.000000000000000000, 0.7660444431189792347 ) ) ;
#6639 = CARTESIAN_POINT ( 'NONE',  ( -13.32499999999999574, 0.4299999999999999378, 0.5650000000000000577 ) ) ;
#6640 = DIRECTION ( 'NONE',  ( 0.000000000000000000, 1.000000000000000000, 0.000000000000000000 ) ) ;
#6641 = ORIENTED_EDGE ( 'NONE', *, *, #4281, .F. ) ;
#6642 = VERTEX_POINT ( 'NONE', #3191 ) ;
#6643 = EDGE_CURVE ( 'NONE', #5168, #919, #2649, .T. ) ;
#6644 = ORIENTED_EDGE ( 'NONE', *, *, #625, .F. ) ;
#6645 = AXIS2_PLACEMENT_3D ( 'NONE', #830, #3686, #4689 ) ;
#6646 = VERTEX_POINT ( 'NONE', #3700 ) ;
#6647 = DIRECTION ( 'NONE',  ( -0.000000000000000000, 1.000000000000000000, 0.000000000000000000 ) ) ;
#6648 = DIRECTION ( 'NONE',  ( -0.000000000000000000, 1.000000000000000000, -0.000000000000000000 ) ) ;
#6649 = CARTESIAN_POINT ( 'NONE',  ( 12.57999999999999829, -2.600000000000012967, -0.4049999999999999711 ) ) ;
#6650 = EDGE_CURVE ( 'NONE', #1075, #4346, #6025, .T. ) ;
#6651 = DIRECTION ( 'NONE',  ( 0.000000000000000000, 0.000000000000000000, -1.000000000000000000 ) ) ;
#6653 = VERTEX_POINT ( 'NONE', #4800 ) ;
#6652 = CARTESIAN_POINT ( 'NONE',  ( 10.15190976443981974, 2.540000000000000480, 4.644452251363272666 ) ) ;
#6654 = AXIS2_PLACEMENT_3D ( 'NONE', #4739, #6925, #2065 ) ;
#6655 = ADVANCED_FACE ( 'NONE', ( #6985, #5605 ), #735, .F. ) ;
#6656 = ORIENTED_EDGE ( 'NONE', *, *, #5259, .T. ) ;
#6657 = FACE_OUTER_BOUND ( 'NONE', #5581, .T. ) ;
#6658 = VECTOR ( 'NONE', #5797, 1000.000000000000000 ) ;
#6659 = VECTOR ( 'NONE', #5317, 1000.000000000000000 ) ;
#6660 = EDGE_CURVE ( 'NONE', #1873, #2465, #4585, .T. ) ;
#6661 = DIRECTION ( 'NONE',  ( -0.000000000000000000, -1.000000000000000000, 0.000000000000000000 ) ) ;
#6662 = CARTESIAN_POINT ( 'NONE',  ( 4.420572135496033894, 3.206084395381821217, -0.3614364272659821853 ) ) ;
#6663 = EDGE_LOOP ( 'NONE', ( #2553, #4740, #4983, #5113 ) ) ;
#6664 = DIRECTION ( 'NONE',  ( 1.000000000000000000, 0.000000000000000000, -1.742467777208846130E-16 ) ) ;
#6665 = VECTOR ( 'NONE', #1970, 1000.000000000000000 ) ;
#6666 = AXIS2_PLACEMENT_3D ( 'NONE', #2219, #4914, #4955 ) ;
#6667 = EDGE_LOOP ( 'NONE', ( #4312, #1835 ) ) ;
#6668 = CARTESIAN_POINT ( 'NONE',  ( -13.55499999999999794, 0.5500000000000133671, -1.262914488828601467 ) ) ;
#6669 = VECTOR ( 'NONE', #3249, 1000.000000000000000 ) ;
#6670 = CARTESIAN_POINT ( 'NONE',  ( 7.255482294829770140, 1.799662843303577064, 8.054405752579809175 ) ) ;
#6671 = CARTESIAN_POINT ( 'NONE',  ( 13.59500000000000419, 0.9776000000000001355, -13.65917520938231178 ) ) ;
#6672 = CARTESIAN_POINT ( 'NONE',  ( -9.251967164181534642, 2.280000000000000693, 1.665071770334923817 ) ) ;
#6673 = ORIENTED_EDGE ( 'NONE', *, *, #3106, .F. ) ;
#6674 = DIRECTION ( 'NONE',  ( 0.3746065934159064081, 0.9271838545667897558, -0.000000000000000000 ) ) ;
#6675 = ORIENTED_EDGE ( 'NONE', *, *, #4189, .F. ) ;
#6676 = CARTESIAN_POINT ( 'NONE',  ( -6.944225494189258718, 5.030000000000000249, 4.367799999999992799 ) ) ;
#6677 = CARTESIAN_POINT ( 'NONE',  ( 10.03280909891431527, 5.179199999999674731, 4.867545697726416876 ) ) ;
#6678 = CARTESIAN_POINT ( 'NONE',  ( -6.500000000000000888, 1.665000000000000702, 0.09999999999999481526 ) ) ;
#6679 = DIRECTION ( 'NONE',  ( -0.000000000000000000, 1.000000000000000000, -0.000000000000000000 ) ) ;
#6680 = ORIENTED_EDGE ( 'NONE', *, *, #811, .F. ) ;
#6681 = CARTESIAN_POINT ( 'NONE',  ( 5.992500000000000604, 0.3800000000000001155, -5.079999999999994742 ) ) ;
#6682 = ORIENTED_EDGE ( 'NONE', *, *, #3896, .T. ) ;
#6683 = CARTESIAN_POINT ( 'NONE',  ( -9.650000000000000355, 5.030000000000000249, 1.274999999999994804 ) ) ;
#6684 = CARTESIAN_POINT ( 'NONE',  ( -9.251967164181534642, 2.280000000000000693, -1.665071770334923817 ) ) ;
#6685 = FACE_OUTER_BOUND ( 'NONE', #4226, .T. ) ;
#6686 = CARTESIAN_POINT ( 'NONE',  ( -12.81499999999999595, 1.480000000000001092, -1.675000000000000044 ) ) ;
#6687 = ADVANCED_FACE ( 'NONE', ( #6204 ), #3486, .F. ) ;
#6688 = ORIENTED_EDGE ( 'NONE', *, *, #4449, .F. ) ;
#6689 = PRODUCT ( '120591-1', '120591-1', '', ( #1229 ) ) ;
#6690 = ADVANCED_FACE ( 'NONE', ( #4018 ), #2398, .F. ) ;
#6691 = ORIENTED_EDGE ( 'NONE', *, *, #1598, .T. ) ;
#6692 = CARTESIAN_POINT ( 'NONE',  ( 8.900743007849118982, 5.179199999999701376, -6.520006839280296340 ) ) ;
#6693 = DIRECTION ( 'NONE',  ( 0.000000000000000000, 1.000000000000000000, 0.000000000000000000 ) ) ;
#6694 = EDGE_CURVE ( 'NONE', #3251, #2773, #5019, .T. ) ;
#6695 = FILL_AREA_STYLE_COLOUR ( '', #3901 ) ;
#6696 = ORIENTED_EDGE ( 'NONE', *, *, #3990, .F. ) ;
#6697 = LINE ( 'NONE', #5669, #6141 ) ;
#6698 = VERTEX_POINT ( 'NONE', #1127 ) ;
#6699 = VECTOR ( 'NONE', #6184, 1000.000000000000000 ) ;
#6700 = LINE ( 'NONE', #2357, #1664 ) ;
#6701 = DIRECTION ( 'NONE',  ( 3.286955199289085105E-16, 1.000000000000000000, 1.521687259628778261E-16 ) ) ;
#6702 = DIRECTION ( 'NONE',  ( -1.000000000000000000, 0.000000000000000000, -0.000000000000000000 ) ) ;
#6703 = LINE ( 'NONE', #3834, #2997 ) ;
#6704 = ORIENTED_EDGE ( 'NONE', *, *, #2607, .T. ) ;
#6705 = CARTESIAN_POINT ( 'NONE',  ( 13.26900000000000190, 0.3800000000000000044, 0.5079999999999949001 ) ) ;
#6706 = AXIS2_PLACEMENT_3D ( 'NONE', #4871, #1633, #6104 ) ;
#6707 = ORIENTED_EDGE ( 'NONE', *, *, #101, .T. ) ;
#6708 = LINE ( 'NONE', #1309, #4430 ) ;
#6709 = CARTESIAN_POINT ( 'NONE',  ( 10.53268849295829312, 5.179199999999756443, 3.852546772790252039 ) ) ;
#6710 = CARTESIAN_POINT ( 'NONE',  ( -12.81499999999999595, 2.280000000000000249, 0.9250000000000000444 ) ) ;
#6711 = VECTOR ( 'NONE', #2863, 1000.000000000000000 ) ;
#6712 = DIRECTION ( 'NONE',  ( 0.000000000000000000, 0.000000000000000000, 1.000000000000000000 ) ) ;
#6713 = AXIS2_PLACEMENT_3D ( 'NONE', #55, #1642, #3884 ) ;
#6714 = ORIENTED_EDGE ( 'NONE', *, *, #2161, .T. ) ;
#6715 = LINE ( 'NONE', #1790, #6699 ) ;
#6716 = VERTEX_POINT ( 'NONE', #1744 ) ;
#6717 = VECTOR ( 'NONE', #5947, 1000.000000000000000 ) ;
#6718 = CARTESIAN_POINT ( 'NONE',  ( 4.978631618257905345, 2.980613728770025617, 0.8521946352945493075 ) ) ;
#6719 = DIRECTION ( 'NONE',  ( 1.000000000000000000, -0.000000000000000000, -5.171171053129312979E-16 ) ) ;
#6720 = DIRECTION ( 'NONE',  ( 0.000000000000000000, -1.000000000000000000, 0.000000000000000000 ) ) ;
#6721 = CARTESIAN_POINT ( 'NONE',  ( -0.4067930348823200482, 5.030000000000000249, -3.000000000000005329 ) ) ;
#6722 = VERTEX_POINT ( 'NONE', #1665 ) ;
#6723 = AXIS2_PLACEMENT_3D ( 'NONE', #314, #4208, #6393 ) ;
#6724 = ORIENTED_EDGE ( 'NONE', *, *, #6223, .F. ) ;
#6725 = AXIS2_PLACEMENT_3D ( 'NONE', #4852, #1922, #4889 ) ;
#6726 = PLANE ( 'NONE',  #107 ) ;
#6727 = LINE ( 'NONE', #4009, #1267 ) ;
#6729 = ORIENTED_EDGE ( 'NONE', *, *, #799, .F. ) ;
#6728 = FACE_OUTER_BOUND ( 'NONE', #2661, .T. ) ;
#6730 = ORIENTED_EDGE ( 'NONE', *, *, #6270, .T. ) ;
#6731 = EDGE_CURVE ( 'NONE', #4393, #3116, #168, .T. ) ;
#6732 = CARTESIAN_POINT ( 'NONE',  ( 1.230000000000000204, 0.3800000000000000044, 9.524999999999998579 ) ) ;
#6733 = AXIS2_PLACEMENT_3D ( 'NONE', #6493, #3094, #3737 ) ;
#6734 = ADVANCED_FACE ( 'NONE', ( #1813 ), #3985, .F. ) ;
#6735 = EDGE_CURVE ( 'NONE', #3452, #4309, #1235, .T. ) ;
#6736 = ORIENTED_EDGE ( 'NONE', *, *, #5523, .F. ) ;
#6737 = AXIS2_PLACEMENT_3D ( 'NONE', #6450, #6352, #2647 ) ;
#6738 = CARTESIAN_POINT ( 'NONE',  ( 13.14200000000000124, 1.130000000000000782, -3.175000000000009148 ) ) ;
#6739 = CYLINDRICAL_SURFACE ( 'NONE', #1228, 9.849999999999997868 ) ;
#6740 = EDGE_CURVE ( 'NONE', #6007, #5446, #5534, .T. ) ;
#6741 = DIRECTION ( 'NONE',  ( 0.000000000000000000, 0.000000000000000000, 1.000000000000000000 ) ) ;
#6742 = DIRECTION ( 'NONE',  ( -0.000000000000000000, -1.000000000000000000, -0.000000000000000000 ) ) ;
#6743 = ORIENTED_EDGE ( 'NONE', *, *, #2112, .F. ) ;
#6744 = CARTESIAN_POINT ( 'NONE',  ( -8.294999999999996376, -8.552339098412836904, -5.079999999999996518 ) ) ;
#6745 = VECTOR ( 'NONE', #2063, 1000.000000000000000 ) ;
#6746 = EDGE_CURVE ( 'NONE', #927, #3867, #4306, .T. ) ;
#6747 = ORIENTED_EDGE ( 'NONE', *, *, #6603, .F. ) ;
#6748 = CARTESIAN_POINT ( 'NONE',  ( 7.365411559137649888, 1.780000000000000693, 9.525000000000000355 ) ) ;
#6749 = CARTESIAN_POINT ( 'NONE',  ( 10.13962589795779579, 5.255337990269911330, 3.673792325278757875 ) ) ;
#6750 = DIRECTION ( 'NONE',  ( -1.296892550819982002E-16, -0.000000000000000000, 1.000000000000000000 ) ) ;
#6751 = EDGE_CURVE ( 'NONE', #4340, #5505, #3736, .T. ) ;
#6752 = CARTESIAN_POINT ( 'NONE',  ( -0.4067930348823200482, 5.030000000000000249, 3.000000000000005329 ) ) ;
#6753 = ORIENTED_EDGE ( 'NONE', *, *, #6164, .F. ) ;
#6754 = CARTESIAN_POINT ( 'NONE',  ( 13.40240000000000542, -0.2999999999999873324, -0.007085511171399388672 ) ) ;
#6755 = ORIENTED_EDGE ( 'NONE', *, *, #3454, .F. ) ;
#6756 = CARTESIAN_POINT ( 'NONE',  ( 4.236884534604473451, 3.280299003502751720, 0.8521946352945493075 ) ) ;
#6757 = CARTESIAN_POINT ( 'NONE',  ( -3.532500000000000195, 0.000000000000000000, -5.867399999999994620 ) ) ;
#6758 = CARTESIAN_POINT ( 'NONE',  ( -13.55499999999999972, -2.299999999999986944, -1.277085511171399679 ) ) ;
#6759 = DIRECTION ( 'NONE',  ( 0.000000000000000000, 0.000000000000000000, 1.000000000000000000 ) ) ;
#6760 = ORIENTED_EDGE ( 'NONE', *, *, #3830, .F. ) ;
#6761 = PRESENTATION_LAYER_ASSIGNMENT (  '', '', ( #4808 ) ) ;
#6762 = ORIENTED_EDGE ( 'NONE', *, *, #2487, .T. ) ;
#6763 = CARTESIAN_POINT ( 'NONE',  ( -4.250000000000000888, 1.877200000000000646, 8.434513060040865540 ) ) ;
#6764 = FACE_BOUND ( 'NONE', #4714, .T. ) ;
#6765 = AXIS2_PLACEMENT_3D ( 'NONE', #6618, #3747, #1576 ) ;
#6767 = ORIENTED_EDGE ( 'NONE', *, *, #5465, .T. ) ;
#6766 = SURFACE_STYLE_USAGE ( .BOTH. , #3003 ) ;
#6768 = DIRECTION ( 'NONE',  ( 0.000000000000000000, -1.000000000000000000, 0.000000000000000000 ) ) ;
#6769 = AXIS2_PLACEMENT_3D ( 'NONE', #6721, #4611, #5588 ) ;
#6770 = VECTOR ( 'NONE', #6719, 1000.000000000000000 ) ;
#6771 = EDGE_LOOP ( 'NONE', ( #607, #5438, #1643, #3980 ) ) ;
#6772 = DIRECTION ( 'NONE',  ( -0.7595396670404974682, -0.5164931702367064892, 0.3953913242483285684 ) ) ;
#6773 = CARTESIAN_POINT ( 'NONE',  ( -4.226638574078453559, 2.325518971031080184, -8.449798697520897406 ) ) ;
#6774 = DIRECTION ( 'NONE',  ( 0.000000000000000000, -1.000000000000000000, 0.000000000000000000 ) ) ;
#6776 = EDGE_CURVE ( 'NONE', #6074, #2059, #6101, .T. ) ;
#6775 = AXIS2_PLACEMENT_3D ( 'NONE', #6109, #677, #6712 ) ;
#6777 = CARTESIAN_POINT ( 'NONE',  ( 10.05762606500454304, 5.255337990269911330, -3.854445488974524547 ) ) ;
#6778 = CIRCLE ( 'NONE', #5403, 0.7620000000000005658 ) ;
#6779 = ORIENTED_EDGE ( 'NONE', *, *, #728, .F. ) ;
#6780 = CARTESIAN_POINT ( 'NONE',  ( 9.250000000000001776, 1.130000000000001448, 1.900000000000000577 ) ) ;
#6781 = ORIENTED_EDGE ( 'NONE', *, *, #6519, .F. ) ;
#6782 = ORIENTED_EDGE ( 'NONE', *, *, #5904, .T. ) ;
#6783 = VECTOR ( 'NONE', #1649, 1000.000000000000000 ) ;
#6784 = CARTESIAN_POINT ( 'NONE',  ( 12.58000000000000007, 1.280000000000001359, 1.900000000000002354 ) ) ;
#6785 = DIRECTION ( 'NONE',  ( 0.5504134434184242419, 0.5164931702367063782, 0.6559571986060597215 ) ) ;
#6786 = CARTESIAN_POINT ( 'NONE',  ( 3.110000000000002984, -11.92504368135278803, -1.900000000000001021 ) ) ;
#6787 = CARTESIAN_POINT ( 'NONE',  ( 13.59500000000000419, 0.9776000000000001355, -0.4049999999999991385 ) ) ;
#6788 = ADVANCED_FACE ( 'NONE', ( #1164 ), #79, .F. ) ;
#6789 = CARTESIAN_POINT ( 'NONE',  ( -3.532500000000000195, -2.227103518025149054, -5.079999999999994742 ) ) ;
#6790 = ORIENTED_EDGE ( 'NONE', *, *, #1591, .F. ) ;
#6791 = CARTESIAN_POINT ( 'NONE',  ( 9.180713141060143911, 5.255337990269995707, -5.431252693856430724 ) ) ;
#6792 = AXIS2_PLACEMENT_3D ( 'NONE', #4646, #3164, #4681 ) ;
#6793 = EDGE_LOOP ( 'NONE', ( #2313, #3541, #3308, #3004 ) ) ;
#6794 = EDGE_CURVE ( 'NONE', #6919, #819, #2999, .T. ) ;
#6795 = CARTESIAN_POINT ( 'NONE',  ( 4.674049973841275296, 3.294534569904111532, 0.5564345854734755736 ) ) ;
#6796 = DIRECTION ( 'NONE',  ( 0.7071067811865479058, 0.000000000000000000, 0.7071067811865471286 ) ) ;
#6797 = DIRECTION ( 'NONE',  ( 0.000000000000000000, 0.000000000000000000, 1.000000000000000000 ) ) ;
#6798 = CYLINDRICAL_SURFACE ( 'NONE', #6769, 9.999999999999998224 ) ;
#6799 = ORIENTED_EDGE ( 'NONE', *, *, #1811, .T. ) ;
#6800 = ORIENTED_EDGE ( 'NONE', *, *, #5341, .T. ) ;
#6801 = CARTESIAN_POINT ( 'NONE',  ( -13.32499999999999751, -3.299999999999999822, -8.545133036385903935 ) ) ;
#6802 = DIRECTION ( 'NONE',  ( -1.000000000000000000, 3.286955199289085598E-16, -0.000000000000000000 ) ) ;
#6804 = VERTEX_POINT ( 'NONE', #5639 ) ;
#6803 = DIRECTION ( 'NONE',  ( 0.000000000000000000, 0.000000000000000000, 1.000000000000000000 ) ) ;
#6805 = CARTESIAN_POINT ( 'NONE',  ( 13.67500000000000426, -2.299999999999987388, 0.000000000000000000 ) ) ;
#6806 = ORIENTED_EDGE ( 'NONE', *, *, #1462, .T. ) ;
#6807 = DIRECTION ( 'NONE',  ( -1.000000000000000000, 0.000000000000000000, 1.936075308009829170E-17 ) ) ;
#6808 = CARTESIAN_POINT ( 'NONE',  ( -13.47499999999999787, 0.7500000000000132117, -1.270000000000000906 ) ) ;
#6809 = DIRECTION ( 'NONE',  ( -3.286955199289085105E-16, -1.000000000000000000, -0.000000000000000000 ) ) ;
#6810 = CARTESIAN_POINT ( 'NONE',  ( 8.827960828766444834, 5.255337990269732806, -5.925039205011138677 ) ) ;
#6811 = ORIENTED_EDGE ( 'NONE', *, *, #3240, .T. ) ;
#6812 = FACE_OUTER_BOUND ( 'NONE', #2037, .T. ) ;
#6813 = EDGE_LOOP ( 'NONE', ( #5072, #812, #510, #2655 ) ) ;
#6814 = EDGE_CURVE ( 'NONE', #3936, #555, #705, .T. ) ;
#6815 = DIRECTION ( 'NONE',  ( 0.000000000000000000, 0.000000000000000000, -1.000000000000000000 ) ) ;
#6816 = LINE ( 'NONE', #1893, #5183 ) ;
#6817 = DIRECTION ( 'NONE',  ( 0.000000000000000000, 0.9191450300180553645, -0.3939192985791735158 ) ) ;
#6818 = CARTESIAN_POINT ( 'NONE',  ( 9.768898486673464276, 5.255337990269957515, -4.445069200168386914 ) ) ;
#6819 = CARTESIAN_POINT ( 'NONE',  ( -13.65000000000000036, 6.500000000000000888, 2.664999999999993374 ) ) ;
#6820 = ORIENTED_EDGE ( 'NONE', *, *, #2392, .T. ) ;
#6821 = CARTESIAN_POINT ( 'NONE',  ( -6.300000000000000711, 1.780000000000000693, 0.09999999999999492628 ) ) ;
#6822 = AXIS2_PLACEMENT_3D ( 'NONE', #2363, #3625, #6347 ) ;
#6823 = EDGE_CURVE ( 'NONE', #1381, #1238, #1406, .T. ) ;
#6824 = ORIENTED_EDGE ( 'NONE', *, *, #1379, .F. ) ;
#6825 = EDGE_CURVE ( 'NONE', #4698, #3181, #3622, .T. ) ;
#6826 = EDGE_CURVE ( 'NONE', #6471, #3383, #2365, .T. ) ;
#6827 = VECTOR ( 'NONE', #3334, 1000.000000000000000 ) ;
#6828 = FACE_OUTER_BOUND ( 'NONE', #1041, .T. ) ;
#6829 = CARTESIAN_POINT ( 'NONE',  ( -9.650000000000000355, 2.380000000000000782, -1.174999999999995826 ) ) ;
#6830 = VECTOR ( 'NONE', #190, 1000.000000000000000 ) ;
#6831 = LINE ( 'NONE', #5187, #4895 ) ;
#6832 = CARTESIAN_POINT ( 'NONE',  ( 11.88634618593554926, 0.3800000000000000044, 3.848530364372464430 ) ) ;
#6833 = ORIENTED_EDGE ( 'NONE', *, *, #3140, .T. ) ;
#6834 = SHAPE_DEFINITION_REPRESENTATION ( #4514, #234 ) ;
#6835 = ADVANCED_FACE ( 'NONE', ( #5777 ), #907, .T. ) ;
#6836 = ADVANCED_FACE ( 'NONE', ( #261 ), #4661, .T. ) ;
#6837 = VECTOR ( 'NONE', #3433, 1000.000000000000000 ) ;
#6838 = AXIS2_PLACEMENT_3D ( 'NONE', #2067, #1973, #1525 ) ;
#6839 = AXIS2_PLACEMENT_3D ( 'NONE', #1924, #5742, #6884 ) ;
#6840 = EDGE_CURVE ( 'NONE', #3658, #1073, #4093, .T. ) ;
#6841 = VERTEX_POINT ( 'NONE', #333 ) ;
#6842 = DIRECTION ( 'NONE',  ( 0.000000000000000000, 0.000000000000000000, 1.000000000000000000 ) ) ;
#6843 = VECTOR ( 'NONE', #437, 1000.000000000000000 ) ;
#6844 = CARTESIAN_POINT ( 'NONE',  ( -3.532500000000000195, 0.000000000000000000, -4.292599999999995752 ) ) ;
#6846 = EDGE_LOOP ( 'NONE', ( #1762, #4787, #4521, #3243 ) ) ;
#6845 = DIRECTION ( 'NONE',  ( 0.000000000000000000, 1.000000000000000000, 0.000000000000000000 ) ) ;
#6847 = CIRCLE ( 'NONE', #976, 0.1500000000000002442 ) ;
#6848 = ORIENTED_EDGE ( 'NONE', *, *, #4728, .F. ) ;
#6849 = CARTESIAN_POINT ( 'NONE',  ( -13.15000000000000036, 0.3800000000000001155, 1.779999999999998028 ) ) ;
#6850 = LINE ( 'NONE', #4584, #6506 ) ;
#6851 = VECTOR ( 'NONE', #208, 1000.000000000000000 ) ;
#6852 = CARTESIAN_POINT ( 'NONE',  ( -13.47499999999999787, 3.754744720070766206, -4.398462022887521528 ) ) ;
#6853 = ORIENTED_EDGE ( 'NONE', *, *, #4286, .T. ) ;
#6854 = CARTESIAN_POINT ( 'NONE',  ( 0.000000000000000000, 5.180000000000000604, 0.000000000000000000 ) ) ;
#6855 = ORIENTED_EDGE ( 'NONE', *, *, #2873, .F. ) ;
#6856 = CIRCLE ( 'NONE', #531, 11.33000000000000007 ) ;
#6857 = CARTESIAN_POINT ( 'NONE',  ( 1.230000000000000204, 0.3800000000000000044, -5.204170427930421283E-15 ) ) ;
#6858 = LINE ( 'NONE', #6319, #1376 ) ;
#6859 = CARTESIAN_POINT ( 'NONE',  ( 1.976946756233350477, -2.900320916616998090, -0.8609605380569113064 ) ) ;
#6860 = LINE ( 'NONE', #6386, #5973 ) ;
#6861 = DIRECTION ( 'NONE',  ( -0.000000000000000000, -1.000000000000000000, 0.000000000000000000 ) ) ;
#6862 = ORIENTED_EDGE ( 'NONE', *, *, #5330, .T. ) ;
#6863 = FACE_OUTER_BOUND ( 'NONE', #1435, .T. ) ;
#6864 = CIRCLE ( 'NONE', #1567, 0.2000000000000000944 ) ;
#6865 = ORIENTED_EDGE ( 'NONE', *, *, #5875, .T. ) ;
#6866 = CARTESIAN_POINT ( 'NONE',  ( 4.961917469441981865, 3.096687661666921443, 0.8521946352945490855 ) ) ;
#6867 = CARTESIAN_POINT ( 'NONE',  ( -12.81499999999999595, 1.830000000000000737, -1.275000000000000133 ) ) ;
#6868 = CARTESIAN_POINT ( 'NONE',  ( -3.532500000000000195, 0.3800000000000001155, -5.079999999999994742 ) ) ;
#6869 = CARTESIAN_POINT ( 'NONE',  ( -6.500000000000000888, 1.780000000000000693, 0.09999999999999481526 ) ) ;
#6870 = ORIENTED_EDGE ( 'NONE', *, *, #4728, .T. ) ;
#6871 = EDGE_CURVE ( 'NONE', #4021, #476, #4542, .T. ) ;
#6872 = ORIENTED_EDGE ( 'NONE', *, *, #2344, .T. ) ;
#6873 = EDGE_CURVE ( 'NONE', #1151, #4291, #2436, .T. ) ;
#6874 = CARTESIAN_POINT ( 'NONE',  ( 12.58000000000000007, 1.130000000000001448, -1.900000000000000577 ) ) ;
#6875 = DIRECTION ( 'NONE',  ( -1.000000000000000000, 0.000000000000000000, -1.296892550819981755E-16 ) ) ;
#6877 = ORIENTED_EDGE ( 'NONE', *, *, #3840, .T. ) ;
#6876 = DIRECTION ( 'NONE',  ( 0.000000000000000000, 1.000000000000000000, 0.000000000000000000 ) ) ;
#6878 = ORIENTED_EDGE ( 'NONE', *, *, #1193, .F. ) ;
#6879 = VERTEX_POINT ( 'NONE', #5813 ) ;
#6880 = ADVANCED_FACE ( 'NONE', ( #2540 ), #2569, .F. ) ;
#6881 = CIRCLE ( 'NONE', #94, 9.849999999999997868 ) ;
#6882 = CARTESIAN_POINT ( 'NONE',  ( -13.47499999999999964, -1.513455064898399982, 0.3993378849564480082 ) ) ;
#6883 = CARTESIAN_POINT ( 'NONE',  ( -9.650000000000000355, 2.280000000000000693, 1.274999999999995692 ) ) ;
#6884 = DIRECTION ( 'NONE',  ( 1.000000000000000000, 0.000000000000000000, 0.000000000000000000 ) ) ;
#6885 = ORIENTED_EDGE ( 'NONE', *, *, #1468, .F. ) ;
#6886 = PLANE ( 'NONE',  #5455 ) ;
#6887 = CIRCLE ( 'NONE', #5052, 0.4999999999999995004 ) ;
#6888 = ORIENTED_EDGE ( 'NONE', *, *, #2536, .T. ) ;
#6889 = DIRECTION ( 'NONE',  ( 0.000000000000000000, 0.000000000000000000, 1.000000000000000000 ) ) ;
#6890 = CARTESIAN_POINT ( 'NONE',  ( 11.16594054892915899, 6.500000000000000888, 5.172323266013562737 ) ) ;
#6891 = AXIS2_PLACEMENT_3D ( 'NONE', #6206, #2399, #2908 ) ;
#6892 = CARTESIAN_POINT ( 'NONE',  ( 1.230000000000000204, 5.550000000000006928, 5.204170427930421283E-15 ) ) ;
#6893 = CARTESIAN_POINT ( 'NONE',  ( -13.17259999999999565, 1.977600000000000469, -0.9250000000000004885 ) ) ;
#6894 = CARTESIAN_POINT ( 'NONE',  ( -9.650000000000000355, 2.280000000000000693, -1.274999999999994804 ) ) ;
#6895 = ORIENTED_EDGE ( 'NONE', *, *, #4894, .F. ) ;
#6896 = FACE_OUTER_BOUND ( 'NONE', #1504, .T. ) ;
#6897 = AXIS2_PLACEMENT_3D ( 'NONE', #50, #6216, #711 ) ;
#6898 = ORIENTED_EDGE ( 'NONE', *, *, #930, .T. ) ;
#6899 = CARTESIAN_POINT ( 'NONE',  ( -9.799113291647698176, 2.130000000000001670, -1.805999999999994499 ) ) ;
#6900 = DIRECTION ( 'NONE',  ( 1.000000000000000000, -3.286955199289085598E-16, 0.000000000000000000 ) ) ;
#6901 = CARTESIAN_POINT ( 'NONE',  ( -13.47499999999999787, 1.977600000000000469, 0.9250000000000000444 ) ) ;
#6902 = DIRECTION ( 'NONE',  ( 1.000000000000000000, 0.000000000000000000, -0.000000000000000000 ) ) ;
#6903 = VECTOR ( 'NONE', #1155, 1000.000000000000000 ) ;
#6904 = ORIENTED_EDGE ( 'NONE', *, *, #15, .T. ) ;
#6905 = EDGE_LOOP ( 'NONE', ( #4066, #4592, #4850, #230 ) ) ;
#6906 = DIRECTION ( 'NONE',  ( 0.000000000000000000, 0.000000000000000000, 1.000000000000000000 ) ) ;
#6907 = EDGE_CURVE ( 'NONE', #3231, #4155, #3042, .T. ) ;
#6908 = DIRECTION ( 'NONE',  ( -1.000000000000000000, 0.000000000000000000, 1.296892550819982002E-16 ) ) ;
#6910 = ORIENTED_EDGE ( 'NONE', *, *, #5905, .T. ) ;
#6909 = CARTESIAN_POINT ( 'NONE',  ( -9.650000000000000355, 2.280000000000000693, -8.545133036385903935 ) ) ;
#6911 = EDGE_LOOP ( 'NONE', ( #1143, #6312, #3639, #3490, #668, #5025, #2988, #2497 ) ) ;
#6912 = ADVANCED_FACE ( 'NONE', ( #806 ), #1850, .F. ) ;
#6913 = DIRECTION ( 'NONE',  ( 1.767666348841582268E-15, 0.000000000000000000, -1.000000000000000000 ) ) ;
#6914 = DIRECTION ( 'NONE',  ( -1.000000000000000000, 3.286955199289085105E-16, 0.000000000000000000 ) ) ;
#6915 = ORIENTED_EDGE ( 'NONE', *, *, #3089, .T. ) ;
#6916 = CARTESIAN_POINT ( 'NONE',  ( 12.84569950541076899, 0.3800000000000000044, -3.174999999999994049 ) ) ;
#6917 = ADVANCED_FACE ( 'NONE', ( #5235 ), #6311, .T. ) ;
#6918 = EDGE_CURVE ( 'NONE', #2049, #6722, #4054, .T. ) ;
#6919 = VERTEX_POINT ( 'NONE', #2977 ) ;
#6920 = ADVANCED_FACE ( 'NONE', ( #1374 ), #5166, .T. ) ;
#6921 = CARTESIAN_POINT ( 'NONE',  ( -13.55499999999999794, 0.5500000000000132561, -1.270000000000000906 ) ) ;
#6922 = LINE ( 'NONE', #267, #2646 ) ;
#6923 = DIRECTION ( 'NONE',  ( 0.000000000000000000, 0.000000000000000000, 1.000000000000000000 ) ) ;
#6924 = CARTESIAN_POINT ( 'NONE',  ( -13.47499999999999787, -2.299999999999986944, -1.470000000000001306 ) ) ;
#6925 = DIRECTION ( 'NONE',  ( -1.000000000000000000, 0.000000000000000000, 0.000000000000000000 ) ) ;
#6926 = EDGE_LOOP ( 'NONE', ( #4591, #4011, #5546, #130 ) ) ;
#6927 = PLANE ( 'NONE',  #6706 ) ;
#6928 = ORIENTED_EDGE ( 'NONE', *, *, #4901, .T. ) ;
#6929 = DIRECTION ( 'NONE',  ( 1.000000000000000000, -3.286955199289085105E-16, 0.000000000000000000 ) ) ;
#6930 = LINE ( 'NONE', #351, #5647 ) ;
#6931 = CARTESIAN_POINT ( 'NONE',  ( 9.073934901094524719, 1.164223588353610506, -1.900000000000000577 ) ) ;
#6932 = VECTOR ( 'NONE', #2980, 1000.000000000000000 ) ;
#6933 = CYLINDRICAL_SURFACE ( 'NONE', #1848, 0.7873999999999997668 ) ;
#6934 = EDGE_LOOP ( 'NONE', ( #89, #5778, #1122, #1494, #4926, #964, #5701, #1142, #3717, #2884, #2142, #1925 ) ) ;
#6935 = AXIS2_PLACEMENT_3D ( 'NONE', #1844, #731, #4578 ) ;
#6936 = ORIENTED_EDGE ( 'NONE', *, *, #2844, .T. ) ;
#6937 = SURFACE_STYLE_FILL_AREA ( #5362 ) ;
#6938 = DIRECTION ( 'NONE',  ( 0.3746065934159064081, 0.9271838545667897558, -0.000000000000000000 ) ) ;
#6940 = ORIENTED_EDGE ( 'NONE', *, *, #6650, .F. ) ;
#6939 = CARTESIAN_POINT ( 'NONE',  ( -13.47499999999999787, 3.754744720070766206, 4.398462022887521528 ) ) ;
#6941 = CIRCLE ( 'NONE', #2119, 0.3024000000000012789 ) ;
#6942 = VERTEX_POINT ( 'NONE', #6278 ) ;
#6943 = AXIS2_PLACEMENT_3D ( 'NONE', #2509, #4624, #6809 ) ;
#6944 = ADVANCED_FACE ( 'NONE', ( #4695 ), #1960, .F. ) ;
#6945 = LINE ( 'NONE', #2020, #6175 ) ;
#6946 = DIRECTION ( 'NONE',  ( -7.953893863423147762E-16, 0.000000000000000000, 1.000000000000000000 ) ) ;
#6947 = EDGE_LOOP ( 'NONE', ( #6878, #5401, #5308, #5500, #3793, #2798, #5682, #2252 ) ) ;
#6948 = DIRECTION ( 'NONE',  ( 0.000000000000000000, 1.000000000000000000, 0.000000000000000000 ) ) ;
#6949 = VECTOR ( 'NONE', #4061, 1000.000000000000000 ) ;
#6950 = EDGE_CURVE ( 'NONE', #1395, #1389, #6977, .T. ) ;
#6951 = EDGE_CURVE ( 'NONE', #2049, #4338, #6018, .T. ) ;
#6952 = VERTEX_POINT ( 'NONE', #7046 ) ;
#6953 = EDGE_CURVE ( 'NONE', #5827, #4329, #1620, .T. ) ;
#6954 = CIRCLE ( 'NONE', #3984, 0.1999999999999999833 ) ;
#6955 = DIRECTION ( 'NONE',  ( -1.000000000000000000, 0.000000000000000000, -0.000000000000000000 ) ) ;
#6956 = LINE ( 'NONE', #1487, #3075 ) ;
#6957 = CARTESIAN_POINT ( 'NONE',  ( -6.300000000000000711, 1.665000000000000702, 0.09999999999999492628 ) ) ;
#6958 = CARTESIAN_POINT ( 'NONE',  ( -13.32499999999999574, 1.977599999999999580, -8.545133036385903935 ) ) ;
#6959 = ORIENTED_EDGE ( 'NONE', *, *, #4683, .T. ) ;
#6960 = DIRECTION ( 'NONE',  ( 0.000000000000000000, 1.000000000000000000, 0.000000000000000000 ) ) ;
#6961 = EDGE_CURVE ( 'NONE', #2316, #5986, #5224, .T. ) ;
#6962 = AXIS2_PLACEMENT_3D ( 'NONE', #6082, #1145, #3361 ) ;
#6963 = ORIENTED_EDGE ( 'NONE', *, *, #2358, .T. ) ;
#6964 = EDGE_CURVE ( 'NONE', #5152, #2902, #4828, .T. ) ;
#6965 = LINE ( 'NONE', #416, #5699 ) ;
#6966 = LINE ( 'NONE', #6997, #4322 ) ;
#6967 = VECTOR ( 'NONE', #3675, 1000.000000000000000 ) ;
#6968 = CARTESIAN_POINT ( 'NONE',  ( 0.000000000000000000, 0.000000000000000000, 0.000000000000000000 ) ) ;
#6969 = EDGE_LOOP ( 'NONE', ( #2330, #7010, #6975, #709 ) ) ;
#6970 = ORIENTED_EDGE ( 'NONE', *, *, #3547, .F. ) ;
#6971 = CARTESIAN_POINT ( 'NONE',  ( -0.4067930348823200482, 5.030000000000000249, 3.000000000000005329 ) ) ;
#6972 = CYLINDRICAL_SURFACE ( 'NONE', #7114, 0.6000000000000007550 ) ;
#6974 = ORIENTED_EDGE ( 'NONE', *, *, #2308, .T. ) ;
#6973 = CARTESIAN_POINT ( 'NONE',  ( -13.17259999999999565, 2.130000000000000782, 0.9250000000000004885 ) ) ;
#6975 = ORIENTED_EDGE ( 'NONE', *, *, #5216, .F. ) ;
#6976 = DIRECTION ( 'NONE',  ( -1.000000000000000000, 3.286955199289085598E-16, -0.000000000000000000 ) ) ;
#6977 = LINE ( 'NONE', #473, #2122 ) ;
#6978 = ORIENTED_EDGE ( 'NONE', *, *, #3885, .T. ) ;
#6979 = CARTESIAN_POINT ( 'NONE',  ( -5.650000000000000355, 5.180000000000000604, -1.424999999999995159 ) ) ;
#6980 = AXIS2_PLACEMENT_3D ( 'NONE', #3480, #2349, #6159 ) ;
#6981 = ORIENTED_EDGE ( 'NONE', *, *, #1103, .T. ) ;
#6982 = DIRECTION ( 'NONE',  ( 0.000000000000000000, 1.000000000000000000, 0.000000000000000000 ) ) ;
#6983 = EDGE_CURVE ( 'NONE', #1337, #4043, #2239, .T. ) ;
#6984 = DIRECTION ( 'NONE',  ( 0.000000000000000000, 0.000000000000000000, -1.000000000000000000 ) ) ;
#6985 = FACE_BOUND ( 'NONE', #4929, .T. ) ;
#6986 = LINE ( 'NONE', #4297, #3679 ) ;
#6987 = AXIS2_PLACEMENT_3D ( 'NONE', #865, #5265, #326 ) ;
#6988 = ORIENTED_EDGE ( 'NONE', *, *, #2938, .F. ) ;
#6989 = DIRECTION ( 'NONE',  ( -0.000000000000000000, -1.000000000000000000, -0.000000000000000000 ) ) ;
#6990 = EDGE_CURVE ( 'NONE', #6952, #4340, #6475, .T. ) ;
#6991 = EDGE_LOOP ( 'NONE', ( #6307, #3711 ) ) ;
#6992 = AXIS2_PLACEMENT_3D ( 'NONE', #2771, #3812, #455 ) ;
#6993 = AXIS2_PLACEMENT_3D ( 'NONE', #4644, #2006, #2993 ) ;
#6994 = CARTESIAN_POINT ( 'NONE',  ( 9.821773865168067275, 5.179199999999819504, -5.231024449786199071 ) ) ;
#6995 = EDGE_CURVE ( 'NONE', #1873, #2564, #6445, .T. ) ;
#6996 = FACE_OUTER_BOUND ( 'NONE', #4530, .T. ) ;
#6997 = CARTESIAN_POINT ( 'NONE',  ( 11.88634618593554926, 6.500000000000000888, -3.848530364372464430 ) ) ;
#6998 = LINE ( 'NONE', #4344, #220 ) ;
#6999 = ORIENTED_EDGE ( 'NONE', *, *, #5772, .T. ) ;
#7000 = ORIENTED_EDGE ( 'NONE', *, *, #4648, .F. ) ;
#7001 = AXIS2_PLACEMENT_3D ( 'NONE', #1060, #2769, #1565 ) ;
#7002 = ORIENTED_EDGE ( 'NONE', *, *, #409, .F. ) ;
#7003 = EDGE_LOOP ( 'NONE', ( #6820, #1003, #4056, #4975 ) ) ;
#7004 = CYLINDRICAL_SURFACE ( 'NONE', #4088, 0.1499999999999999667 ) ;
#7005 = VECTOR ( 'NONE', #6938, 1000.000000000000000 ) ;
#7006 = DIRECTION ( 'NONE',  ( 0.000000000000000000, 0.3939192985791735158, 0.9191450300180553645 ) ) ;
#7007 = FACE_OUTER_BOUND ( 'NONE', #901, .T. ) ;
#7009 = ORIENTED_EDGE ( 'NONE', *, *, #2474, .F. ) ;
#7008 = CARTESIAN_POINT ( 'NONE',  ( 0.000000000000000000, 0.000000000000000000, -1.424999999999995826 ) ) ;
#7010 = ORIENTED_EDGE ( 'NONE', *, *, #5475, .T. ) ;
#7011 = DIRECTION ( 'NONE',  ( 1.000000000000000000, -0.000000000000000000, -0.000000000000000000 ) ) ;
#7012 = CARTESIAN_POINT ( 'NONE',  ( 4.607758076431186289, 3.130456366136391999, -1.295809480635352617 ) ) ;
#7013 = ORIENTED_EDGE ( 'NONE', *, *, #2974, .T. ) ;
#7014 = CARTESIAN_POINT ( 'NONE',  ( 3.110000000000002984, 1.130000000000000782, 1.900000000000001021 ) ) ;
#7015 = ORIENTED_EDGE ( 'NONE', *, *, #6222, .F. ) ;
#7016 = DIRECTION ( 'NONE',  ( -3.977264022323940870E-16, -1.000000000000000000, -1.649337609206800194E-16 ) ) ;
#7017 = CARTESIAN_POINT ( 'NONE',  ( -7.451302353909807330, 1.930000000000001048, -5.079999999999993854 ) ) ;
#7018 = CARTESIAN_POINT ( 'NONE',  ( 9.832751242659734103, 5.242637327569034333, 4.478308841021759079 ) ) ;
#7019 = CARTESIAN_POINT ( 'NONE',  ( 3.977201804068252411, 3.385217637035866201, 0.8609605380569113064 ) ) ;
#7020 = DIRECTION ( 'NONE',  ( 0.000000000000000000, 0.000000000000000000, 1.000000000000000000 ) ) ;
#7021 = EDGE_LOOP ( 'NONE', ( #1617, #941, #7100, #6462, #2641, #3616, #1167, #6006 ) ) ;
#7022 = CARTESIAN_POINT ( 'NONE',  ( -13.28239999999999732, 0.5500000000000131450, 1.270000000000000906 ) ) ;
#7023 = EDGE_CURVE ( 'NONE', #4225, #4087, #2642, .T. ) ;
#7024 = VERTEX_POINT ( 'NONE', #1548 ) ;
#7025 = DIRECTION ( 'NONE',  ( 0.000000000000000000, 0.000000000000000000, -1.000000000000000000 ) ) ;
#7026 = DIRECTION ( 'NONE',  ( 0.000000000000000000, -0.000000000000000000, 1.000000000000000000 ) ) ;
#7027 = LINE ( 'NONE', #5426, #767 ) ;
#7028 = CARTESIAN_POINT ( 'NONE',  ( -8.897314550264544764, 6.500000000000000888, -5.079999999999997407 ) ) ;
#7029 = EDGE_CURVE ( 'NONE', #1510, #6328, #972, .T. ) ;
#7030 = ORIENTED_EDGE ( 'NONE', *, *, #5332, .T. ) ;
#7031 = ORIENTED_EDGE ( 'NONE', *, *, #6270, .F. ) ;
#7032 = EDGE_CURVE ( 'NONE', #6596, #6237, #3635, .T. ) ;
#7033 = EDGE_CURVE ( 'NONE', #57, #1183, #5488, .T. ) ;
#7034 = ORIENTED_EDGE ( 'NONE', *, *, #129, .F. ) ;
#7035 = ORIENTED_EDGE ( 'NONE', *, *, #4273, .F. ) ;
#7036 = CARTESIAN_POINT ( 'NONE',  ( 4.404347326565326348, 3.212639643698991243, -1.359412968102929886 ) ) ;
#7037 = EDGE_CURVE ( 'NONE', #565, #6841, #4860, .T. ) ;
#7038 = DIRECTION ( 'NONE',  ( -0.000000000000000000, -1.000000000000000000, -0.000000000000000000 ) ) ;
#7040 = ORIENTED_EDGE ( 'NONE', *, *, #5339, .T. ) ;
#7039 = LINE ( 'NONE', #4428, #5967 ) ;
#7041 = AXIS2_PLACEMENT_3D ( 'NONE', #3695, #263, #1447 ) ;
#7042 = ORIENTED_EDGE ( 'NONE', *, *, #5424, .F. ) ;
#7043 = CIRCLE ( 'NONE', #4988, 0.2999999999999999334 ) ;
#7044 = CARTESIAN_POINT ( 'NONE',  ( 1.956725160377736472, -2.892150861563090647, -0.3614364272659821853 ) ) ;
#7045 = PLANE ( 'NONE',  #683 ) ;
#7046 = CARTESIAN_POINT ( 'NONE',  ( 13.59500000000000419, -2.299999999999987832, -0.2000000000000005107 ) ) ;
#7047 = VERTEX_POINT ( 'NONE', #2129 ) ;
#7048 = DIRECTION ( 'NONE',  ( -0.000000000000000000, -1.000000000000000000, -0.000000000000000000 ) ) ;
#7049 = VECTOR ( 'NONE', #3545, 1000.000000000000000 ) ;
#7050 = AXIS2_PLACEMENT_3D ( 'NONE', #3557, #6914, #1341 ) ;
#7051 = ORIENTED_EDGE ( 'NONE', *, *, #6694, .T. ) ;
#7052 = CARTESIAN_POINT ( 'NONE',  ( 12.84569950541076899, 1.780000000000000693, -4.194999999999994067 ) ) ;
#7053 = CYLINDRICAL_SURFACE ( 'NONE', #1115, 1.600000000000000089 ) ;
#7054 = AXIS2_PLACEMENT_3D ( 'NONE', #5715, #2912, #1928 ) ;
#7055 = CARTESIAN_POINT ( 'NONE',  ( -13.65000000000000036, 5.180000000000000604, -1.779999999999997806 ) ) ;
#7056 = CARTESIAN_POINT ( 'NONE',  ( -13.32499999999999751, -3.299999999999987832, -0.8649999999999999911 ) ) ;
#7057 = DIRECTION ( 'NONE',  ( 0.000000000000000000, 0.000000000000000000, 1.000000000000000000 ) ) ;
#7058 = VERTEX_POINT ( 'NONE', #5443 ) ;
#7059 = DIRECTION ( 'NONE',  ( 0.000000000000000000, 0.000000000000000000, -1.000000000000000000 ) ) ;
#7060 = ORIENTED_EDGE ( 'NONE', *, *, #3226, .T. ) ;
#7061 = VECTOR ( 'NONE', #3, 1000.000000000000000 ) ;
#7062 = CARTESIAN_POINT ( 'NONE',  ( 4.607758076431186289, 3.130456366136391999, -1.295809480635352617 ) ) ;
#7063 = CARTESIAN_POINT ( 'NONE',  ( 4.364381146483647278, 3.067006817196801460, -0.3614364272659821853 ) ) ;
#7064 = LINE ( 'NONE', #4272, #7071 ) ;
#7065 = DIRECTION ( 'NONE',  ( 0.000000000000000000, 0.000000000000000000, 1.000000000000000000 ) ) ;
#7066 = ORIENTED_EDGE ( 'NONE', *, *, #5783, .T. ) ;
#7067 = ORIENTED_EDGE ( 'NONE', *, *, #2451, .F. ) ;
#7068 = AXIS2_PLACEMENT_3D ( 'NONE', #296, #1403, #2629 ) ;
#7069 = ORIENTED_EDGE ( 'NONE', *, *, #5469, .F. ) ;
#7070 = VERTEX_POINT ( 'NONE', #940 ) ;
#7071 = VECTOR ( 'NONE', #2040, 999.9999999999998863 ) ;
#7072 = PLANE ( 'NONE',  #3516 ) ;
#7073 = DIRECTION ( 'NONE',  ( 0.000000000000000000, 0.000000000000000000, -1.000000000000000000 ) ) ;
#7074 = CARTESIAN_POINT ( 'NONE',  ( -13.15000000000000036, 5.180000000000000604, 1.780000000000002247 ) ) ;
#7075 = EDGE_CURVE ( 'NONE', #2564, #819, #3524, .T. ) ;
#7077 = ORIENTED_EDGE ( 'NONE', *, *, #4723, .F. ) ;
#7076 = LINE ( 'NONE', #4892, #5517 ) ;
#7078 = AXIS2_PLACEMENT_3D ( 'NONE', #6483, #6923, #5821 ) ;
#7079 = ORIENTED_EDGE ( 'NONE', *, *, #4516, .T. ) ;
#7080 = CARTESIAN_POINT ( 'NONE',  ( 8.430249688664721575, 6.500000000000000888, 8.580923434041547893 ) ) ;
#7081 = DIRECTION ( 'NONE',  ( -0.000000000000000000, -1.000000000000000000, -0.000000000000000000 ) ) ;
#7082 = DIRECTION ( 'NONE',  ( 1.000000000000000000, 0.000000000000000000, 0.000000000000000000 ) ) ;
#7083 = EDGE_LOOP ( 'NONE', ( #2150, #1755, #6051, #4747 ) ) ;
#7084 = FACE_OUTER_BOUND ( 'NONE', #1962, .T. ) ;
#7085 = ORIENTED_EDGE ( 'NONE', *, *, #5780, .T. ) ;
#7086 = LINE ( 'NONE', #1699, #7061 ) ;
#7087 = CARTESIAN_POINT ( 'NONE',  ( -13.65000000000000036, -2.600000000000000089, 1.675000000000001821 ) ) ;
#7088 = CARTESIAN_POINT ( 'NONE',  ( 4.607758076431188954, 3.130456366136390667, -0.4085797899537459976 ) ) ;
#7089 = DIRECTION ( 'NONE',  ( -1.296892550819982002E-16, -0.000000000000000000, -1.000000000000000000 ) ) ;
#7090 = DIRECTION ( 'NONE',  ( 0.000000000000000000, -5.421010862427557669E-16, 1.000000000000000000 ) ) ;
#7091 = ORIENTED_EDGE ( 'NONE', *, *, #431, .T. ) ;
#7092 = LINE ( 'NONE', #556, #3039 ) ;
#7093 = ORIENTED_EDGE ( 'NONE', *, *, #5737, .F. ) ;
#7094 = FACE_OUTER_BOUND ( 'NONE', #6088, .T. ) ;
#7095 = DIRECTION ( 'NONE',  ( -4.336808689942013792E-16, -0.000000000000000000, 1.000000000000000000 ) ) ;
#7096 = VECTOR ( 'NONE', #3530, 1000.000000000000000 ) ;
#7097 = DIRECTION ( 'NONE',  ( 1.000000000000000000, 0.000000000000000000, 0.000000000000000000 ) ) ;
#7098 = CARTESIAN_POINT ( 'NONE',  ( 9.187040286968414904, 5.255337990269942416, 5.562808400868880732 ) ) ;
#7099 = EDGE_LOOP ( 'NONE', ( #4007, #3333, #6232, #4557 ) ) ;
#7100 = ORIENTED_EDGE ( 'NONE', *, *, #1681, .F. ) ;
#7101 = VECTOR ( 'NONE', #4141, 1000.000000000000000 ) ;
#7102 = B_SPLINE_CURVE_WITH_KNOTS ( 'NONE', 3,
 ( #3551, #5736, #1766, #7088, #4867, #3973, #4946 ),
 .UNSPECIFIED., .F., .F.,
 ( 4, 1, 1, 1, 4 ),
 ( 0.000000000000000000, 0.2500000000000000000, 0.5000000000000000000, 0.7500000000000000000, 1.000000000000000000 ),
 .UNSPECIFIED. ) ;
#7103 = VECTOR ( 'NONE', #6132, 1000.000000000000000 ) ;
#7104 = ORIENTED_EDGE ( 'NONE', *, *, #4354, .T. ) ;
#7105 = ORIENTED_EDGE ( 'NONE', *, *, #5745, .T. ) ;
#7106 = DIRECTION ( 'NONE',  ( -1.000000000000000000, 3.286955199289085105E-16, 0.000000000000000000 ) ) ;
#7107 = DIRECTION ( 'NONE',  ( 0.000000000000000000, 0.000000000000000000, -1.000000000000000000 ) ) ;
#7108 = DIRECTION ( 'NONE',  ( 0.000000000000000000, -1.000000000000000000, 0.000000000000000000 ) ) ;
#7109 = AXIS2_PLACEMENT_3D ( 'NONE', #2140, #6485, #5496 ) ;
#7110 = AXIS2_PLACEMENT_3D ( 'NONE', #4100, #5945, #4632 ) ;
#7112 = ORIENTED_EDGE ( 'NONE', *, *, #4189, .T. ) ;
#7111 = LINE ( 'NONE', #4319, #444 ) ;
#7113 = EDGE_CURVE ( 'NONE', #1899, #3807, #748, .T. ) ;
#7114 = AXIS2_PLACEMENT_3D ( 'NONE', #4249, #290, #4819 ) ;
#7115 = ORIENTED_EDGE ( 'NONE', *, *, #1069, .F. ) ;
#7116 = DIRECTION ( 'NONE',  ( -0.000000000000000000, -1.000000000000000000, -0.000000000000000000 ) ) ;
#7117 = CARTESIAN_POINT ( 'NONE',  ( -13.32499999999999751, -3.299999999999999822, 1.374999999999998668 ) ) ;
#7118 = FACE_OUTER_BOUND ( 'NONE', #447, .T. ) ;
#7119 = ADVANCED_FACE ( 'NONE', ( #5336 ), #400, .T. ) ;
#7120 =( NAMED_UNIT ( * ) PLANE_ANGLE_UNIT ( ) SI_UNIT ( $, .RADIAN. ) );
#7121 = CIRCLE ( 'NONE', #3119, 11.33000000000000007 ) ;
#7122 = ORIENTED_EDGE ( 'NONE', *, *, #5786, .T. ) ;
#7123 = EDGE_CURVE ( 'NONE', #3488, #6287, #3443, .T. ) ;
#7124 = FACE_OUTER_BOUND ( 'NONE', #2686, .T. ) ;
ENDSEC;
END-ISO-10303-21;
