ISO-10303-21;
HEADER;
FILE_DESCRIPTION((''),'2;1');
FILE_NAME('PCB','2019-10-30T10:37:22',('jack.wu'),(''),
'CREO PARAMETRIC BY PTC INC, 2017380','CREO PARAMETRIC BY PTC INC, 2017380','');
FILE_SCHEMA(('CONFIG_CONTROL_DESIGN'));
ENDSEC;
DATA;
#1=DIRECTION('',(0.E0,0.E0,1.E0));
#2=VECTOR('',#1,8.3E0);
#3=CARTESIAN_POINT('',(-2.9E0,0.E0,-4.15E0));
#4=LINE('',#3,#2);
#5=DIRECTION('',(1.E0,0.E0,0.E0));
#6=VECTOR('',#5,5.8E0);
#7=CARTESIAN_POINT('',(-2.9E0,0.E0,4.15E0));
#8=LINE('',#7,#6);
#9=DIRECTION('',(0.E0,0.E0,-1.E0));
#10=VECTOR('',#9,8.3E0);
#11=CARTESIAN_POINT('',(2.9E0,0.E0,4.15E0));
#12=LINE('',#11,#10);
#13=DIRECTION('',(-1.E0,0.E0,0.E0));
#14=VECTOR('',#13,5.8E0);
#15=CARTESIAN_POINT('',(2.9E0,0.E0,-4.15E0));
#16=LINE('',#15,#14);
#17=CARTESIAN_POINT('',(6.25E-1,0.E0,-9.5E-1));
#18=DIRECTION('',(0.E0,1.E0,0.E0));
#19=DIRECTION('',(0.E0,0.E0,-1.E0));
#20=AXIS2_PLACEMENT_3D('',#17,#18,#19);
#22=DIRECTION('',(-1.E0,0.E0,0.E0));
#23=VECTOR('',#22,9.5E-1);
#24=CARTESIAN_POINT('',(1.575E0,0.E0,-1.175E0));
#25=LINE('',#24,#23);
#26=CARTESIAN_POINT('',(1.575E0,0.E0,-9.5E-1));
#27=DIRECTION('',(0.E0,1.E0,0.E0));
#28=DIRECTION('',(0.E0,0.E0,1.E0));
#29=AXIS2_PLACEMENT_3D('',#26,#27,#28);
#31=DIRECTION('',(1.E0,0.E0,0.E0));
#32=VECTOR('',#31,9.5E-1);
#33=CARTESIAN_POINT('',(6.25E-1,0.E0,-7.25E-1));
#34=LINE('',#33,#32);
#35=DIRECTION('',(0.E0,0.E0,1.E0));
#36=VECTOR('',#35,4.E-1);
#37=CARTESIAN_POINT('',(-2.02E0,0.E0,3.5E0));
#38=LINE('',#37,#36);
#39=DIRECTION('',(-1.E0,0.E0,0.E0));
#40=VECTOR('',#39,5.5E-1);
#41=CARTESIAN_POINT('',(-2.02E0,0.E0,3.9E0));
#42=LINE('',#41,#40);
#43=DIRECTION('',(0.E0,0.E0,-1.E0));
#44=VECTOR('',#43,4.E-1);
#45=CARTESIAN_POINT('',(-2.57E0,0.E0,3.9E0));
#46=LINE('',#45,#44);
#47=DIRECTION('',(1.E0,0.E0,0.E0));
#48=VECTOR('',#47,5.5E-1);
#49=CARTESIAN_POINT('',(-2.57E0,0.E0,3.5E0));
#50=LINE('',#49,#48);
#51=DIRECTION('',(0.E0,0.E0,1.E0));
#52=VECTOR('',#51,4.E-1);
#53=CARTESIAN_POINT('',(-2.02E0,0.E0,2.73E0));
#54=LINE('',#53,#52);
#55=DIRECTION('',(-1.E0,0.E0,0.E0));
#56=VECTOR('',#55,5.5E-1);
#57=CARTESIAN_POINT('',(-2.02E0,0.E0,3.13E0));
#58=LINE('',#57,#56);
#59=DIRECTION('',(0.E0,0.E0,-1.E0));
#60=VECTOR('',#59,4.E-1);
#61=CARTESIAN_POINT('',(-2.57E0,0.E0,3.13E0));
#62=LINE('',#61,#60);
#63=DIRECTION('',(1.E0,0.E0,0.E0));
#64=VECTOR('',#63,5.5E-1);
#65=CARTESIAN_POINT('',(-2.57E0,0.E0,2.73E0));
#66=LINE('',#65,#64);
#67=DIRECTION('',(-1.E0,0.E0,0.E0));
#68=VECTOR('',#67,5.5E-1);
#69=CARTESIAN_POINT('',(-2.02E0,0.E0,2.36E0));
#70=LINE('',#69,#68);
#71=DIRECTION('',(0.E0,0.E0,-1.E0));
#72=VECTOR('',#71,4.E-1);
#73=CARTESIAN_POINT('',(-2.57E0,0.E0,2.36E0));
#74=LINE('',#73,#72);
#75=DIRECTION('',(1.E0,0.E0,0.E0));
#76=VECTOR('',#75,5.5E-1);
#77=CARTESIAN_POINT('',(-2.57E0,0.E0,1.96E0));
#78=LINE('',#77,#76);
#79=DIRECTION('',(0.E0,0.E0,1.E0));
#80=VECTOR('',#79,4.E-1);
#81=CARTESIAN_POINT('',(-2.02E0,0.E0,1.96E0));
#82=LINE('',#81,#80);
#83=DIRECTION('',(-1.E0,0.E0,0.E0));
#84=VECTOR('',#83,5.5E-1);
#85=CARTESIAN_POINT('',(-2.02E0,0.E0,1.59E0));
#86=LINE('',#85,#84);
#87=DIRECTION('',(0.E0,0.E0,-1.E0));
#88=VECTOR('',#87,4.E-1);
#89=CARTESIAN_POINT('',(-2.57E0,0.E0,1.59E0));
#90=LINE('',#89,#88);
#91=DIRECTION('',(1.E0,0.E0,0.E0));
#92=VECTOR('',#91,5.5E-1);
#93=CARTESIAN_POINT('',(-2.57E0,0.E0,1.19E0));
#94=LINE('',#93,#92);
#95=DIRECTION('',(0.E0,0.E0,1.E0));
#96=VECTOR('',#95,4.E-1);
#97=CARTESIAN_POINT('',(-2.02E0,0.E0,1.19E0));
#98=LINE('',#97,#96);
#99=DIRECTION('',(-1.E0,0.E0,0.E0));
#100=VECTOR('',#99,5.5E-1);
#101=CARTESIAN_POINT('',(-2.02E0,0.E0,8.2E-1));
#102=LINE('',#101,#100);
#103=DIRECTION('',(0.E0,0.E0,-1.E0));
#104=VECTOR('',#103,4.E-1);
#105=CARTESIAN_POINT('',(-2.57E0,0.E0,8.2E-1));
#106=LINE('',#105,#104);
#107=DIRECTION('',(1.E0,0.E0,0.E0));
#108=VECTOR('',#107,5.5E-1);
#109=CARTESIAN_POINT('',(-2.57E0,0.E0,4.2E-1));
#110=LINE('',#109,#108);
#111=DIRECTION('',(0.E0,0.E0,1.E0));
#112=VECTOR('',#111,4.E-1);
#113=CARTESIAN_POINT('',(-2.02E0,0.E0,4.2E-1));
#114=LINE('',#113,#112);
#115=DIRECTION('',(-1.E0,0.E0,0.E0));
#116=VECTOR('',#115,5.5E-1);
#117=CARTESIAN_POINT('',(-2.02E0,0.E0,5.E-2));
#118=LINE('',#117,#116);
#119=DIRECTION('',(0.E0,0.E0,-1.E0));
#120=VECTOR('',#119,4.E-1);
#121=CARTESIAN_POINT('',(-2.57E0,0.E0,5.E-2));
#122=LINE('',#121,#120);
#123=DIRECTION('',(1.E0,0.E0,0.E0));
#124=VECTOR('',#123,5.5E-1);
#125=CARTESIAN_POINT('',(-2.57E0,0.E0,-3.5E-1));
#126=LINE('',#125,#124);
#127=DIRECTION('',(0.E0,0.E0,1.E0));
#128=VECTOR('',#127,4.E-1);
#129=CARTESIAN_POINT('',(-2.02E0,0.E0,-3.5E-1));
#130=LINE('',#129,#128);
#131=DIRECTION('',(-1.E0,0.E0,0.E0));
#132=VECTOR('',#131,5.5E-1);
#133=CARTESIAN_POINT('',(-2.02E0,0.E0,-7.2E-1));
#134=LINE('',#133,#132);
#135=DIRECTION('',(0.E0,0.E0,-1.E0));
#136=VECTOR('',#135,4.E-1);
#137=CARTESIAN_POINT('',(-2.57E0,0.E0,-7.2E-1));
#138=LINE('',#137,#136);
#139=DIRECTION('',(1.E0,0.E0,0.E0));
#140=VECTOR('',#139,5.5E-1);
#141=CARTESIAN_POINT('',(-2.57E0,0.E0,-1.12E0));
#142=LINE('',#141,#140);
#143=DIRECTION('',(0.E0,0.E0,1.E0));
#144=VECTOR('',#143,4.E-1);
#145=CARTESIAN_POINT('',(-2.02E0,0.E0,-1.12E0));
#146=LINE('',#145,#144);
#147=DIRECTION('',(1.E0,0.E0,0.E0));
#148=VECTOR('',#147,5.5E-1);
#149=CARTESIAN_POINT('',(-1.62E0,0.E0,3.5E0));
#150=LINE('',#149,#148);
#151=DIRECTION('',(0.E0,0.E0,1.E0));
#152=VECTOR('',#151,4.E-1);
#153=CARTESIAN_POINT('',(-1.07E0,0.E0,3.5E0));
#154=LINE('',#153,#152);
#155=DIRECTION('',(-1.E0,0.E0,0.E0));
#156=VECTOR('',#155,5.5E-1);
#157=CARTESIAN_POINT('',(-1.07E0,0.E0,3.9E0));
#158=LINE('',#157,#156);
#159=DIRECTION('',(0.E0,0.E0,-1.E0));
#160=VECTOR('',#159,4.E-1);
#161=CARTESIAN_POINT('',(-1.62E0,0.E0,3.9E0));
#162=LINE('',#161,#160);
#163=DIRECTION('',(1.E0,0.E0,0.E0));
#164=VECTOR('',#163,5.5E-1);
#165=CARTESIAN_POINT('',(-7.2E-1,0.E0,3.5E0));
#166=LINE('',#165,#164);
#167=DIRECTION('',(0.E0,0.E0,1.E0));
#168=VECTOR('',#167,4.E-1);
#169=CARTESIAN_POINT('',(-1.7E-1,0.E0,3.5E0));
#170=LINE('',#169,#168);
#171=DIRECTION('',(-1.E0,0.E0,0.E0));
#172=VECTOR('',#171,5.5E-1);
#173=CARTESIAN_POINT('',(-1.7E-1,0.E0,3.9E0));
#174=LINE('',#173,#172);
#175=DIRECTION('',(0.E0,0.E0,-1.E0));
#176=VECTOR('',#175,4.E-1);
#177=CARTESIAN_POINT('',(-7.2E-1,0.E0,3.9E0));
#178=LINE('',#177,#176);
#179=DIRECTION('',(1.E0,0.E0,0.E0));
#180=VECTOR('',#179,5.5E-1);
#181=CARTESIAN_POINT('',(2.02E0,0.E0,3.5E0));
#182=LINE('',#181,#180);
#183=DIRECTION('',(0.E0,0.E0,1.E0));
#184=VECTOR('',#183,4.E-1);
#185=CARTESIAN_POINT('',(2.57E0,0.E0,3.5E0));
#186=LINE('',#185,#184);
#187=DIRECTION('',(-1.E0,0.E0,0.E0));
#188=VECTOR('',#187,5.5E-1);
#189=CARTESIAN_POINT('',(2.57E0,0.E0,3.9E0));
#190=LINE('',#189,#188);
#191=DIRECTION('',(0.E0,0.E0,-1.E0));
#192=VECTOR('',#191,4.E-1);
#193=CARTESIAN_POINT('',(2.02E0,0.E0,3.9E0));
#194=LINE('',#193,#192);
#195=DIRECTION('',(0.E0,0.E0,1.E0));
#196=VECTOR('',#195,4.E-1);
#197=CARTESIAN_POINT('',(1.62E0,0.E0,3.5E0));
#198=LINE('',#197,#196);
#199=DIRECTION('',(-1.E0,0.E0,0.E0));
#200=VECTOR('',#199,5.5E-1);
#201=CARTESIAN_POINT('',(1.62E0,0.E0,3.9E0));
#202=LINE('',#201,#200);
#203=DIRECTION('',(0.E0,0.E0,-1.E0));
#204=VECTOR('',#203,4.E-1);
#205=CARTESIAN_POINT('',(1.07E0,0.E0,3.9E0));
#206=LINE('',#205,#204);
#207=DIRECTION('',(1.E0,0.E0,0.E0));
#208=VECTOR('',#207,5.5E-1);
#209=CARTESIAN_POINT('',(1.07E0,0.E0,3.5E0));
#210=LINE('',#209,#208);
#211=DIRECTION('',(0.E0,0.E0,1.E0));
#212=VECTOR('',#211,4.E-1);
#213=CARTESIAN_POINT('',(7.2E-1,0.E0,3.5E0));
#214=LINE('',#213,#212);
#215=DIRECTION('',(-1.E0,0.E0,0.E0));
#216=VECTOR('',#215,5.5E-1);
#217=CARTESIAN_POINT('',(7.2E-1,0.E0,3.9E0));
#218=LINE('',#217,#216);
#219=DIRECTION('',(0.E0,0.E0,-1.E0));
#220=VECTOR('',#219,4.E-1);
#221=CARTESIAN_POINT('',(1.7E-1,0.E0,3.9E0));
#222=LINE('',#221,#220);
#223=DIRECTION('',(1.E0,0.E0,0.E0));
#224=VECTOR('',#223,5.5E-1);
#225=CARTESIAN_POINT('',(1.7E-1,0.E0,3.5E0));
#226=LINE('',#225,#224);
#227=DIRECTION('',(1.E0,0.E0,0.E0));
#228=VECTOR('',#227,5.5E-1);
#229=CARTESIAN_POINT('',(2.02E0,0.E0,2.73E0));
#230=LINE('',#229,#228);
#231=DIRECTION('',(0.E0,0.E0,1.E0));
#232=VECTOR('',#231,4.E-1);
#233=CARTESIAN_POINT('',(2.57E0,0.E0,2.73E0));
#234=LINE('',#233,#232);
#235=DIRECTION('',(-1.E0,0.E0,0.E0));
#236=VECTOR('',#235,5.5E-1);
#237=CARTESIAN_POINT('',(2.57E0,0.E0,3.13E0));
#238=LINE('',#237,#236);
#239=DIRECTION('',(0.E0,0.E0,-1.E0));
#240=VECTOR('',#239,4.E-1);
#241=CARTESIAN_POINT('',(2.02E0,0.E0,3.13E0));
#242=LINE('',#241,#240);
#243=DIRECTION('',(0.E0,0.E0,-1.E0));
#244=VECTOR('',#243,4.E-1);
#245=CARTESIAN_POINT('',(2.02E0,0.E0,2.36E0));
#246=LINE('',#245,#244);
#247=DIRECTION('',(1.E0,0.E0,0.E0));
#248=VECTOR('',#247,5.5E-1);
#249=CARTESIAN_POINT('',(2.02E0,0.E0,1.96E0));
#250=LINE('',#249,#248);
#251=DIRECTION('',(0.E0,0.E0,1.E0));
#252=VECTOR('',#251,4.E-1);
#253=CARTESIAN_POINT('',(2.57E0,0.E0,1.96E0));
#254=LINE('',#253,#252);
#255=DIRECTION('',(-1.E0,0.E0,0.E0));
#256=VECTOR('',#255,5.5E-1);
#257=CARTESIAN_POINT('',(2.57E0,0.E0,2.36E0));
#258=LINE('',#257,#256);
#259=DIRECTION('',(0.E0,0.E0,-1.E0));
#260=VECTOR('',#259,4.E-1);
#261=CARTESIAN_POINT('',(2.02E0,0.E0,1.59E0));
#262=LINE('',#261,#260);
#263=DIRECTION('',(1.E0,0.E0,0.E0));
#264=VECTOR('',#263,5.5E-1);
#265=CARTESIAN_POINT('',(2.02E0,0.E0,1.19E0));
#266=LINE('',#265,#264);
#267=DIRECTION('',(0.E0,0.E0,1.E0));
#268=VECTOR('',#267,4.E-1);
#269=CARTESIAN_POINT('',(2.57E0,0.E0,1.19E0));
#270=LINE('',#269,#268);
#271=DIRECTION('',(-1.E0,0.E0,0.E0));
#272=VECTOR('',#271,5.5E-1);
#273=CARTESIAN_POINT('',(2.57E0,0.E0,1.59E0));
#274=LINE('',#273,#272);
#275=DIRECTION('',(0.E0,0.E0,-1.E0));
#276=VECTOR('',#275,4.E-1);
#277=CARTESIAN_POINT('',(2.02E0,0.E0,-7.2E-1));
#278=LINE('',#277,#276);
#279=DIRECTION('',(1.E0,0.E0,0.E0));
#280=VECTOR('',#279,5.5E-1);
#281=CARTESIAN_POINT('',(2.02E0,0.E0,-1.12E0));
#282=LINE('',#281,#280);
#283=DIRECTION('',(0.E0,0.E0,1.E0));
#284=VECTOR('',#283,4.E-1);
#285=CARTESIAN_POINT('',(2.57E0,0.E0,-1.12E0));
#286=LINE('',#285,#284);
#287=DIRECTION('',(-1.E0,0.E0,0.E0));
#288=VECTOR('',#287,5.5E-1);
#289=CARTESIAN_POINT('',(2.57E0,0.E0,-7.2E-1));
#290=LINE('',#289,#288);
#291=DIRECTION('',(1.E0,0.E0,0.E0));
#292=VECTOR('',#291,5.5E-1);
#293=CARTESIAN_POINT('',(-1.17E0,0.E0,2.73E0));
#294=LINE('',#293,#292);
#295=DIRECTION('',(0.E0,0.E0,1.E0));
#296=VECTOR('',#295,4.E-1);
#297=CARTESIAN_POINT('',(-6.2E-1,0.E0,2.73E0));
#298=LINE('',#297,#296);
#299=DIRECTION('',(-1.E0,0.E0,0.E0));
#300=VECTOR('',#299,5.5E-1);
#301=CARTESIAN_POINT('',(-6.2E-1,0.E0,3.13E0));
#302=LINE('',#301,#300);
#303=DIRECTION('',(0.E0,0.E0,-1.E0));
#304=VECTOR('',#303,4.E-1);
#305=CARTESIAN_POINT('',(-1.17E0,0.E0,3.13E0));
#306=LINE('',#305,#304);
#307=DIRECTION('',(1.E0,0.E0,0.E0));
#308=VECTOR('',#307,5.5E-1);
#309=CARTESIAN_POINT('',(-2.7E-1,0.E0,2.73E0));
#310=LINE('',#309,#308);
#311=DIRECTION('',(0.E0,0.E0,1.E0));
#312=VECTOR('',#311,4.E-1);
#313=CARTESIAN_POINT('',(2.8E-1,0.E0,2.73E0));
#314=LINE('',#313,#312);
#315=DIRECTION('',(-1.E0,0.E0,0.E0));
#316=VECTOR('',#315,5.5E-1);
#317=CARTESIAN_POINT('',(2.8E-1,0.E0,3.13E0));
#318=LINE('',#317,#316);
#319=DIRECTION('',(0.E0,0.E0,-1.E0));
#320=VECTOR('',#319,4.E-1);
#321=CARTESIAN_POINT('',(-2.7E-1,0.E0,3.13E0));
#322=LINE('',#321,#320);
#323=DIRECTION('',(0.E0,0.E0,1.E0));
#324=VECTOR('',#323,4.E-1);
#325=CARTESIAN_POINT('',(1.17E0,0.E0,2.73E0));
#326=LINE('',#325,#324);
#327=DIRECTION('',(-1.E0,0.E0,0.E0));
#328=VECTOR('',#327,5.5E-1);
#329=CARTESIAN_POINT('',(1.17E0,0.E0,3.13E0));
#330=LINE('',#329,#328);
#331=DIRECTION('',(0.E0,0.E0,-1.E0));
#332=VECTOR('',#331,4.E-1);
#333=CARTESIAN_POINT('',(6.2E-1,0.E0,3.13E0));
#334=LINE('',#333,#332);
#335=DIRECTION('',(1.E0,0.E0,0.E0));
#336=VECTOR('',#335,5.5E-1);
#337=CARTESIAN_POINT('',(6.2E-1,0.E0,2.73E0));
#338=LINE('',#337,#336);
#339=DIRECTION('',(0.E0,1.E0,0.E0));
#340=VECTOR('',#339,6.E-1);
#341=CARTESIAN_POINT('',(-2.9E0,0.E0,-4.15E0));
#342=LINE('',#341,#340);
#343=DIRECTION('',(0.E0,1.E0,0.E0));
#344=VECTOR('',#343,6.E-1);
#345=CARTESIAN_POINT('',(2.9E0,0.E0,-4.15E0));
#346=LINE('',#345,#344);
#347=DIRECTION('',(0.E0,1.E0,0.E0));
#348=VECTOR('',#347,6.E-1);
#349=CARTESIAN_POINT('',(2.9E0,0.E0,4.15E0));
#350=LINE('',#349,#348);
#351=DIRECTION('',(0.E0,1.E0,0.E0));
#352=VECTOR('',#351,6.E-1);
#353=CARTESIAN_POINT('',(-2.9E0,0.E0,4.15E0));
#354=LINE('',#353,#352);
#355=DIRECTION('',(0.E0,0.E0,1.E0));
#356=VECTOR('',#355,8.3E0);
#357=CARTESIAN_POINT('',(-2.9E0,6.E-1,-4.15E0));
#358=LINE('',#357,#356);
#359=DIRECTION('',(-1.E0,0.E0,0.E0));
#360=VECTOR('',#359,5.8E0);
#361=CARTESIAN_POINT('',(2.9E0,6.E-1,-4.15E0));
#362=LINE('',#361,#360);
#363=DIRECTION('',(0.E0,0.E0,-1.E0));
#364=VECTOR('',#363,8.3E0);
#365=CARTESIAN_POINT('',(2.9E0,6.E-1,4.15E0));
#366=LINE('',#365,#364);
#367=DIRECTION('',(1.E0,0.E0,0.E0));
#368=VECTOR('',#367,5.8E0);
#369=CARTESIAN_POINT('',(-2.9E0,6.E-1,4.15E0));
#370=LINE('',#369,#368);
#371=DIRECTION('',(0.E0,0.E0,1.E0));
#372=VECTOR('',#371,4.7E0);
#373=CARTESIAN_POINT('',(-2.5E0,6.E-1,-9.5E-1));
#374=LINE('',#373,#372);
#375=CARTESIAN_POINT('',(-2.4E0,6.E-1,3.75E0));
#376=DIRECTION('',(0.E0,-1.E0,0.E0));
#377=DIRECTION('',(0.E0,0.E0,1.E0));
#378=AXIS2_PLACEMENT_3D('',#375,#376,#377);
#380=DIRECTION('',(1.E0,0.E0,0.E0));
#381=VECTOR('',#380,4.8E0);
#382=CARTESIAN_POINT('',(-2.4E0,6.E-1,3.85E0));
#383=LINE('',#382,#381);
#384=CARTESIAN_POINT('',(2.4E0,6.E-1,3.75E0));
#385=DIRECTION('',(0.E0,-1.E0,0.E0));
#386=DIRECTION('',(1.E0,0.E0,0.E0));
#387=AXIS2_PLACEMENT_3D('',#384,#385,#386);
#389=DIRECTION('',(0.E0,0.E0,-1.E0));
#390=VECTOR('',#389,4.7E0);
#391=CARTESIAN_POINT('',(2.5E0,6.E-1,3.75E0));
#392=LINE('',#391,#390);
#393=CARTESIAN_POINT('',(2.4E0,6.E-1,-9.5E-1));
#394=DIRECTION('',(0.E0,-1.E0,0.E0));
#395=DIRECTION('',(0.E0,0.E0,-1.E0));
#396=AXIS2_PLACEMENT_3D('',#393,#394,#395);
#398=DIRECTION('',(-1.E0,0.E0,0.E0));
#399=VECTOR('',#398,6.234435562925E-1);
#400=CARTESIAN_POINT('',(2.4E0,6.E-1,-1.05E0));
#401=LINE('',#400,#399);
#402=CARTESIAN_POINT('',(1.575E0,6.E-1,-9.5E-1));
#403=DIRECTION('',(0.E0,1.E0,0.E0));
#404=DIRECTION('',(8.958064164776E-1,0.E0,-4.444444444444E-1));
#405=AXIS2_PLACEMENT_3D('',#402,#403,#404);
#407=DIRECTION('',(-1.E0,0.E0,0.E0));
#408=VECTOR('',#407,9.5E-1);
#409=CARTESIAN_POINT('',(1.575E0,6.E-1,-1.175E0));
#410=LINE('',#409,#408);
#411=CARTESIAN_POINT('',(6.25E-1,6.E-1,-9.5E-1));
#412=DIRECTION('',(0.E0,1.E0,0.E0));
#413=DIRECTION('',(0.E0,0.E0,-1.E0));
#414=AXIS2_PLACEMENT_3D('',#411,#412,#413);
#416=DIRECTION('',(-1.E0,0.E0,0.E0));
#417=VECTOR('',#416,2.823443556293E0);
#418=CARTESIAN_POINT('',(4.234435562925E-1,6.E-1,-1.05E0));
#419=LINE('',#418,#417);
#420=CARTESIAN_POINT('',(-2.4E0,6.E-1,-9.5E-1));
#421=DIRECTION('',(0.E0,-1.E0,0.E0));
#422=DIRECTION('',(-1.E0,0.E0,0.E0));
#423=AXIS2_PLACEMENT_3D('',#420,#421,#422);
#425=DIRECTION('',(0.E0,0.E0,-1.E0));
#426=VECTOR('',#425,4.5E0);
#427=CARTESIAN_POINT('',(-2.3E0,6.E-1,3.65E0));
#428=LINE('',#427,#426);
#429=DIRECTION('',(1.E0,0.E0,0.E0));
#430=VECTOR('',#429,2.723443556293E0);
#431=CARTESIAN_POINT('',(-2.3E0,6.E-1,-8.5E-1));
#432=LINE('',#431,#430);
#433=CARTESIAN_POINT('',(6.25E-1,6.E-1,-9.5E-1));
#434=DIRECTION('',(0.E0,1.E0,0.E0));
#435=DIRECTION('',(-8.958064164776E-1,0.E0,4.444444444444E-1));
#436=AXIS2_PLACEMENT_3D('',#433,#434,#435);
#438=DIRECTION('',(1.E0,0.E0,0.E0));
#439=VECTOR('',#438,9.5E-1);
#440=CARTESIAN_POINT('',(6.25E-1,6.E-1,-7.25E-1));
#441=LINE('',#440,#439);
#442=CARTESIAN_POINT('',(1.575E0,6.E-1,-9.5E-1));
#443=DIRECTION('',(0.E0,1.E0,0.E0));
#444=DIRECTION('',(0.E0,0.E0,1.E0));
#445=AXIS2_PLACEMENT_3D('',#442,#443,#444);
#447=DIRECTION('',(1.E0,0.E0,0.E0));
#448=VECTOR('',#447,5.234435562925E-1);
#449=CARTESIAN_POINT('',(1.776556443707E0,6.E-1,-8.5E-1));
#450=LINE('',#449,#448);
#451=DIRECTION('',(0.E0,0.E0,1.E0));
#452=VECTOR('',#451,4.5E0);
#453=CARTESIAN_POINT('',(2.3E0,6.E-1,-8.5E-1));
#454=LINE('',#453,#452);
#455=DIRECTION('',(-1.E0,0.E0,0.E0));
#456=VECTOR('',#455,4.6E0);
#457=CARTESIAN_POINT('',(2.3E0,6.E-1,3.65E0));
#458=LINE('',#457,#456);
#459=DIRECTION('',(0.E0,0.E0,1.E0));
#460=VECTOR('',#459,5.3E-1);
#461=CARTESIAN_POINT('',(-2.315E0,6.E-1,-3.83E0));
#462=LINE('',#461,#460);
#463=CARTESIAN_POINT('',(-2.315E0,6.E-1,-3.E0));
#464=DIRECTION('',(0.E0,1.E0,0.E0));
#465=DIRECTION('',(0.E0,0.E0,1.E0));
#466=AXIS2_PLACEMENT_3D('',#463,#464,#465);
#468=DIRECTION('',(0.E0,0.E0,1.E0));
#469=VECTOR('',#468,5.3E-1);
#470=CARTESIAN_POINT('',(-2.315E0,6.E-1,-2.7E0));
#471=LINE('',#470,#469);
#472=DIRECTION('',(1.E0,0.E0,0.E0));
#473=VECTOR('',#472,5.145262490344E-1);
#474=CARTESIAN_POINT('',(-2.315E0,6.E-1,-2.17E0));
#475=LINE('',#474,#473);
#476=CARTESIAN_POINT('',(-1.51E0,6.E-1,-2.095E0));
#477=DIRECTION('',(0.E0,1.E0,0.E0));
#478=DIRECTION('',(9.682458365519E-1,0.E0,-2.5E-1));
#479=AXIS2_PLACEMENT_3D('',#476,#477,#478);
#481=DIRECTION('',(1.E0,0.E0,0.E0));
#482=VECTOR('',#481,2.290524980689E-1);
#483=CARTESIAN_POINT('',(-1.219526249034E0,6.E-1,-2.17E0));
#484=LINE('',#483,#482);
#485=CARTESIAN_POINT('',(-7.E-1,6.E-1,-2.095E0));
#486=DIRECTION('',(0.E0,1.E0,0.E0));
#487=DIRECTION('',(9.682458365519E-1,0.E0,-2.5E-1));
#488=AXIS2_PLACEMENT_3D('',#485,#486,#487);
#490=DIRECTION('',(1.E0,0.E0,0.E0));
#491=VECTOR('',#490,2.240524980689E-1);
#492=CARTESIAN_POINT('',(-4.095262490344E-1,6.E-1,-2.17E0));
#493=LINE('',#492,#491);
#494=CARTESIAN_POINT('',(1.05E-1,6.E-1,-2.095E0));
#495=DIRECTION('',(0.E0,1.E0,0.E0));
#496=DIRECTION('',(9.682458365519E-1,0.E0,-2.5E-1));
#497=AXIS2_PLACEMENT_3D('',#494,#495,#496);
#499=DIRECTION('',(1.E0,0.E0,0.E0));
#500=VECTOR('',#499,5.195262490344E-1);
#501=CARTESIAN_POINT('',(3.954737509656E-1,6.E-1,-2.17E0));
#502=LINE('',#501,#500);
#503=DIRECTION('',(0.E0,0.E0,-1.E0));
#504=VECTOR('',#503,5.3E-1);
#505=CARTESIAN_POINT('',(9.15E-1,6.E-1,-2.17E0));
#506=LINE('',#505,#504);
#507=CARTESIAN_POINT('',(9.15E-1,6.E-1,-3.E0));
#508=DIRECTION('',(0.E0,1.E0,0.E0));
#509=DIRECTION('',(0.E0,0.E0,-1.E0));
#510=AXIS2_PLACEMENT_3D('',#507,#508,#509);
#512=DIRECTION('',(0.E0,0.E0,-1.E0));
#513=VECTOR('',#512,5.3E-1);
#514=CARTESIAN_POINT('',(9.15E-1,6.E-1,-3.3E0));
#515=LINE('',#514,#513);
#516=DIRECTION('',(-1.E0,0.E0,0.E0));
#517=VECTOR('',#516,5.195262490344E-1);
#518=CARTESIAN_POINT('',(9.15E-1,6.E-1,-3.83E0));
#519=LINE('',#518,#517);
#520=CARTESIAN_POINT('',(1.05E-1,6.E-1,-3.905E0));
#521=DIRECTION('',(0.E0,1.E0,0.E0));
#522=DIRECTION('',(-9.682458365519E-1,0.E0,2.5E-1));
#523=AXIS2_PLACEMENT_3D('',#520,#521,#522);
#525=DIRECTION('',(-1.E0,0.E0,0.E0));
#526=VECTOR('',#525,2.240524980689E-1);
#527=CARTESIAN_POINT('',(-1.854737509656E-1,6.E-1,-3.83E0));
#528=LINE('',#527,#526);
#529=CARTESIAN_POINT('',(-7.E-1,6.E-1,-3.905E0));
#530=DIRECTION('',(0.E0,1.E0,0.E0));
#531=DIRECTION('',(-9.682458365519E-1,0.E0,2.5E-1));
#532=AXIS2_PLACEMENT_3D('',#529,#530,#531);
#534=DIRECTION('',(-1.E0,0.E0,0.E0));
#535=VECTOR('',#534,2.290524980689E-1);
#536=CARTESIAN_POINT('',(-9.904737509656E-1,6.E-1,-3.83E0));
#537=LINE('',#536,#535);
#538=CARTESIAN_POINT('',(-1.51E0,6.E-1,-3.905E0));
#539=DIRECTION('',(0.E0,1.E0,0.E0));
#540=DIRECTION('',(-9.682458365519E-1,0.E0,2.5E-1));
#541=AXIS2_PLACEMENT_3D('',#538,#539,#540);
#543=DIRECTION('',(-1.E0,0.E0,0.E0));
#544=VECTOR('',#543,5.145262490344E-1);
#545=CARTESIAN_POINT('',(-1.800473750966E0,6.E-1,-3.83E0));
#546=LINE('',#545,#544);
#547=DIRECTION('',(0.E0,-1.E0,0.E0));
#548=VECTOR('',#547,9.E-1);
#549=CARTESIAN_POINT('',(-2.5E0,1.5E0,-9.5E-1));
#550=LINE('',#549,#548);
#551=DIRECTION('',(0.E0,0.E0,-1.E0));
#552=VECTOR('',#551,4.7E0);
#553=CARTESIAN_POINT('',(-2.5E0,1.5E0,3.75E0));
#554=LINE('',#553,#552);
#555=DIRECTION('',(0.E0,-1.E0,0.E0));
#556=VECTOR('',#555,9.E-1);
#557=CARTESIAN_POINT('',(-2.5E0,1.5E0,3.75E0));
#558=LINE('',#557,#556);
#559=DIRECTION('',(0.E0,-1.E0,0.E0));
#560=VECTOR('',#559,9.E-1);
#561=CARTESIAN_POINT('',(2.4E0,1.5E0,-1.05E0));
#562=LINE('',#561,#560);
#563=DIRECTION('',(-1.E0,0.E0,0.E0));
#564=VECTOR('',#563,4.8E0);
#565=CARTESIAN_POINT('',(2.4E0,1.5E0,-1.05E0));
#566=LINE('',#565,#564);
#567=DIRECTION('',(0.E0,-1.E0,0.E0));
#568=VECTOR('',#567,9.E-1);
#569=CARTESIAN_POINT('',(-2.4E0,1.5E0,-1.05E0));
#570=LINE('',#569,#568);
#571=DIRECTION('',(0.E0,-1.E0,0.E0));
#572=VECTOR('',#571,9.E-1);
#573=CARTESIAN_POINT('',(2.5E0,1.5E0,3.75E0));
#574=LINE('',#573,#572);
#575=DIRECTION('',(0.E0,0.E0,1.E0));
#576=VECTOR('',#575,4.7E0);
#577=CARTESIAN_POINT('',(2.5E0,1.5E0,-9.5E-1));
#578=LINE('',#577,#576);
#579=DIRECTION('',(0.E0,-1.E0,0.E0));
#580=VECTOR('',#579,9.E-1);
#581=CARTESIAN_POINT('',(2.5E0,1.5E0,-9.5E-1));
#582=LINE('',#581,#580);
#583=DIRECTION('',(0.E0,-1.E0,0.E0));
#584=VECTOR('',#583,9.E-1);
#585=CARTESIAN_POINT('',(-2.4E0,1.5E0,3.85E0));
#586=LINE('',#585,#584);
#587=DIRECTION('',(-1.E0,0.E0,0.E0));
#588=VECTOR('',#587,4.8E0);
#589=CARTESIAN_POINT('',(2.4E0,1.5E0,3.85E0));
#590=LINE('',#589,#588);
#591=DIRECTION('',(0.E0,-1.E0,0.E0));
#592=VECTOR('',#591,9.E-1);
#593=CARTESIAN_POINT('',(2.4E0,1.5E0,3.85E0));
#594=LINE('',#593,#592);
#595=CARTESIAN_POINT('',(-2.4E0,1.5E0,3.75E0));
#596=DIRECTION('',(-1.E0,0.E0,0.E0));
#597=DIRECTION('',(0.E0,0.E0,1.E0));
#598=AXIS2_PLACEMENT_3D('',#595,#596,#597);
#600=CARTESIAN_POINT('',(-2.4E0,1.5E0,3.75E0));
#601=DIRECTION('',(0.E0,1.E0,0.E0));
#602=DIRECTION('',(-1.E0,0.E0,0.E0));
#603=AXIS2_PLACEMENT_3D('',#600,#601,#602);
#605=CARTESIAN_POINT('',(-2.4E0,1.5E0,3.75E0));
#606=DIRECTION('',(0.E0,0.E0,1.E0));
#607=DIRECTION('',(0.E0,1.E0,0.E0));
#608=AXIS2_PLACEMENT_3D('',#605,#606,#607);
#610=DIRECTION('',(-1.E0,0.E0,0.E0));
#611=VECTOR('',#610,4.8E0);
#612=CARTESIAN_POINT('',(2.4E0,1.6E0,-9.5E-1));
#613=LINE('',#612,#611);
#614=DIRECTION('',(0.E0,0.E0,1.E0));
#615=VECTOR('',#614,4.7E0);
#616=CARTESIAN_POINT('',(2.4E0,1.6E0,-9.5E-1));
#617=LINE('',#616,#615);
#618=DIRECTION('',(-1.E0,0.E0,0.E0));
#619=VECTOR('',#618,4.8E0);
#620=CARTESIAN_POINT('',(2.4E0,1.6E0,3.75E0));
#621=LINE('',#620,#619);
#622=DIRECTION('',(0.E0,0.E0,-1.E0));
#623=VECTOR('',#622,4.7E0);
#624=CARTESIAN_POINT('',(-2.4E0,1.6E0,3.75E0));
#625=LINE('',#624,#623);
#626=CARTESIAN_POINT('',(2.4E0,1.5E0,-9.5E-1));
#627=DIRECTION('',(0.E0,1.E0,0.E0));
#628=DIRECTION('',(1.E0,0.E0,0.E0));
#629=AXIS2_PLACEMENT_3D('',#626,#627,#628);
#631=CARTESIAN_POINT('',(2.4E0,1.5E0,-9.5E-1));
#632=DIRECTION('',(0.E0,0.E0,-1.E0));
#633=DIRECTION('',(0.E0,1.E0,0.E0));
#634=AXIS2_PLACEMENT_3D('',#631,#632,#633);
#636=CARTESIAN_POINT('',(2.4E0,1.5E0,-9.5E-1));
#637=DIRECTION('',(1.E0,0.E0,0.E0));
#638=DIRECTION('',(0.E0,0.E0,-1.E0));
#639=AXIS2_PLACEMENT_3D('',#636,#637,#638);
#641=CARTESIAN_POINT('',(2.4E0,1.5E0,3.75E0));
#642=DIRECTION('',(0.E0,0.E0,1.E0));
#643=DIRECTION('',(1.E0,0.E0,0.E0));
#644=AXIS2_PLACEMENT_3D('',#641,#642,#643);
#646=CARTESIAN_POINT('',(2.4E0,1.5E0,3.75E0));
#647=DIRECTION('',(0.E0,1.E0,0.E0));
#648=DIRECTION('',(0.E0,0.E0,1.E0));
#649=AXIS2_PLACEMENT_3D('',#646,#647,#648);
#651=CARTESIAN_POINT('',(2.4E0,1.5E0,3.75E0));
#652=DIRECTION('',(1.E0,0.E0,0.E0));
#653=DIRECTION('',(0.E0,1.E0,0.E0));
#654=AXIS2_PLACEMENT_3D('',#651,#652,#653);
#656=CARTESIAN_POINT('',(-2.4E0,1.5E0,-9.5E-1));
#657=DIRECTION('',(0.E0,0.E0,-1.E0));
#658=DIRECTION('',(-1.E0,0.E0,0.E0));
#659=AXIS2_PLACEMENT_3D('',#656,#657,#658);
#661=CARTESIAN_POINT('',(-2.4E0,1.5E0,-9.5E-1));
#662=DIRECTION('',(0.E0,1.E0,0.E0));
#663=DIRECTION('',(0.E0,0.E0,-1.E0));
#664=AXIS2_PLACEMENT_3D('',#661,#662,#663);
#666=CARTESIAN_POINT('',(-2.4E0,1.5E0,-9.5E-1));
#667=DIRECTION('',(-1.E0,0.E0,0.E0));
#668=DIRECTION('',(0.E0,1.E0,0.E0));
#669=AXIS2_PLACEMENT_3D('',#666,#667,#668);
#671=DIRECTION('',(0.E0,1.E0,0.E0));
#672=VECTOR('',#671,4.E-1);
#673=CARTESIAN_POINT('',(4.234435562925E-1,2.E-1,-1.05E0));
#674=LINE('',#673,#672);
#675=DIRECTION('',(0.E0,-1.E0,0.E0));
#676=VECTOR('',#675,6.E-1);
#677=CARTESIAN_POINT('',(6.25E-1,6.E-1,-1.175E0));
#678=LINE('',#677,#676);
#679=DIRECTION('',(0.E0,1.E0,0.E0));
#680=VECTOR('',#679,4.E-1);
#681=CARTESIAN_POINT('',(4.234435562925E-1,2.E-1,-8.5E-1));
#682=LINE('',#681,#680);
#683=CARTESIAN_POINT('',(6.25E-1,2.E-1,-9.5E-1));
#684=DIRECTION('',(0.E0,-1.E0,0.E0));
#685=DIRECTION('',(-8.958064164776E-1,0.E0,4.444444444444E-1));
#686=AXIS2_PLACEMENT_3D('',#683,#684,#685);
#688=DIRECTION('',(0.E0,-1.E0,0.E0));
#689=VECTOR('',#688,6.E-1);
#690=CARTESIAN_POINT('',(1.575E0,6.E-1,-1.175E0));
#691=LINE('',#690,#689);
#692=DIRECTION('',(0.E0,1.E0,0.E0));
#693=VECTOR('',#692,4.E-1);
#694=CARTESIAN_POINT('',(1.776556443707E0,2.E-1,-1.05E0));
#695=LINE('',#694,#693);
#696=CARTESIAN_POINT('',(1.575E0,2.E-1,-9.5E-1));
#697=DIRECTION('',(0.E0,-1.E0,0.E0));
#698=DIRECTION('',(8.958064164776E-1,0.E0,-4.444444444444E-1));
#699=AXIS2_PLACEMENT_3D('',#696,#697,#698);
#701=DIRECTION('',(0.E0,1.E0,0.E0));
#702=VECTOR('',#701,4.E-1);
#703=CARTESIAN_POINT('',(1.776556443707E0,2.E-1,-8.5E-1));
#704=LINE('',#703,#702);
#705=DIRECTION('',(0.E0,-1.E0,0.E0));
#706=VECTOR('',#705,6.E-1);
#707=CARTESIAN_POINT('',(1.575E0,6.E-1,-7.25E-1));
#708=LINE('',#707,#706);
#709=DIRECTION('',(-1.E0,0.E0,0.E0));
#710=VECTOR('',#709,1.353112887415E0);
#711=CARTESIAN_POINT('',(1.776556443707E0,2.E-1,-8.5E-1));
#712=LINE('',#711,#710);
#713=DIRECTION('',(1.E0,0.E0,0.E0));
#714=VECTOR('',#713,1.353112887415E0);
#715=CARTESIAN_POINT('',(4.234435562925E-1,2.E-1,-1.05E0));
#716=LINE('',#715,#714);
#717=DIRECTION('',(0.E0,1.E0,0.E0));
#718=VECTOR('',#717,8.E-1);
#719=CARTESIAN_POINT('',(-2.3E0,6.E-1,3.65E0));
#720=LINE('',#719,#718);
#721=DIRECTION('',(0.E0,1.E0,0.E0));
#722=VECTOR('',#721,8.E-1);
#723=CARTESIAN_POINT('',(-2.3E0,6.E-1,-8.5E-1));
#724=LINE('',#723,#722);
#725=DIRECTION('',(0.E0,1.E0,0.E0));
#726=VECTOR('',#725,8.E-1);
#727=CARTESIAN_POINT('',(2.3E0,6.E-1,3.65E0));
#728=LINE('',#727,#726);
#729=DIRECTION('',(0.E0,1.E0,0.E0));
#730=VECTOR('',#729,8.E-1);
#731=CARTESIAN_POINT('',(2.3E0,6.E-1,-8.5E-1));
#732=LINE('',#731,#730);
#733=DIRECTION('',(-1.E0,0.E0,0.E0));
#734=VECTOR('',#733,4.6E0);
#735=CARTESIAN_POINT('',(2.3E0,1.4E0,-8.5E-1));
#736=LINE('',#735,#734);
#737=DIRECTION('',(0.E0,0.E0,-1.E0));
#738=VECTOR('',#737,4.5E0);
#739=CARTESIAN_POINT('',(-2.3E0,1.4E0,3.65E0));
#740=LINE('',#739,#738);
#741=DIRECTION('',(1.E0,0.E0,0.E0));
#742=VECTOR('',#741,4.6E0);
#743=CARTESIAN_POINT('',(-2.3E0,1.4E0,3.65E0));
#744=LINE('',#743,#742);
#745=DIRECTION('',(0.E0,0.E0,-1.E0));
#746=VECTOR('',#745,4.5E0);
#747=CARTESIAN_POINT('',(2.3E0,1.4E0,3.65E0));
#748=LINE('',#747,#746);
#749=DIRECTION('',(0.E0,-1.E0,0.E0));
#750=VECTOR('',#749,6.E-1);
#751=CARTESIAN_POINT('',(6.25E-1,6.E-1,-7.25E-1));
#752=LINE('',#751,#750);
#753=DIRECTION('',(0.E0,1.E0,0.E0));
#754=VECTOR('',#753,6.5E-1);
#755=CARTESIAN_POINT('',(-2.315E0,6.E-1,-3.83E0));
#756=LINE('',#755,#754);
#757=DIRECTION('',(0.E0,1.E0,0.E0));
#758=VECTOR('',#757,6.5E-1);
#759=CARTESIAN_POINT('',(-2.315E0,6.E-1,-3.3E0));
#760=LINE('',#759,#758);
#761=DIRECTION('',(0.E0,1.E0,0.E0));
#762=VECTOR('',#761,6.5E-1);
#763=CARTESIAN_POINT('',(-2.315E0,6.E-1,-2.7E0));
#764=LINE('',#763,#762);
#765=DIRECTION('',(0.E0,1.E0,0.E0));
#766=VECTOR('',#765,6.5E-1);
#767=CARTESIAN_POINT('',(9.15E-1,6.E-1,-3.83E0));
#768=LINE('',#767,#766);
#769=DIRECTION('',(0.E0,1.E0,0.E0));
#770=VECTOR('',#769,6.5E-1);
#771=CARTESIAN_POINT('',(3.954737509656E-1,6.E-1,-3.83E0));
#772=LINE('',#771,#770);
#773=DIRECTION('',(0.E0,1.E0,0.E0));
#774=VECTOR('',#773,6.5E-1);
#775=CARTESIAN_POINT('',(-1.854737509656E-1,6.E-1,-3.83E0));
#776=LINE('',#775,#774);
#777=DIRECTION('',(0.E0,1.E0,0.E0));
#778=VECTOR('',#777,6.5E-1);
#779=CARTESIAN_POINT('',(-4.095262490344E-1,6.E-1,-3.83E0));
#780=LINE('',#779,#778);
#781=DIRECTION('',(0.E0,1.E0,0.E0));
#782=VECTOR('',#781,6.5E-1);
#783=CARTESIAN_POINT('',(-9.904737509656E-1,6.E-1,-3.83E0));
#784=LINE('',#783,#782);
#785=DIRECTION('',(0.E0,1.E0,0.E0));
#786=VECTOR('',#785,6.5E-1);
#787=CARTESIAN_POINT('',(-1.219526249034E0,6.E-1,-3.83E0));
#788=LINE('',#787,#786);
#789=DIRECTION('',(0.E0,1.E0,0.E0));
#790=VECTOR('',#789,6.5E-1);
#791=CARTESIAN_POINT('',(-1.800473750966E0,6.E-1,-3.83E0));
#792=LINE('',#791,#790);
#793=DIRECTION('',(0.E0,1.E0,0.E0));
#794=VECTOR('',#793,6.5E-1);
#795=CARTESIAN_POINT('',(9.15E-1,6.E-1,-2.17E0));
#796=LINE('',#795,#794);
#797=DIRECTION('',(0.E0,1.E0,0.E0));
#798=VECTOR('',#797,6.5E-1);
#799=CARTESIAN_POINT('',(9.15E-1,6.E-1,-2.7E0));
#800=LINE('',#799,#798);
#801=DIRECTION('',(0.E0,1.E0,0.E0));
#802=VECTOR('',#801,6.5E-1);
#803=CARTESIAN_POINT('',(9.15E-1,6.E-1,-3.3E0));
#804=LINE('',#803,#802);
#805=DIRECTION('',(0.E0,1.E0,0.E0));
#806=VECTOR('',#805,6.5E-1);
#807=CARTESIAN_POINT('',(-2.315E0,6.E-1,-2.17E0));
#808=LINE('',#807,#806);
#809=DIRECTION('',(0.E0,1.E0,0.E0));
#810=VECTOR('',#809,6.5E-1);
#811=CARTESIAN_POINT('',(-1.800473750966E0,6.E-1,-2.17E0));
#812=LINE('',#811,#810);
#813=DIRECTION('',(0.E0,1.E0,0.E0));
#814=VECTOR('',#813,6.5E-1);
#815=CARTESIAN_POINT('',(-1.219526249034E0,6.E-1,-2.17E0));
#816=LINE('',#815,#814);
#817=DIRECTION('',(0.E0,1.E0,0.E0));
#818=VECTOR('',#817,6.5E-1);
#819=CARTESIAN_POINT('',(-9.904737509656E-1,6.E-1,-2.17E0));
#820=LINE('',#819,#818);
#821=DIRECTION('',(0.E0,1.E0,0.E0));
#822=VECTOR('',#821,6.5E-1);
#823=CARTESIAN_POINT('',(-4.095262490344E-1,6.E-1,-2.17E0));
#824=LINE('',#823,#822);
#825=DIRECTION('',(0.E0,1.E0,0.E0));
#826=VECTOR('',#825,6.5E-1);
#827=CARTESIAN_POINT('',(-1.854737509656E-1,6.E-1,-2.17E0));
#828=LINE('',#827,#826);
#829=DIRECTION('',(0.E0,1.E0,0.E0));
#830=VECTOR('',#829,6.5E-1);
#831=CARTESIAN_POINT('',(3.954737509656E-1,6.E-1,-2.17E0));
#832=LINE('',#831,#830);
#833=CARTESIAN_POINT('',(-7.E-1,1.25E0,-3.905E0));
#834=DIRECTION('',(0.E0,1.E0,0.E0));
#835=DIRECTION('',(-9.682458365519E-1,0.E0,2.5E-1));
#836=AXIS2_PLACEMENT_3D('',#833,#834,#835);
#838=DIRECTION('',(-1.E0,0.E0,0.E0));
#839=VECTOR('',#838,2.240524980689E-1);
#840=CARTESIAN_POINT('',(-1.854737509656E-1,1.25E0,-3.83E0));
#841=LINE('',#840,#839);
#842=CARTESIAN_POINT('',(1.05E-1,1.25E0,-3.905E0));
#843=DIRECTION('',(0.E0,1.E0,0.E0));
#844=DIRECTION('',(-9.682458365519E-1,0.E0,2.5E-1));
#845=AXIS2_PLACEMENT_3D('',#842,#843,#844);
#847=DIRECTION('',(-1.E0,0.E0,0.E0));
#848=VECTOR('',#847,5.195262490344E-1);
#849=CARTESIAN_POINT('',(9.15E-1,1.25E0,-3.83E0));
#850=LINE('',#849,#848);
#851=DIRECTION('',(0.E0,0.E0,-1.E0));
#852=VECTOR('',#851,5.3E-1);
#853=CARTESIAN_POINT('',(9.15E-1,1.25E0,-3.3E0));
#854=LINE('',#853,#852);
#855=DIRECTION('',(0.E0,0.E0,-1.E0));
#856=VECTOR('',#855,5.3E-1);
#857=CARTESIAN_POINT('',(9.15E-1,1.25E0,-2.17E0));
#858=LINE('',#857,#856);
#859=DIRECTION('',(1.E0,0.E0,0.E0));
#860=VECTOR('',#859,5.195262490344E-1);
#861=CARTESIAN_POINT('',(3.954737509656E-1,1.25E0,-2.17E0));
#862=LINE('',#861,#860);
#863=CARTESIAN_POINT('',(1.05E-1,1.25E0,-2.095E0));
#864=DIRECTION('',(0.E0,1.E0,0.E0));
#865=DIRECTION('',(9.682458365519E-1,0.E0,-2.5E-1));
#866=AXIS2_PLACEMENT_3D('',#863,#864,#865);
#868=DIRECTION('',(1.E0,0.E0,0.E0));
#869=VECTOR('',#868,2.240524980689E-1);
#870=CARTESIAN_POINT('',(-4.095262490344E-1,1.25E0,-2.17E0));
#871=LINE('',#870,#869);
#872=CARTESIAN_POINT('',(-7.E-1,1.25E0,-2.095E0));
#873=DIRECTION('',(0.E0,1.E0,0.E0));
#874=DIRECTION('',(9.682458365519E-1,0.E0,-2.5E-1));
#875=AXIS2_PLACEMENT_3D('',#872,#873,#874);
#877=DIRECTION('',(1.E0,0.E0,0.E0));
#878=VECTOR('',#877,2.290524980689E-1);
#879=CARTESIAN_POINT('',(-1.219526249034E0,1.25E0,-2.17E0));
#880=LINE('',#879,#878);
#881=CARTESIAN_POINT('',(-1.51E0,1.25E0,-2.095E0));
#882=DIRECTION('',(0.E0,1.E0,0.E0));
#883=DIRECTION('',(9.682458365519E-1,0.E0,-2.5E-1));
#884=AXIS2_PLACEMENT_3D('',#881,#882,#883);
#886=DIRECTION('',(1.E0,0.E0,0.E0));
#887=VECTOR('',#886,5.145262490344E-1);
#888=CARTESIAN_POINT('',(-2.315E0,1.25E0,-2.17E0));
#889=LINE('',#888,#887);
#890=DIRECTION('',(0.E0,0.E0,1.E0));
#891=VECTOR('',#890,5.3E-1);
#892=CARTESIAN_POINT('',(-2.315E0,1.25E0,-2.7E0));
#893=LINE('',#892,#891);
#894=DIRECTION('',(0.E0,0.E0,1.E0));
#895=VECTOR('',#894,5.3E-1);
#896=CARTESIAN_POINT('',(-2.315E0,1.25E0,-3.83E0));
#897=LINE('',#896,#895);
#898=DIRECTION('',(-1.E0,0.E0,0.E0));
#899=VECTOR('',#898,5.145262490344E-1);
#900=CARTESIAN_POINT('',(-1.800473750966E0,1.25E0,-3.83E0));
#901=LINE('',#900,#899);
#902=CARTESIAN_POINT('',(-1.51E0,1.25E0,-3.905E0));
#903=DIRECTION('',(0.E0,1.E0,0.E0));
#904=DIRECTION('',(-9.682458365519E-1,0.E0,2.5E-1));
#905=AXIS2_PLACEMENT_3D('',#902,#903,#904);
#907=DIRECTION('',(-1.E0,0.E0,0.E0));
#908=VECTOR('',#907,2.290524980689E-1);
#909=CARTESIAN_POINT('',(-9.904737509656E-1,1.25E0,-3.83E0));
#910=LINE('',#909,#908);
#911=CARTESIAN_POINT('',(9.15E-1,1.25E0,-3.E0));
#912=DIRECTION('',(0.E0,-1.E0,0.E0));
#913=DIRECTION('',(0.E0,0.E0,1.E0));
#914=AXIS2_PLACEMENT_3D('',#911,#912,#913);
#916=CARTESIAN_POINT('',(-2.315E0,1.25E0,-3.E0));
#917=DIRECTION('',(0.E0,-1.E0,0.E0));
#918=DIRECTION('',(0.E0,0.E0,-1.E0));
#919=AXIS2_PLACEMENT_3D('',#916,#917,#918);
#921=DIRECTION('',(0.E0,1.E0,0.E0));
#922=VECTOR('',#921,2.E-2);
#923=CARTESIAN_POINT('',(-2.02E0,0.E0,3.5E0));
#924=LINE('',#923,#922);
#925=DIRECTION('',(0.E0,1.E0,0.E0));
#926=VECTOR('',#925,2.E-2);
#927=CARTESIAN_POINT('',(-2.57E0,0.E0,3.5E0));
#928=LINE('',#927,#926);
#929=DIRECTION('',(0.E0,1.E0,0.E0));
#930=VECTOR('',#929,2.E-2);
#931=CARTESIAN_POINT('',(-2.57E0,0.E0,3.9E0));
#932=LINE('',#931,#930);
#933=DIRECTION('',(0.E0,1.E0,2.220446049250E-14));
#934=VECTOR('',#933,2.E-2);
#935=CARTESIAN_POINT('',(-2.02E0,0.E0,3.9E0));
#936=LINE('',#935,#934);
#937=DIRECTION('',(0.E0,0.E0,1.E0));
#938=VECTOR('',#937,4.E-1);
#939=CARTESIAN_POINT('',(-2.02E0,2.E-2,3.5E0));
#940=LINE('',#939,#938);
#941=DIRECTION('',(1.E0,0.E0,0.E0));
#942=VECTOR('',#941,5.5E-1);
#943=CARTESIAN_POINT('',(-2.57E0,2.E-2,3.5E0));
#944=LINE('',#943,#942);
#945=DIRECTION('',(0.E0,0.E0,-1.E0));
#946=VECTOR('',#945,4.E-1);
#947=CARTESIAN_POINT('',(-2.57E0,2.E-2,3.9E0));
#948=LINE('',#947,#946);
#949=DIRECTION('',(-1.E0,0.E0,0.E0));
#950=VECTOR('',#949,5.5E-1);
#951=CARTESIAN_POINT('',(-2.02E0,2.E-2,3.9E0));
#952=LINE('',#951,#950);
#953=DIRECTION('',(0.E0,0.E0,1.E0));
#954=VECTOR('',#953,4.E-1);
#955=CARTESIAN_POINT('',(-2.02E0,2.E-2,2.73E0));
#956=LINE('',#955,#954);
#957=DIRECTION('',(1.E0,0.E0,0.E0));
#958=VECTOR('',#957,5.5E-1);
#959=CARTESIAN_POINT('',(-2.57E0,2.E-2,2.73E0));
#960=LINE('',#959,#958);
#961=DIRECTION('',(0.E0,0.E0,-1.E0));
#962=VECTOR('',#961,4.E-1);
#963=CARTESIAN_POINT('',(-2.57E0,2.E-2,3.13E0));
#964=LINE('',#963,#962);
#965=DIRECTION('',(-1.E0,0.E0,0.E0));
#966=VECTOR('',#965,5.5E-1);
#967=CARTESIAN_POINT('',(-2.02E0,2.E-2,3.13E0));
#968=LINE('',#967,#966);
#969=DIRECTION('',(-1.E0,0.E0,0.E0));
#970=VECTOR('',#969,5.5E-1);
#971=CARTESIAN_POINT('',(-2.02E0,2.E-2,2.36E0));
#972=LINE('',#971,#970);
#973=DIRECTION('',(0.E0,0.E0,1.E0));
#974=VECTOR('',#973,4.E-1);
#975=CARTESIAN_POINT('',(-2.02E0,2.E-2,1.96E0));
#976=LINE('',#975,#974);
#977=DIRECTION('',(1.E0,0.E0,0.E0));
#978=VECTOR('',#977,5.5E-1);
#979=CARTESIAN_POINT('',(-2.57E0,2.E-2,1.96E0));
#980=LINE('',#979,#978);
#981=DIRECTION('',(0.E0,0.E0,-1.E0));
#982=VECTOR('',#981,4.E-1);
#983=CARTESIAN_POINT('',(-2.57E0,2.E-2,2.36E0));
#984=LINE('',#983,#982);
#985=DIRECTION('',(-1.E0,0.E0,0.E0));
#986=VECTOR('',#985,5.5E-1);
#987=CARTESIAN_POINT('',(-2.02E0,2.E-2,1.59E0));
#988=LINE('',#987,#986);
#989=DIRECTION('',(0.E0,0.E0,1.E0));
#990=VECTOR('',#989,4.E-1);
#991=CARTESIAN_POINT('',(-2.02E0,2.E-2,1.19E0));
#992=LINE('',#991,#990);
#993=DIRECTION('',(1.E0,0.E0,0.E0));
#994=VECTOR('',#993,5.5E-1);
#995=CARTESIAN_POINT('',(-2.57E0,2.E-2,1.19E0));
#996=LINE('',#995,#994);
#997=DIRECTION('',(0.E0,0.E0,-1.E0));
#998=VECTOR('',#997,4.E-1);
#999=CARTESIAN_POINT('',(-2.57E0,2.E-2,1.59E0));
#1000=LINE('',#999,#998);
#1001=DIRECTION('',(-1.E0,0.E0,0.E0));
#1002=VECTOR('',#1001,5.5E-1);
#1003=CARTESIAN_POINT('',(-2.02E0,2.E-2,8.2E-1));
#1004=LINE('',#1003,#1002);
#1005=DIRECTION('',(0.E0,0.E0,1.E0));
#1006=VECTOR('',#1005,4.E-1);
#1007=CARTESIAN_POINT('',(-2.02E0,2.E-2,4.2E-1));
#1008=LINE('',#1007,#1006);
#1009=DIRECTION('',(1.E0,0.E0,0.E0));
#1010=VECTOR('',#1009,5.5E-1);
#1011=CARTESIAN_POINT('',(-2.57E0,2.E-2,4.2E-1));
#1012=LINE('',#1011,#1010);
#1013=DIRECTION('',(0.E0,0.E0,-1.E0));
#1014=VECTOR('',#1013,4.E-1);
#1015=CARTESIAN_POINT('',(-2.57E0,2.E-2,8.2E-1));
#1016=LINE('',#1015,#1014);
#1017=DIRECTION('',(-1.E0,0.E0,0.E0));
#1018=VECTOR('',#1017,5.5E-1);
#1019=CARTESIAN_POINT('',(-2.02E0,2.E-2,5.E-2));
#1020=LINE('',#1019,#1018);
#1021=DIRECTION('',(0.E0,0.E0,1.E0));
#1022=VECTOR('',#1021,4.E-1);
#1023=CARTESIAN_POINT('',(-2.02E0,2.E-2,-3.5E-1));
#1024=LINE('',#1023,#1022);
#1025=DIRECTION('',(1.E0,0.E0,0.E0));
#1026=VECTOR('',#1025,5.5E-1);
#1027=CARTESIAN_POINT('',(-2.57E0,2.E-2,-3.5E-1));
#1028=LINE('',#1027,#1026);
#1029=DIRECTION('',(0.E0,0.E0,-1.E0));
#1030=VECTOR('',#1029,4.E-1);
#1031=CARTESIAN_POINT('',(-2.57E0,2.E-2,5.E-2));
#1032=LINE('',#1031,#1030);
#1033=DIRECTION('',(-1.E0,0.E0,0.E0));
#1034=VECTOR('',#1033,5.5E-1);
#1035=CARTESIAN_POINT('',(-2.02E0,2.E-2,-7.2E-1));
#1036=LINE('',#1035,#1034);
#1037=DIRECTION('',(0.E0,0.E0,1.E0));
#1038=VECTOR('',#1037,4.E-1);
#1039=CARTESIAN_POINT('',(-2.02E0,2.E-2,-1.12E0));
#1040=LINE('',#1039,#1038);
#1041=DIRECTION('',(1.E0,0.E0,0.E0));
#1042=VECTOR('',#1041,5.5E-1);
#1043=CARTESIAN_POINT('',(-2.57E0,2.E-2,-1.12E0));
#1044=LINE('',#1043,#1042);
#1045=DIRECTION('',(0.E0,0.E0,-1.E0));
#1046=VECTOR('',#1045,4.E-1);
#1047=CARTESIAN_POINT('',(-2.57E0,2.E-2,-7.2E-1));
#1048=LINE('',#1047,#1046);
#1049=DIRECTION('',(1.E0,0.E0,0.E0));
#1050=VECTOR('',#1049,5.5E-1);
#1051=CARTESIAN_POINT('',(-1.62E0,2.E-2,3.5E0));
#1052=LINE('',#1051,#1050);
#1053=DIRECTION('',(0.E0,0.E0,-1.E0));
#1054=VECTOR('',#1053,4.E-1);
#1055=CARTESIAN_POINT('',(-1.62E0,2.E-2,3.9E0));
#1056=LINE('',#1055,#1054);
#1057=DIRECTION('',(-1.E0,0.E0,0.E0));
#1058=VECTOR('',#1057,5.5E-1);
#1059=CARTESIAN_POINT('',(-1.07E0,2.E-2,3.9E0));
#1060=LINE('',#1059,#1058);
#1061=DIRECTION('',(0.E0,0.E0,1.E0));
#1062=VECTOR('',#1061,4.E-1);
#1063=CARTESIAN_POINT('',(-1.07E0,2.E-2,3.5E0));
#1064=LINE('',#1063,#1062);
#1065=DIRECTION('',(1.E0,0.E0,0.E0));
#1066=VECTOR('',#1065,5.5E-1);
#1067=CARTESIAN_POINT('',(-7.2E-1,2.E-2,3.5E0));
#1068=LINE('',#1067,#1066);
#1069=DIRECTION('',(0.E0,0.E0,-1.E0));
#1070=VECTOR('',#1069,4.E-1);
#1071=CARTESIAN_POINT('',(-7.2E-1,2.E-2,3.9E0));
#1072=LINE('',#1071,#1070);
#1073=DIRECTION('',(-1.E0,0.E0,0.E0));
#1074=VECTOR('',#1073,5.5E-1);
#1075=CARTESIAN_POINT('',(-1.7E-1,2.E-2,3.9E0));
#1076=LINE('',#1075,#1074);
#1077=DIRECTION('',(0.E0,0.E0,1.E0));
#1078=VECTOR('',#1077,4.E-1);
#1079=CARTESIAN_POINT('',(-1.7E-1,2.E-2,3.5E0));
#1080=LINE('',#1079,#1078);
#1081=DIRECTION('',(1.E0,0.E0,0.E0));
#1082=VECTOR('',#1081,5.5E-1);
#1083=CARTESIAN_POINT('',(2.02E0,2.E-2,3.5E0));
#1084=LINE('',#1083,#1082);
#1085=DIRECTION('',(0.E0,0.E0,-1.E0));
#1086=VECTOR('',#1085,4.E-1);
#1087=CARTESIAN_POINT('',(2.02E0,2.E-2,3.9E0));
#1088=LINE('',#1087,#1086);
#1089=DIRECTION('',(-1.E0,0.E0,0.E0));
#1090=VECTOR('',#1089,5.5E-1);
#1091=CARTESIAN_POINT('',(2.57E0,2.E-2,3.9E0));
#1092=LINE('',#1091,#1090);
#1093=DIRECTION('',(0.E0,0.E0,1.E0));
#1094=VECTOR('',#1093,4.E-1);
#1095=CARTESIAN_POINT('',(2.57E0,2.E-2,3.5E0));
#1096=LINE('',#1095,#1094);
#1097=DIRECTION('',(0.E0,0.E0,1.E0));
#1098=VECTOR('',#1097,4.E-1);
#1099=CARTESIAN_POINT('',(1.62E0,2.E-2,3.5E0));
#1100=LINE('',#1099,#1098);
#1101=DIRECTION('',(1.E0,0.E0,0.E0));
#1102=VECTOR('',#1101,5.5E-1);
#1103=CARTESIAN_POINT('',(1.07E0,2.E-2,3.5E0));
#1104=LINE('',#1103,#1102);
#1105=DIRECTION('',(0.E0,0.E0,-1.E0));
#1106=VECTOR('',#1105,4.E-1);
#1107=CARTESIAN_POINT('',(1.07E0,2.E-2,3.9E0));
#1108=LINE('',#1107,#1106);
#1109=DIRECTION('',(-1.E0,0.E0,0.E0));
#1110=VECTOR('',#1109,5.5E-1);
#1111=CARTESIAN_POINT('',(1.62E0,2.E-2,3.9E0));
#1112=LINE('',#1111,#1110);
#1113=DIRECTION('',(0.E0,0.E0,1.E0));
#1114=VECTOR('',#1113,4.E-1);
#1115=CARTESIAN_POINT('',(7.2E-1,2.E-2,3.5E0));
#1116=LINE('',#1115,#1114);
#1117=DIRECTION('',(1.E0,0.E0,0.E0));
#1118=VECTOR('',#1117,5.5E-1);
#1119=CARTESIAN_POINT('',(1.7E-1,2.E-2,3.5E0));
#1120=LINE('',#1119,#1118);
#1121=DIRECTION('',(0.E0,0.E0,-1.E0));
#1122=VECTOR('',#1121,4.E-1);
#1123=CARTESIAN_POINT('',(1.7E-1,2.E-2,3.9E0));
#1124=LINE('',#1123,#1122);
#1125=DIRECTION('',(-1.E0,0.E0,0.E0));
#1126=VECTOR('',#1125,5.5E-1);
#1127=CARTESIAN_POINT('',(7.2E-1,2.E-2,3.9E0));
#1128=LINE('',#1127,#1126);
#1129=DIRECTION('',(1.E0,0.E0,0.E0));
#1130=VECTOR('',#1129,5.5E-1);
#1131=CARTESIAN_POINT('',(2.02E0,2.E-2,2.73E0));
#1132=LINE('',#1131,#1130);
#1133=DIRECTION('',(0.E0,0.E0,-1.E0));
#1134=VECTOR('',#1133,4.E-1);
#1135=CARTESIAN_POINT('',(2.02E0,2.E-2,3.13E0));
#1136=LINE('',#1135,#1134);
#1137=DIRECTION('',(-1.E0,0.E0,0.E0));
#1138=VECTOR('',#1137,5.5E-1);
#1139=CARTESIAN_POINT('',(2.57E0,2.E-2,3.13E0));
#1140=LINE('',#1139,#1138);
#1141=DIRECTION('',(0.E0,0.E0,1.E0));
#1142=VECTOR('',#1141,4.E-1);
#1143=CARTESIAN_POINT('',(2.57E0,2.E-2,2.73E0));
#1144=LINE('',#1143,#1142);
#1145=DIRECTION('',(0.E0,0.E0,-1.E0));
#1146=VECTOR('',#1145,4.E-1);
#1147=CARTESIAN_POINT('',(2.02E0,2.E-2,2.36E0));
#1148=LINE('',#1147,#1146);
#1149=DIRECTION('',(-1.E0,0.E0,0.E0));
#1150=VECTOR('',#1149,5.5E-1);
#1151=CARTESIAN_POINT('',(2.57E0,2.E-2,2.36E0));
#1152=LINE('',#1151,#1150);
#1153=DIRECTION('',(0.E0,0.E0,1.E0));
#1154=VECTOR('',#1153,4.E-1);
#1155=CARTESIAN_POINT('',(2.57E0,2.E-2,1.96E0));
#1156=LINE('',#1155,#1154);
#1157=DIRECTION('',(1.E0,0.E0,0.E0));
#1158=VECTOR('',#1157,5.5E-1);
#1159=CARTESIAN_POINT('',(2.02E0,2.E-2,1.96E0));
#1160=LINE('',#1159,#1158);
#1161=DIRECTION('',(0.E0,0.E0,-1.E0));
#1162=VECTOR('',#1161,4.E-1);
#1163=CARTESIAN_POINT('',(2.02E0,2.E-2,1.59E0));
#1164=LINE('',#1163,#1162);
#1165=DIRECTION('',(-1.E0,0.E0,0.E0));
#1166=VECTOR('',#1165,5.5E-1);
#1167=CARTESIAN_POINT('',(2.57E0,2.E-2,1.59E0));
#1168=LINE('',#1167,#1166);
#1169=DIRECTION('',(0.E0,0.E0,1.E0));
#1170=VECTOR('',#1169,4.E-1);
#1171=CARTESIAN_POINT('',(2.57E0,2.E-2,1.19E0));
#1172=LINE('',#1171,#1170);
#1173=DIRECTION('',(1.E0,0.E0,0.E0));
#1174=VECTOR('',#1173,5.5E-1);
#1175=CARTESIAN_POINT('',(2.02E0,2.E-2,1.19E0));
#1176=LINE('',#1175,#1174);
#1177=DIRECTION('',(0.E0,0.E0,-1.E0));
#1178=VECTOR('',#1177,4.E-1);
#1179=CARTESIAN_POINT('',(2.02E0,2.E-2,-7.2E-1));
#1180=LINE('',#1179,#1178);
#1181=DIRECTION('',(-1.E0,0.E0,0.E0));
#1182=VECTOR('',#1181,5.5E-1);
#1183=CARTESIAN_POINT('',(2.57E0,2.E-2,-7.2E-1));
#1184=LINE('',#1183,#1182);
#1185=DIRECTION('',(0.E0,0.E0,1.E0));
#1186=VECTOR('',#1185,4.E-1);
#1187=CARTESIAN_POINT('',(2.57E0,2.E-2,-1.12E0));
#1188=LINE('',#1187,#1186);
#1189=DIRECTION('',(1.E0,0.E0,0.E0));
#1190=VECTOR('',#1189,5.5E-1);
#1191=CARTESIAN_POINT('',(2.02E0,2.E-2,-1.12E0));
#1192=LINE('',#1191,#1190);
#1193=DIRECTION('',(1.E0,0.E0,0.E0));
#1194=VECTOR('',#1193,5.5E-1);
#1195=CARTESIAN_POINT('',(-1.17E0,2.E-2,2.73E0));
#1196=LINE('',#1195,#1194);
#1197=DIRECTION('',(0.E0,0.E0,-1.E0));
#1198=VECTOR('',#1197,4.E-1);
#1199=CARTESIAN_POINT('',(-1.17E0,2.E-2,3.13E0));
#1200=LINE('',#1199,#1198);
#1201=DIRECTION('',(-1.E0,0.E0,0.E0));
#1202=VECTOR('',#1201,5.5E-1);
#1203=CARTESIAN_POINT('',(-6.2E-1,2.E-2,3.13E0));
#1204=LINE('',#1203,#1202);
#1205=DIRECTION('',(0.E0,0.E0,1.E0));
#1206=VECTOR('',#1205,4.E-1);
#1207=CARTESIAN_POINT('',(-6.2E-1,2.E-2,2.73E0));
#1208=LINE('',#1207,#1206);
#1209=DIRECTION('',(1.E0,0.E0,0.E0));
#1210=VECTOR('',#1209,5.5E-1);
#1211=CARTESIAN_POINT('',(-2.7E-1,2.E-2,2.73E0));
#1212=LINE('',#1211,#1210);
#1213=DIRECTION('',(0.E0,0.E0,-1.E0));
#1214=VECTOR('',#1213,4.E-1);
#1215=CARTESIAN_POINT('',(-2.7E-1,2.E-2,3.13E0));
#1216=LINE('',#1215,#1214);
#1217=DIRECTION('',(-1.E0,0.E0,0.E0));
#1218=VECTOR('',#1217,5.5E-1);
#1219=CARTESIAN_POINT('',(2.8E-1,2.E-2,3.13E0));
#1220=LINE('',#1219,#1218);
#1221=DIRECTION('',(0.E0,0.E0,1.E0));
#1222=VECTOR('',#1221,4.E-1);
#1223=CARTESIAN_POINT('',(2.8E-1,2.E-2,2.73E0));
#1224=LINE('',#1223,#1222);
#1225=DIRECTION('',(0.E0,0.E0,1.E0));
#1226=VECTOR('',#1225,4.E-1);
#1227=CARTESIAN_POINT('',(1.17E0,2.E-2,2.73E0));
#1228=LINE('',#1227,#1226);
#1229=DIRECTION('',(1.E0,0.E0,0.E0));
#1230=VECTOR('',#1229,5.5E-1);
#1231=CARTESIAN_POINT('',(6.2E-1,2.E-2,2.73E0));
#1232=LINE('',#1231,#1230);
#1233=DIRECTION('',(0.E0,0.E0,-1.E0));
#1234=VECTOR('',#1233,4.E-1);
#1235=CARTESIAN_POINT('',(6.2E-1,2.E-2,3.13E0));
#1236=LINE('',#1235,#1234);
#1237=DIRECTION('',(-1.E0,0.E0,0.E0));
#1238=VECTOR('',#1237,5.5E-1);
#1239=CARTESIAN_POINT('',(1.17E0,2.E-2,3.13E0));
#1240=LINE('',#1239,#1238);
#1241=DIRECTION('',(0.E0,1.E0,0.E0));
#1242=VECTOR('',#1241,2.E-2);
#1243=CARTESIAN_POINT('',(-2.02E0,0.E0,2.73E0));
#1244=LINE('',#1243,#1242);
#1245=DIRECTION('',(0.E0,1.E0,0.E0));
#1246=VECTOR('',#1245,2.E-2);
#1247=CARTESIAN_POINT('',(-2.57E0,0.E0,2.73E0));
#1248=LINE('',#1247,#1246);
#1249=DIRECTION('',(0.E0,1.E0,0.E0));
#1250=VECTOR('',#1249,2.E-2);
#1251=CARTESIAN_POINT('',(-2.57E0,0.E0,3.13E0));
#1252=LINE('',#1251,#1250);
#1253=DIRECTION('',(0.E0,1.E0,0.E0));
#1254=VECTOR('',#1253,2.E-2);
#1255=CARTESIAN_POINT('',(-2.02E0,0.E0,3.13E0));
#1256=LINE('',#1255,#1254);
#1257=DIRECTION('',(0.E0,1.E0,0.E0));
#1258=VECTOR('',#1257,2.E-2);
#1259=CARTESIAN_POINT('',(-2.02E0,0.E0,2.36E0));
#1260=LINE('',#1259,#1258);
#1261=DIRECTION('',(0.E0,1.E0,0.E0));
#1262=VECTOR('',#1261,2.E-2);
#1263=CARTESIAN_POINT('',(-2.02E0,0.E0,1.96E0));
#1264=LINE('',#1263,#1262);
#1265=DIRECTION('',(0.E0,1.E0,0.E0));
#1266=VECTOR('',#1265,2.E-2);
#1267=CARTESIAN_POINT('',(-2.57E0,0.E0,1.96E0));
#1268=LINE('',#1267,#1266);
#1269=DIRECTION('',(0.E0,1.E0,0.E0));
#1270=VECTOR('',#1269,2.E-2);
#1271=CARTESIAN_POINT('',(-2.57E0,0.E0,2.36E0));
#1272=LINE('',#1271,#1270);
#1273=DIRECTION('',(0.E0,1.E0,0.E0));
#1274=VECTOR('',#1273,2.E-2);
#1275=CARTESIAN_POINT('',(-2.02E0,0.E0,1.59E0));
#1276=LINE('',#1275,#1274);
#1277=DIRECTION('',(0.E0,1.E0,0.E0));
#1278=VECTOR('',#1277,2.E-2);
#1279=CARTESIAN_POINT('',(-2.02E0,0.E0,1.19E0));
#1280=LINE('',#1279,#1278);
#1281=DIRECTION('',(0.E0,1.E0,1.110223024625E-14));
#1282=VECTOR('',#1281,2.E-2);
#1283=CARTESIAN_POINT('',(-2.57E0,0.E0,1.19E0));
#1284=LINE('',#1283,#1282);
#1285=DIRECTION('',(0.E0,1.E0,0.E0));
#1286=VECTOR('',#1285,2.E-2);
#1287=CARTESIAN_POINT('',(-2.57E0,0.E0,1.59E0));
#1288=LINE('',#1287,#1286);
#1289=DIRECTION('',(0.E0,1.E0,0.E0));
#1290=VECTOR('',#1289,2.E-2);
#1291=CARTESIAN_POINT('',(-2.02E0,0.E0,8.2E-1));
#1292=LINE('',#1291,#1290);
#1293=DIRECTION('',(0.E0,1.E0,0.E0));
#1294=VECTOR('',#1293,2.E-2);
#1295=CARTESIAN_POINT('',(-2.02E0,0.E0,4.2E-1));
#1296=LINE('',#1295,#1294);
#1297=DIRECTION('',(0.E0,1.E0,0.E0));
#1298=VECTOR('',#1297,2.E-2);
#1299=CARTESIAN_POINT('',(-2.57E0,0.E0,4.2E-1));
#1300=LINE('',#1299,#1298);
#1301=DIRECTION('',(0.E0,1.E0,0.E0));
#1302=VECTOR('',#1301,2.E-2);
#1303=CARTESIAN_POINT('',(-2.57E0,0.E0,8.2E-1));
#1304=LINE('',#1303,#1302);
#1305=DIRECTION('',(0.E0,1.E0,0.E0));
#1306=VECTOR('',#1305,2.E-2);
#1307=CARTESIAN_POINT('',(-2.02E0,0.E0,5.E-2));
#1308=LINE('',#1307,#1306);
#1309=DIRECTION('',(0.E0,1.E0,0.E0));
#1310=VECTOR('',#1309,2.E-2);
#1311=CARTESIAN_POINT('',(-2.02E0,0.E0,-3.5E-1));
#1312=LINE('',#1311,#1310);
#1313=DIRECTION('',(0.E0,1.E0,0.E0));
#1314=VECTOR('',#1313,2.E-2);
#1315=CARTESIAN_POINT('',(-2.57E0,0.E0,-3.5E-1));
#1316=LINE('',#1315,#1314);
#1317=DIRECTION('',(0.E0,1.E0,0.E0));
#1318=VECTOR('',#1317,2.E-2);
#1319=CARTESIAN_POINT('',(-2.57E0,0.E0,5.E-2));
#1320=LINE('',#1319,#1318);
#1321=DIRECTION('',(0.E0,1.E0,0.E0));
#1322=VECTOR('',#1321,2.E-2);
#1323=CARTESIAN_POINT('',(-2.02E0,0.E0,-7.2E-1));
#1324=LINE('',#1323,#1322);
#1325=DIRECTION('',(0.E0,1.E0,0.E0));
#1326=VECTOR('',#1325,2.E-2);
#1327=CARTESIAN_POINT('',(-2.02E0,0.E0,-1.12E0));
#1328=LINE('',#1327,#1326);
#1329=DIRECTION('',(0.E0,1.E0,0.E0));
#1330=VECTOR('',#1329,2.E-2);
#1331=CARTESIAN_POINT('',(-2.57E0,0.E0,-1.12E0));
#1332=LINE('',#1331,#1330);
#1333=DIRECTION('',(0.E0,1.E0,0.E0));
#1334=VECTOR('',#1333,2.E-2);
#1335=CARTESIAN_POINT('',(-2.57E0,0.E0,-7.2E-1));
#1336=LINE('',#1335,#1334);
#1337=DIRECTION('',(0.E0,1.E0,0.E0));
#1338=VECTOR('',#1337,2.E-2);
#1339=CARTESIAN_POINT('',(-1.62E0,0.E0,3.5E0));
#1340=LINE('',#1339,#1338);
#1341=DIRECTION('',(0.E0,1.E0,0.E0));
#1342=VECTOR('',#1341,2.E-2);
#1343=CARTESIAN_POINT('',(-1.62E0,0.E0,3.9E0));
#1344=LINE('',#1343,#1342);
#1345=DIRECTION('',(0.E0,1.E0,2.220446049250E-14));
#1346=VECTOR('',#1345,2.E-2);
#1347=CARTESIAN_POINT('',(-1.07E0,0.E0,3.9E0));
#1348=LINE('',#1347,#1346);
#1349=DIRECTION('',(0.E0,1.E0,0.E0));
#1350=VECTOR('',#1349,2.E-2);
#1351=CARTESIAN_POINT('',(-1.07E0,0.E0,3.5E0));
#1352=LINE('',#1351,#1350);
#1353=DIRECTION('',(0.E0,1.E0,0.E0));
#1354=VECTOR('',#1353,2.E-2);
#1355=CARTESIAN_POINT('',(-7.2E-1,0.E0,3.5E0));
#1356=LINE('',#1355,#1354);
#1357=DIRECTION('',(0.E0,1.E0,0.E0));
#1358=VECTOR('',#1357,2.E-2);
#1359=CARTESIAN_POINT('',(-7.2E-1,0.E0,3.9E0));
#1360=LINE('',#1359,#1358);
#1361=DIRECTION('',(0.E0,1.E0,2.220446049250E-14));
#1362=VECTOR('',#1361,2.E-2);
#1363=CARTESIAN_POINT('',(-1.7E-1,0.E0,3.9E0));
#1364=LINE('',#1363,#1362);
#1365=DIRECTION('',(0.E0,1.E0,0.E0));
#1366=VECTOR('',#1365,2.E-2);
#1367=CARTESIAN_POINT('',(-1.7E-1,0.E0,3.5E0));
#1368=LINE('',#1367,#1366);
#1369=DIRECTION('',(0.E0,1.E0,0.E0));
#1370=VECTOR('',#1369,2.E-2);
#1371=CARTESIAN_POINT('',(2.02E0,0.E0,3.5E0));
#1372=LINE('',#1371,#1370);
#1373=DIRECTION('',(0.E0,1.E0,0.E0));
#1374=VECTOR('',#1373,2.E-2);
#1375=CARTESIAN_POINT('',(2.02E0,0.E0,3.9E0));
#1376=LINE('',#1375,#1374);
#1377=DIRECTION('',(0.E0,1.E0,0.E0));
#1378=VECTOR('',#1377,2.E-2);
#1379=CARTESIAN_POINT('',(2.57E0,0.E0,3.9E0));
#1380=LINE('',#1379,#1378);
#1381=DIRECTION('',(0.E0,1.E0,0.E0));
#1382=VECTOR('',#1381,2.E-2);
#1383=CARTESIAN_POINT('',(2.57E0,0.E0,3.5E0));
#1384=LINE('',#1383,#1382);
#1385=DIRECTION('',(0.E0,1.E0,0.E0));
#1386=VECTOR('',#1385,2.E-2);
#1387=CARTESIAN_POINT('',(1.62E0,0.E0,3.5E0));
#1388=LINE('',#1387,#1386);
#1389=DIRECTION('',(0.E0,1.E0,0.E0));
#1390=VECTOR('',#1389,2.E-2);
#1391=CARTESIAN_POINT('',(1.07E0,0.E0,3.5E0));
#1392=LINE('',#1391,#1390);
#1393=DIRECTION('',(0.E0,1.E0,0.E0));
#1394=VECTOR('',#1393,2.E-2);
#1395=CARTESIAN_POINT('',(1.07E0,0.E0,3.9E0));
#1396=LINE('',#1395,#1394);
#1397=DIRECTION('',(0.E0,1.E0,0.E0));
#1398=VECTOR('',#1397,2.E-2);
#1399=CARTESIAN_POINT('',(1.62E0,0.E0,3.9E0));
#1400=LINE('',#1399,#1398);
#1401=DIRECTION('',(0.E0,1.E0,0.E0));
#1402=VECTOR('',#1401,2.E-2);
#1403=CARTESIAN_POINT('',(7.2E-1,0.E0,3.5E0));
#1404=LINE('',#1403,#1402);
#1405=DIRECTION('',(0.E0,1.E0,0.E0));
#1406=VECTOR('',#1405,2.E-2);
#1407=CARTESIAN_POINT('',(1.7E-1,0.E0,3.5E0));
#1408=LINE('',#1407,#1406);
#1409=DIRECTION('',(0.E0,1.E0,0.E0));
#1410=VECTOR('',#1409,2.E-2);
#1411=CARTESIAN_POINT('',(1.7E-1,0.E0,3.9E0));
#1412=LINE('',#1411,#1410);
#1413=DIRECTION('',(0.E0,1.E0,0.E0));
#1414=VECTOR('',#1413,2.E-2);
#1415=CARTESIAN_POINT('',(7.2E-1,0.E0,3.9E0));
#1416=LINE('',#1415,#1414);
#1417=DIRECTION('',(0.E0,1.E0,0.E0));
#1418=VECTOR('',#1417,2.E-2);
#1419=CARTESIAN_POINT('',(2.02E0,0.E0,2.73E0));
#1420=LINE('',#1419,#1418);
#1421=DIRECTION('',(0.E0,1.E0,0.E0));
#1422=VECTOR('',#1421,2.E-2);
#1423=CARTESIAN_POINT('',(2.02E0,0.E0,3.13E0));
#1424=LINE('',#1423,#1422);
#1425=DIRECTION('',(0.E0,1.E0,0.E0));
#1426=VECTOR('',#1425,2.E-2);
#1427=CARTESIAN_POINT('',(2.57E0,0.E0,3.13E0));
#1428=LINE('',#1427,#1426);
#1429=DIRECTION('',(0.E0,1.E0,0.E0));
#1430=VECTOR('',#1429,2.E-2);
#1431=CARTESIAN_POINT('',(2.57E0,0.E0,2.73E0));
#1432=LINE('',#1431,#1430);
#1433=DIRECTION('',(0.E0,1.E0,0.E0));
#1434=VECTOR('',#1433,2.E-2);
#1435=CARTESIAN_POINT('',(2.02E0,0.E0,2.36E0));
#1436=LINE('',#1435,#1434);
#1437=DIRECTION('',(0.E0,1.E0,0.E0));
#1438=VECTOR('',#1437,2.E-2);
#1439=CARTESIAN_POINT('',(2.57E0,0.E0,2.36E0));
#1440=LINE('',#1439,#1438);
#1441=DIRECTION('',(0.E0,1.E0,0.E0));
#1442=VECTOR('',#1441,2.E-2);
#1443=CARTESIAN_POINT('',(2.57E0,0.E0,1.96E0));
#1444=LINE('',#1443,#1442);
#1445=DIRECTION('',(0.E0,1.E0,0.E0));
#1446=VECTOR('',#1445,2.E-2);
#1447=CARTESIAN_POINT('',(2.02E0,0.E0,1.96E0));
#1448=LINE('',#1447,#1446);
#1449=DIRECTION('',(0.E0,1.E0,0.E0));
#1450=VECTOR('',#1449,2.E-2);
#1451=CARTESIAN_POINT('',(2.02E0,0.E0,1.59E0));
#1452=LINE('',#1451,#1450);
#1453=DIRECTION('',(0.E0,1.E0,0.E0));
#1454=VECTOR('',#1453,2.E-2);
#1455=CARTESIAN_POINT('',(2.57E0,0.E0,1.59E0));
#1456=LINE('',#1455,#1454);
#1457=DIRECTION('',(0.E0,1.E0,0.E0));
#1458=VECTOR('',#1457,2.E-2);
#1459=CARTESIAN_POINT('',(2.57E0,0.E0,1.19E0));
#1460=LINE('',#1459,#1458);
#1461=DIRECTION('',(0.E0,1.E0,0.E0));
#1462=VECTOR('',#1461,2.E-2);
#1463=CARTESIAN_POINT('',(2.02E0,0.E0,1.19E0));
#1464=LINE('',#1463,#1462);
#1465=DIRECTION('',(0.E0,1.E0,0.E0));
#1466=VECTOR('',#1465,2.E-2);
#1467=CARTESIAN_POINT('',(2.02E0,0.E0,-7.2E-1));
#1468=LINE('',#1467,#1466);
#1469=DIRECTION('',(0.E0,1.E0,0.E0));
#1470=VECTOR('',#1469,2.E-2);
#1471=CARTESIAN_POINT('',(2.57E0,0.E0,-7.2E-1));
#1472=LINE('',#1471,#1470);
#1473=DIRECTION('',(0.E0,1.E0,0.E0));
#1474=VECTOR('',#1473,2.E-2);
#1475=CARTESIAN_POINT('',(2.57E0,0.E0,-1.12E0));
#1476=LINE('',#1475,#1474);
#1477=DIRECTION('',(0.E0,1.E0,0.E0));
#1478=VECTOR('',#1477,2.E-2);
#1479=CARTESIAN_POINT('',(2.02E0,0.E0,-1.12E0));
#1480=LINE('',#1479,#1478);
#1481=DIRECTION('',(0.E0,1.E0,0.E0));
#1482=VECTOR('',#1481,2.E-2);
#1483=CARTESIAN_POINT('',(-1.17E0,0.E0,2.73E0));
#1484=LINE('',#1483,#1482);
#1485=DIRECTION('',(-1.110223024625E-14,1.E0,0.E0));
#1486=VECTOR('',#1485,2.E-2);
#1487=CARTESIAN_POINT('',(-1.17E0,0.E0,3.13E0));
#1488=LINE('',#1487,#1486);
#1489=DIRECTION('',(0.E0,1.E0,0.E0));
#1490=VECTOR('',#1489,2.E-2);
#1491=CARTESIAN_POINT('',(-6.2E-1,0.E0,3.13E0));
#1492=LINE('',#1491,#1490);
#1493=DIRECTION('',(0.E0,1.E0,0.E0));
#1494=VECTOR('',#1493,2.E-2);
#1495=CARTESIAN_POINT('',(-6.2E-1,0.E0,2.73E0));
#1496=LINE('',#1495,#1494);
#1497=DIRECTION('',(0.E0,1.E0,0.E0));
#1498=VECTOR('',#1497,2.E-2);
#1499=CARTESIAN_POINT('',(-2.7E-1,0.E0,2.73E0));
#1500=LINE('',#1499,#1498);
#1501=DIRECTION('',(0.E0,1.E0,0.E0));
#1502=VECTOR('',#1501,2.E-2);
#1503=CARTESIAN_POINT('',(-2.7E-1,0.E0,3.13E0));
#1504=LINE('',#1503,#1502);
#1505=DIRECTION('',(0.E0,1.E0,0.E0));
#1506=VECTOR('',#1505,2.E-2);
#1507=CARTESIAN_POINT('',(2.8E-1,0.E0,3.13E0));
#1508=LINE('',#1507,#1506);
#1509=DIRECTION('',(0.E0,1.E0,0.E0));
#1510=VECTOR('',#1509,2.E-2);
#1511=CARTESIAN_POINT('',(2.8E-1,0.E0,2.73E0));
#1512=LINE('',#1511,#1510);
#1513=DIRECTION('',(0.E0,1.E0,0.E0));
#1514=VECTOR('',#1513,2.E-2);
#1515=CARTESIAN_POINT('',(1.17E0,0.E0,2.73E0));
#1516=LINE('',#1515,#1514);
#1517=DIRECTION('',(0.E0,1.E0,0.E0));
#1518=VECTOR('',#1517,2.E-2);
#1519=CARTESIAN_POINT('',(6.2E-1,0.E0,2.73E0));
#1520=LINE('',#1519,#1518);
#1521=DIRECTION('',(0.E0,1.E0,0.E0));
#1522=VECTOR('',#1521,2.E-2);
#1523=CARTESIAN_POINT('',(6.2E-1,0.E0,3.13E0));
#1524=LINE('',#1523,#1522);
#1525=DIRECTION('',(0.E0,1.E0,0.E0));
#1526=VECTOR('',#1525,2.E-2);
#1527=CARTESIAN_POINT('',(1.17E0,0.E0,3.13E0));
#1528=LINE('',#1527,#1526);
#1529=CARTESIAN_POINT('',(-2.9E0,0.E0,-4.15E0));
#1530=CARTESIAN_POINT('',(-2.9E0,0.E0,4.15E0));
#1531=VERTEX_POINT('',#1529);
#1532=VERTEX_POINT('',#1530);
#1533=CARTESIAN_POINT('',(2.9E0,0.E0,4.15E0));
#1534=VERTEX_POINT('',#1533);
#1535=CARTESIAN_POINT('',(2.9E0,0.E0,-4.15E0));
#1536=VERTEX_POINT('',#1535);
#1537=CARTESIAN_POINT('',(-2.9E0,6.E-1,-4.15E0));
#1538=CARTESIAN_POINT('',(-2.9E0,6.E-1,4.15E0));
#1539=VERTEX_POINT('',#1537);
#1540=VERTEX_POINT('',#1538);
#1541=CARTESIAN_POINT('',(2.9E0,6.E-1,4.15E0));
#1542=VERTEX_POINT('',#1541);
#1543=CARTESIAN_POINT('',(2.9E0,6.E-1,-4.15E0));
#1544=VERTEX_POINT('',#1543);
#1545=CARTESIAN_POINT('',(6.25E-1,0.E0,-1.175E0));
#1546=CARTESIAN_POINT('',(6.25E-1,0.E0,-7.25E-1));
#1547=VERTEX_POINT('',#1545);
#1548=VERTEX_POINT('',#1546);
#1549=CARTESIAN_POINT('',(1.575E0,0.E0,-7.25E-1));
#1550=VERTEX_POINT('',#1549);
#1551=CARTESIAN_POINT('',(1.575E0,0.E0,-1.175E0));
#1552=VERTEX_POINT('',#1551);
#1553=CARTESIAN_POINT('',(6.25E-1,6.E-1,-7.25E-1));
#1554=CARTESIAN_POINT('',(1.575E0,6.E-1,-7.25E-1));
#1555=VERTEX_POINT('',#1553);
#1556=VERTEX_POINT('',#1554);
#1557=CARTESIAN_POINT('',(1.575E0,6.E-1,-1.175E0));
#1558=CARTESIAN_POINT('',(6.25E-1,6.E-1,-1.175E0));
#1559=VERTEX_POINT('',#1557);
#1560=VERTEX_POINT('',#1558);
#1561=CARTESIAN_POINT('',(-2.315E0,1.25E0,-3.83E0));
#1562=CARTESIAN_POINT('',(-2.315E0,1.25E0,-3.3E0));
#1563=VERTEX_POINT('',#1561);
#1564=VERTEX_POINT('',#1562);
#1565=CARTESIAN_POINT('',(-2.315E0,1.25E0,-2.7E0));
#1566=CARTESIAN_POINT('',(-2.315E0,1.25E0,-2.17E0));
#1567=VERTEX_POINT('',#1565);
#1568=VERTEX_POINT('',#1566);
#1569=CARTESIAN_POINT('',(9.15E-1,1.25E0,-2.17E0));
#1570=CARTESIAN_POINT('',(9.15E-1,1.25E0,-2.7E0));
#1571=VERTEX_POINT('',#1569);
#1572=VERTEX_POINT('',#1570);
#1573=CARTESIAN_POINT('',(9.15E-1,1.25E0,-3.3E0));
#1574=CARTESIAN_POINT('',(9.15E-1,1.25E0,-3.83E0));
#1575=VERTEX_POINT('',#1573);
#1576=VERTEX_POINT('',#1574);
#1577=CARTESIAN_POINT('',(-9.904737509656E-1,1.25E0,-3.83E0));
#1578=CARTESIAN_POINT('',(-4.095262490344E-1,1.25E0,-3.83E0));
#1579=VERTEX_POINT('',#1577);
#1580=VERTEX_POINT('',#1578);
#1581=CARTESIAN_POINT('',(-1.854737509656E-1,1.25E0,-3.83E0));
#1582=CARTESIAN_POINT('',(3.954737509656E-1,1.25E0,-3.83E0));
#1583=VERTEX_POINT('',#1581);
#1584=VERTEX_POINT('',#1582);
#1585=CARTESIAN_POINT('',(-1.800473750966E0,1.25E0,-3.83E0));
#1586=CARTESIAN_POINT('',(-1.219526249034E0,1.25E0,-3.83E0));
#1587=VERTEX_POINT('',#1585);
#1588=VERTEX_POINT('',#1586);
#1589=CARTESIAN_POINT('',(-4.095262490344E-1,1.25E0,-2.17E0));
#1590=CARTESIAN_POINT('',(-9.904737509656E-1,1.25E0,-2.17E0));
#1591=VERTEX_POINT('',#1589);
#1592=VERTEX_POINT('',#1590);
#1593=CARTESIAN_POINT('',(3.954737509656E-1,1.25E0,-2.17E0));
#1594=CARTESIAN_POINT('',(-1.854737509656E-1,1.25E0,-2.17E0));
#1595=VERTEX_POINT('',#1593);
#1596=VERTEX_POINT('',#1594);
#1597=CARTESIAN_POINT('',(-1.219526249034E0,1.25E0,-2.17E0));
#1598=CARTESIAN_POINT('',(-1.800473750966E0,1.25E0,-2.17E0));
#1599=VERTEX_POINT('',#1597);
#1600=VERTEX_POINT('',#1598);
#1601=CARTESIAN_POINT('',(2.3E0,1.4E0,-8.5E-1));
#1602=CARTESIAN_POINT('',(-2.3E0,1.4E0,-8.5E-1));
#1603=VERTEX_POINT('',#1601);
#1604=VERTEX_POINT('',#1602);
#1605=CARTESIAN_POINT('',(2.4E0,1.5E0,-1.05E0));
#1606=CARTESIAN_POINT('',(-2.4E0,1.5E0,-1.05E0));
#1607=VERTEX_POINT('',#1605);
#1608=VERTEX_POINT('',#1606);
#1609=CARTESIAN_POINT('',(2.4E0,1.6E0,-9.5E-1));
#1610=CARTESIAN_POINT('',(-2.4E0,1.6E0,-9.5E-1));
#1611=VERTEX_POINT('',#1609);
#1612=VERTEX_POINT('',#1610);
#1613=CARTESIAN_POINT('',(-2.5E0,6.E-1,-9.5E-1));
#1614=CARTESIAN_POINT('',(-2.5E0,6.E-1,3.75E0));
#1615=VERTEX_POINT('',#1613);
#1616=VERTEX_POINT('',#1614);
#1617=CARTESIAN_POINT('',(-2.3E0,6.E-1,3.65E0));
#1618=CARTESIAN_POINT('',(-2.3E0,6.E-1,-8.5E-1));
#1619=VERTEX_POINT('',#1617);
#1620=VERTEX_POINT('',#1618);
#1621=CARTESIAN_POINT('',(2.4E0,6.E-1,-1.05E0));
#1622=CARTESIAN_POINT('',(1.776556443707E0,6.E-1,-1.05E0));
#1623=VERTEX_POINT('',#1621);
#1624=VERTEX_POINT('',#1622);
#1625=CARTESIAN_POINT('',(4.234435562925E-1,6.E-1,-1.05E0));
#1626=CARTESIAN_POINT('',(-2.4E0,6.E-1,-1.05E0));
#1627=VERTEX_POINT('',#1625);
#1628=VERTEX_POINT('',#1626);
#1629=CARTESIAN_POINT('',(4.234435562925E-1,6.E-1,-8.5E-1));
#1630=VERTEX_POINT('',#1629);
#1631=CARTESIAN_POINT('',(1.776556443707E0,6.E-1,-8.5E-1));
#1632=CARTESIAN_POINT('',(2.3E0,6.E-1,-8.5E-1));
#1633=VERTEX_POINT('',#1631);
#1634=VERTEX_POINT('',#1632);
#1635=CARTESIAN_POINT('',(4.234435562925E-1,2.E-1,-1.05E0));
#1636=VERTEX_POINT('',#1635);
#1637=CARTESIAN_POINT('',(4.234435562925E-1,2.E-1,-8.5E-1));
#1638=VERTEX_POINT('',#1637);
#1639=CARTESIAN_POINT('',(1.776556443707E0,2.E-1,-1.05E0));
#1640=VERTEX_POINT('',#1639);
#1641=CARTESIAN_POINT('',(1.776556443707E0,2.E-1,-8.5E-1));
#1642=VERTEX_POINT('',#1641);
#1643=CARTESIAN_POINT('',(-2.315E0,6.E-1,-3.83E0));
#1644=CARTESIAN_POINT('',(-2.315E0,6.E-1,-3.3E0));
#1645=VERTEX_POINT('',#1643);
#1646=VERTEX_POINT('',#1644);
#1647=CARTESIAN_POINT('',(-2.315E0,6.E-1,-2.7E0));
#1648=CARTESIAN_POINT('',(-2.315E0,6.E-1,-2.17E0));
#1649=VERTEX_POINT('',#1647);
#1650=VERTEX_POINT('',#1648);
#1651=CARTESIAN_POINT('',(-1.800473750966E0,6.E-1,-2.17E0));
#1652=VERTEX_POINT('',#1651);
#1653=CARTESIAN_POINT('',(-1.219526249034E0,6.E-1,-2.17E0));
#1654=CARTESIAN_POINT('',(-9.904737509656E-1,6.E-1,-2.17E0));
#1655=VERTEX_POINT('',#1653);
#1656=VERTEX_POINT('',#1654);
#1657=CARTESIAN_POINT('',(-4.095262490344E-1,6.E-1,-2.17E0));
#1658=CARTESIAN_POINT('',(-1.854737509656E-1,6.E-1,-2.17E0));
#1659=VERTEX_POINT('',#1657);
#1660=VERTEX_POINT('',#1658);
#1661=CARTESIAN_POINT('',(3.954737509656E-1,6.E-1,-2.17E0));
#1662=CARTESIAN_POINT('',(9.15E-1,6.E-1,-2.17E0));
#1663=VERTEX_POINT('',#1661);
#1664=VERTEX_POINT('',#1662);
#1665=CARTESIAN_POINT('',(9.15E-1,6.E-1,-2.7E0));
#1666=VERTEX_POINT('',#1665);
#1667=CARTESIAN_POINT('',(9.15E-1,6.E-1,-3.3E0));
#1668=CARTESIAN_POINT('',(9.15E-1,6.E-1,-3.83E0));
#1669=VERTEX_POINT('',#1667);
#1670=VERTEX_POINT('',#1668);
#1671=CARTESIAN_POINT('',(3.954737509656E-1,6.E-1,-3.83E0));
#1672=VERTEX_POINT('',#1671);
#1673=CARTESIAN_POINT('',(-1.854737509656E-1,6.E-1,-3.83E0));
#1674=CARTESIAN_POINT('',(-4.095262490344E-1,6.E-1,-3.83E0));
#1675=VERTEX_POINT('',#1673);
#1676=VERTEX_POINT('',#1674);
#1677=CARTESIAN_POINT('',(-9.904737509656E-1,6.E-1,-3.83E0));
#1678=CARTESIAN_POINT('',(-1.219526249034E0,6.E-1,-3.83E0));
#1679=VERTEX_POINT('',#1677);
#1680=VERTEX_POINT('',#1678);
#1681=CARTESIAN_POINT('',(-1.800473750966E0,6.E-1,-3.83E0));
#1682=VERTEX_POINT('',#1681);
#1683=CARTESIAN_POINT('',(-2.3E0,1.4E0,3.65E0));
#1684=CARTESIAN_POINT('',(2.3E0,1.4E0,3.65E0));
#1685=VERTEX_POINT('',#1683);
#1686=VERTEX_POINT('',#1684);
#1687=CARTESIAN_POINT('',(-2.4E0,1.6E0,3.75E0));
#1688=VERTEX_POINT('',#1687);
#1689=CARTESIAN_POINT('',(-2.5E0,1.5E0,3.75E0));
#1690=CARTESIAN_POINT('',(-2.5E0,1.5E0,-9.5E-1));
#1691=VERTEX_POINT('',#1689);
#1692=VERTEX_POINT('',#1690);
#1693=CARTESIAN_POINT('',(2.4E0,1.5E0,3.85E0));
#1694=CARTESIAN_POINT('',(-2.4E0,1.5E0,3.85E0));
#1695=VERTEX_POINT('',#1693);
#1696=VERTEX_POINT('',#1694);
#1697=CARTESIAN_POINT('',(2.4E0,1.6E0,3.75E0));
#1698=VERTEX_POINT('',#1697);
#1699=CARTESIAN_POINT('',(2.5E0,1.5E0,-9.5E-1));
#1700=CARTESIAN_POINT('',(2.5E0,1.5E0,3.75E0));
#1701=VERTEX_POINT('',#1699);
#1702=VERTEX_POINT('',#1700);
#1703=CARTESIAN_POINT('',(2.3E0,6.E-1,3.65E0));
#1704=VERTEX_POINT('',#1703);
#1705=CARTESIAN_POINT('',(-2.4E0,6.E-1,3.85E0));
#1706=CARTESIAN_POINT('',(2.4E0,6.E-1,3.85E0));
#1707=VERTEX_POINT('',#1705);
#1708=VERTEX_POINT('',#1706);
#1709=CARTESIAN_POINT('',(2.5E0,6.E-1,3.75E0));
#1710=CARTESIAN_POINT('',(2.5E0,6.E-1,-9.5E-1));
#1711=VERTEX_POINT('',#1709);
#1712=VERTEX_POINT('',#1710);
#1713=CARTESIAN_POINT('',(-2.02E0,2.E-2,3.5E0));
#1714=CARTESIAN_POINT('',(-2.02E0,2.E-2,3.9E0));
#1715=VERTEX_POINT('',#1713);
#1716=VERTEX_POINT('',#1714);
#1717=CARTESIAN_POINT('',(-2.57E0,2.E-2,3.9E0));
#1718=VERTEX_POINT('',#1717);
#1719=CARTESIAN_POINT('',(-2.57E0,2.E-2,3.5E0));
#1720=VERTEX_POINT('',#1719);
#1721=CARTESIAN_POINT('',(-2.02E0,2.E-2,2.73E0));
#1722=CARTESIAN_POINT('',(-2.02E0,2.E-2,3.13E0));
#1723=VERTEX_POINT('',#1721);
#1724=VERTEX_POINT('',#1722);
#1725=CARTESIAN_POINT('',(-2.57E0,2.E-2,3.13E0));
#1726=VERTEX_POINT('',#1725);
#1727=CARTESIAN_POINT('',(-2.57E0,2.E-2,2.73E0));
#1728=VERTEX_POINT('',#1727);
#1729=CARTESIAN_POINT('',(-2.02E0,2.E-2,2.36E0));
#1730=CARTESIAN_POINT('',(-2.57E0,2.E-2,2.36E0));
#1731=VERTEX_POINT('',#1729);
#1732=VERTEX_POINT('',#1730);
#1733=CARTESIAN_POINT('',(-2.57E0,2.E-2,1.96E0));
#1734=VERTEX_POINT('',#1733);
#1735=CARTESIAN_POINT('',(-2.02E0,2.E-2,1.96E0));
#1736=VERTEX_POINT('',#1735);
#1737=CARTESIAN_POINT('',(-2.02E0,2.E-2,1.59E0));
#1738=CARTESIAN_POINT('',(-2.57E0,2.E-2,1.59E0));
#1739=VERTEX_POINT('',#1737);
#1740=VERTEX_POINT('',#1738);
#1741=CARTESIAN_POINT('',(-2.57E0,2.E-2,1.19E0));
#1742=VERTEX_POINT('',#1741);
#1743=CARTESIAN_POINT('',(-2.02E0,2.E-2,1.19E0));
#1744=VERTEX_POINT('',#1743);
#1745=CARTESIAN_POINT('',(-2.02E0,2.E-2,8.2E-1));
#1746=CARTESIAN_POINT('',(-2.57E0,2.E-2,8.2E-1));
#1747=VERTEX_POINT('',#1745);
#1748=VERTEX_POINT('',#1746);
#1749=CARTESIAN_POINT('',(-2.57E0,2.E-2,4.2E-1));
#1750=VERTEX_POINT('',#1749);
#1751=CARTESIAN_POINT('',(-2.02E0,2.E-2,4.2E-1));
#1752=VERTEX_POINT('',#1751);
#1753=CARTESIAN_POINT('',(-2.02E0,2.E-2,5.E-2));
#1754=CARTESIAN_POINT('',(-2.57E0,2.E-2,5.E-2));
#1755=VERTEX_POINT('',#1753);
#1756=VERTEX_POINT('',#1754);
#1757=CARTESIAN_POINT('',(-2.57E0,2.E-2,-3.5E-1));
#1758=VERTEX_POINT('',#1757);
#1759=CARTESIAN_POINT('',(-2.02E0,2.E-2,-3.5E-1));
#1760=VERTEX_POINT('',#1759);
#1761=CARTESIAN_POINT('',(-2.02E0,2.E-2,-7.2E-1));
#1762=CARTESIAN_POINT('',(-2.57E0,2.E-2,-7.2E-1));
#1763=VERTEX_POINT('',#1761);
#1764=VERTEX_POINT('',#1762);
#1765=CARTESIAN_POINT('',(-2.57E0,2.E-2,-1.12E0));
#1766=VERTEX_POINT('',#1765);
#1767=CARTESIAN_POINT('',(-2.02E0,2.E-2,-1.12E0));
#1768=VERTEX_POINT('',#1767);
#1769=CARTESIAN_POINT('',(-1.62E0,2.E-2,3.5E0));
#1770=CARTESIAN_POINT('',(-1.07E0,2.E-2,3.5E0));
#1771=VERTEX_POINT('',#1769);
#1772=VERTEX_POINT('',#1770);
#1773=CARTESIAN_POINT('',(-1.07E0,2.E-2,3.9E0));
#1774=VERTEX_POINT('',#1773);
#1775=CARTESIAN_POINT('',(-1.62E0,2.E-2,3.9E0));
#1776=VERTEX_POINT('',#1775);
#1777=CARTESIAN_POINT('',(-7.2E-1,2.E-2,3.5E0));
#1778=CARTESIAN_POINT('',(-1.7E-1,2.E-2,3.5E0));
#1779=VERTEX_POINT('',#1777);
#1780=VERTEX_POINT('',#1778);
#1781=CARTESIAN_POINT('',(-1.7E-1,2.E-2,3.9E0));
#1782=VERTEX_POINT('',#1781);
#1783=CARTESIAN_POINT('',(-7.2E-1,2.E-2,3.9E0));
#1784=VERTEX_POINT('',#1783);
#1785=CARTESIAN_POINT('',(2.02E0,2.E-2,3.5E0));
#1786=CARTESIAN_POINT('',(2.57E0,2.E-2,3.5E0));
#1787=VERTEX_POINT('',#1785);
#1788=VERTEX_POINT('',#1786);
#1789=CARTESIAN_POINT('',(2.57E0,2.E-2,3.9E0));
#1790=VERTEX_POINT('',#1789);
#1791=CARTESIAN_POINT('',(2.02E0,2.E-2,3.9E0));
#1792=VERTEX_POINT('',#1791);
#1793=CARTESIAN_POINT('',(1.62E0,2.E-2,3.5E0));
#1794=CARTESIAN_POINT('',(1.62E0,2.E-2,3.9E0));
#1795=VERTEX_POINT('',#1793);
#1796=VERTEX_POINT('',#1794);
#1797=CARTESIAN_POINT('',(1.07E0,2.E-2,3.9E0));
#1798=VERTEX_POINT('',#1797);
#1799=CARTESIAN_POINT('',(1.07E0,2.E-2,3.5E0));
#1800=VERTEX_POINT('',#1799);
#1801=CARTESIAN_POINT('',(7.2E-1,2.E-2,3.5E0));
#1802=CARTESIAN_POINT('',(7.2E-1,2.E-2,3.9E0));
#1803=VERTEX_POINT('',#1801);
#1804=VERTEX_POINT('',#1802);
#1805=CARTESIAN_POINT('',(1.7E-1,2.E-2,3.9E0));
#1806=VERTEX_POINT('',#1805);
#1807=CARTESIAN_POINT('',(1.7E-1,2.E-2,3.5E0));
#1808=VERTEX_POINT('',#1807);
#1809=CARTESIAN_POINT('',(2.02E0,2.E-2,2.73E0));
#1810=CARTESIAN_POINT('',(2.57E0,2.E-2,2.73E0));
#1811=VERTEX_POINT('',#1809);
#1812=VERTEX_POINT('',#1810);
#1813=CARTESIAN_POINT('',(2.57E0,2.E-2,3.13E0));
#1814=VERTEX_POINT('',#1813);
#1815=CARTESIAN_POINT('',(2.02E0,2.E-2,3.13E0));
#1816=VERTEX_POINT('',#1815);
#1817=CARTESIAN_POINT('',(2.02E0,2.E-2,2.36E0));
#1818=CARTESIAN_POINT('',(2.02E0,2.E-2,1.96E0));
#1819=VERTEX_POINT('',#1817);
#1820=VERTEX_POINT('',#1818);
#1821=CARTESIAN_POINT('',(2.57E0,2.E-2,1.96E0));
#1822=VERTEX_POINT('',#1821);
#1823=CARTESIAN_POINT('',(2.57E0,2.E-2,2.36E0));
#1824=VERTEX_POINT('',#1823);
#1825=CARTESIAN_POINT('',(2.02E0,2.E-2,1.59E0));
#1826=CARTESIAN_POINT('',(2.02E0,2.E-2,1.19E0));
#1827=VERTEX_POINT('',#1825);
#1828=VERTEX_POINT('',#1826);
#1829=CARTESIAN_POINT('',(2.57E0,2.E-2,1.19E0));
#1830=VERTEX_POINT('',#1829);
#1831=CARTESIAN_POINT('',(2.57E0,2.E-2,1.59E0));
#1832=VERTEX_POINT('',#1831);
#1833=CARTESIAN_POINT('',(2.02E0,2.E-2,-7.2E-1));
#1834=CARTESIAN_POINT('',(2.02E0,2.E-2,-1.12E0));
#1835=VERTEX_POINT('',#1833);
#1836=VERTEX_POINT('',#1834);
#1837=CARTESIAN_POINT('',(2.57E0,2.E-2,-1.12E0));
#1838=VERTEX_POINT('',#1837);
#1839=CARTESIAN_POINT('',(2.57E0,2.E-2,-7.2E-1));
#1840=VERTEX_POINT('',#1839);
#1841=CARTESIAN_POINT('',(-1.17E0,2.E-2,2.73E0));
#1842=CARTESIAN_POINT('',(-6.2E-1,2.E-2,2.73E0));
#1843=VERTEX_POINT('',#1841);
#1844=VERTEX_POINT('',#1842);
#1845=CARTESIAN_POINT('',(-6.2E-1,2.E-2,3.13E0));
#1846=VERTEX_POINT('',#1845);
#1847=CARTESIAN_POINT('',(-1.17E0,2.E-2,3.13E0));
#1848=VERTEX_POINT('',#1847);
#1849=CARTESIAN_POINT('',(-2.7E-1,2.E-2,2.73E0));
#1850=CARTESIAN_POINT('',(2.8E-1,2.E-2,2.73E0));
#1851=VERTEX_POINT('',#1849);
#1852=VERTEX_POINT('',#1850);
#1853=CARTESIAN_POINT('',(2.8E-1,2.E-2,3.13E0));
#1854=VERTEX_POINT('',#1853);
#1855=CARTESIAN_POINT('',(-2.7E-1,2.E-2,3.13E0));
#1856=VERTEX_POINT('',#1855);
#1857=CARTESIAN_POINT('',(1.17E0,2.E-2,2.73E0));
#1858=CARTESIAN_POINT('',(1.17E0,2.E-2,3.13E0));
#1859=VERTEX_POINT('',#1857);
#1860=VERTEX_POINT('',#1858);
#1861=CARTESIAN_POINT('',(6.2E-1,2.E-2,3.13E0));
#1862=VERTEX_POINT('',#1861);
#1863=CARTESIAN_POINT('',(6.2E-1,2.E-2,2.73E0));
#1864=VERTEX_POINT('',#1863);
#1865=CARTESIAN_POINT('',(-2.02E0,0.E0,3.5E0));
#1866=CARTESIAN_POINT('',(-2.02E0,0.E0,3.9E0));
#1867=VERTEX_POINT('',#1865);
#1868=VERTEX_POINT('',#1866);
#1869=CARTESIAN_POINT('',(-2.57E0,0.E0,3.9E0));
#1870=VERTEX_POINT('',#1869);
#1871=CARTESIAN_POINT('',(-2.57E0,0.E0,3.5E0));
#1872=VERTEX_POINT('',#1871);
#1873=CARTESIAN_POINT('',(-2.02E0,0.E0,2.73E0));
#1874=CARTESIAN_POINT('',(-2.02E0,0.E0,3.13E0));
#1875=VERTEX_POINT('',#1873);
#1876=VERTEX_POINT('',#1874);
#1877=CARTESIAN_POINT('',(-2.57E0,0.E0,3.13E0));
#1878=VERTEX_POINT('',#1877);
#1879=CARTESIAN_POINT('',(-2.57E0,0.E0,2.73E0));
#1880=VERTEX_POINT('',#1879);
#1881=CARTESIAN_POINT('',(-2.02E0,0.E0,2.36E0));
#1882=CARTESIAN_POINT('',(-2.57E0,0.E0,2.36E0));
#1883=VERTEX_POINT('',#1881);
#1884=VERTEX_POINT('',#1882);
#1885=CARTESIAN_POINT('',(-2.57E0,0.E0,1.96E0));
#1886=VERTEX_POINT('',#1885);
#1887=CARTESIAN_POINT('',(-2.02E0,0.E0,1.96E0));
#1888=VERTEX_POINT('',#1887);
#1889=CARTESIAN_POINT('',(-2.02E0,0.E0,1.59E0));
#1890=CARTESIAN_POINT('',(-2.57E0,0.E0,1.59E0));
#1891=VERTEX_POINT('',#1889);
#1892=VERTEX_POINT('',#1890);
#1893=CARTESIAN_POINT('',(-2.57E0,0.E0,1.19E0));
#1894=VERTEX_POINT('',#1893);
#1895=CARTESIAN_POINT('',(-2.02E0,0.E0,1.19E0));
#1896=VERTEX_POINT('',#1895);
#1897=CARTESIAN_POINT('',(-2.02E0,0.E0,8.2E-1));
#1898=CARTESIAN_POINT('',(-2.57E0,0.E0,8.2E-1));
#1899=VERTEX_POINT('',#1897);
#1900=VERTEX_POINT('',#1898);
#1901=CARTESIAN_POINT('',(-2.57E0,0.E0,4.2E-1));
#1902=VERTEX_POINT('',#1901);
#1903=CARTESIAN_POINT('',(-2.02E0,0.E0,4.2E-1));
#1904=VERTEX_POINT('',#1903);
#1905=CARTESIAN_POINT('',(-2.02E0,0.E0,5.E-2));
#1906=CARTESIAN_POINT('',(-2.57E0,0.E0,5.E-2));
#1907=VERTEX_POINT('',#1905);
#1908=VERTEX_POINT('',#1906);
#1909=CARTESIAN_POINT('',(-2.57E0,0.E0,-3.5E-1));
#1910=VERTEX_POINT('',#1909);
#1911=CARTESIAN_POINT('',(-2.02E0,0.E0,-3.5E-1));
#1912=VERTEX_POINT('',#1911);
#1913=CARTESIAN_POINT('',(-2.02E0,0.E0,-7.2E-1));
#1914=CARTESIAN_POINT('',(-2.57E0,0.E0,-7.2E-1));
#1915=VERTEX_POINT('',#1913);
#1916=VERTEX_POINT('',#1914);
#1917=CARTESIAN_POINT('',(-2.57E0,0.E0,-1.12E0));
#1918=VERTEX_POINT('',#1917);
#1919=CARTESIAN_POINT('',(-2.02E0,0.E0,-1.12E0));
#1920=VERTEX_POINT('',#1919);
#1921=CARTESIAN_POINT('',(-1.62E0,0.E0,3.5E0));
#1922=CARTESIAN_POINT('',(-1.07E0,0.E0,3.5E0));
#1923=VERTEX_POINT('',#1921);
#1924=VERTEX_POINT('',#1922);
#1925=CARTESIAN_POINT('',(-1.07E0,0.E0,3.9E0));
#1926=VERTEX_POINT('',#1925);
#1927=CARTESIAN_POINT('',(-1.62E0,0.E0,3.9E0));
#1928=VERTEX_POINT('',#1927);
#1929=CARTESIAN_POINT('',(-7.2E-1,0.E0,3.5E0));
#1930=CARTESIAN_POINT('',(-1.7E-1,0.E0,3.5E0));
#1931=VERTEX_POINT('',#1929);
#1932=VERTEX_POINT('',#1930);
#1933=CARTESIAN_POINT('',(-1.7E-1,0.E0,3.9E0));
#1934=VERTEX_POINT('',#1933);
#1935=CARTESIAN_POINT('',(-7.2E-1,0.E0,3.9E0));
#1936=VERTEX_POINT('',#1935);
#1937=CARTESIAN_POINT('',(2.02E0,0.E0,3.5E0));
#1938=CARTESIAN_POINT('',(2.57E0,0.E0,3.5E0));
#1939=VERTEX_POINT('',#1937);
#1940=VERTEX_POINT('',#1938);
#1941=CARTESIAN_POINT('',(2.57E0,0.E0,3.9E0));
#1942=VERTEX_POINT('',#1941);
#1943=CARTESIAN_POINT('',(2.02E0,0.E0,3.9E0));
#1944=VERTEX_POINT('',#1943);
#1945=CARTESIAN_POINT('',(1.62E0,0.E0,3.5E0));
#1946=CARTESIAN_POINT('',(1.62E0,0.E0,3.9E0));
#1947=VERTEX_POINT('',#1945);
#1948=VERTEX_POINT('',#1946);
#1949=CARTESIAN_POINT('',(1.07E0,0.E0,3.9E0));
#1950=VERTEX_POINT('',#1949);
#1951=CARTESIAN_POINT('',(1.07E0,0.E0,3.5E0));
#1952=VERTEX_POINT('',#1951);
#1953=CARTESIAN_POINT('',(7.2E-1,0.E0,3.5E0));
#1954=CARTESIAN_POINT('',(7.2E-1,0.E0,3.9E0));
#1955=VERTEX_POINT('',#1953);
#1956=VERTEX_POINT('',#1954);
#1957=CARTESIAN_POINT('',(1.7E-1,0.E0,3.9E0));
#1958=VERTEX_POINT('',#1957);
#1959=CARTESIAN_POINT('',(1.7E-1,0.E0,3.5E0));
#1960=VERTEX_POINT('',#1959);
#1961=CARTESIAN_POINT('',(2.02E0,0.E0,2.73E0));
#1962=CARTESIAN_POINT('',(2.57E0,0.E0,2.73E0));
#1963=VERTEX_POINT('',#1961);
#1964=VERTEX_POINT('',#1962);
#1965=CARTESIAN_POINT('',(2.57E0,0.E0,3.13E0));
#1966=VERTEX_POINT('',#1965);
#1967=CARTESIAN_POINT('',(2.02E0,0.E0,3.13E0));
#1968=VERTEX_POINT('',#1967);
#1969=CARTESIAN_POINT('',(2.02E0,0.E0,2.36E0));
#1970=CARTESIAN_POINT('',(2.02E0,0.E0,1.96E0));
#1971=VERTEX_POINT('',#1969);
#1972=VERTEX_POINT('',#1970);
#1973=CARTESIAN_POINT('',(2.57E0,0.E0,1.96E0));
#1974=VERTEX_POINT('',#1973);
#1975=CARTESIAN_POINT('',(2.57E0,0.E0,2.36E0));
#1976=VERTEX_POINT('',#1975);
#1977=CARTESIAN_POINT('',(2.02E0,0.E0,1.59E0));
#1978=CARTESIAN_POINT('',(2.02E0,0.E0,1.19E0));
#1979=VERTEX_POINT('',#1977);
#1980=VERTEX_POINT('',#1978);
#1981=CARTESIAN_POINT('',(2.57E0,0.E0,1.19E0));
#1982=VERTEX_POINT('',#1981);
#1983=CARTESIAN_POINT('',(2.57E0,0.E0,1.59E0));
#1984=VERTEX_POINT('',#1983);
#1985=CARTESIAN_POINT('',(2.02E0,0.E0,-7.2E-1));
#1986=CARTESIAN_POINT('',(2.02E0,0.E0,-1.12E0));
#1987=VERTEX_POINT('',#1985);
#1988=VERTEX_POINT('',#1986);
#1989=CARTESIAN_POINT('',(2.57E0,0.E0,-1.12E0));
#1990=VERTEX_POINT('',#1989);
#1991=CARTESIAN_POINT('',(2.57E0,0.E0,-7.2E-1));
#1992=VERTEX_POINT('',#1991);
#1993=CARTESIAN_POINT('',(-1.17E0,0.E0,2.73E0));
#1994=CARTESIAN_POINT('',(-6.2E-1,0.E0,2.73E0));
#1995=VERTEX_POINT('',#1993);
#1996=VERTEX_POINT('',#1994);
#1997=CARTESIAN_POINT('',(-6.2E-1,0.E0,3.13E0));
#1998=VERTEX_POINT('',#1997);
#1999=CARTESIAN_POINT('',(-1.17E0,0.E0,3.13E0));
#2000=VERTEX_POINT('',#1999);
#2001=CARTESIAN_POINT('',(-2.7E-1,0.E0,2.73E0));
#2002=CARTESIAN_POINT('',(2.8E-1,0.E0,2.73E0));
#2003=VERTEX_POINT('',#2001);
#2004=VERTEX_POINT('',#2002);
#2005=CARTESIAN_POINT('',(2.8E-1,0.E0,3.13E0));
#2006=VERTEX_POINT('',#2005);
#2007=CARTESIAN_POINT('',(-2.7E-1,0.E0,3.13E0));
#2008=VERTEX_POINT('',#2007);
#2009=CARTESIAN_POINT('',(1.17E0,0.E0,2.73E0));
#2010=CARTESIAN_POINT('',(1.17E0,0.E0,3.13E0));
#2011=VERTEX_POINT('',#2009);
#2012=VERTEX_POINT('',#2010);
#2013=CARTESIAN_POINT('',(6.2E-1,0.E0,3.13E0));
#2014=VERTEX_POINT('',#2013);
#2015=CARTESIAN_POINT('',(6.2E-1,0.E0,2.73E0));
#2016=VERTEX_POINT('',#2015);
#2017=CARTESIAN_POINT('',(0.E0,0.E0,0.E0));
#2018=DIRECTION('',(0.E0,1.E0,0.E0));
#2019=DIRECTION('',(1.E0,0.E0,0.E0));
#2020=AXIS2_PLACEMENT_3D('',#2017,#2018,#2019);
#2021=PLANE('',#2020);
#2023=ORIENTED_EDGE('',*,*,#2022,.T.);
#2025=ORIENTED_EDGE('',*,*,#2024,.T.);
#2027=ORIENTED_EDGE('',*,*,#2026,.T.);
#2029=ORIENTED_EDGE('',*,*,#2028,.T.);
#2030=EDGE_LOOP('',(#2023,#2025,#2027,#2029));
#2031=FACE_OUTER_BOUND('',#2030,.F.);
#2033=ORIENTED_EDGE('',*,*,#2032,.F.);
#2035=ORIENTED_EDGE('',*,*,#2034,.F.);
#2037=ORIENTED_EDGE('',*,*,#2036,.F.);
#2039=ORIENTED_EDGE('',*,*,#2038,.F.);
#2040=EDGE_LOOP('',(#2033,#2035,#2037,#2039));
#2041=FACE_BOUND('',#2040,.F.);
#2043=ORIENTED_EDGE('',*,*,#2042,.T.);
#2045=ORIENTED_EDGE('',*,*,#2044,.T.);
#2047=ORIENTED_EDGE('',*,*,#2046,.T.);
#2049=ORIENTED_EDGE('',*,*,#2048,.T.);
#2050=EDGE_LOOP('',(#2043,#2045,#2047,#2049));
#2051=FACE_BOUND('',#2050,.F.);
#2053=ORIENTED_EDGE('',*,*,#2052,.T.);
#2055=ORIENTED_EDGE('',*,*,#2054,.T.);
#2057=ORIENTED_EDGE('',*,*,#2056,.T.);
#2059=ORIENTED_EDGE('',*,*,#2058,.T.);
#2060=EDGE_LOOP('',(#2053,#2055,#2057,#2059));
#2061=FACE_BOUND('',#2060,.F.);
#2063=ORIENTED_EDGE('',*,*,#2062,.T.);
#2065=ORIENTED_EDGE('',*,*,#2064,.T.);
#2067=ORIENTED_EDGE('',*,*,#2066,.T.);
#2069=ORIENTED_EDGE('',*,*,#2068,.T.);
#2070=EDGE_LOOP('',(#2063,#2065,#2067,#2069));
#2071=FACE_BOUND('',#2070,.F.);
#2073=ORIENTED_EDGE('',*,*,#2072,.T.);
#2075=ORIENTED_EDGE('',*,*,#2074,.T.);
#2077=ORIENTED_EDGE('',*,*,#2076,.T.);
#2079=ORIENTED_EDGE('',*,*,#2078,.T.);
#2080=EDGE_LOOP('',(#2073,#2075,#2077,#2079));
#2081=FACE_BOUND('',#2080,.F.);
#2083=ORIENTED_EDGE('',*,*,#2082,.T.);
#2085=ORIENTED_EDGE('',*,*,#2084,.T.);
#2087=ORIENTED_EDGE('',*,*,#2086,.T.);
#2089=ORIENTED_EDGE('',*,*,#2088,.T.);
#2090=EDGE_LOOP('',(#2083,#2085,#2087,#2089));
#2091=FACE_BOUND('',#2090,.F.);
#2093=ORIENTED_EDGE('',*,*,#2092,.T.);
#2095=ORIENTED_EDGE('',*,*,#2094,.T.);
#2097=ORIENTED_EDGE('',*,*,#2096,.T.);
#2099=ORIENTED_EDGE('',*,*,#2098,.T.);
#2100=EDGE_LOOP('',(#2093,#2095,#2097,#2099));
#2101=FACE_BOUND('',#2100,.F.);
#2103=ORIENTED_EDGE('',*,*,#2102,.T.);
#2105=ORIENTED_EDGE('',*,*,#2104,.T.);
#2107=ORIENTED_EDGE('',*,*,#2106,.T.);
#2109=ORIENTED_EDGE('',*,*,#2108,.T.);
#2110=EDGE_LOOP('',(#2103,#2105,#2107,#2109));
#2111=FACE_BOUND('',#2110,.F.);
#2113=ORIENTED_EDGE('',*,*,#2112,.T.);
#2115=ORIENTED_EDGE('',*,*,#2114,.T.);
#2117=ORIENTED_EDGE('',*,*,#2116,.T.);
#2119=ORIENTED_EDGE('',*,*,#2118,.T.);
#2120=EDGE_LOOP('',(#2113,#2115,#2117,#2119));
#2121=FACE_BOUND('',#2120,.F.);
#2123=ORIENTED_EDGE('',*,*,#2122,.T.);
#2125=ORIENTED_EDGE('',*,*,#2124,.T.);
#2127=ORIENTED_EDGE('',*,*,#2126,.T.);
#2129=ORIENTED_EDGE('',*,*,#2128,.T.);
#2130=EDGE_LOOP('',(#2123,#2125,#2127,#2129));
#2131=FACE_BOUND('',#2130,.F.);
#2133=ORIENTED_EDGE('',*,*,#2132,.T.);
#2135=ORIENTED_EDGE('',*,*,#2134,.T.);
#2137=ORIENTED_EDGE('',*,*,#2136,.T.);
#2139=ORIENTED_EDGE('',*,*,#2138,.T.);
#2140=EDGE_LOOP('',(#2133,#2135,#2137,#2139));
#2141=FACE_BOUND('',#2140,.F.);
#2143=ORIENTED_EDGE('',*,*,#2142,.T.);
#2145=ORIENTED_EDGE('',*,*,#2144,.T.);
#2147=ORIENTED_EDGE('',*,*,#2146,.T.);
#2149=ORIENTED_EDGE('',*,*,#2148,.T.);
#2150=EDGE_LOOP('',(#2143,#2145,#2147,#2149));
#2151=FACE_BOUND('',#2150,.F.);
#2153=ORIENTED_EDGE('',*,*,#2152,.T.);
#2155=ORIENTED_EDGE('',*,*,#2154,.T.);
#2157=ORIENTED_EDGE('',*,*,#2156,.T.);
#2159=ORIENTED_EDGE('',*,*,#2158,.T.);
#2160=EDGE_LOOP('',(#2153,#2155,#2157,#2159));
#2161=FACE_BOUND('',#2160,.F.);
#2163=ORIENTED_EDGE('',*,*,#2162,.T.);
#2165=ORIENTED_EDGE('',*,*,#2164,.T.);
#2167=ORIENTED_EDGE('',*,*,#2166,.T.);
#2169=ORIENTED_EDGE('',*,*,#2168,.T.);
#2170=EDGE_LOOP('',(#2163,#2165,#2167,#2169));
#2171=FACE_BOUND('',#2170,.F.);
#2173=ORIENTED_EDGE('',*,*,#2172,.T.);
#2175=ORIENTED_EDGE('',*,*,#2174,.T.);
#2177=ORIENTED_EDGE('',*,*,#2176,.T.);
#2179=ORIENTED_EDGE('',*,*,#2178,.T.);
#2180=EDGE_LOOP('',(#2173,#2175,#2177,#2179));
#2181=FACE_BOUND('',#2180,.F.);
#2183=ORIENTED_EDGE('',*,*,#2182,.T.);
#2185=ORIENTED_EDGE('',*,*,#2184,.T.);
#2187=ORIENTED_EDGE('',*,*,#2186,.T.);
#2189=ORIENTED_EDGE('',*,*,#2188,.T.);
#2190=EDGE_LOOP('',(#2183,#2185,#2187,#2189));
#2191=FACE_BOUND('',#2190,.F.);
#2193=ORIENTED_EDGE('',*,*,#2192,.T.);
#2195=ORIENTED_EDGE('',*,*,#2194,.T.);
#2197=ORIENTED_EDGE('',*,*,#2196,.T.);
#2199=ORIENTED_EDGE('',*,*,#2198,.T.);
#2200=EDGE_LOOP('',(#2193,#2195,#2197,#2199));
#2201=FACE_BOUND('',#2200,.F.);
#2203=ORIENTED_EDGE('',*,*,#2202,.T.);
#2205=ORIENTED_EDGE('',*,*,#2204,.T.);
#2207=ORIENTED_EDGE('',*,*,#2206,.T.);
#2209=ORIENTED_EDGE('',*,*,#2208,.T.);
#2210=EDGE_LOOP('',(#2203,#2205,#2207,#2209));
#2211=FACE_BOUND('',#2210,.F.);
#2213=ORIENTED_EDGE('',*,*,#2212,.T.);
#2215=ORIENTED_EDGE('',*,*,#2214,.T.);
#2217=ORIENTED_EDGE('',*,*,#2216,.T.);
#2219=ORIENTED_EDGE('',*,*,#2218,.T.);
#2220=EDGE_LOOP('',(#2213,#2215,#2217,#2219));
#2221=FACE_BOUND('',#2220,.F.);
#2223=ORIENTED_EDGE('',*,*,#2222,.T.);
#2225=ORIENTED_EDGE('',*,*,#2224,.T.);
#2227=ORIENTED_EDGE('',*,*,#2226,.T.);
#2229=ORIENTED_EDGE('',*,*,#2228,.T.);
#2230=EDGE_LOOP('',(#2223,#2225,#2227,#2229));
#2231=FACE_BOUND('',#2230,.F.);
#2232=ADVANCED_FACE('',(#2031,#2041,#2051,#2061,#2071,#2081,#2091,#2101,#2111,
#2121,#2131,#2141,#2151,#2161,#2171,#2181,#2191,#2201,#2211,#2221,#2231),#2021,
.F.);
#2233=CARTESIAN_POINT('',(-2.9E0,0.E0,-4.15E0));
#2234=DIRECTION('',(-1.E0,0.E0,0.E0));
#2235=DIRECTION('',(0.E0,0.E0,1.E0));
#2236=AXIS2_PLACEMENT_3D('',#2233,#2234,#2235);
#2237=PLANE('',#2236);
#2238=ORIENTED_EDGE('',*,*,#2022,.F.);
#2240=ORIENTED_EDGE('',*,*,#2239,.T.);
#2242=ORIENTED_EDGE('',*,*,#2241,.T.);
#2244=ORIENTED_EDGE('',*,*,#2243,.F.);
#2245=EDGE_LOOP('',(#2238,#2240,#2242,#2244));
#2246=FACE_OUTER_BOUND('',#2245,.F.);
#2247=ADVANCED_FACE('',(#2246),#2237,.T.);
#2248=CARTESIAN_POINT('',(2.9E0,0.E0,-4.15E0));
#2249=DIRECTION('',(0.E0,0.E0,-1.E0));
#2250=DIRECTION('',(-1.E0,0.E0,0.E0));
#2251=AXIS2_PLACEMENT_3D('',#2248,#2249,#2250);
#2252=PLANE('',#2251);
#2253=ORIENTED_EDGE('',*,*,#2028,.F.);
#2255=ORIENTED_EDGE('',*,*,#2254,.T.);
#2257=ORIENTED_EDGE('',*,*,#2256,.T.);
#2258=ORIENTED_EDGE('',*,*,#2239,.F.);
#2259=EDGE_LOOP('',(#2253,#2255,#2257,#2258));
#2260=FACE_OUTER_BOUND('',#2259,.F.);
#2261=ADVANCED_FACE('',(#2260),#2252,.T.);
#2262=CARTESIAN_POINT('',(2.9E0,0.E0,4.15E0));
#2263=DIRECTION('',(1.E0,0.E0,0.E0));
#2264=DIRECTION('',(0.E0,0.E0,-1.E0));
#2265=AXIS2_PLACEMENT_3D('',#2262,#2263,#2264);
#2266=PLANE('',#2265);
#2267=ORIENTED_EDGE('',*,*,#2026,.F.);
#2269=ORIENTED_EDGE('',*,*,#2268,.T.);
#2271=ORIENTED_EDGE('',*,*,#2270,.T.);
#2272=ORIENTED_EDGE('',*,*,#2254,.F.);
#2273=EDGE_LOOP('',(#2267,#2269,#2271,#2272));
#2274=FACE_OUTER_BOUND('',#2273,.F.);
#2275=ADVANCED_FACE('',(#2274),#2266,.T.);
#2276=CARTESIAN_POINT('',(-2.9E0,0.E0,4.15E0));
#2277=DIRECTION('',(0.E0,0.E0,1.E0));
#2278=DIRECTION('',(1.E0,0.E0,0.E0));
#2279=AXIS2_PLACEMENT_3D('',#2276,#2277,#2278);
#2280=PLANE('',#2279);
#2281=ORIENTED_EDGE('',*,*,#2024,.F.);
#2282=ORIENTED_EDGE('',*,*,#2243,.T.);
#2284=ORIENTED_EDGE('',*,*,#2283,.T.);
#2285=ORIENTED_EDGE('',*,*,#2268,.F.);
#2286=EDGE_LOOP('',(#2281,#2282,#2284,#2285));
#2287=FACE_OUTER_BOUND('',#2286,.F.);
#2288=ADVANCED_FACE('',(#2287),#2280,.T.);
#2289=CARTESIAN_POINT('',(0.E0,6.E-1,0.E0));
#2290=DIRECTION('',(0.E0,1.E0,0.E0));
#2291=DIRECTION('',(1.E0,0.E0,0.E0));
#2292=AXIS2_PLACEMENT_3D('',#2289,#2290,#2291);
#2293=PLANE('',#2292);
#2294=ORIENTED_EDGE('',*,*,#2241,.F.);
#2295=ORIENTED_EDGE('',*,*,#2256,.F.);
#2296=ORIENTED_EDGE('',*,*,#2270,.F.);
#2297=ORIENTED_EDGE('',*,*,#2283,.F.);
#2298=EDGE_LOOP('',(#2294,#2295,#2296,#2297));
#2299=FACE_OUTER_BOUND('',#2298,.F.);
#2301=ORIENTED_EDGE('',*,*,#2300,.T.);
#2303=ORIENTED_EDGE('',*,*,#2302,.F.);
#2305=ORIENTED_EDGE('',*,*,#2304,.T.);
#2307=ORIENTED_EDGE('',*,*,#2306,.F.);
#2309=ORIENTED_EDGE('',*,*,#2308,.T.);
#2311=ORIENTED_EDGE('',*,*,#2310,.F.);
#2313=ORIENTED_EDGE('',*,*,#2312,.T.);
#2315=ORIENTED_EDGE('',*,*,#2314,.T.);
#2317=ORIENTED_EDGE('',*,*,#2316,.T.);
#2319=ORIENTED_EDGE('',*,*,#2318,.T.);
#2321=ORIENTED_EDGE('',*,*,#2320,.T.);
#2323=ORIENTED_EDGE('',*,*,#2322,.F.);
#2324=EDGE_LOOP('',(#2301,#2303,#2305,#2307,#2309,#2311,#2313,#2315,#2317,#2319,
#2321,#2323));
#2325=FACE_BOUND('',#2324,.F.);
#2327=ORIENTED_EDGE('',*,*,#2326,.T.);
#2329=ORIENTED_EDGE('',*,*,#2328,.F.);
#2331=ORIENTED_EDGE('',*,*,#2330,.T.);
#2333=ORIENTED_EDGE('',*,*,#2332,.T.);
#2335=ORIENTED_EDGE('',*,*,#2334,.F.);
#2337=ORIENTED_EDGE('',*,*,#2336,.T.);
#2339=ORIENTED_EDGE('',*,*,#2338,.F.);
#2341=ORIENTED_EDGE('',*,*,#2340,.T.);
#2343=ORIENTED_EDGE('',*,*,#2342,.F.);
#2345=ORIENTED_EDGE('',*,*,#2344,.T.);
#2347=ORIENTED_EDGE('',*,*,#2346,.T.);
#2349=ORIENTED_EDGE('',*,*,#2348,.F.);
#2351=ORIENTED_EDGE('',*,*,#2350,.T.);
#2353=ORIENTED_EDGE('',*,*,#2352,.T.);
#2355=ORIENTED_EDGE('',*,*,#2354,.F.);
#2357=ORIENTED_EDGE('',*,*,#2356,.T.);
#2359=ORIENTED_EDGE('',*,*,#2358,.F.);
#2361=ORIENTED_EDGE('',*,*,#2360,.T.);
#2363=ORIENTED_EDGE('',*,*,#2362,.F.);
#2365=ORIENTED_EDGE('',*,*,#2364,.T.);
#2366=EDGE_LOOP('',(#2327,#2329,#2331,#2333,#2335,#2337,#2339,#2341,#2343,#2345,
#2347,#2349,#2351,#2353,#2355,#2357,#2359,#2361,#2363,#2365));
#2367=FACE_BOUND('',#2366,.F.);
#2368=ADVANCED_FACE('',(#2299,#2325,#2367),#2293,.T.);
#2369=CARTESIAN_POINT('',(0.E0,6.E-1,0.E0));
#2370=DIRECTION('',(0.E0,1.E0,0.E0));
#2371=DIRECTION('',(1.E0,0.E0,0.E0));
#2372=AXIS2_PLACEMENT_3D('',#2369,#2370,#2371);
#2373=PLANE('',#2372);
#2375=ORIENTED_EDGE('',*,*,#2374,.T.);
#2377=ORIENTED_EDGE('',*,*,#2376,.T.);
#2379=ORIENTED_EDGE('',*,*,#2378,.T.);
#2381=ORIENTED_EDGE('',*,*,#2380,.T.);
#2383=ORIENTED_EDGE('',*,*,#2382,.T.);
#2385=ORIENTED_EDGE('',*,*,#2384,.T.);
#2387=ORIENTED_EDGE('',*,*,#2386,.T.);
#2389=ORIENTED_EDGE('',*,*,#2388,.T.);
#2390=EDGE_LOOP('',(#2375,#2377,#2379,#2381,#2383,#2385,#2387,#2389));
#2391=FACE_OUTER_BOUND('',#2390,.F.);
#2392=ADVANCED_FACE('',(#2391),#2373,.T.);
#2393=CARTESIAN_POINT('',(-2.5E0,1.6E0,-8.5E-1));
#2394=DIRECTION('',(-1.E0,0.E0,0.E0));
#2395=DIRECTION('',(0.E0,0.E0,1.E0));
#2396=AXIS2_PLACEMENT_3D('',#2393,#2394,#2395);
#2397=PLANE('',#2396);
#2398=ORIENTED_EDGE('',*,*,#2300,.F.);
#2400=ORIENTED_EDGE('',*,*,#2399,.F.);
#2402=ORIENTED_EDGE('',*,*,#2401,.F.);
#2404=ORIENTED_EDGE('',*,*,#2403,.T.);
#2405=EDGE_LOOP('',(#2398,#2400,#2402,#2404));
#2406=FACE_OUTER_BOUND('',#2405,.F.);
#2407=ADVANCED_FACE('',(#2406),#2397,.T.);
#2408=CARTESIAN_POINT('',(-2.4E0,3.42504E0,-9.5E-1));
#2409=DIRECTION('',(0.E0,-1.E0,0.E0));
#2410=DIRECTION('',(-1.E0,0.E0,0.E0));
#2411=AXIS2_PLACEMENT_3D('',#2408,#2409,#2410);
#2412=CYLINDRICAL_SURFACE('',#2411,1.E-1);
#2413=ORIENTED_EDGE('',*,*,#2322,.T.);
#2415=ORIENTED_EDGE('',*,*,#2414,.F.);
#2417=ORIENTED_EDGE('',*,*,#2416,.T.);
#2418=ORIENTED_EDGE('',*,*,#2399,.T.);
#2419=EDGE_LOOP('',(#2413,#2415,#2417,#2418));
#2420=FACE_OUTER_BOUND('',#2419,.F.);
#2421=ADVANCED_FACE('',(#2420),#2412,.T.);
#2422=CARTESIAN_POINT('',(2.5E0,1.6E0,-1.05E0));
#2423=DIRECTION('',(0.E0,0.E0,-1.E0));
#2424=DIRECTION('',(-1.E0,0.E0,0.E0));
#2425=AXIS2_PLACEMENT_3D('',#2422,#2423,#2424);
#2426=PLANE('',#2425);
#2427=ORIENTED_EDGE('',*,*,#2312,.F.);
#2429=ORIENTED_EDGE('',*,*,#2428,.F.);
#2431=ORIENTED_EDGE('',*,*,#2430,.T.);
#2432=ORIENTED_EDGE('',*,*,#2414,.T.);
#2433=ORIENTED_EDGE('',*,*,#2320,.F.);
#2435=ORIENTED_EDGE('',*,*,#2434,.F.);
#2437=ORIENTED_EDGE('',*,*,#2436,.T.);
#2439=ORIENTED_EDGE('',*,*,#2438,.T.);
#2440=EDGE_LOOP('',(#2427,#2429,#2431,#2432,#2433,#2435,#2437,#2439));
#2441=FACE_OUTER_BOUND('',#2440,.F.);
#2442=ADVANCED_FACE('',(#2441),#2426,.T.);
#2443=CARTESIAN_POINT('',(2.4E0,3.42504E0,-9.5E-1));
#2444=DIRECTION('',(0.E0,-1.E0,0.E0));
#2445=DIRECTION('',(0.E0,0.E0,-1.E0));
#2446=AXIS2_PLACEMENT_3D('',#2443,#2444,#2445);
#2447=CYLINDRICAL_SURFACE('',#2446,1.E-1);
#2448=ORIENTED_EDGE('',*,*,#2310,.T.);
#2450=ORIENTED_EDGE('',*,*,#2449,.F.);
#2452=ORIENTED_EDGE('',*,*,#2451,.T.);
#2453=ORIENTED_EDGE('',*,*,#2428,.T.);
#2454=EDGE_LOOP('',(#2448,#2450,#2452,#2453));
#2455=FACE_OUTER_BOUND('',#2454,.F.);
#2456=ADVANCED_FACE('',(#2455),#2447,.T.);
#2457=CARTESIAN_POINT('',(2.5E0,6.E-1,3.85E0));
#2458=DIRECTION('',(1.E0,0.E0,0.E0));
#2459=DIRECTION('',(0.E0,0.E0,-1.E0));
#2460=AXIS2_PLACEMENT_3D('',#2457,#2458,#2459);
#2461=PLANE('',#2460);
#2462=ORIENTED_EDGE('',*,*,#2308,.F.);
#2464=ORIENTED_EDGE('',*,*,#2463,.F.);
#2466=ORIENTED_EDGE('',*,*,#2465,.F.);
#2467=ORIENTED_EDGE('',*,*,#2449,.T.);
#2468=EDGE_LOOP('',(#2462,#2464,#2466,#2467));
#2469=FACE_OUTER_BOUND('',#2468,.F.);
#2470=ADVANCED_FACE('',(#2469),#2461,.T.);
#2471=CARTESIAN_POINT('',(2.4E0,3.42504E0,3.75E0));
#2472=DIRECTION('',(0.E0,-1.E0,0.E0));
#2473=DIRECTION('',(1.E0,0.E0,0.E0));
#2474=AXIS2_PLACEMENT_3D('',#2471,#2472,#2473);
#2475=CYLINDRICAL_SURFACE('',#2474,1.E-1);
#2476=ORIENTED_EDGE('',*,*,#2306,.T.);
#2478=ORIENTED_EDGE('',*,*,#2477,.F.);
#2480=ORIENTED_EDGE('',*,*,#2479,.T.);
#2481=ORIENTED_EDGE('',*,*,#2463,.T.);
#2482=EDGE_LOOP('',(#2476,#2478,#2480,#2481));
#2483=FACE_OUTER_BOUND('',#2482,.F.);
#2484=ADVANCED_FACE('',(#2483),#2475,.T.);
#2485=CARTESIAN_POINT('',(-2.5E0,1.6E0,3.85E0));
#2486=DIRECTION('',(0.E0,0.E0,1.E0));
#2487=DIRECTION('',(1.E0,0.E0,0.E0));
#2488=AXIS2_PLACEMENT_3D('',#2485,#2486,#2487);
#2489=PLANE('',#2488);
#2490=ORIENTED_EDGE('',*,*,#2304,.F.);
#2492=ORIENTED_EDGE('',*,*,#2491,.F.);
#2494=ORIENTED_EDGE('',*,*,#2493,.F.);
#2495=ORIENTED_EDGE('',*,*,#2477,.T.);
#2496=EDGE_LOOP('',(#2490,#2492,#2494,#2495));
#2497=FACE_OUTER_BOUND('',#2496,.F.);
#2498=ADVANCED_FACE('',(#2497),#2489,.T.);
#2499=CARTESIAN_POINT('',(-2.4E0,3.42504E0,3.75E0));
#2500=DIRECTION('',(0.E0,-1.E0,0.E0));
#2501=DIRECTION('',(0.E0,0.E0,1.E0));
#2502=AXIS2_PLACEMENT_3D('',#2499,#2500,#2501);
#2503=CYLINDRICAL_SURFACE('',#2502,1.E-1);
#2504=ORIENTED_EDGE('',*,*,#2302,.T.);
#2505=ORIENTED_EDGE('',*,*,#2403,.F.);
#2507=ORIENTED_EDGE('',*,*,#2506,.T.);
#2508=ORIENTED_EDGE('',*,*,#2491,.T.);
#2509=EDGE_LOOP('',(#2504,#2505,#2507,#2508));
#2510=FACE_OUTER_BOUND('',#2509,.F.);
#2511=ADVANCED_FACE('',(#2510),#2503,.T.);
#2512=CARTESIAN_POINT('',(-2.4E0,1.5E0,3.75E0));
#2513=DIRECTION('',(0.E0,-7.071067811865E-1,7.071067811865E-1));
#2514=DIRECTION('',(0.E0,7.071067811865E-1,7.071067811865E-1));
#2515=AXIS2_PLACEMENT_3D('',#2512,#2513,#2514);
#2516=SPHERICAL_SURFACE('',#2515,1.E-1);
#2518=ORIENTED_EDGE('',*,*,#2517,.F.);
#2519=ORIENTED_EDGE('',*,*,#2506,.F.);
#2521=ORIENTED_EDGE('',*,*,#2520,.F.);
#2522=EDGE_LOOP('',(#2518,#2519,#2521));
#2523=FACE_OUTER_BOUND('',#2522,.F.);
#2524=ADVANCED_FACE('',(#2523),#2516,.T.);
#2525=CARTESIAN_POINT('',(9.018E0,1.5E0,3.75E0));
#2526=DIRECTION('',(-1.E0,0.E0,0.E0));
#2527=DIRECTION('',(0.E0,0.E0,1.E0));
#2528=AXIS2_PLACEMENT_3D('',#2525,#2526,#2527);
#2529=CYLINDRICAL_SURFACE('',#2528,1.E-1);
#2530=ORIENTED_EDGE('',*,*,#2493,.T.);
#2531=ORIENTED_EDGE('',*,*,#2517,.T.);
#2533=ORIENTED_EDGE('',*,*,#2532,.F.);
#2535=ORIENTED_EDGE('',*,*,#2534,.T.);
#2536=EDGE_LOOP('',(#2530,#2531,#2533,#2535));
#2537=FACE_OUTER_BOUND('',#2536,.F.);
#2538=ADVANCED_FACE('',(#2537),#2529,.T.);
#2539=CARTESIAN_POINT('',(0.E0,1.6E0,1.4E0));
#2540=DIRECTION('',(0.E0,1.E0,0.E0));
#2541=DIRECTION('',(1.E0,0.E0,0.E0));
#2542=AXIS2_PLACEMENT_3D('',#2539,#2540,#2541);
#2543=PLANE('',#2542);
#2545=ORIENTED_EDGE('',*,*,#2544,.F.);
#2547=ORIENTED_EDGE('',*,*,#2546,.T.);
#2548=ORIENTED_EDGE('',*,*,#2532,.T.);
#2550=ORIENTED_EDGE('',*,*,#2549,.T.);
#2551=EDGE_LOOP('',(#2545,#2547,#2548,#2550));
#2552=FACE_OUTER_BOUND('',#2551,.F.);
#2553=ADVANCED_FACE('',(#2552),#2543,.T.);
#2554=CARTESIAN_POINT('',(9.018E0,1.5E0,-9.5E-1));
#2555=DIRECTION('',(-1.E0,0.E0,0.E0));
#2556=DIRECTION('',(0.E0,1.E0,0.E0));
#2557=AXIS2_PLACEMENT_3D('',#2554,#2555,#2556);
#2558=CYLINDRICAL_SURFACE('',#2557,1.E-1);
#2559=ORIENTED_EDGE('',*,*,#2430,.F.);
#2561=ORIENTED_EDGE('',*,*,#2560,.T.);
#2562=ORIENTED_EDGE('',*,*,#2544,.T.);
#2564=ORIENTED_EDGE('',*,*,#2563,.T.);
#2565=EDGE_LOOP('',(#2559,#2561,#2562,#2564));
#2566=FACE_OUTER_BOUND('',#2565,.F.);
#2567=ADVANCED_FACE('',(#2566),#2558,.T.);
#2568=CARTESIAN_POINT('',(2.4E0,1.5E0,-9.5E-1));
#2569=DIRECTION('',(7.071067811865E-1,0.E0,7.071067811865E-1));
#2570=DIRECTION('',(7.071067811865E-1,0.E0,-7.071067811865E-1));
#2571=AXIS2_PLACEMENT_3D('',#2568,#2569,#2570);
#2572=SPHERICAL_SURFACE('',#2571,1.E-1);
#2573=ORIENTED_EDGE('',*,*,#2451,.F.);
#2575=ORIENTED_EDGE('',*,*,#2574,.F.);
#2576=ORIENTED_EDGE('',*,*,#2560,.F.);
#2577=EDGE_LOOP('',(#2573,#2575,#2576));
#2578=FACE_OUTER_BOUND('',#2577,.F.);
#2579=ADVANCED_FACE('',(#2578),#2572,.T.);
#2580=CARTESIAN_POINT('',(2.4E0,1.5E0,-7.43764E0));
#2581=DIRECTION('',(0.E0,0.E0,1.E0));
#2582=DIRECTION('',(1.E0,0.E0,0.E0));
#2583=AXIS2_PLACEMENT_3D('',#2580,#2581,#2582);
#2584=CYLINDRICAL_SURFACE('',#2583,1.E-1);
#2585=ORIENTED_EDGE('',*,*,#2465,.T.);
#2587=ORIENTED_EDGE('',*,*,#2586,.T.);
#2588=ORIENTED_EDGE('',*,*,#2546,.F.);
#2589=ORIENTED_EDGE('',*,*,#2574,.T.);
#2590=EDGE_LOOP('',(#2585,#2587,#2588,#2589));
#2591=FACE_OUTER_BOUND('',#2590,.F.);
#2592=ADVANCED_FACE('',(#2591),#2584,.T.);
#2593=CARTESIAN_POINT('',(2.4E0,1.5E0,3.75E0));
#2594=DIRECTION('',(7.071067811865E-1,-7.071067811865E-1,0.E0));
#2595=DIRECTION('',(7.071067811865E-1,7.071067811865E-1,0.E0));
#2596=AXIS2_PLACEMENT_3D('',#2593,#2594,#2595);
#2597=SPHERICAL_SURFACE('',#2596,1.E-1);
#2598=ORIENTED_EDGE('',*,*,#2586,.F.);
#2599=ORIENTED_EDGE('',*,*,#2479,.F.);
#2600=ORIENTED_EDGE('',*,*,#2534,.F.);
#2601=EDGE_LOOP('',(#2598,#2599,#2600));
#2602=FACE_OUTER_BOUND('',#2601,.F.);
#2603=ADVANCED_FACE('',(#2602),#2597,.T.);
#2604=CARTESIAN_POINT('',(-2.4E0,1.5E0,-9.5E-1));
#2605=DIRECTION('',(7.071067811865E-1,0.E0,-7.071067811865E-1));
#2606=DIRECTION('',(-7.071067811865E-1,0.E0,-7.071067811865E-1));
#2607=AXIS2_PLACEMENT_3D('',#2604,#2605,#2606);
#2608=SPHERICAL_SURFACE('',#2607,1.E-1);
#2610=ORIENTED_EDGE('',*,*,#2609,.F.);
#2611=ORIENTED_EDGE('',*,*,#2416,.F.);
#2612=ORIENTED_EDGE('',*,*,#2563,.F.);
#2613=EDGE_LOOP('',(#2610,#2611,#2612));
#2614=FACE_OUTER_BOUND('',#2613,.F.);
#2615=ADVANCED_FACE('',(#2614),#2608,.T.);
#2616=CARTESIAN_POINT('',(-2.4E0,1.5E0,1.023764E1));
#2617=DIRECTION('',(0.E0,0.E0,-1.E0));
#2618=DIRECTION('',(-1.E0,0.E0,0.E0));
#2619=AXIS2_PLACEMENT_3D('',#2616,#2617,#2618);
#2620=CYLINDRICAL_SURFACE('',#2619,1.E-1);
#2621=ORIENTED_EDGE('',*,*,#2549,.F.);
#2622=ORIENTED_EDGE('',*,*,#2520,.T.);
#2623=ORIENTED_EDGE('',*,*,#2401,.T.);
#2624=ORIENTED_EDGE('',*,*,#2609,.T.);
#2625=EDGE_LOOP('',(#2621,#2622,#2623,#2624));
#2626=FACE_OUTER_BOUND('',#2625,.F.);
#2627=ADVANCED_FACE('',(#2626),#2620,.T.);
#2628=CARTESIAN_POINT('',(6.25E-1,6.E-1,-9.5E-1));
#2629=DIRECTION('',(0.E0,1.E0,0.E0));
#2630=DIRECTION('',(1.E0,0.E0,0.E0));
#2631=AXIS2_PLACEMENT_3D('',#2628,#2629,#2630);
#2632=CYLINDRICAL_SURFACE('',#2631,2.25E-1);
#2633=ORIENTED_EDGE('',*,*,#2434,.T.);
#2634=ORIENTED_EDGE('',*,*,#2318,.F.);
#2636=ORIENTED_EDGE('',*,*,#2635,.T.);
#2637=ORIENTED_EDGE('',*,*,#2032,.T.);
#2639=ORIENTED_EDGE('',*,*,#2638,.F.);
#2640=ORIENTED_EDGE('',*,*,#2378,.F.);
#2642=ORIENTED_EDGE('',*,*,#2641,.F.);
#2644=ORIENTED_EDGE('',*,*,#2643,.T.);
#2645=EDGE_LOOP('',(#2633,#2634,#2636,#2637,#2639,#2640,#2642,#2644));
#2646=FACE_OUTER_BOUND('',#2645,.F.);
#2647=ADVANCED_FACE('',(#2646),#2632,.F.);
#2648=CARTESIAN_POINT('',(1.575E0,6.E-1,-1.175E0));
#2649=DIRECTION('',(0.E0,0.E0,-1.E0));
#2650=DIRECTION('',(-1.E0,0.E0,0.E0));
#2651=AXIS2_PLACEMENT_3D('',#2648,#2649,#2650);
#2652=PLANE('',#2651);
#2653=ORIENTED_EDGE('',*,*,#2034,.T.);
#2654=ORIENTED_EDGE('',*,*,#2635,.F.);
#2655=ORIENTED_EDGE('',*,*,#2316,.F.);
#2657=ORIENTED_EDGE('',*,*,#2656,.T.);
#2658=EDGE_LOOP('',(#2653,#2654,#2655,#2657));
#2659=FACE_OUTER_BOUND('',#2658,.F.);
#2660=ADVANCED_FACE('',(#2659),#2652,.F.);
#2661=CARTESIAN_POINT('',(1.575E0,6.E-1,-9.5E-1));
#2662=DIRECTION('',(0.E0,1.E0,0.E0));
#2663=DIRECTION('',(1.E0,0.E0,0.E0));
#2664=AXIS2_PLACEMENT_3D('',#2661,#2662,#2663);
#2665=CYLINDRICAL_SURFACE('',#2664,2.25E-1);
#2666=ORIENTED_EDGE('',*,*,#2438,.F.);
#2668=ORIENTED_EDGE('',*,*,#2667,.T.);
#2670=ORIENTED_EDGE('',*,*,#2669,.T.);
#2671=ORIENTED_EDGE('',*,*,#2382,.F.);
#2673=ORIENTED_EDGE('',*,*,#2672,.T.);
#2674=ORIENTED_EDGE('',*,*,#2036,.T.);
#2675=ORIENTED_EDGE('',*,*,#2656,.F.);
#2676=ORIENTED_EDGE('',*,*,#2314,.F.);
#2677=EDGE_LOOP('',(#2666,#2668,#2670,#2671,#2673,#2674,#2675,#2676));
#2678=FACE_OUTER_BOUND('',#2677,.F.);
#2679=ADVANCED_FACE('',(#2678),#2665,.F.);
#2680=CARTESIAN_POINT('',(0.E0,2.E-1,1.4E0));
#2681=DIRECTION('',(0.E0,-1.E0,0.E0));
#2682=DIRECTION('',(1.E0,0.E0,0.E0));
#2683=AXIS2_PLACEMENT_3D('',#2680,#2681,#2682);
#2684=PLANE('',#2683);
#2685=ORIENTED_EDGE('',*,*,#2643,.F.);
#2687=ORIENTED_EDGE('',*,*,#2686,.F.);
#2688=ORIENTED_EDGE('',*,*,#2667,.F.);
#2689=ORIENTED_EDGE('',*,*,#2436,.F.);
#2690=EDGE_LOOP('',(#2685,#2687,#2688,#2689));
#2691=FACE_OUTER_BOUND('',#2690,.F.);
#2692=ADVANCED_FACE('',(#2691),#2684,.T.);
#2693=CARTESIAN_POINT('',(-2.5E0,1.6E0,-8.5E-1));
#2694=DIRECTION('',(0.E0,0.E0,1.E0));
#2695=DIRECTION('',(1.E0,0.E0,0.E0));
#2696=AXIS2_PLACEMENT_3D('',#2693,#2694,#2695);
#2697=PLANE('',#2696);
#2698=ORIENTED_EDGE('',*,*,#2376,.F.);
#2700=ORIENTED_EDGE('',*,*,#2699,.T.);
#2702=ORIENTED_EDGE('',*,*,#2701,.F.);
#2704=ORIENTED_EDGE('',*,*,#2703,.F.);
#2705=ORIENTED_EDGE('',*,*,#2384,.F.);
#2706=ORIENTED_EDGE('',*,*,#2669,.F.);
#2707=ORIENTED_EDGE('',*,*,#2686,.T.);
#2708=ORIENTED_EDGE('',*,*,#2641,.T.);
#2709=EDGE_LOOP('',(#2698,#2700,#2702,#2704,#2705,#2706,#2707,#2708));
#2710=FACE_OUTER_BOUND('',#2709,.F.);
#2711=ADVANCED_FACE('',(#2710),#2697,.T.);
#2712=CARTESIAN_POINT('',(-2.3E0,1.6E0,3.65E0));
#2713=DIRECTION('',(1.E0,0.E0,0.E0));
#2714=DIRECTION('',(0.E0,0.E0,-1.E0));
#2715=AXIS2_PLACEMENT_3D('',#2712,#2713,#2714);
#2716=PLANE('',#2715);
#2717=ORIENTED_EDGE('',*,*,#2374,.F.);
#2719=ORIENTED_EDGE('',*,*,#2718,.T.);
#2721=ORIENTED_EDGE('',*,*,#2720,.T.);
#2722=ORIENTED_EDGE('',*,*,#2699,.F.);
#2723=EDGE_LOOP('',(#2717,#2719,#2721,#2722));
#2724=FACE_OUTER_BOUND('',#2723,.F.);
#2725=ADVANCED_FACE('',(#2724),#2716,.T.);
#2726=CARTESIAN_POINT('',(2.3E0,1.6E0,3.65E0));
#2727=DIRECTION('',(0.E0,0.E0,-1.E0));
#2728=DIRECTION('',(-1.E0,0.E0,0.E0));
#2729=AXIS2_PLACEMENT_3D('',#2726,#2727,#2728);
#2730=PLANE('',#2729);
#2731=ORIENTED_EDGE('',*,*,#2388,.F.);
#2733=ORIENTED_EDGE('',*,*,#2732,.T.);
#2735=ORIENTED_EDGE('',*,*,#2734,.F.);
#2736=ORIENTED_EDGE('',*,*,#2718,.F.);
#2737=EDGE_LOOP('',(#2731,#2733,#2735,#2736));
#2738=FACE_OUTER_BOUND('',#2737,.F.);
#2739=ADVANCED_FACE('',(#2738),#2730,.T.);
#2740=CARTESIAN_POINT('',(2.3E0,6.E-1,-8.5E-1));
#2741=DIRECTION('',(-1.E0,0.E0,0.E0));
#2742=DIRECTION('',(0.E0,0.E0,1.E0));
#2743=AXIS2_PLACEMENT_3D('',#2740,#2741,#2742);
#2744=PLANE('',#2743);
#2745=ORIENTED_EDGE('',*,*,#2386,.F.);
#2746=ORIENTED_EDGE('',*,*,#2703,.T.);
#2748=ORIENTED_EDGE('',*,*,#2747,.F.);
#2749=ORIENTED_EDGE('',*,*,#2732,.F.);
#2750=EDGE_LOOP('',(#2745,#2746,#2748,#2749));
#2751=FACE_OUTER_BOUND('',#2750,.F.);
#2752=ADVANCED_FACE('',(#2751),#2744,.T.);
#2753=CARTESIAN_POINT('',(0.E0,1.4E0,1.4E0));
#2754=DIRECTION('',(0.E0,1.E0,0.E0));
#2755=DIRECTION('',(1.E0,0.E0,0.E0));
#2756=AXIS2_PLACEMENT_3D('',#2753,#2754,#2755);
#2757=PLANE('',#2756);
#2758=ORIENTED_EDGE('',*,*,#2701,.T.);
#2759=ORIENTED_EDGE('',*,*,#2720,.F.);
#2760=ORIENTED_EDGE('',*,*,#2734,.T.);
#2761=ORIENTED_EDGE('',*,*,#2747,.T.);
#2762=EDGE_LOOP('',(#2758,#2759,#2760,#2761));
#2763=FACE_OUTER_BOUND('',#2762,.F.);
#2764=ADVANCED_FACE('',(#2763),#2757,.F.);
#2765=CARTESIAN_POINT('',(6.25E-1,6.E-1,-7.25E-1));
#2766=DIRECTION('',(0.E0,0.E0,1.E0));
#2767=DIRECTION('',(1.E0,0.E0,0.E0));
#2768=AXIS2_PLACEMENT_3D('',#2765,#2766,#2767);
#2769=PLANE('',#2768);
#2770=ORIENTED_EDGE('',*,*,#2038,.T.);
#2771=ORIENTED_EDGE('',*,*,#2672,.F.);
#2772=ORIENTED_EDGE('',*,*,#2380,.F.);
#2773=ORIENTED_EDGE('',*,*,#2638,.T.);
#2774=EDGE_LOOP('',(#2770,#2771,#2772,#2773));
#2775=FACE_OUTER_BOUND('',#2774,.F.);
#2776=ADVANCED_FACE('',(#2775),#2769,.F.);
#2777=CARTESIAN_POINT('',(-2.315E0,6.E-1,-3.83E0));
#2778=DIRECTION('',(-1.E0,0.E0,0.E0));
#2779=DIRECTION('',(0.E0,0.E0,1.E0));
#2780=AXIS2_PLACEMENT_3D('',#2777,#2778,#2779);
#2781=PLANE('',#2780);
#2782=ORIENTED_EDGE('',*,*,#2326,.F.);
#2784=ORIENTED_EDGE('',*,*,#2783,.T.);
#2786=ORIENTED_EDGE('',*,*,#2785,.T.);
#2788=ORIENTED_EDGE('',*,*,#2787,.F.);
#2789=EDGE_LOOP('',(#2782,#2784,#2786,#2788));
#2790=FACE_OUTER_BOUND('',#2789,.F.);
#2791=ADVANCED_FACE('',(#2790),#2781,.T.);
#2792=CARTESIAN_POINT('',(-2.315E0,6.E-1,-3.83E0));
#2793=DIRECTION('',(-1.E0,0.E0,0.E0));
#2794=DIRECTION('',(0.E0,0.E0,1.E0));
#2795=AXIS2_PLACEMENT_3D('',#2792,#2793,#2794);
#2796=PLANE('',#2795);
#2797=ORIENTED_EDGE('',*,*,#2330,.F.);
#2799=ORIENTED_EDGE('',*,*,#2798,.T.);
#2801=ORIENTED_EDGE('',*,*,#2800,.T.);
#2803=ORIENTED_EDGE('',*,*,#2802,.F.);
#2804=EDGE_LOOP('',(#2797,#2799,#2801,#2803));
#2805=FACE_OUTER_BOUND('',#2804,.F.);
#2806=ADVANCED_FACE('',(#2805),#2796,.T.);
#2807=CARTESIAN_POINT('',(9.15E-1,6.E-1,-3.83E0));
#2808=DIRECTION('',(0.E0,0.E0,-1.E0));
#2809=DIRECTION('',(-1.E0,0.E0,0.E0));
#2810=AXIS2_PLACEMENT_3D('',#2807,#2808,#2809);
#2811=PLANE('',#2810);
#2812=ORIENTED_EDGE('',*,*,#2352,.F.);
#2814=ORIENTED_EDGE('',*,*,#2813,.T.);
#2816=ORIENTED_EDGE('',*,*,#2815,.T.);
#2818=ORIENTED_EDGE('',*,*,#2817,.F.);
#2819=EDGE_LOOP('',(#2812,#2814,#2816,#2818));
#2820=FACE_OUTER_BOUND('',#2819,.F.);
#2821=ADVANCED_FACE('',(#2820),#2811,.T.);
#2822=CARTESIAN_POINT('',(9.15E-1,6.E-1,-3.83E0));
#2823=DIRECTION('',(0.E0,0.E0,-1.E0));
#2824=DIRECTION('',(-1.E0,0.E0,0.E0));
#2825=AXIS2_PLACEMENT_3D('',#2822,#2823,#2824);
#2826=PLANE('',#2825);
#2827=ORIENTED_EDGE('',*,*,#2356,.F.);
#2829=ORIENTED_EDGE('',*,*,#2828,.T.);
#2831=ORIENTED_EDGE('',*,*,#2830,.T.);
#2833=ORIENTED_EDGE('',*,*,#2832,.F.);
#2834=EDGE_LOOP('',(#2827,#2829,#2831,#2833));
#2835=FACE_OUTER_BOUND('',#2834,.F.);
#2836=ADVANCED_FACE('',(#2835),#2826,.T.);
#2837=CARTESIAN_POINT('',(9.15E-1,6.E-1,-3.83E0));
#2838=DIRECTION('',(0.E0,0.E0,-1.E0));
#2839=DIRECTION('',(-1.E0,0.E0,0.E0));
#2840=AXIS2_PLACEMENT_3D('',#2837,#2838,#2839);
#2841=PLANE('',#2840);
#2842=ORIENTED_EDGE('',*,*,#2360,.F.);
#2844=ORIENTED_EDGE('',*,*,#2843,.T.);
#2846=ORIENTED_EDGE('',*,*,#2845,.T.);
#2848=ORIENTED_EDGE('',*,*,#2847,.F.);
#2849=EDGE_LOOP('',(#2842,#2844,#2846,#2848));
#2850=FACE_OUTER_BOUND('',#2849,.F.);
#2851=ADVANCED_FACE('',(#2850),#2841,.T.);
#2852=CARTESIAN_POINT('',(9.15E-1,6.E-1,-3.83E0));
#2853=DIRECTION('',(0.E0,0.E0,-1.E0));
#2854=DIRECTION('',(-1.E0,0.E0,0.E0));
#2855=AXIS2_PLACEMENT_3D('',#2852,#2853,#2854);
#2856=PLANE('',#2855);
#2857=ORIENTED_EDGE('',*,*,#2364,.F.);
#2859=ORIENTED_EDGE('',*,*,#2858,.T.);
#2861=ORIENTED_EDGE('',*,*,#2860,.T.);
#2862=ORIENTED_EDGE('',*,*,#2783,.F.);
#2863=EDGE_LOOP('',(#2857,#2859,#2861,#2862));
#2864=FACE_OUTER_BOUND('',#2863,.F.);
#2865=ADVANCED_FACE('',(#2864),#2856,.T.);
#2866=CARTESIAN_POINT('',(9.15E-1,6.E-1,-2.17E0));
#2867=DIRECTION('',(1.E0,0.E0,0.E0));
#2868=DIRECTION('',(0.E0,0.E0,-1.E0));
#2869=AXIS2_PLACEMENT_3D('',#2866,#2867,#2868);
#2870=PLANE('',#2869);
#2871=ORIENTED_EDGE('',*,*,#2346,.F.);
#2873=ORIENTED_EDGE('',*,*,#2872,.T.);
#2875=ORIENTED_EDGE('',*,*,#2874,.T.);
#2877=ORIENTED_EDGE('',*,*,#2876,.F.);
#2878=EDGE_LOOP('',(#2871,#2873,#2875,#2877));
#2879=FACE_OUTER_BOUND('',#2878,.F.);
#2880=ADVANCED_FACE('',(#2879),#2870,.T.);
#2881=CARTESIAN_POINT('',(9.15E-1,6.E-1,-2.17E0));
#2882=DIRECTION('',(1.E0,0.E0,0.E0));
#2883=DIRECTION('',(0.E0,0.E0,-1.E0));
#2884=AXIS2_PLACEMENT_3D('',#2881,#2882,#2883);
#2885=PLANE('',#2884);
#2886=ORIENTED_EDGE('',*,*,#2350,.F.);
#2888=ORIENTED_EDGE('',*,*,#2887,.T.);
#2890=ORIENTED_EDGE('',*,*,#2889,.T.);
#2891=ORIENTED_EDGE('',*,*,#2813,.F.);
#2892=EDGE_LOOP('',(#2886,#2888,#2890,#2891));
#2893=FACE_OUTER_BOUND('',#2892,.F.);
#2894=ADVANCED_FACE('',(#2893),#2885,.T.);
#2895=CARTESIAN_POINT('',(-2.315E0,6.E-1,-2.17E0));
#2896=DIRECTION('',(0.E0,0.E0,1.E0));
#2897=DIRECTION('',(1.E0,0.E0,0.E0));
#2898=AXIS2_PLACEMENT_3D('',#2895,#2896,#2897);
#2899=PLANE('',#2898);
#2900=ORIENTED_EDGE('',*,*,#2332,.F.);
#2901=ORIENTED_EDGE('',*,*,#2802,.T.);
#2903=ORIENTED_EDGE('',*,*,#2902,.T.);
#2905=ORIENTED_EDGE('',*,*,#2904,.F.);
#2906=EDGE_LOOP('',(#2900,#2901,#2903,#2905));
#2907=FACE_OUTER_BOUND('',#2906,.F.);
#2908=ADVANCED_FACE('',(#2907),#2899,.T.);
#2909=CARTESIAN_POINT('',(-2.315E0,6.E-1,-2.17E0));
#2910=DIRECTION('',(0.E0,0.E0,1.E0));
#2911=DIRECTION('',(1.E0,0.E0,0.E0));
#2912=AXIS2_PLACEMENT_3D('',#2909,#2910,#2911);
#2913=PLANE('',#2912);
#2914=ORIENTED_EDGE('',*,*,#2336,.F.);
#2916=ORIENTED_EDGE('',*,*,#2915,.T.);
#2918=ORIENTED_EDGE('',*,*,#2917,.T.);
#2920=ORIENTED_EDGE('',*,*,#2919,.F.);
#2921=EDGE_LOOP('',(#2914,#2916,#2918,#2920));
#2922=FACE_OUTER_BOUND('',#2921,.F.);
#2923=ADVANCED_FACE('',(#2922),#2913,.T.);
#2924=CARTESIAN_POINT('',(-2.315E0,6.E-1,-2.17E0));
#2925=DIRECTION('',(0.E0,0.E0,1.E0));
#2926=DIRECTION('',(1.E0,0.E0,0.E0));
#2927=AXIS2_PLACEMENT_3D('',#2924,#2925,#2926);
#2928=PLANE('',#2927);
#2929=ORIENTED_EDGE('',*,*,#2340,.F.);
#2931=ORIENTED_EDGE('',*,*,#2930,.T.);
#2933=ORIENTED_EDGE('',*,*,#2932,.T.);
#2935=ORIENTED_EDGE('',*,*,#2934,.F.);
#2936=EDGE_LOOP('',(#2929,#2931,#2933,#2935));
#2937=FACE_OUTER_BOUND('',#2936,.F.);
#2938=ADVANCED_FACE('',(#2937),#2928,.T.);
#2939=CARTESIAN_POINT('',(-2.315E0,6.E-1,-2.17E0));
#2940=DIRECTION('',(0.E0,0.E0,1.E0));
#2941=DIRECTION('',(1.E0,0.E0,0.E0));
#2942=AXIS2_PLACEMENT_3D('',#2939,#2940,#2941);
#2943=PLANE('',#2942);
#2944=ORIENTED_EDGE('',*,*,#2344,.F.);
#2946=ORIENTED_EDGE('',*,*,#2945,.T.);
#2948=ORIENTED_EDGE('',*,*,#2947,.T.);
#2949=ORIENTED_EDGE('',*,*,#2872,.F.);
#2950=EDGE_LOOP('',(#2944,#2946,#2948,#2949));
#2951=FACE_OUTER_BOUND('',#2950,.F.);
#2952=ADVANCED_FACE('',(#2951),#2943,.T.);
#2953=CARTESIAN_POINT('',(-7.E-1,1.25E0,-3.E0));
#2954=DIRECTION('',(0.E0,1.E0,0.E0));
#2955=DIRECTION('',(1.E0,0.E0,0.E0));
#2956=AXIS2_PLACEMENT_3D('',#2953,#2954,#2955);
#2957=PLANE('',#2956);
#2959=ORIENTED_EDGE('',*,*,#2958,.T.);
#2960=ORIENTED_EDGE('',*,*,#2830,.F.);
#2962=ORIENTED_EDGE('',*,*,#2961,.T.);
#2963=ORIENTED_EDGE('',*,*,#2815,.F.);
#2964=ORIENTED_EDGE('',*,*,#2889,.F.);
#2966=ORIENTED_EDGE('',*,*,#2965,.F.);
#2967=ORIENTED_EDGE('',*,*,#2874,.F.);
#2968=ORIENTED_EDGE('',*,*,#2947,.F.);
#2970=ORIENTED_EDGE('',*,*,#2969,.T.);
#2971=ORIENTED_EDGE('',*,*,#2932,.F.);
#2973=ORIENTED_EDGE('',*,*,#2972,.T.);
#2974=ORIENTED_EDGE('',*,*,#2917,.F.);
#2976=ORIENTED_EDGE('',*,*,#2975,.T.);
#2977=ORIENTED_EDGE('',*,*,#2902,.F.);
#2978=ORIENTED_EDGE('',*,*,#2800,.F.);
#2980=ORIENTED_EDGE('',*,*,#2979,.F.);
#2981=ORIENTED_EDGE('',*,*,#2785,.F.);
#2982=ORIENTED_EDGE('',*,*,#2860,.F.);
#2984=ORIENTED_EDGE('',*,*,#2983,.T.);
#2985=ORIENTED_EDGE('',*,*,#2845,.F.);
#2986=EDGE_LOOP('',(#2959,#2960,#2962,#2963,#2964,#2966,#2967,#2968,#2970,#2971,
#2973,#2974,#2976,#2977,#2978,#2980,#2981,#2982,#2984,#2985));
#2987=FACE_OUTER_BOUND('',#2986,.F.);
#2988=ADVANCED_FACE('',(#2987),#2957,.T.);
#2989=CARTESIAN_POINT('',(-7.E-1,1.25E0,-3.905E0));
#2990=DIRECTION('',(0.E0,1.E0,0.E0));
#2991=DIRECTION('',(1.E0,0.E0,0.E0));
#2992=AXIS2_PLACEMENT_3D('',#2989,#2990,#2991);
#2993=CYLINDRICAL_SURFACE('',#2992,3.E-1);
#2994=ORIENTED_EDGE('',*,*,#2358,.T.);
#2995=ORIENTED_EDGE('',*,*,#2832,.T.);
#2996=ORIENTED_EDGE('',*,*,#2958,.F.);
#2997=ORIENTED_EDGE('',*,*,#2843,.F.);
#2998=EDGE_LOOP('',(#2994,#2995,#2996,#2997));
#2999=FACE_OUTER_BOUND('',#2998,.F.);
#3000=ADVANCED_FACE('',(#2999),#2993,.F.);
#3001=CARTESIAN_POINT('',(1.05E-1,1.25E0,-3.905E0));
#3002=DIRECTION('',(0.E0,1.E0,0.E0));
#3003=DIRECTION('',(1.E0,0.E0,0.E0));
#3004=AXIS2_PLACEMENT_3D('',#3001,#3002,#3003);
#3005=CYLINDRICAL_SURFACE('',#3004,3.E-1);
#3006=ORIENTED_EDGE('',*,*,#2354,.T.);
#3007=ORIENTED_EDGE('',*,*,#2817,.T.);
#3008=ORIENTED_EDGE('',*,*,#2961,.F.);
#3009=ORIENTED_EDGE('',*,*,#2828,.F.);
#3010=EDGE_LOOP('',(#3006,#3007,#3008,#3009));
#3011=FACE_OUTER_BOUND('',#3010,.F.);
#3012=ADVANCED_FACE('',(#3011),#3005,.F.);
#3013=CARTESIAN_POINT('',(9.15E-1,1.25E0,-3.E0));
#3014=DIRECTION('',(0.E0,1.E0,0.E0));
#3015=DIRECTION('',(1.E0,0.E0,0.E0));
#3016=AXIS2_PLACEMENT_3D('',#3013,#3014,#3015);
#3017=CYLINDRICAL_SURFACE('',#3016,3.E-1);
#3018=ORIENTED_EDGE('',*,*,#2348,.T.);
#3019=ORIENTED_EDGE('',*,*,#2876,.T.);
#3020=ORIENTED_EDGE('',*,*,#2965,.T.);
#3021=ORIENTED_EDGE('',*,*,#2887,.F.);
#3022=EDGE_LOOP('',(#3018,#3019,#3020,#3021));
#3023=FACE_OUTER_BOUND('',#3022,.F.);
#3024=ADVANCED_FACE('',(#3023),#3017,.F.);
#3025=CARTESIAN_POINT('',(1.05E-1,1.25E0,-2.095E0));
#3026=DIRECTION('',(0.E0,1.E0,0.E0));
#3027=DIRECTION('',(1.E0,0.E0,0.E0));
#3028=AXIS2_PLACEMENT_3D('',#3025,#3026,#3027);
#3029=CYLINDRICAL_SURFACE('',#3028,3.E-1);
#3030=ORIENTED_EDGE('',*,*,#2342,.T.);
#3031=ORIENTED_EDGE('',*,*,#2934,.T.);
#3032=ORIENTED_EDGE('',*,*,#2969,.F.);
#3033=ORIENTED_EDGE('',*,*,#2945,.F.);
#3034=EDGE_LOOP('',(#3030,#3031,#3032,#3033));
#3035=FACE_OUTER_BOUND('',#3034,.F.);
#3036=ADVANCED_FACE('',(#3035),#3029,.F.);
#3037=CARTESIAN_POINT('',(-7.E-1,1.25E0,-2.095E0));
#3038=DIRECTION('',(0.E0,1.E0,0.E0));
#3039=DIRECTION('',(1.E0,0.E0,0.E0));
#3040=AXIS2_PLACEMENT_3D('',#3037,#3038,#3039);
#3041=CYLINDRICAL_SURFACE('',#3040,3.E-1);
#3042=ORIENTED_EDGE('',*,*,#2338,.T.);
#3043=ORIENTED_EDGE('',*,*,#2919,.T.);
#3044=ORIENTED_EDGE('',*,*,#2972,.F.);
#3045=ORIENTED_EDGE('',*,*,#2930,.F.);
#3046=EDGE_LOOP('',(#3042,#3043,#3044,#3045));
#3047=FACE_OUTER_BOUND('',#3046,.F.);
#3048=ADVANCED_FACE('',(#3047),#3041,.F.);
#3049=CARTESIAN_POINT('',(-1.51E0,1.25E0,-2.095E0));
#3050=DIRECTION('',(0.E0,1.E0,0.E0));
#3051=DIRECTION('',(1.E0,0.E0,0.E0));
#3052=AXIS2_PLACEMENT_3D('',#3049,#3050,#3051);
#3053=CYLINDRICAL_SURFACE('',#3052,3.E-1);
#3054=ORIENTED_EDGE('',*,*,#2334,.T.);
#3055=ORIENTED_EDGE('',*,*,#2904,.T.);
#3056=ORIENTED_EDGE('',*,*,#2975,.F.);
#3057=ORIENTED_EDGE('',*,*,#2915,.F.);
#3058=EDGE_LOOP('',(#3054,#3055,#3056,#3057));
#3059=FACE_OUTER_BOUND('',#3058,.F.);
#3060=ADVANCED_FACE('',(#3059),#3053,.F.);
#3061=CARTESIAN_POINT('',(-2.315E0,1.25E0,-3.E0));
#3062=DIRECTION('',(0.E0,1.E0,0.E0));
#3063=DIRECTION('',(1.E0,0.E0,0.E0));
#3064=AXIS2_PLACEMENT_3D('',#3061,#3062,#3063);
#3065=CYLINDRICAL_SURFACE('',#3064,3.E-1);
#3066=ORIENTED_EDGE('',*,*,#2328,.T.);
#3067=ORIENTED_EDGE('',*,*,#2787,.T.);
#3068=ORIENTED_EDGE('',*,*,#2979,.T.);
#3069=ORIENTED_EDGE('',*,*,#2798,.F.);
#3070=EDGE_LOOP('',(#3066,#3067,#3068,#3069));
#3071=FACE_OUTER_BOUND('',#3070,.F.);
#3072=ADVANCED_FACE('',(#3071),#3065,.F.);
#3073=CARTESIAN_POINT('',(-1.51E0,1.25E0,-3.905E0));
#3074=DIRECTION('',(0.E0,1.E0,0.E0));
#3075=DIRECTION('',(1.E0,0.E0,0.E0));
#3076=AXIS2_PLACEMENT_3D('',#3073,#3074,#3075);
#3077=CYLINDRICAL_SURFACE('',#3076,3.E-1);
#3078=ORIENTED_EDGE('',*,*,#2362,.T.);
#3079=ORIENTED_EDGE('',*,*,#2847,.T.);
#3080=ORIENTED_EDGE('',*,*,#2983,.F.);
#3081=ORIENTED_EDGE('',*,*,#2858,.F.);
#3082=EDGE_LOOP('',(#3078,#3079,#3080,#3081));
#3083=FACE_OUTER_BOUND('',#3082,.F.);
#3084=ADVANCED_FACE('',(#3083),#3077,.F.);
#3085=CARTESIAN_POINT('',(-2.02E0,0.E0,3.5E0));
#3086=DIRECTION('',(1.E0,0.E0,0.E0));
#3087=DIRECTION('',(0.E0,0.E0,1.E0));
#3088=AXIS2_PLACEMENT_3D('',#3085,#3086,#3087);
#3089=PLANE('',#3088);
#3090=ORIENTED_EDGE('',*,*,#2042,.F.);
#3092=ORIENTED_EDGE('',*,*,#3091,.T.);
#3094=ORIENTED_EDGE('',*,*,#3093,.T.);
#3096=ORIENTED_EDGE('',*,*,#3095,.F.);
#3097=EDGE_LOOP('',(#3090,#3092,#3094,#3096));
#3098=FACE_OUTER_BOUND('',#3097,.F.);
#3099=ADVANCED_FACE('',(#3098),#3089,.F.);
#3100=CARTESIAN_POINT('',(-2.57E0,0.E0,3.5E0));
#3101=DIRECTION('',(0.E0,0.E0,-1.E0));
#3102=DIRECTION('',(1.E0,0.E0,0.E0));
#3103=AXIS2_PLACEMENT_3D('',#3100,#3101,#3102);
#3104=PLANE('',#3103);
#3105=ORIENTED_EDGE('',*,*,#2048,.F.);
#3107=ORIENTED_EDGE('',*,*,#3106,.T.);
#3109=ORIENTED_EDGE('',*,*,#3108,.T.);
#3110=ORIENTED_EDGE('',*,*,#3091,.F.);
#3111=EDGE_LOOP('',(#3105,#3107,#3109,#3110));
#3112=FACE_OUTER_BOUND('',#3111,.F.);
#3113=ADVANCED_FACE('',(#3112),#3104,.F.);
#3114=CARTESIAN_POINT('',(-2.57E0,0.E0,3.9E0));
#3115=DIRECTION('',(-1.E0,0.E0,0.E0));
#3116=DIRECTION('',(0.E0,0.E0,-1.E0));
#3117=AXIS2_PLACEMENT_3D('',#3114,#3115,#3116);
#3118=PLANE('',#3117);
#3119=ORIENTED_EDGE('',*,*,#2046,.F.);
#3121=ORIENTED_EDGE('',*,*,#3120,.T.);
#3123=ORIENTED_EDGE('',*,*,#3122,.T.);
#3124=ORIENTED_EDGE('',*,*,#3106,.F.);
#3125=EDGE_LOOP('',(#3119,#3121,#3123,#3124));
#3126=FACE_OUTER_BOUND('',#3125,.F.);
#3127=ADVANCED_FACE('',(#3126),#3118,.F.);
#3128=CARTESIAN_POINT('',(-2.02E0,0.E0,3.9E0));
#3129=DIRECTION('',(0.E0,0.E0,1.E0));
#3130=DIRECTION('',(-1.E0,0.E0,0.E0));
#3131=AXIS2_PLACEMENT_3D('',#3128,#3129,#3130);
#3132=PLANE('',#3131);
#3133=ORIENTED_EDGE('',*,*,#2044,.F.);
#3134=ORIENTED_EDGE('',*,*,#3095,.T.);
#3136=ORIENTED_EDGE('',*,*,#3135,.T.);
#3137=ORIENTED_EDGE('',*,*,#3120,.F.);
#3138=EDGE_LOOP('',(#3133,#3134,#3136,#3137));
#3139=FACE_OUTER_BOUND('',#3138,.F.);
#3140=ADVANCED_FACE('',(#3139),#3132,.F.);
#3141=CARTESIAN_POINT('',(0.E0,2.E-2,0.E0));
#3142=DIRECTION('',(0.E0,-1.E0,0.E0));
#3143=DIRECTION('',(-1.E0,0.E0,0.E0));
#3144=AXIS2_PLACEMENT_3D('',#3141,#3142,#3143);
#3145=PLANE('',#3144);
#3146=ORIENTED_EDGE('',*,*,#3093,.F.);
#3147=ORIENTED_EDGE('',*,*,#3108,.F.);
#3148=ORIENTED_EDGE('',*,*,#3122,.F.);
#3149=ORIENTED_EDGE('',*,*,#3135,.F.);
#3150=EDGE_LOOP('',(#3146,#3147,#3148,#3149));
#3151=FACE_OUTER_BOUND('',#3150,.F.);
#3152=ADVANCED_FACE('',(#3151),#3145,.T.);
#3153=CARTESIAN_POINT('',(0.E0,2.E-2,0.E0));
#3154=DIRECTION('',(0.E0,-1.E0,0.E0));
#3155=DIRECTION('',(-1.E0,0.E0,0.E0));
#3156=AXIS2_PLACEMENT_3D('',#3153,#3154,#3155);
#3157=PLANE('',#3156);
#3159=ORIENTED_EDGE('',*,*,#3158,.F.);
#3161=ORIENTED_EDGE('',*,*,#3160,.F.);
#3163=ORIENTED_EDGE('',*,*,#3162,.F.);
#3165=ORIENTED_EDGE('',*,*,#3164,.F.);
#3166=EDGE_LOOP('',(#3159,#3161,#3163,#3165));
#3167=FACE_OUTER_BOUND('',#3166,.F.);
#3168=ADVANCED_FACE('',(#3167),#3157,.T.);
#3169=CARTESIAN_POINT('',(0.E0,2.E-2,0.E0));
#3170=DIRECTION('',(0.E0,-1.E0,0.E0));
#3171=DIRECTION('',(-1.E0,0.E0,0.E0));
#3172=AXIS2_PLACEMENT_3D('',#3169,#3170,#3171);
#3173=PLANE('',#3172);
#3175=ORIENTED_EDGE('',*,*,#3174,.F.);
#3177=ORIENTED_EDGE('',*,*,#3176,.F.);
#3179=ORIENTED_EDGE('',*,*,#3178,.F.);
#3181=ORIENTED_EDGE('',*,*,#3180,.F.);
#3182=EDGE_LOOP('',(#3175,#3177,#3179,#3181));
#3183=FACE_OUTER_BOUND('',#3182,.F.);
#3184=ADVANCED_FACE('',(#3183),#3173,.T.);
#3185=CARTESIAN_POINT('',(0.E0,2.E-2,0.E0));
#3186=DIRECTION('',(0.E0,-1.E0,0.E0));
#3187=DIRECTION('',(-1.E0,0.E0,0.E0));
#3188=AXIS2_PLACEMENT_3D('',#3185,#3186,#3187);
#3189=PLANE('',#3188);
#3191=ORIENTED_EDGE('',*,*,#3190,.F.);
#3193=ORIENTED_EDGE('',*,*,#3192,.F.);
#3195=ORIENTED_EDGE('',*,*,#3194,.F.);
#3197=ORIENTED_EDGE('',*,*,#3196,.F.);
#3198=EDGE_LOOP('',(#3191,#3193,#3195,#3197));
#3199=FACE_OUTER_BOUND('',#3198,.F.);
#3200=ADVANCED_FACE('',(#3199),#3189,.T.);
#3201=CARTESIAN_POINT('',(0.E0,2.E-2,0.E0));
#3202=DIRECTION('',(0.E0,-1.E0,0.E0));
#3203=DIRECTION('',(-1.E0,0.E0,0.E0));
#3204=AXIS2_PLACEMENT_3D('',#3201,#3202,#3203);
#3205=PLANE('',#3204);
#3207=ORIENTED_EDGE('',*,*,#3206,.F.);
#3209=ORIENTED_EDGE('',*,*,#3208,.F.);
#3211=ORIENTED_EDGE('',*,*,#3210,.F.);
#3213=ORIENTED_EDGE('',*,*,#3212,.F.);
#3214=EDGE_LOOP('',(#3207,#3209,#3211,#3213));
#3215=FACE_OUTER_BOUND('',#3214,.F.);
#3216=ADVANCED_FACE('',(#3215),#3205,.T.);
#3217=CARTESIAN_POINT('',(0.E0,2.E-2,0.E0));
#3218=DIRECTION('',(0.E0,-1.E0,0.E0));
#3219=DIRECTION('',(-1.E0,0.E0,0.E0));
#3220=AXIS2_PLACEMENT_3D('',#3217,#3218,#3219);
#3221=PLANE('',#3220);
#3223=ORIENTED_EDGE('',*,*,#3222,.F.);
#3225=ORIENTED_EDGE('',*,*,#3224,.F.);
#3227=ORIENTED_EDGE('',*,*,#3226,.F.);
#3229=ORIENTED_EDGE('',*,*,#3228,.F.);
#3230=EDGE_LOOP('',(#3223,#3225,#3227,#3229));
#3231=FACE_OUTER_BOUND('',#3230,.F.);
#3232=ADVANCED_FACE('',(#3231),#3221,.T.);
#3233=CARTESIAN_POINT('',(0.E0,2.E-2,0.E0));
#3234=DIRECTION('',(0.E0,-1.E0,0.E0));
#3235=DIRECTION('',(-1.E0,0.E0,0.E0));
#3236=AXIS2_PLACEMENT_3D('',#3233,#3234,#3235);
#3237=PLANE('',#3236);
#3239=ORIENTED_EDGE('',*,*,#3238,.F.);
#3241=ORIENTED_EDGE('',*,*,#3240,.F.);
#3243=ORIENTED_EDGE('',*,*,#3242,.F.);
#3245=ORIENTED_EDGE('',*,*,#3244,.F.);
#3246=EDGE_LOOP('',(#3239,#3241,#3243,#3245));
#3247=FACE_OUTER_BOUND('',#3246,.F.);
#3248=ADVANCED_FACE('',(#3247),#3237,.T.);
#3249=CARTESIAN_POINT('',(0.E0,2.E-2,0.E0));
#3250=DIRECTION('',(0.E0,-1.E0,0.E0));
#3251=DIRECTION('',(-1.E0,0.E0,0.E0));
#3252=AXIS2_PLACEMENT_3D('',#3249,#3250,#3251);
#3253=PLANE('',#3252);
#3255=ORIENTED_EDGE('',*,*,#3254,.F.);
#3257=ORIENTED_EDGE('',*,*,#3256,.F.);
#3259=ORIENTED_EDGE('',*,*,#3258,.F.);
#3261=ORIENTED_EDGE('',*,*,#3260,.F.);
#3262=EDGE_LOOP('',(#3255,#3257,#3259,#3261));
#3263=FACE_OUTER_BOUND('',#3262,.F.);
#3264=ADVANCED_FACE('',(#3263),#3253,.T.);
#3265=CARTESIAN_POINT('',(0.E0,2.E-2,0.E0));
#3266=DIRECTION('',(0.E0,-1.E0,0.E0));
#3267=DIRECTION('',(-1.E0,0.E0,0.E0));
#3268=AXIS2_PLACEMENT_3D('',#3265,#3266,#3267);
#3269=PLANE('',#3268);
#3271=ORIENTED_EDGE('',*,*,#3270,.F.);
#3273=ORIENTED_EDGE('',*,*,#3272,.F.);
#3275=ORIENTED_EDGE('',*,*,#3274,.F.);
#3277=ORIENTED_EDGE('',*,*,#3276,.F.);
#3278=EDGE_LOOP('',(#3271,#3273,#3275,#3277));
#3279=FACE_OUTER_BOUND('',#3278,.F.);
#3280=ADVANCED_FACE('',(#3279),#3269,.T.);
#3281=CARTESIAN_POINT('',(0.E0,2.E-2,0.E0));
#3282=DIRECTION('',(0.E0,-1.E0,0.E0));
#3283=DIRECTION('',(-1.E0,0.E0,0.E0));
#3284=AXIS2_PLACEMENT_3D('',#3281,#3282,#3283);
#3285=PLANE('',#3284);
#3287=ORIENTED_EDGE('',*,*,#3286,.F.);
#3289=ORIENTED_EDGE('',*,*,#3288,.F.);
#3291=ORIENTED_EDGE('',*,*,#3290,.F.);
#3293=ORIENTED_EDGE('',*,*,#3292,.F.);
#3294=EDGE_LOOP('',(#3287,#3289,#3291,#3293));
#3295=FACE_OUTER_BOUND('',#3294,.F.);
#3296=ADVANCED_FACE('',(#3295),#3285,.T.);
#3297=CARTESIAN_POINT('',(0.E0,2.E-2,0.E0));
#3298=DIRECTION('',(0.E0,-1.E0,0.E0));
#3299=DIRECTION('',(-1.E0,0.E0,0.E0));
#3300=AXIS2_PLACEMENT_3D('',#3297,#3298,#3299);
#3301=PLANE('',#3300);
#3303=ORIENTED_EDGE('',*,*,#3302,.F.);
#3305=ORIENTED_EDGE('',*,*,#3304,.F.);
#3307=ORIENTED_EDGE('',*,*,#3306,.F.);
#3309=ORIENTED_EDGE('',*,*,#3308,.F.);
#3310=EDGE_LOOP('',(#3303,#3305,#3307,#3309));
#3311=FACE_OUTER_BOUND('',#3310,.F.);
#3312=ADVANCED_FACE('',(#3311),#3301,.T.);
#3313=CARTESIAN_POINT('',(0.E0,2.E-2,0.E0));
#3314=DIRECTION('',(0.E0,-1.E0,0.E0));
#3315=DIRECTION('',(-1.E0,0.E0,0.E0));
#3316=AXIS2_PLACEMENT_3D('',#3313,#3314,#3315);
#3317=PLANE('',#3316);
#3319=ORIENTED_EDGE('',*,*,#3318,.F.);
#3321=ORIENTED_EDGE('',*,*,#3320,.F.);
#3323=ORIENTED_EDGE('',*,*,#3322,.F.);
#3325=ORIENTED_EDGE('',*,*,#3324,.F.);
#3326=EDGE_LOOP('',(#3319,#3321,#3323,#3325));
#3327=FACE_OUTER_BOUND('',#3326,.F.);
#3328=ADVANCED_FACE('',(#3327),#3317,.T.);
#3329=CARTESIAN_POINT('',(0.E0,2.E-2,0.E0));
#3330=DIRECTION('',(0.E0,-1.E0,0.E0));
#3331=DIRECTION('',(-1.E0,0.E0,0.E0));
#3332=AXIS2_PLACEMENT_3D('',#3329,#3330,#3331);
#3333=PLANE('',#3332);
#3335=ORIENTED_EDGE('',*,*,#3334,.F.);
#3337=ORIENTED_EDGE('',*,*,#3336,.F.);
#3339=ORIENTED_EDGE('',*,*,#3338,.F.);
#3341=ORIENTED_EDGE('',*,*,#3340,.F.);
#3342=EDGE_LOOP('',(#3335,#3337,#3339,#3341));
#3343=FACE_OUTER_BOUND('',#3342,.F.);
#3344=ADVANCED_FACE('',(#3343),#3333,.T.);
#3345=CARTESIAN_POINT('',(0.E0,2.E-2,0.E0));
#3346=DIRECTION('',(0.E0,-1.E0,0.E0));
#3347=DIRECTION('',(-1.E0,0.E0,0.E0));
#3348=AXIS2_PLACEMENT_3D('',#3345,#3346,#3347);
#3349=PLANE('',#3348);
#3351=ORIENTED_EDGE('',*,*,#3350,.F.);
#3353=ORIENTED_EDGE('',*,*,#3352,.F.);
#3355=ORIENTED_EDGE('',*,*,#3354,.F.);
#3357=ORIENTED_EDGE('',*,*,#3356,.F.);
#3358=EDGE_LOOP('',(#3351,#3353,#3355,#3357));
#3359=FACE_OUTER_BOUND('',#3358,.F.);
#3360=ADVANCED_FACE('',(#3359),#3349,.T.);
#3361=CARTESIAN_POINT('',(0.E0,2.E-2,0.E0));
#3362=DIRECTION('',(0.E0,-1.E0,0.E0));
#3363=DIRECTION('',(-1.E0,0.E0,0.E0));
#3364=AXIS2_PLACEMENT_3D('',#3361,#3362,#3363);
#3365=PLANE('',#3364);
#3367=ORIENTED_EDGE('',*,*,#3366,.F.);
#3369=ORIENTED_EDGE('',*,*,#3368,.F.);
#3371=ORIENTED_EDGE('',*,*,#3370,.F.);
#3373=ORIENTED_EDGE('',*,*,#3372,.F.);
#3374=EDGE_LOOP('',(#3367,#3369,#3371,#3373));
#3375=FACE_OUTER_BOUND('',#3374,.F.);
#3376=ADVANCED_FACE('',(#3375),#3365,.T.);
#3377=CARTESIAN_POINT('',(0.E0,2.E-2,0.E0));
#3378=DIRECTION('',(0.E0,-1.E0,0.E0));
#3379=DIRECTION('',(-1.E0,0.E0,0.E0));
#3380=AXIS2_PLACEMENT_3D('',#3377,#3378,#3379);
#3381=PLANE('',#3380);
#3383=ORIENTED_EDGE('',*,*,#3382,.F.);
#3385=ORIENTED_EDGE('',*,*,#3384,.F.);
#3387=ORIENTED_EDGE('',*,*,#3386,.F.);
#3389=ORIENTED_EDGE('',*,*,#3388,.F.);
#3390=EDGE_LOOP('',(#3383,#3385,#3387,#3389));
#3391=FACE_OUTER_BOUND('',#3390,.F.);
#3392=ADVANCED_FACE('',(#3391),#3381,.T.);
#3393=CARTESIAN_POINT('',(0.E0,2.E-2,0.E0));
#3394=DIRECTION('',(0.E0,-1.E0,0.E0));
#3395=DIRECTION('',(-1.E0,0.E0,0.E0));
#3396=AXIS2_PLACEMENT_3D('',#3393,#3394,#3395);
#3397=PLANE('',#3396);
#3399=ORIENTED_EDGE('',*,*,#3398,.F.);
#3401=ORIENTED_EDGE('',*,*,#3400,.F.);
#3403=ORIENTED_EDGE('',*,*,#3402,.F.);
#3405=ORIENTED_EDGE('',*,*,#3404,.F.);
#3406=EDGE_LOOP('',(#3399,#3401,#3403,#3405));
#3407=FACE_OUTER_BOUND('',#3406,.F.);
#3408=ADVANCED_FACE('',(#3407),#3397,.T.);
#3409=CARTESIAN_POINT('',(0.E0,2.E-2,0.E0));
#3410=DIRECTION('',(0.E0,-1.E0,0.E0));
#3411=DIRECTION('',(-1.E0,0.E0,0.E0));
#3412=AXIS2_PLACEMENT_3D('',#3409,#3410,#3411);
#3413=PLANE('',#3412);
#3415=ORIENTED_EDGE('',*,*,#3414,.F.);
#3417=ORIENTED_EDGE('',*,*,#3416,.F.);
#3419=ORIENTED_EDGE('',*,*,#3418,.F.);
#3421=ORIENTED_EDGE('',*,*,#3420,.F.);
#3422=EDGE_LOOP('',(#3415,#3417,#3419,#3421));
#3423=FACE_OUTER_BOUND('',#3422,.F.);
#3424=ADVANCED_FACE('',(#3423),#3413,.T.);
#3425=CARTESIAN_POINT('',(0.E0,2.E-2,0.E0));
#3426=DIRECTION('',(0.E0,-1.E0,0.E0));
#3427=DIRECTION('',(-1.E0,0.E0,0.E0));
#3428=AXIS2_PLACEMENT_3D('',#3425,#3426,#3427);
#3429=PLANE('',#3428);
#3431=ORIENTED_EDGE('',*,*,#3430,.F.);
#3433=ORIENTED_EDGE('',*,*,#3432,.F.);
#3435=ORIENTED_EDGE('',*,*,#3434,.F.);
#3437=ORIENTED_EDGE('',*,*,#3436,.F.);
#3438=EDGE_LOOP('',(#3431,#3433,#3435,#3437));
#3439=FACE_OUTER_BOUND('',#3438,.F.);
#3440=ADVANCED_FACE('',(#3439),#3429,.T.);
#3441=CARTESIAN_POINT('',(-2.02E0,0.E0,2.73E0));
#3442=DIRECTION('',(1.E0,0.E0,0.E0));
#3443=DIRECTION('',(0.E0,0.E0,1.E0));
#3444=AXIS2_PLACEMENT_3D('',#3441,#3442,#3443);
#3445=PLANE('',#3444);
#3446=ORIENTED_EDGE('',*,*,#2052,.F.);
#3448=ORIENTED_EDGE('',*,*,#3447,.T.);
#3449=ORIENTED_EDGE('',*,*,#3158,.T.);
#3451=ORIENTED_EDGE('',*,*,#3450,.F.);
#3452=EDGE_LOOP('',(#3446,#3448,#3449,#3451));
#3453=FACE_OUTER_BOUND('',#3452,.F.);
#3454=ADVANCED_FACE('',(#3453),#3445,.F.);
#3455=CARTESIAN_POINT('',(-2.57E0,0.E0,2.73E0));
#3456=DIRECTION('',(0.E0,0.E0,-1.E0));
#3457=DIRECTION('',(1.E0,0.E0,0.E0));
#3458=AXIS2_PLACEMENT_3D('',#3455,#3456,#3457);
#3459=PLANE('',#3458);
#3460=ORIENTED_EDGE('',*,*,#2058,.F.);
#3462=ORIENTED_EDGE('',*,*,#3461,.T.);
#3463=ORIENTED_EDGE('',*,*,#3160,.T.);
#3464=ORIENTED_EDGE('',*,*,#3447,.F.);
#3465=EDGE_LOOP('',(#3460,#3462,#3463,#3464));
#3466=FACE_OUTER_BOUND('',#3465,.F.);
#3467=ADVANCED_FACE('',(#3466),#3459,.F.);
#3468=CARTESIAN_POINT('',(-2.57E0,0.E0,3.13E0));
#3469=DIRECTION('',(-1.E0,0.E0,0.E0));
#3470=DIRECTION('',(0.E0,0.E0,-1.E0));
#3471=AXIS2_PLACEMENT_3D('',#3468,#3469,#3470);
#3472=PLANE('',#3471);
#3473=ORIENTED_EDGE('',*,*,#2056,.F.);
#3475=ORIENTED_EDGE('',*,*,#3474,.T.);
#3476=ORIENTED_EDGE('',*,*,#3162,.T.);
#3477=ORIENTED_EDGE('',*,*,#3461,.F.);
#3478=EDGE_LOOP('',(#3473,#3475,#3476,#3477));
#3479=FACE_OUTER_BOUND('',#3478,.F.);
#3480=ADVANCED_FACE('',(#3479),#3472,.F.);
#3481=CARTESIAN_POINT('',(-2.02E0,0.E0,3.13E0));
#3482=DIRECTION('',(0.E0,0.E0,1.E0));
#3483=DIRECTION('',(-1.E0,0.E0,0.E0));
#3484=AXIS2_PLACEMENT_3D('',#3481,#3482,#3483);
#3485=PLANE('',#3484);
#3486=ORIENTED_EDGE('',*,*,#2054,.F.);
#3487=ORIENTED_EDGE('',*,*,#3450,.T.);
#3488=ORIENTED_EDGE('',*,*,#3164,.T.);
#3489=ORIENTED_EDGE('',*,*,#3474,.F.);
#3490=EDGE_LOOP('',(#3486,#3487,#3488,#3489));
#3491=FACE_OUTER_BOUND('',#3490,.F.);
#3492=ADVANCED_FACE('',(#3491),#3485,.F.);
#3493=CARTESIAN_POINT('',(-2.02E0,0.E0,2.36E0));
#3494=DIRECTION('',(0.E0,0.E0,1.E0));
#3495=DIRECTION('',(-1.E0,0.E0,0.E0));
#3496=AXIS2_PLACEMENT_3D('',#3493,#3494,#3495);
#3497=PLANE('',#3496);
#3498=ORIENTED_EDGE('',*,*,#2062,.F.);
#3500=ORIENTED_EDGE('',*,*,#3499,.T.);
#3501=ORIENTED_EDGE('',*,*,#3174,.T.);
#3503=ORIENTED_EDGE('',*,*,#3502,.F.);
#3504=EDGE_LOOP('',(#3498,#3500,#3501,#3503));
#3505=FACE_OUTER_BOUND('',#3504,.F.);
#3506=ADVANCED_FACE('',(#3505),#3497,.F.);
#3507=CARTESIAN_POINT('',(-2.02E0,0.E0,1.96E0));
#3508=DIRECTION('',(1.E0,0.E0,0.E0));
#3509=DIRECTION('',(0.E0,0.E0,1.E0));
#3510=AXIS2_PLACEMENT_3D('',#3507,#3508,#3509);
#3511=PLANE('',#3510);
#3512=ORIENTED_EDGE('',*,*,#2068,.F.);
#3514=ORIENTED_EDGE('',*,*,#3513,.T.);
#3515=ORIENTED_EDGE('',*,*,#3176,.T.);
#3516=ORIENTED_EDGE('',*,*,#3499,.F.);
#3517=EDGE_LOOP('',(#3512,#3514,#3515,#3516));
#3518=FACE_OUTER_BOUND('',#3517,.F.);
#3519=ADVANCED_FACE('',(#3518),#3511,.F.);
#3520=CARTESIAN_POINT('',(-2.57E0,0.E0,1.96E0));
#3521=DIRECTION('',(0.E0,0.E0,-1.E0));
#3522=DIRECTION('',(1.E0,0.E0,0.E0));
#3523=AXIS2_PLACEMENT_3D('',#3520,#3521,#3522);
#3524=PLANE('',#3523);
#3525=ORIENTED_EDGE('',*,*,#2066,.F.);
#3527=ORIENTED_EDGE('',*,*,#3526,.T.);
#3528=ORIENTED_EDGE('',*,*,#3178,.T.);
#3529=ORIENTED_EDGE('',*,*,#3513,.F.);
#3530=EDGE_LOOP('',(#3525,#3527,#3528,#3529));
#3531=FACE_OUTER_BOUND('',#3530,.F.);
#3532=ADVANCED_FACE('',(#3531),#3524,.F.);
#3533=CARTESIAN_POINT('',(-2.57E0,0.E0,2.36E0));
#3534=DIRECTION('',(-1.E0,0.E0,0.E0));
#3535=DIRECTION('',(0.E0,0.E0,-1.E0));
#3536=AXIS2_PLACEMENT_3D('',#3533,#3534,#3535);
#3537=PLANE('',#3536);
#3538=ORIENTED_EDGE('',*,*,#2064,.F.);
#3539=ORIENTED_EDGE('',*,*,#3502,.T.);
#3540=ORIENTED_EDGE('',*,*,#3180,.T.);
#3541=ORIENTED_EDGE('',*,*,#3526,.F.);
#3542=EDGE_LOOP('',(#3538,#3539,#3540,#3541));
#3543=FACE_OUTER_BOUND('',#3542,.F.);
#3544=ADVANCED_FACE('',(#3543),#3537,.F.);
#3545=CARTESIAN_POINT('',(-2.02E0,0.E0,1.59E0));
#3546=DIRECTION('',(0.E0,0.E0,1.E0));
#3547=DIRECTION('',(-1.E0,0.E0,0.E0));
#3548=AXIS2_PLACEMENT_3D('',#3545,#3546,#3547);
#3549=PLANE('',#3548);
#3550=ORIENTED_EDGE('',*,*,#2072,.F.);
#3552=ORIENTED_EDGE('',*,*,#3551,.T.);
#3553=ORIENTED_EDGE('',*,*,#3190,.T.);
#3555=ORIENTED_EDGE('',*,*,#3554,.F.);
#3556=EDGE_LOOP('',(#3550,#3552,#3553,#3555));
#3557=FACE_OUTER_BOUND('',#3556,.F.);
#3558=ADVANCED_FACE('',(#3557),#3549,.F.);
#3559=CARTESIAN_POINT('',(-2.02E0,0.E0,1.19E0));
#3560=DIRECTION('',(1.E0,0.E0,0.E0));
#3561=DIRECTION('',(0.E0,0.E0,1.E0));
#3562=AXIS2_PLACEMENT_3D('',#3559,#3560,#3561);
#3563=PLANE('',#3562);
#3564=ORIENTED_EDGE('',*,*,#2078,.F.);
#3566=ORIENTED_EDGE('',*,*,#3565,.T.);
#3567=ORIENTED_EDGE('',*,*,#3192,.T.);
#3568=ORIENTED_EDGE('',*,*,#3551,.F.);
#3569=EDGE_LOOP('',(#3564,#3566,#3567,#3568));
#3570=FACE_OUTER_BOUND('',#3569,.F.);
#3571=ADVANCED_FACE('',(#3570),#3563,.F.);
#3572=CARTESIAN_POINT('',(-2.57E0,0.E0,1.19E0));
#3573=DIRECTION('',(0.E0,0.E0,-1.E0));
#3574=DIRECTION('',(1.E0,0.E0,0.E0));
#3575=AXIS2_PLACEMENT_3D('',#3572,#3573,#3574);
#3576=PLANE('',#3575);
#3577=ORIENTED_EDGE('',*,*,#2076,.F.);
#3579=ORIENTED_EDGE('',*,*,#3578,.T.);
#3580=ORIENTED_EDGE('',*,*,#3194,.T.);
#3581=ORIENTED_EDGE('',*,*,#3565,.F.);
#3582=EDGE_LOOP('',(#3577,#3579,#3580,#3581));
#3583=FACE_OUTER_BOUND('',#3582,.F.);
#3584=ADVANCED_FACE('',(#3583),#3576,.F.);
#3585=CARTESIAN_POINT('',(-2.57E0,0.E0,1.59E0));
#3586=DIRECTION('',(-1.E0,0.E0,0.E0));
#3587=DIRECTION('',(0.E0,0.E0,-1.E0));
#3588=AXIS2_PLACEMENT_3D('',#3585,#3586,#3587);
#3589=PLANE('',#3588);
#3590=ORIENTED_EDGE('',*,*,#2074,.F.);
#3591=ORIENTED_EDGE('',*,*,#3554,.T.);
#3592=ORIENTED_EDGE('',*,*,#3196,.T.);
#3593=ORIENTED_EDGE('',*,*,#3578,.F.);
#3594=EDGE_LOOP('',(#3590,#3591,#3592,#3593));
#3595=FACE_OUTER_BOUND('',#3594,.F.);
#3596=ADVANCED_FACE('',(#3595),#3589,.F.);
#3597=CARTESIAN_POINT('',(-2.02E0,0.E0,8.2E-1));
#3598=DIRECTION('',(0.E0,0.E0,1.E0));
#3599=DIRECTION('',(-1.E0,0.E0,0.E0));
#3600=AXIS2_PLACEMENT_3D('',#3597,#3598,#3599);
#3601=PLANE('',#3600);
#3602=ORIENTED_EDGE('',*,*,#2082,.F.);
#3604=ORIENTED_EDGE('',*,*,#3603,.T.);
#3605=ORIENTED_EDGE('',*,*,#3206,.T.);
#3607=ORIENTED_EDGE('',*,*,#3606,.F.);
#3608=EDGE_LOOP('',(#3602,#3604,#3605,#3607));
#3609=FACE_OUTER_BOUND('',#3608,.F.);
#3610=ADVANCED_FACE('',(#3609),#3601,.F.);
#3611=CARTESIAN_POINT('',(-2.02E0,0.E0,4.2E-1));
#3612=DIRECTION('',(1.E0,0.E0,0.E0));
#3613=DIRECTION('',(0.E0,0.E0,1.E0));
#3614=AXIS2_PLACEMENT_3D('',#3611,#3612,#3613);
#3615=PLANE('',#3614);
#3616=ORIENTED_EDGE('',*,*,#2088,.F.);
#3618=ORIENTED_EDGE('',*,*,#3617,.T.);
#3619=ORIENTED_EDGE('',*,*,#3208,.T.);
#3620=ORIENTED_EDGE('',*,*,#3603,.F.);
#3621=EDGE_LOOP('',(#3616,#3618,#3619,#3620));
#3622=FACE_OUTER_BOUND('',#3621,.F.);
#3623=ADVANCED_FACE('',(#3622),#3615,.F.);
#3624=CARTESIAN_POINT('',(-2.57E0,0.E0,4.2E-1));
#3625=DIRECTION('',(0.E0,0.E0,-1.E0));
#3626=DIRECTION('',(1.E0,0.E0,0.E0));
#3627=AXIS2_PLACEMENT_3D('',#3624,#3625,#3626);
#3628=PLANE('',#3627);
#3629=ORIENTED_EDGE('',*,*,#2086,.F.);
#3631=ORIENTED_EDGE('',*,*,#3630,.T.);
#3632=ORIENTED_EDGE('',*,*,#3210,.T.);
#3633=ORIENTED_EDGE('',*,*,#3617,.F.);
#3634=EDGE_LOOP('',(#3629,#3631,#3632,#3633));
#3635=FACE_OUTER_BOUND('',#3634,.F.);
#3636=ADVANCED_FACE('',(#3635),#3628,.F.);
#3637=CARTESIAN_POINT('',(-2.57E0,0.E0,8.2E-1));
#3638=DIRECTION('',(-1.E0,0.E0,0.E0));
#3639=DIRECTION('',(0.E0,0.E0,-1.E0));
#3640=AXIS2_PLACEMENT_3D('',#3637,#3638,#3639);
#3641=PLANE('',#3640);
#3642=ORIENTED_EDGE('',*,*,#2084,.F.);
#3643=ORIENTED_EDGE('',*,*,#3606,.T.);
#3644=ORIENTED_EDGE('',*,*,#3212,.T.);
#3645=ORIENTED_EDGE('',*,*,#3630,.F.);
#3646=EDGE_LOOP('',(#3642,#3643,#3644,#3645));
#3647=FACE_OUTER_BOUND('',#3646,.F.);
#3648=ADVANCED_FACE('',(#3647),#3641,.F.);
#3649=CARTESIAN_POINT('',(-2.02E0,0.E0,5.E-2));
#3650=DIRECTION('',(0.E0,0.E0,1.E0));
#3651=DIRECTION('',(-1.E0,0.E0,0.E0));
#3652=AXIS2_PLACEMENT_3D('',#3649,#3650,#3651);
#3653=PLANE('',#3652);
#3654=ORIENTED_EDGE('',*,*,#2092,.F.);
#3656=ORIENTED_EDGE('',*,*,#3655,.T.);
#3657=ORIENTED_EDGE('',*,*,#3222,.T.);
#3659=ORIENTED_EDGE('',*,*,#3658,.F.);
#3660=EDGE_LOOP('',(#3654,#3656,#3657,#3659));
#3661=FACE_OUTER_BOUND('',#3660,.F.);
#3662=ADVANCED_FACE('',(#3661),#3653,.F.);
#3663=CARTESIAN_POINT('',(-2.02E0,0.E0,-3.5E-1));
#3664=DIRECTION('',(1.E0,0.E0,0.E0));
#3665=DIRECTION('',(0.E0,0.E0,1.E0));
#3666=AXIS2_PLACEMENT_3D('',#3663,#3664,#3665);
#3667=PLANE('',#3666);
#3668=ORIENTED_EDGE('',*,*,#2098,.F.);
#3670=ORIENTED_EDGE('',*,*,#3669,.T.);
#3671=ORIENTED_EDGE('',*,*,#3224,.T.);
#3672=ORIENTED_EDGE('',*,*,#3655,.F.);
#3673=EDGE_LOOP('',(#3668,#3670,#3671,#3672));
#3674=FACE_OUTER_BOUND('',#3673,.F.);
#3675=ADVANCED_FACE('',(#3674),#3667,.F.);
#3676=CARTESIAN_POINT('',(-2.57E0,0.E0,-3.5E-1));
#3677=DIRECTION('',(0.E0,0.E0,-1.E0));
#3678=DIRECTION('',(1.E0,0.E0,0.E0));
#3679=AXIS2_PLACEMENT_3D('',#3676,#3677,#3678);
#3680=PLANE('',#3679);
#3681=ORIENTED_EDGE('',*,*,#2096,.F.);
#3683=ORIENTED_EDGE('',*,*,#3682,.T.);
#3684=ORIENTED_EDGE('',*,*,#3226,.T.);
#3685=ORIENTED_EDGE('',*,*,#3669,.F.);
#3686=EDGE_LOOP('',(#3681,#3683,#3684,#3685));
#3687=FACE_OUTER_BOUND('',#3686,.F.);
#3688=ADVANCED_FACE('',(#3687),#3680,.F.);
#3689=CARTESIAN_POINT('',(-2.57E0,0.E0,5.E-2));
#3690=DIRECTION('',(-1.E0,0.E0,0.E0));
#3691=DIRECTION('',(0.E0,0.E0,-1.E0));
#3692=AXIS2_PLACEMENT_3D('',#3689,#3690,#3691);
#3693=PLANE('',#3692);
#3694=ORIENTED_EDGE('',*,*,#2094,.F.);
#3695=ORIENTED_EDGE('',*,*,#3658,.T.);
#3696=ORIENTED_EDGE('',*,*,#3228,.T.);
#3697=ORIENTED_EDGE('',*,*,#3682,.F.);
#3698=EDGE_LOOP('',(#3694,#3695,#3696,#3697));
#3699=FACE_OUTER_BOUND('',#3698,.F.);
#3700=ADVANCED_FACE('',(#3699),#3693,.F.);
#3701=CARTESIAN_POINT('',(-2.02E0,0.E0,-7.2E-1));
#3702=DIRECTION('',(0.E0,0.E0,1.E0));
#3703=DIRECTION('',(-1.E0,0.E0,0.E0));
#3704=AXIS2_PLACEMENT_3D('',#3701,#3702,#3703);
#3705=PLANE('',#3704);
#3706=ORIENTED_EDGE('',*,*,#2102,.F.);
#3708=ORIENTED_EDGE('',*,*,#3707,.T.);
#3709=ORIENTED_EDGE('',*,*,#3238,.T.);
#3711=ORIENTED_EDGE('',*,*,#3710,.F.);
#3712=EDGE_LOOP('',(#3706,#3708,#3709,#3711));
#3713=FACE_OUTER_BOUND('',#3712,.F.);
#3714=ADVANCED_FACE('',(#3713),#3705,.F.);
#3715=CARTESIAN_POINT('',(-2.02E0,0.E0,-1.12E0));
#3716=DIRECTION('',(1.E0,0.E0,0.E0));
#3717=DIRECTION('',(0.E0,0.E0,1.E0));
#3718=AXIS2_PLACEMENT_3D('',#3715,#3716,#3717);
#3719=PLANE('',#3718);
#3720=ORIENTED_EDGE('',*,*,#2108,.F.);
#3722=ORIENTED_EDGE('',*,*,#3721,.T.);
#3723=ORIENTED_EDGE('',*,*,#3240,.T.);
#3724=ORIENTED_EDGE('',*,*,#3707,.F.);
#3725=EDGE_LOOP('',(#3720,#3722,#3723,#3724));
#3726=FACE_OUTER_BOUND('',#3725,.F.);
#3727=ADVANCED_FACE('',(#3726),#3719,.F.);
#3728=CARTESIAN_POINT('',(-2.57E0,0.E0,-1.12E0));
#3729=DIRECTION('',(0.E0,0.E0,-1.E0));
#3730=DIRECTION('',(1.E0,0.E0,0.E0));
#3731=AXIS2_PLACEMENT_3D('',#3728,#3729,#3730);
#3732=PLANE('',#3731);
#3733=ORIENTED_EDGE('',*,*,#2106,.F.);
#3735=ORIENTED_EDGE('',*,*,#3734,.T.);
#3736=ORIENTED_EDGE('',*,*,#3242,.T.);
#3737=ORIENTED_EDGE('',*,*,#3721,.F.);
#3738=EDGE_LOOP('',(#3733,#3735,#3736,#3737));
#3739=FACE_OUTER_BOUND('',#3738,.F.);
#3740=ADVANCED_FACE('',(#3739),#3732,.F.);
#3741=CARTESIAN_POINT('',(-2.57E0,0.E0,-7.2E-1));
#3742=DIRECTION('',(-1.E0,0.E0,0.E0));
#3743=DIRECTION('',(0.E0,0.E0,-1.E0));
#3744=AXIS2_PLACEMENT_3D('',#3741,#3742,#3743);
#3745=PLANE('',#3744);
#3746=ORIENTED_EDGE('',*,*,#2104,.F.);
#3747=ORIENTED_EDGE('',*,*,#3710,.T.);
#3748=ORIENTED_EDGE('',*,*,#3244,.T.);
#3749=ORIENTED_EDGE('',*,*,#3734,.F.);
#3750=EDGE_LOOP('',(#3746,#3747,#3748,#3749));
#3751=FACE_OUTER_BOUND('',#3750,.F.);
#3752=ADVANCED_FACE('',(#3751),#3745,.F.);
#3753=CARTESIAN_POINT('',(-1.62E0,0.E0,3.5E0));
#3754=DIRECTION('',(0.E0,0.E0,-1.E0));
#3755=DIRECTION('',(1.E0,0.E0,0.E0));
#3756=AXIS2_PLACEMENT_3D('',#3753,#3754,#3755);
#3757=PLANE('',#3756);
#3758=ORIENTED_EDGE('',*,*,#2112,.F.);
#3760=ORIENTED_EDGE('',*,*,#3759,.T.);
#3761=ORIENTED_EDGE('',*,*,#3254,.T.);
#3763=ORIENTED_EDGE('',*,*,#3762,.F.);
#3764=EDGE_LOOP('',(#3758,#3760,#3761,#3763));
#3765=FACE_OUTER_BOUND('',#3764,.F.);
#3766=ADVANCED_FACE('',(#3765),#3757,.F.);
#3767=CARTESIAN_POINT('',(-1.62E0,0.E0,3.9E0));
#3768=DIRECTION('',(-1.E0,0.E0,0.E0));
#3769=DIRECTION('',(0.E0,0.E0,-1.E0));
#3770=AXIS2_PLACEMENT_3D('',#3767,#3768,#3769);
#3771=PLANE('',#3770);
#3772=ORIENTED_EDGE('',*,*,#2118,.F.);
#3774=ORIENTED_EDGE('',*,*,#3773,.T.);
#3775=ORIENTED_EDGE('',*,*,#3256,.T.);
#3776=ORIENTED_EDGE('',*,*,#3759,.F.);
#3777=EDGE_LOOP('',(#3772,#3774,#3775,#3776));
#3778=FACE_OUTER_BOUND('',#3777,.F.);
#3779=ADVANCED_FACE('',(#3778),#3771,.F.);
#3780=CARTESIAN_POINT('',(-1.07E0,0.E0,3.9E0));
#3781=DIRECTION('',(0.E0,0.E0,1.E0));
#3782=DIRECTION('',(-1.E0,0.E0,0.E0));
#3783=AXIS2_PLACEMENT_3D('',#3780,#3781,#3782);
#3784=PLANE('',#3783);
#3785=ORIENTED_EDGE('',*,*,#2116,.F.);
#3787=ORIENTED_EDGE('',*,*,#3786,.T.);
#3788=ORIENTED_EDGE('',*,*,#3258,.T.);
#3789=ORIENTED_EDGE('',*,*,#3773,.F.);
#3790=EDGE_LOOP('',(#3785,#3787,#3788,#3789));
#3791=FACE_OUTER_BOUND('',#3790,.F.);
#3792=ADVANCED_FACE('',(#3791),#3784,.F.);
#3793=CARTESIAN_POINT('',(-1.07E0,0.E0,3.5E0));
#3794=DIRECTION('',(1.E0,0.E0,0.E0));
#3795=DIRECTION('',(0.E0,0.E0,1.E0));
#3796=AXIS2_PLACEMENT_3D('',#3793,#3794,#3795);
#3797=PLANE('',#3796);
#3798=ORIENTED_EDGE('',*,*,#2114,.F.);
#3799=ORIENTED_EDGE('',*,*,#3762,.T.);
#3800=ORIENTED_EDGE('',*,*,#3260,.T.);
#3801=ORIENTED_EDGE('',*,*,#3786,.F.);
#3802=EDGE_LOOP('',(#3798,#3799,#3800,#3801));
#3803=FACE_OUTER_BOUND('',#3802,.F.);
#3804=ADVANCED_FACE('',(#3803),#3797,.F.);
#3805=CARTESIAN_POINT('',(-7.2E-1,0.E0,3.5E0));
#3806=DIRECTION('',(0.E0,0.E0,-1.E0));
#3807=DIRECTION('',(1.E0,0.E0,0.E0));
#3808=AXIS2_PLACEMENT_3D('',#3805,#3806,#3807);
#3809=PLANE('',#3808);
#3810=ORIENTED_EDGE('',*,*,#2122,.F.);
#3812=ORIENTED_EDGE('',*,*,#3811,.T.);
#3813=ORIENTED_EDGE('',*,*,#3270,.T.);
#3815=ORIENTED_EDGE('',*,*,#3814,.F.);
#3816=EDGE_LOOP('',(#3810,#3812,#3813,#3815));
#3817=FACE_OUTER_BOUND('',#3816,.F.);
#3818=ADVANCED_FACE('',(#3817),#3809,.F.);
#3819=CARTESIAN_POINT('',(-7.2E-1,0.E0,3.9E0));
#3820=DIRECTION('',(-1.E0,0.E0,0.E0));
#3821=DIRECTION('',(0.E0,0.E0,-1.E0));
#3822=AXIS2_PLACEMENT_3D('',#3819,#3820,#3821);
#3823=PLANE('',#3822);
#3824=ORIENTED_EDGE('',*,*,#2128,.F.);
#3826=ORIENTED_EDGE('',*,*,#3825,.T.);
#3827=ORIENTED_EDGE('',*,*,#3272,.T.);
#3828=ORIENTED_EDGE('',*,*,#3811,.F.);
#3829=EDGE_LOOP('',(#3824,#3826,#3827,#3828));
#3830=FACE_OUTER_BOUND('',#3829,.F.);
#3831=ADVANCED_FACE('',(#3830),#3823,.F.);
#3832=CARTESIAN_POINT('',(-1.7E-1,0.E0,3.9E0));
#3833=DIRECTION('',(0.E0,0.E0,1.E0));
#3834=DIRECTION('',(-1.E0,0.E0,0.E0));
#3835=AXIS2_PLACEMENT_3D('',#3832,#3833,#3834);
#3836=PLANE('',#3835);
#3837=ORIENTED_EDGE('',*,*,#2126,.F.);
#3839=ORIENTED_EDGE('',*,*,#3838,.T.);
#3840=ORIENTED_EDGE('',*,*,#3274,.T.);
#3841=ORIENTED_EDGE('',*,*,#3825,.F.);
#3842=EDGE_LOOP('',(#3837,#3839,#3840,#3841));
#3843=FACE_OUTER_BOUND('',#3842,.F.);
#3844=ADVANCED_FACE('',(#3843),#3836,.F.);
#3845=CARTESIAN_POINT('',(-1.7E-1,0.E0,3.5E0));
#3846=DIRECTION('',(1.E0,0.E0,0.E0));
#3847=DIRECTION('',(0.E0,0.E0,1.E0));
#3848=AXIS2_PLACEMENT_3D('',#3845,#3846,#3847);
#3849=PLANE('',#3848);
#3850=ORIENTED_EDGE('',*,*,#2124,.F.);
#3851=ORIENTED_EDGE('',*,*,#3814,.T.);
#3852=ORIENTED_EDGE('',*,*,#3276,.T.);
#3853=ORIENTED_EDGE('',*,*,#3838,.F.);
#3854=EDGE_LOOP('',(#3850,#3851,#3852,#3853));
#3855=FACE_OUTER_BOUND('',#3854,.F.);
#3856=ADVANCED_FACE('',(#3855),#3849,.F.);
#3857=CARTESIAN_POINT('',(2.02E0,0.E0,3.5E0));
#3858=DIRECTION('',(0.E0,0.E0,-1.E0));
#3859=DIRECTION('',(1.E0,0.E0,0.E0));
#3860=AXIS2_PLACEMENT_3D('',#3857,#3858,#3859);
#3861=PLANE('',#3860);
#3862=ORIENTED_EDGE('',*,*,#2132,.F.);
#3864=ORIENTED_EDGE('',*,*,#3863,.T.);
#3865=ORIENTED_EDGE('',*,*,#3286,.T.);
#3867=ORIENTED_EDGE('',*,*,#3866,.F.);
#3868=EDGE_LOOP('',(#3862,#3864,#3865,#3867));
#3869=FACE_OUTER_BOUND('',#3868,.F.);
#3870=ADVANCED_FACE('',(#3869),#3861,.F.);
#3871=CARTESIAN_POINT('',(2.02E0,0.E0,3.9E0));
#3872=DIRECTION('',(-1.E0,0.E0,0.E0));
#3873=DIRECTION('',(0.E0,0.E0,-1.E0));
#3874=AXIS2_PLACEMENT_3D('',#3871,#3872,#3873);
#3875=PLANE('',#3874);
#3876=ORIENTED_EDGE('',*,*,#2138,.F.);
#3878=ORIENTED_EDGE('',*,*,#3877,.T.);
#3879=ORIENTED_EDGE('',*,*,#3288,.T.);
#3880=ORIENTED_EDGE('',*,*,#3863,.F.);
#3881=EDGE_LOOP('',(#3876,#3878,#3879,#3880));
#3882=FACE_OUTER_BOUND('',#3881,.F.);
#3883=ADVANCED_FACE('',(#3882),#3875,.F.);
#3884=CARTESIAN_POINT('',(2.57E0,0.E0,3.9E0));
#3885=DIRECTION('',(0.E0,0.E0,1.E0));
#3886=DIRECTION('',(-1.E0,0.E0,0.E0));
#3887=AXIS2_PLACEMENT_3D('',#3884,#3885,#3886);
#3888=PLANE('',#3887);
#3889=ORIENTED_EDGE('',*,*,#2136,.F.);
#3891=ORIENTED_EDGE('',*,*,#3890,.T.);
#3892=ORIENTED_EDGE('',*,*,#3290,.T.);
#3893=ORIENTED_EDGE('',*,*,#3877,.F.);
#3894=EDGE_LOOP('',(#3889,#3891,#3892,#3893));
#3895=FACE_OUTER_BOUND('',#3894,.F.);
#3896=ADVANCED_FACE('',(#3895),#3888,.F.);
#3897=CARTESIAN_POINT('',(2.57E0,0.E0,3.5E0));
#3898=DIRECTION('',(1.E0,0.E0,0.E0));
#3899=DIRECTION('',(0.E0,0.E0,1.E0));
#3900=AXIS2_PLACEMENT_3D('',#3897,#3898,#3899);
#3901=PLANE('',#3900);
#3902=ORIENTED_EDGE('',*,*,#2134,.F.);
#3903=ORIENTED_EDGE('',*,*,#3866,.T.);
#3904=ORIENTED_EDGE('',*,*,#3292,.T.);
#3905=ORIENTED_EDGE('',*,*,#3890,.F.);
#3906=EDGE_LOOP('',(#3902,#3903,#3904,#3905));
#3907=FACE_OUTER_BOUND('',#3906,.F.);
#3908=ADVANCED_FACE('',(#3907),#3901,.F.);
#3909=CARTESIAN_POINT('',(1.62E0,0.E0,3.5E0));
#3910=DIRECTION('',(1.E0,0.E0,0.E0));
#3911=DIRECTION('',(0.E0,0.E0,1.E0));
#3912=AXIS2_PLACEMENT_3D('',#3909,#3910,#3911);
#3913=PLANE('',#3912);
#3914=ORIENTED_EDGE('',*,*,#2142,.F.);
#3916=ORIENTED_EDGE('',*,*,#3915,.T.);
#3917=ORIENTED_EDGE('',*,*,#3302,.T.);
#3919=ORIENTED_EDGE('',*,*,#3918,.F.);
#3920=EDGE_LOOP('',(#3914,#3916,#3917,#3919));
#3921=FACE_OUTER_BOUND('',#3920,.F.);
#3922=ADVANCED_FACE('',(#3921),#3913,.F.);
#3923=CARTESIAN_POINT('',(1.07E0,0.E0,3.5E0));
#3924=DIRECTION('',(0.E0,0.E0,-1.E0));
#3925=DIRECTION('',(1.E0,0.E0,0.E0));
#3926=AXIS2_PLACEMENT_3D('',#3923,#3924,#3925);
#3927=PLANE('',#3926);
#3928=ORIENTED_EDGE('',*,*,#2148,.F.);
#3930=ORIENTED_EDGE('',*,*,#3929,.T.);
#3931=ORIENTED_EDGE('',*,*,#3304,.T.);
#3932=ORIENTED_EDGE('',*,*,#3915,.F.);
#3933=EDGE_LOOP('',(#3928,#3930,#3931,#3932));
#3934=FACE_OUTER_BOUND('',#3933,.F.);
#3935=ADVANCED_FACE('',(#3934),#3927,.F.);
#3936=CARTESIAN_POINT('',(1.07E0,0.E0,3.9E0));
#3937=DIRECTION('',(-1.E0,0.E0,0.E0));
#3938=DIRECTION('',(0.E0,0.E0,-1.E0));
#3939=AXIS2_PLACEMENT_3D('',#3936,#3937,#3938);
#3940=PLANE('',#3939);
#3941=ORIENTED_EDGE('',*,*,#2146,.F.);
#3943=ORIENTED_EDGE('',*,*,#3942,.T.);
#3944=ORIENTED_EDGE('',*,*,#3306,.T.);
#3945=ORIENTED_EDGE('',*,*,#3929,.F.);
#3946=EDGE_LOOP('',(#3941,#3943,#3944,#3945));
#3947=FACE_OUTER_BOUND('',#3946,.F.);
#3948=ADVANCED_FACE('',(#3947),#3940,.F.);
#3949=CARTESIAN_POINT('',(1.62E0,0.E0,3.9E0));
#3950=DIRECTION('',(0.E0,0.E0,1.E0));
#3951=DIRECTION('',(-1.E0,0.E0,0.E0));
#3952=AXIS2_PLACEMENT_3D('',#3949,#3950,#3951);
#3953=PLANE('',#3952);
#3954=ORIENTED_EDGE('',*,*,#2144,.F.);
#3955=ORIENTED_EDGE('',*,*,#3918,.T.);
#3956=ORIENTED_EDGE('',*,*,#3308,.T.);
#3957=ORIENTED_EDGE('',*,*,#3942,.F.);
#3958=EDGE_LOOP('',(#3954,#3955,#3956,#3957));
#3959=FACE_OUTER_BOUND('',#3958,.F.);
#3960=ADVANCED_FACE('',(#3959),#3953,.F.);
#3961=CARTESIAN_POINT('',(7.2E-1,0.E0,3.5E0));
#3962=DIRECTION('',(1.E0,0.E0,0.E0));
#3963=DIRECTION('',(0.E0,0.E0,1.E0));
#3964=AXIS2_PLACEMENT_3D('',#3961,#3962,#3963);
#3965=PLANE('',#3964);
#3966=ORIENTED_EDGE('',*,*,#2152,.F.);
#3968=ORIENTED_EDGE('',*,*,#3967,.T.);
#3969=ORIENTED_EDGE('',*,*,#3318,.T.);
#3971=ORIENTED_EDGE('',*,*,#3970,.F.);
#3972=EDGE_LOOP('',(#3966,#3968,#3969,#3971));
#3973=FACE_OUTER_BOUND('',#3972,.F.);
#3974=ADVANCED_FACE('',(#3973),#3965,.F.);
#3975=CARTESIAN_POINT('',(1.7E-1,0.E0,3.5E0));
#3976=DIRECTION('',(0.E0,0.E0,-1.E0));
#3977=DIRECTION('',(1.E0,0.E0,0.E0));
#3978=AXIS2_PLACEMENT_3D('',#3975,#3976,#3977);
#3979=PLANE('',#3978);
#3980=ORIENTED_EDGE('',*,*,#2158,.F.);
#3982=ORIENTED_EDGE('',*,*,#3981,.T.);
#3983=ORIENTED_EDGE('',*,*,#3320,.T.);
#3984=ORIENTED_EDGE('',*,*,#3967,.F.);
#3985=EDGE_LOOP('',(#3980,#3982,#3983,#3984));
#3986=FACE_OUTER_BOUND('',#3985,.F.);
#3987=ADVANCED_FACE('',(#3986),#3979,.F.);
#3988=CARTESIAN_POINT('',(1.7E-1,0.E0,3.9E0));
#3989=DIRECTION('',(-1.E0,0.E0,0.E0));
#3990=DIRECTION('',(0.E0,0.E0,-1.E0));
#3991=AXIS2_PLACEMENT_3D('',#3988,#3989,#3990);
#3992=PLANE('',#3991);
#3993=ORIENTED_EDGE('',*,*,#2156,.F.);
#3995=ORIENTED_EDGE('',*,*,#3994,.T.);
#3996=ORIENTED_EDGE('',*,*,#3322,.T.);
#3997=ORIENTED_EDGE('',*,*,#3981,.F.);
#3998=EDGE_LOOP('',(#3993,#3995,#3996,#3997));
#3999=FACE_OUTER_BOUND('',#3998,.F.);
#4000=ADVANCED_FACE('',(#3999),#3992,.F.);
#4001=CARTESIAN_POINT('',(7.2E-1,0.E0,3.9E0));
#4002=DIRECTION('',(0.E0,0.E0,1.E0));
#4003=DIRECTION('',(-1.E0,0.E0,0.E0));
#4004=AXIS2_PLACEMENT_3D('',#4001,#4002,#4003);
#4005=PLANE('',#4004);
#4006=ORIENTED_EDGE('',*,*,#2154,.F.);
#4007=ORIENTED_EDGE('',*,*,#3970,.T.);
#4008=ORIENTED_EDGE('',*,*,#3324,.T.);
#4009=ORIENTED_EDGE('',*,*,#3994,.F.);
#4010=EDGE_LOOP('',(#4006,#4007,#4008,#4009));
#4011=FACE_OUTER_BOUND('',#4010,.F.);
#4012=ADVANCED_FACE('',(#4011),#4005,.F.);
#4013=CARTESIAN_POINT('',(2.02E0,0.E0,2.73E0));
#4014=DIRECTION('',(0.E0,0.E0,-1.E0));
#4015=DIRECTION('',(1.E0,0.E0,0.E0));
#4016=AXIS2_PLACEMENT_3D('',#4013,#4014,#4015);
#4017=PLANE('',#4016);
#4018=ORIENTED_EDGE('',*,*,#2162,.F.);
#4020=ORIENTED_EDGE('',*,*,#4019,.T.);
#4021=ORIENTED_EDGE('',*,*,#3334,.T.);
#4023=ORIENTED_EDGE('',*,*,#4022,.F.);
#4024=EDGE_LOOP('',(#4018,#4020,#4021,#4023));
#4025=FACE_OUTER_BOUND('',#4024,.F.);
#4026=ADVANCED_FACE('',(#4025),#4017,.F.);
#4027=CARTESIAN_POINT('',(2.02E0,0.E0,3.13E0));
#4028=DIRECTION('',(-1.E0,0.E0,0.E0));
#4029=DIRECTION('',(0.E0,0.E0,-1.E0));
#4030=AXIS2_PLACEMENT_3D('',#4027,#4028,#4029);
#4031=PLANE('',#4030);
#4032=ORIENTED_EDGE('',*,*,#2168,.F.);
#4034=ORIENTED_EDGE('',*,*,#4033,.T.);
#4035=ORIENTED_EDGE('',*,*,#3336,.T.);
#4036=ORIENTED_EDGE('',*,*,#4019,.F.);
#4037=EDGE_LOOP('',(#4032,#4034,#4035,#4036));
#4038=FACE_OUTER_BOUND('',#4037,.F.);
#4039=ADVANCED_FACE('',(#4038),#4031,.F.);
#4040=CARTESIAN_POINT('',(2.57E0,0.E0,3.13E0));
#4041=DIRECTION('',(0.E0,0.E0,1.E0));
#4042=DIRECTION('',(-1.E0,0.E0,0.E0));
#4043=AXIS2_PLACEMENT_3D('',#4040,#4041,#4042);
#4044=PLANE('',#4043);
#4045=ORIENTED_EDGE('',*,*,#2166,.F.);
#4047=ORIENTED_EDGE('',*,*,#4046,.T.);
#4048=ORIENTED_EDGE('',*,*,#3338,.T.);
#4049=ORIENTED_EDGE('',*,*,#4033,.F.);
#4050=EDGE_LOOP('',(#4045,#4047,#4048,#4049));
#4051=FACE_OUTER_BOUND('',#4050,.F.);
#4052=ADVANCED_FACE('',(#4051),#4044,.F.);
#4053=CARTESIAN_POINT('',(2.57E0,0.E0,2.73E0));
#4054=DIRECTION('',(1.E0,0.E0,0.E0));
#4055=DIRECTION('',(0.E0,0.E0,1.E0));
#4056=AXIS2_PLACEMENT_3D('',#4053,#4054,#4055);
#4057=PLANE('',#4056);
#4058=ORIENTED_EDGE('',*,*,#2164,.F.);
#4059=ORIENTED_EDGE('',*,*,#4022,.T.);
#4060=ORIENTED_EDGE('',*,*,#3340,.T.);
#4061=ORIENTED_EDGE('',*,*,#4046,.F.);
#4062=EDGE_LOOP('',(#4058,#4059,#4060,#4061));
#4063=FACE_OUTER_BOUND('',#4062,.F.);
#4064=ADVANCED_FACE('',(#4063),#4057,.F.);
#4065=CARTESIAN_POINT('',(2.02E0,0.E0,2.36E0));
#4066=DIRECTION('',(-1.E0,0.E0,0.E0));
#4067=DIRECTION('',(0.E0,0.E0,-1.E0));
#4068=AXIS2_PLACEMENT_3D('',#4065,#4066,#4067);
#4069=PLANE('',#4068);
#4070=ORIENTED_EDGE('',*,*,#2172,.F.);
#4072=ORIENTED_EDGE('',*,*,#4071,.T.);
#4073=ORIENTED_EDGE('',*,*,#3350,.T.);
#4075=ORIENTED_EDGE('',*,*,#4074,.F.);
#4076=EDGE_LOOP('',(#4070,#4072,#4073,#4075));
#4077=FACE_OUTER_BOUND('',#4076,.F.);
#4078=ADVANCED_FACE('',(#4077),#4069,.F.);
#4079=CARTESIAN_POINT('',(2.57E0,0.E0,2.36E0));
#4080=DIRECTION('',(0.E0,0.E0,1.E0));
#4081=DIRECTION('',(-1.E0,0.E0,0.E0));
#4082=AXIS2_PLACEMENT_3D('',#4079,#4080,#4081);
#4083=PLANE('',#4082);
#4084=ORIENTED_EDGE('',*,*,#2178,.F.);
#4086=ORIENTED_EDGE('',*,*,#4085,.T.);
#4087=ORIENTED_EDGE('',*,*,#3352,.T.);
#4088=ORIENTED_EDGE('',*,*,#4071,.F.);
#4089=EDGE_LOOP('',(#4084,#4086,#4087,#4088));
#4090=FACE_OUTER_BOUND('',#4089,.F.);
#4091=ADVANCED_FACE('',(#4090),#4083,.F.);
#4092=CARTESIAN_POINT('',(2.57E0,0.E0,1.96E0));
#4093=DIRECTION('',(1.E0,0.E0,0.E0));
#4094=DIRECTION('',(0.E0,0.E0,1.E0));
#4095=AXIS2_PLACEMENT_3D('',#4092,#4093,#4094);
#4096=PLANE('',#4095);
#4097=ORIENTED_EDGE('',*,*,#2176,.F.);
#4099=ORIENTED_EDGE('',*,*,#4098,.T.);
#4100=ORIENTED_EDGE('',*,*,#3354,.T.);
#4101=ORIENTED_EDGE('',*,*,#4085,.F.);
#4102=EDGE_LOOP('',(#4097,#4099,#4100,#4101));
#4103=FACE_OUTER_BOUND('',#4102,.F.);
#4104=ADVANCED_FACE('',(#4103),#4096,.F.);
#4105=CARTESIAN_POINT('',(2.02E0,0.E0,1.96E0));
#4106=DIRECTION('',(0.E0,0.E0,-1.E0));
#4107=DIRECTION('',(1.E0,0.E0,0.E0));
#4108=AXIS2_PLACEMENT_3D('',#4105,#4106,#4107);
#4109=PLANE('',#4108);
#4110=ORIENTED_EDGE('',*,*,#2174,.F.);
#4111=ORIENTED_EDGE('',*,*,#4074,.T.);
#4112=ORIENTED_EDGE('',*,*,#3356,.T.);
#4113=ORIENTED_EDGE('',*,*,#4098,.F.);
#4114=EDGE_LOOP('',(#4110,#4111,#4112,#4113));
#4115=FACE_OUTER_BOUND('',#4114,.F.);
#4116=ADVANCED_FACE('',(#4115),#4109,.F.);
#4117=CARTESIAN_POINT('',(2.02E0,0.E0,1.59E0));
#4118=DIRECTION('',(-1.E0,0.E0,0.E0));
#4119=DIRECTION('',(0.E0,0.E0,-1.E0));
#4120=AXIS2_PLACEMENT_3D('',#4117,#4118,#4119);
#4121=PLANE('',#4120);
#4122=ORIENTED_EDGE('',*,*,#2182,.F.);
#4124=ORIENTED_EDGE('',*,*,#4123,.T.);
#4125=ORIENTED_EDGE('',*,*,#3366,.T.);
#4127=ORIENTED_EDGE('',*,*,#4126,.F.);
#4128=EDGE_LOOP('',(#4122,#4124,#4125,#4127));
#4129=FACE_OUTER_BOUND('',#4128,.F.);
#4130=ADVANCED_FACE('',(#4129),#4121,.F.);
#4131=CARTESIAN_POINT('',(2.57E0,0.E0,1.59E0));
#4132=DIRECTION('',(0.E0,0.E0,1.E0));
#4133=DIRECTION('',(-1.E0,0.E0,0.E0));
#4134=AXIS2_PLACEMENT_3D('',#4131,#4132,#4133);
#4135=PLANE('',#4134);
#4136=ORIENTED_EDGE('',*,*,#2188,.F.);
#4138=ORIENTED_EDGE('',*,*,#4137,.T.);
#4139=ORIENTED_EDGE('',*,*,#3368,.T.);
#4140=ORIENTED_EDGE('',*,*,#4123,.F.);
#4141=EDGE_LOOP('',(#4136,#4138,#4139,#4140));
#4142=FACE_OUTER_BOUND('',#4141,.F.);
#4143=ADVANCED_FACE('',(#4142),#4135,.F.);
#4144=CARTESIAN_POINT('',(2.57E0,0.E0,1.19E0));
#4145=DIRECTION('',(1.E0,0.E0,0.E0));
#4146=DIRECTION('',(0.E0,0.E0,1.E0));
#4147=AXIS2_PLACEMENT_3D('',#4144,#4145,#4146);
#4148=PLANE('',#4147);
#4149=ORIENTED_EDGE('',*,*,#2186,.F.);
#4151=ORIENTED_EDGE('',*,*,#4150,.T.);
#4152=ORIENTED_EDGE('',*,*,#3370,.T.);
#4153=ORIENTED_EDGE('',*,*,#4137,.F.);
#4154=EDGE_LOOP('',(#4149,#4151,#4152,#4153));
#4155=FACE_OUTER_BOUND('',#4154,.F.);
#4156=ADVANCED_FACE('',(#4155),#4148,.F.);
#4157=CARTESIAN_POINT('',(2.02E0,0.E0,1.19E0));
#4158=DIRECTION('',(0.E0,0.E0,-1.E0));
#4159=DIRECTION('',(1.E0,0.E0,0.E0));
#4160=AXIS2_PLACEMENT_3D('',#4157,#4158,#4159);
#4161=PLANE('',#4160);
#4162=ORIENTED_EDGE('',*,*,#2184,.F.);
#4163=ORIENTED_EDGE('',*,*,#4126,.T.);
#4164=ORIENTED_EDGE('',*,*,#3372,.T.);
#4165=ORIENTED_EDGE('',*,*,#4150,.F.);
#4166=EDGE_LOOP('',(#4162,#4163,#4164,#4165));
#4167=FACE_OUTER_BOUND('',#4166,.F.);
#4168=ADVANCED_FACE('',(#4167),#4161,.F.);
#4169=CARTESIAN_POINT('',(2.02E0,0.E0,-7.2E-1));
#4170=DIRECTION('',(-1.E0,0.E0,0.E0));
#4171=DIRECTION('',(0.E0,0.E0,-1.E0));
#4172=AXIS2_PLACEMENT_3D('',#4169,#4170,#4171);
#4173=PLANE('',#4172);
#4174=ORIENTED_EDGE('',*,*,#2192,.F.);
#4176=ORIENTED_EDGE('',*,*,#4175,.T.);
#4177=ORIENTED_EDGE('',*,*,#3382,.T.);
#4179=ORIENTED_EDGE('',*,*,#4178,.F.);
#4180=EDGE_LOOP('',(#4174,#4176,#4177,#4179));
#4181=FACE_OUTER_BOUND('',#4180,.F.);
#4182=ADVANCED_FACE('',(#4181),#4173,.F.);
#4183=CARTESIAN_POINT('',(2.57E0,0.E0,-7.2E-1));
#4184=DIRECTION('',(0.E0,0.E0,1.E0));
#4185=DIRECTION('',(-1.E0,0.E0,0.E0));
#4186=AXIS2_PLACEMENT_3D('',#4183,#4184,#4185);
#4187=PLANE('',#4186);
#4188=ORIENTED_EDGE('',*,*,#2198,.F.);
#4190=ORIENTED_EDGE('',*,*,#4189,.T.);
#4191=ORIENTED_EDGE('',*,*,#3384,.T.);
#4192=ORIENTED_EDGE('',*,*,#4175,.F.);
#4193=EDGE_LOOP('',(#4188,#4190,#4191,#4192));
#4194=FACE_OUTER_BOUND('',#4193,.F.);
#4195=ADVANCED_FACE('',(#4194),#4187,.F.);
#4196=CARTESIAN_POINT('',(2.57E0,0.E0,-1.12E0));
#4197=DIRECTION('',(1.E0,0.E0,0.E0));
#4198=DIRECTION('',(0.E0,0.E0,1.E0));
#4199=AXIS2_PLACEMENT_3D('',#4196,#4197,#4198);
#4200=PLANE('',#4199);
#4201=ORIENTED_EDGE('',*,*,#2196,.F.);
#4203=ORIENTED_EDGE('',*,*,#4202,.T.);
#4204=ORIENTED_EDGE('',*,*,#3386,.T.);
#4205=ORIENTED_EDGE('',*,*,#4189,.F.);
#4206=EDGE_LOOP('',(#4201,#4203,#4204,#4205));
#4207=FACE_OUTER_BOUND('',#4206,.F.);
#4208=ADVANCED_FACE('',(#4207),#4200,.F.);
#4209=CARTESIAN_POINT('',(2.02E0,0.E0,-1.12E0));
#4210=DIRECTION('',(0.E0,0.E0,-1.E0));
#4211=DIRECTION('',(1.E0,0.E0,0.E0));
#4212=AXIS2_PLACEMENT_3D('',#4209,#4210,#4211);
#4213=PLANE('',#4212);
#4214=ORIENTED_EDGE('',*,*,#2194,.F.);
#4215=ORIENTED_EDGE('',*,*,#4178,.T.);
#4216=ORIENTED_EDGE('',*,*,#3388,.T.);
#4217=ORIENTED_EDGE('',*,*,#4202,.F.);
#4218=EDGE_LOOP('',(#4214,#4215,#4216,#4217));
#4219=FACE_OUTER_BOUND('',#4218,.F.);
#4220=ADVANCED_FACE('',(#4219),#4213,.F.);
#4221=CARTESIAN_POINT('',(-1.17E0,0.E0,2.73E0));
#4222=DIRECTION('',(0.E0,0.E0,-1.E0));
#4223=DIRECTION('',(1.E0,0.E0,0.E0));
#4224=AXIS2_PLACEMENT_3D('',#4221,#4222,#4223);
#4225=PLANE('',#4224);
#4226=ORIENTED_EDGE('',*,*,#2202,.F.);
#4228=ORIENTED_EDGE('',*,*,#4227,.T.);
#4229=ORIENTED_EDGE('',*,*,#3398,.T.);
#4231=ORIENTED_EDGE('',*,*,#4230,.F.);
#4232=EDGE_LOOP('',(#4226,#4228,#4229,#4231));
#4233=FACE_OUTER_BOUND('',#4232,.F.);
#4234=ADVANCED_FACE('',(#4233),#4225,.F.);
#4235=CARTESIAN_POINT('',(-1.17E0,0.E0,3.13E0));
#4236=DIRECTION('',(-1.E0,0.E0,0.E0));
#4237=DIRECTION('',(0.E0,0.E0,-1.E0));
#4238=AXIS2_PLACEMENT_3D('',#4235,#4236,#4237);
#4239=PLANE('',#4238);
#4240=ORIENTED_EDGE('',*,*,#2208,.F.);
#4242=ORIENTED_EDGE('',*,*,#4241,.T.);
#4243=ORIENTED_EDGE('',*,*,#3400,.T.);
#4244=ORIENTED_EDGE('',*,*,#4227,.F.);
#4245=EDGE_LOOP('',(#4240,#4242,#4243,#4244));
#4246=FACE_OUTER_BOUND('',#4245,.F.);
#4247=ADVANCED_FACE('',(#4246),#4239,.F.);
#4248=CARTESIAN_POINT('',(-6.2E-1,0.E0,3.13E0));
#4249=DIRECTION('',(0.E0,0.E0,1.E0));
#4250=DIRECTION('',(-1.E0,0.E0,0.E0));
#4251=AXIS2_PLACEMENT_3D('',#4248,#4249,#4250);
#4252=PLANE('',#4251);
#4253=ORIENTED_EDGE('',*,*,#2206,.F.);
#4255=ORIENTED_EDGE('',*,*,#4254,.T.);
#4256=ORIENTED_EDGE('',*,*,#3402,.T.);
#4257=ORIENTED_EDGE('',*,*,#4241,.F.);
#4258=EDGE_LOOP('',(#4253,#4255,#4256,#4257));
#4259=FACE_OUTER_BOUND('',#4258,.F.);
#4260=ADVANCED_FACE('',(#4259),#4252,.F.);
#4261=CARTESIAN_POINT('',(-6.2E-1,0.E0,2.73E0));
#4262=DIRECTION('',(1.E0,0.E0,0.E0));
#4263=DIRECTION('',(0.E0,0.E0,1.E0));
#4264=AXIS2_PLACEMENT_3D('',#4261,#4262,#4263);
#4265=PLANE('',#4264);
#4266=ORIENTED_EDGE('',*,*,#2204,.F.);
#4267=ORIENTED_EDGE('',*,*,#4230,.T.);
#4268=ORIENTED_EDGE('',*,*,#3404,.T.);
#4269=ORIENTED_EDGE('',*,*,#4254,.F.);
#4270=EDGE_LOOP('',(#4266,#4267,#4268,#4269));
#4271=FACE_OUTER_BOUND('',#4270,.F.);
#4272=ADVANCED_FACE('',(#4271),#4265,.F.);
#4273=CARTESIAN_POINT('',(-2.7E-1,0.E0,2.73E0));
#4274=DIRECTION('',(0.E0,0.E0,-1.E0));
#4275=DIRECTION('',(1.E0,0.E0,0.E0));
#4276=AXIS2_PLACEMENT_3D('',#4273,#4274,#4275);
#4277=PLANE('',#4276);
#4278=ORIENTED_EDGE('',*,*,#2212,.F.);
#4280=ORIENTED_EDGE('',*,*,#4279,.T.);
#4281=ORIENTED_EDGE('',*,*,#3414,.T.);
#4283=ORIENTED_EDGE('',*,*,#4282,.F.);
#4284=EDGE_LOOP('',(#4278,#4280,#4281,#4283));
#4285=FACE_OUTER_BOUND('',#4284,.F.);
#4286=ADVANCED_FACE('',(#4285),#4277,.F.);
#4287=CARTESIAN_POINT('',(-2.7E-1,0.E0,3.13E0));
#4288=DIRECTION('',(-1.E0,0.E0,0.E0));
#4289=DIRECTION('',(0.E0,0.E0,-1.E0));
#4290=AXIS2_PLACEMENT_3D('',#4287,#4288,#4289);
#4291=PLANE('',#4290);
#4292=ORIENTED_EDGE('',*,*,#2218,.F.);
#4294=ORIENTED_EDGE('',*,*,#4293,.T.);
#4295=ORIENTED_EDGE('',*,*,#3416,.T.);
#4296=ORIENTED_EDGE('',*,*,#4279,.F.);
#4297=EDGE_LOOP('',(#4292,#4294,#4295,#4296));
#4298=FACE_OUTER_BOUND('',#4297,.F.);
#4299=ADVANCED_FACE('',(#4298),#4291,.F.);
#4300=CARTESIAN_POINT('',(2.8E-1,0.E0,3.13E0));
#4301=DIRECTION('',(0.E0,0.E0,1.E0));
#4302=DIRECTION('',(-1.E0,0.E0,0.E0));
#4303=AXIS2_PLACEMENT_3D('',#4300,#4301,#4302);
#4304=PLANE('',#4303);
#4305=ORIENTED_EDGE('',*,*,#2216,.F.);
#4307=ORIENTED_EDGE('',*,*,#4306,.T.);
#4308=ORIENTED_EDGE('',*,*,#3418,.T.);
#4309=ORIENTED_EDGE('',*,*,#4293,.F.);
#4310=EDGE_LOOP('',(#4305,#4307,#4308,#4309));
#4311=FACE_OUTER_BOUND('',#4310,.F.);
#4312=ADVANCED_FACE('',(#4311),#4304,.F.);
#4313=CARTESIAN_POINT('',(2.8E-1,0.E0,2.73E0));
#4314=DIRECTION('',(1.E0,0.E0,0.E0));
#4315=DIRECTION('',(0.E0,0.E0,1.E0));
#4316=AXIS2_PLACEMENT_3D('',#4313,#4314,#4315);
#4317=PLANE('',#4316);
#4318=ORIENTED_EDGE('',*,*,#2214,.F.);
#4319=ORIENTED_EDGE('',*,*,#4282,.T.);
#4320=ORIENTED_EDGE('',*,*,#3420,.T.);
#4321=ORIENTED_EDGE('',*,*,#4306,.F.);
#4322=EDGE_LOOP('',(#4318,#4319,#4320,#4321));
#4323=FACE_OUTER_BOUND('',#4322,.F.);
#4324=ADVANCED_FACE('',(#4323),#4317,.F.);
#4325=CARTESIAN_POINT('',(1.17E0,0.E0,2.73E0));
#4326=DIRECTION('',(1.E0,0.E0,0.E0));
#4327=DIRECTION('',(0.E0,0.E0,1.E0));
#4328=AXIS2_PLACEMENT_3D('',#4325,#4326,#4327);
#4329=PLANE('',#4328);
#4330=ORIENTED_EDGE('',*,*,#2222,.F.);
#4332=ORIENTED_EDGE('',*,*,#4331,.T.);
#4333=ORIENTED_EDGE('',*,*,#3430,.T.);
#4335=ORIENTED_EDGE('',*,*,#4334,.F.);
#4336=EDGE_LOOP('',(#4330,#4332,#4333,#4335));
#4337=FACE_OUTER_BOUND('',#4336,.F.);
#4338=ADVANCED_FACE('',(#4337),#4329,.F.);
#4339=CARTESIAN_POINT('',(6.2E-1,0.E0,2.73E0));
#4340=DIRECTION('',(0.E0,0.E0,-1.E0));
#4341=DIRECTION('',(1.E0,0.E0,0.E0));
#4342=AXIS2_PLACEMENT_3D('',#4339,#4340,#4341);
#4343=PLANE('',#4342);
#4344=ORIENTED_EDGE('',*,*,#2228,.F.);
#4346=ORIENTED_EDGE('',*,*,#4345,.T.);
#4347=ORIENTED_EDGE('',*,*,#3432,.T.);
#4348=ORIENTED_EDGE('',*,*,#4331,.F.);
#4349=EDGE_LOOP('',(#4344,#4346,#4347,#4348));
#4350=FACE_OUTER_BOUND('',#4349,.F.);
#4351=ADVANCED_FACE('',(#4350),#4343,.F.);
#4352=CARTESIAN_POINT('',(6.2E-1,0.E0,3.13E0));
#4353=DIRECTION('',(-1.E0,0.E0,0.E0));
#4354=DIRECTION('',(0.E0,0.E0,-1.E0));
#4355=AXIS2_PLACEMENT_3D('',#4352,#4353,#4354);
#4356=PLANE('',#4355);
#4357=ORIENTED_EDGE('',*,*,#2226,.F.);
#4359=ORIENTED_EDGE('',*,*,#4358,.T.);
#4360=ORIENTED_EDGE('',*,*,#3434,.T.);
#4361=ORIENTED_EDGE('',*,*,#4345,.F.);
#4362=EDGE_LOOP('',(#4357,#4359,#4360,#4361));
#4363=FACE_OUTER_BOUND('',#4362,.F.);
#4364=ADVANCED_FACE('',(#4363),#4356,.F.);
#4365=CARTESIAN_POINT('',(1.17E0,0.E0,3.13E0));
#4366=DIRECTION('',(0.E0,0.E0,1.E0));
#4367=DIRECTION('',(-1.E0,0.E0,0.E0));
#4368=AXIS2_PLACEMENT_3D('',#4365,#4366,#4367);
#4369=PLANE('',#4368);
#4370=ORIENTED_EDGE('',*,*,#2224,.F.);
#4371=ORIENTED_EDGE('',*,*,#4334,.T.);
#4372=ORIENTED_EDGE('',*,*,#3436,.T.);
#4373=ORIENTED_EDGE('',*,*,#4358,.F.);
#4374=EDGE_LOOP('',(#4370,#4371,#4372,#4373));
#4375=FACE_OUTER_BOUND('',#4374,.F.);
#4376=ADVANCED_FACE('',(#4375),#4369,.F.);
#4377=CLOSED_SHELL('',(#2232,#2247,#2261,#2275,#2288,#2368,#2392,#2407,#2421,
#2442,#2456,#2470,#2484,#2498,#2511,#2524,#2538,#2553,#2567,#2579,#2592,#2603,
#2615,#2627,#2647,#2660,#2679,#2692,#2711,#2725,#2739,#2752,#2764,#2776,#2791,
#2806,#2821,#2836,#2851,#2865,#2880,#2894,#2908,#2923,#2938,#2952,#2988,#3000,
#3012,#3024,#3036,#3048,#3060,#3072,#3084,#3099,#3113,#3127,#3140,#3152,#3168,
#3184,#3200,#3216,#3232,#3248,#3264,#3280,#3296,#3312,#3328,#3344,#3360,#3376,
#3392,#3408,#3424,#3440,#3454,#3467,#3480,#3492,#3506,#3519,#3532,#3544,#3558,
#3571,#3584,#3596,#3610,#3623,#3636,#3648,#3662,#3675,#3688,#3700,#3714,#3727,
#3740,#3752,#3766,#3779,#3792,#3804,#3818,#3831,#3844,#3856,#3870,#3883,#3896,
#3908,#3922,#3935,#3948,#3960,#3974,#3987,#4000,#4012,#4026,#4039,#4052,#4064,
#4078,#4091,#4104,#4116,#4130,#4143,#4156,#4168,#4182,#4195,#4208,#4220,#4234,
#4247,#4260,#4272,#4286,#4299,#4312,#4324,#4338,#4351,#4364,#4376));
#4378=MANIFOLD_SOLID_BREP('',#4377);
#4380=DIMENSIONAL_EXPONENTS(0.E0,0.E0,0.E0,0.E0,0.E0,0.E0,0.E0);
#4382=PLANE_ANGLE_MEASURE_WITH_UNIT(PLANE_ANGLE_MEASURE(1.745329251994E-2),
#4381);
#4383=(CONVERSION_BASED_UNIT('DEGREE',#4382)NAMED_UNIT(*)PLANE_ANGLE_UNIT());
#4385=UNCERTAINTY_MEASURE_WITH_UNIT(LENGTH_MEASURE(1.113783530559E-3),#4379,
'closure',
'Maximum model space distance between geometric entities at asserted connectivities');
#4386=(GEOMETRIC_REPRESENTATION_CONTEXT(3)GLOBAL_UNCERTAINTY_ASSIGNED_CONTEXT((
#4385))GLOBAL_UNIT_ASSIGNED_CONTEXT((#4379,#4383,#4384))REPRESENTATION_CONTEXT(
'ID1','3'));
#4388=APPLICATION_CONTEXT(
'CONFIGURATION CONTROLLED 3D DESIGNS OF MECHANICAL PARTS AND ASSEMBLIES');
#4389=APPLICATION_PROTOCOL_DEFINITION('international standard',
'config_control_design',1994,#4388);
#4390=DESIGN_CONTEXT('',#4388,'design');
#4391=MECHANICAL_CONTEXT('',#4388,'mechanical');
#4392=PRODUCT('PCB','PCB','NOT SPECIFIED',(#4391));
#4393=PRODUCT_DEFINITION_FORMATION_WITH_SPECIFIED_SOURCE('13','LAST_VERSION',
#4392,.MADE.);
#4397=PRODUCT_CATEGORY('part','');
#4398=PRODUCT_RELATED_PRODUCT_CATEGORY('detail','',(#4392));
#4399=PRODUCT_CATEGORY_RELATIONSHIP('','',#4397,#4398);
#4400=SECURITY_CLASSIFICATION_LEVEL('unclassified');
#4401=SECURITY_CLASSIFICATION('','',#4400);
#4402=CC_DESIGN_SECURITY_CLASSIFICATION(#4401,(#4393));
#4403=APPROVAL_STATUS('approved');
#4404=APPROVAL(#4403,'');
#4405=CC_DESIGN_APPROVAL(#4404,(#4401,#4393,#4394));
#4406=CALENDAR_DATE(119,30,10);
#4407=COORDINATED_UNIVERSAL_TIME_OFFSET(8,0,.AHEAD.);
#4408=LOCAL_TIME(10,37,2.2E1,#4407);
#4409=DATE_AND_TIME(#4406,#4408);
#4410=APPROVAL_DATE_TIME(#4409,#4404);
#4411=DATE_TIME_ROLE('creation_date');
#4412=CC_DESIGN_DATE_AND_TIME_ASSIGNMENT(#4409,#4411,(#4394));
#4413=DATE_TIME_ROLE('classification_date');
#4414=CC_DESIGN_DATE_AND_TIME_ASSIGNMENT(#4409,#4413,(#4401));
#4415=PERSON('UNSPECIFIED','UNSPECIFIED',$,$,$,$);
#4416=ORGANIZATION('UNSPECIFIED','UNSPECIFIED','UNSPECIFIED');
#4417=PERSON_AND_ORGANIZATION(#4415,#4416);
#4418=APPROVAL_ROLE('approver');
#4419=APPROVAL_PERSON_ORGANIZATION(#4417,#4404,#4418);
#4420=PERSON_AND_ORGANIZATION_ROLE('creator');
#4421=CC_DESIGN_PERSON_AND_ORGANIZATION_ASSIGNMENT(#4417,#4420,(#4393,#4394));
#4422=PERSON_AND_ORGANIZATION_ROLE('design_supplier');
#4423=CC_DESIGN_PERSON_AND_ORGANIZATION_ASSIGNMENT(#4417,#4422,(#4393));
#4424=PERSON_AND_ORGANIZATION_ROLE('classification_officer');
#4425=CC_DESIGN_PERSON_AND_ORGANIZATION_ASSIGNMENT(#4417,#4424,(#4401));
#4426=PERSON_AND_ORGANIZATION_ROLE('design_owner');
#4427=CC_DESIGN_PERSON_AND_ORGANIZATION_ASSIGNMENT(#4417,#4426,(#4392));
#21=CIRCLE('',#20,2.25E-1);
#30=CIRCLE('',#29,2.25E-1);
#379=CIRCLE('',#378,1.E-1);
#388=CIRCLE('',#387,1.E-1);
#397=CIRCLE('',#396,1.E-1);
#406=CIRCLE('',#405,2.25E-1);
#415=CIRCLE('',#414,2.25E-1);
#424=CIRCLE('',#423,1.E-1);
#437=CIRCLE('',#436,2.25E-1);
#446=CIRCLE('',#445,2.25E-1);
#467=CIRCLE('',#466,3.E-1);
#480=CIRCLE('',#479,3.E-1);
#489=CIRCLE('',#488,3.E-1);
#498=CIRCLE('',#497,3.E-1);
#511=CIRCLE('',#510,3.E-1);
#524=CIRCLE('',#523,3.E-1);
#533=CIRCLE('',#532,3.E-1);
#542=CIRCLE('',#541,3.E-1);
#599=CIRCLE('',#598,1.E-1);
#604=CIRCLE('',#603,1.E-1);
#609=CIRCLE('',#608,1.E-1);
#630=CIRCLE('',#629,1.E-1);
#635=CIRCLE('',#634,1.E-1);
#640=CIRCLE('',#639,1.E-1);
#645=CIRCLE('',#644,1.E-1);
#650=CIRCLE('',#649,1.E-1);
#655=CIRCLE('',#654,1.E-1);
#660=CIRCLE('',#659,1.E-1);
#665=CIRCLE('',#664,1.E-1);
#670=CIRCLE('',#669,1.E-1);
#687=CIRCLE('',#686,2.25E-1);
#700=CIRCLE('',#699,2.25E-1);
#837=CIRCLE('',#836,3.E-1);
#846=CIRCLE('',#845,3.E-1);
#867=CIRCLE('',#866,3.E-1);
#876=CIRCLE('',#875,3.E-1);
#885=CIRCLE('',#884,3.E-1);
#906=CIRCLE('',#905,3.E-1);
#915=CIRCLE('',#914,3.E-1);
#920=CIRCLE('',#919,3.E-1);
#2022=EDGE_CURVE('',#1531,#1532,#4,.T.);
#2024=EDGE_CURVE('',#1532,#1534,#8,.T.);
#2026=EDGE_CURVE('',#1534,#1536,#12,.T.);
#2028=EDGE_CURVE('',#1536,#1531,#16,.T.);
#2032=EDGE_CURVE('',#1547,#1548,#21,.T.);
#2034=EDGE_CURVE('',#1552,#1547,#25,.T.);
#2036=EDGE_CURVE('',#1550,#1552,#30,.T.);
#2038=EDGE_CURVE('',#1548,#1550,#34,.T.);
#2042=EDGE_CURVE('',#1867,#1868,#38,.T.);
#2044=EDGE_CURVE('',#1868,#1870,#42,.T.);
#2046=EDGE_CURVE('',#1870,#1872,#46,.T.);
#2048=EDGE_CURVE('',#1872,#1867,#50,.T.);
#2052=EDGE_CURVE('',#1875,#1876,#54,.T.);
#2054=EDGE_CURVE('',#1876,#1878,#58,.T.);
#2056=EDGE_CURVE('',#1878,#1880,#62,.T.);
#2058=EDGE_CURVE('',#1880,#1875,#66,.T.);
#2062=EDGE_CURVE('',#1883,#1884,#70,.T.);
#2064=EDGE_CURVE('',#1884,#1886,#74,.T.);
#2066=EDGE_CURVE('',#1886,#1888,#78,.T.);
#2068=EDGE_CURVE('',#1888,#1883,#82,.T.);
#2072=EDGE_CURVE('',#1891,#1892,#86,.T.);
#2074=EDGE_CURVE('',#1892,#1894,#90,.T.);
#2076=EDGE_CURVE('',#1894,#1896,#94,.T.);
#2078=EDGE_CURVE('',#1896,#1891,#98,.T.);
#2082=EDGE_CURVE('',#1899,#1900,#102,.T.);
#2084=EDGE_CURVE('',#1900,#1902,#106,.T.);
#2086=EDGE_CURVE('',#1902,#1904,#110,.T.);
#2088=EDGE_CURVE('',#1904,#1899,#114,.T.);
#2092=EDGE_CURVE('',#1907,#1908,#118,.T.);
#2094=EDGE_CURVE('',#1908,#1910,#122,.T.);
#2096=EDGE_CURVE('',#1910,#1912,#126,.T.);
#2098=EDGE_CURVE('',#1912,#1907,#130,.T.);
#2102=EDGE_CURVE('',#1915,#1916,#134,.T.);
#2104=EDGE_CURVE('',#1916,#1918,#138,.T.);
#2106=EDGE_CURVE('',#1918,#1920,#142,.T.);
#2108=EDGE_CURVE('',#1920,#1915,#146,.T.);
#2112=EDGE_CURVE('',#1923,#1924,#150,.T.);
#2114=EDGE_CURVE('',#1924,#1926,#154,.T.);
#2116=EDGE_CURVE('',#1926,#1928,#158,.T.);
#2118=EDGE_CURVE('',#1928,#1923,#162,.T.);
#2122=EDGE_CURVE('',#1931,#1932,#166,.T.);
#2124=EDGE_CURVE('',#1932,#1934,#170,.T.);
#2126=EDGE_CURVE('',#1934,#1936,#174,.T.);
#2128=EDGE_CURVE('',#1936,#1931,#178,.T.);
#2132=EDGE_CURVE('',#1939,#1940,#182,.T.);
#2134=EDGE_CURVE('',#1940,#1942,#186,.T.);
#2136=EDGE_CURVE('',#1942,#1944,#190,.T.);
#2138=EDGE_CURVE('',#1944,#1939,#194,.T.);
#2142=EDGE_CURVE('',#1947,#1948,#198,.T.);
#2144=EDGE_CURVE('',#1948,#1950,#202,.T.);
#2146=EDGE_CURVE('',#1950,#1952,#206,.T.);
#2148=EDGE_CURVE('',#1952,#1947,#210,.T.);
#2152=EDGE_CURVE('',#1955,#1956,#214,.T.);
#2154=EDGE_CURVE('',#1956,#1958,#218,.T.);
#2156=EDGE_CURVE('',#1958,#1960,#222,.T.);
#2158=EDGE_CURVE('',#1960,#1955,#226,.T.);
#2162=EDGE_CURVE('',#1963,#1964,#230,.T.);
#2164=EDGE_CURVE('',#1964,#1966,#234,.T.);
#2166=EDGE_CURVE('',#1966,#1968,#238,.T.);
#2168=EDGE_CURVE('',#1968,#1963,#242,.T.);
#2172=EDGE_CURVE('',#1971,#1972,#246,.T.);
#2174=EDGE_CURVE('',#1972,#1974,#250,.T.);
#2176=EDGE_CURVE('',#1974,#1976,#254,.T.);
#2178=EDGE_CURVE('',#1976,#1971,#258,.T.);
#2182=EDGE_CURVE('',#1979,#1980,#262,.T.);
#2184=EDGE_CURVE('',#1980,#1982,#266,.T.);
#2186=EDGE_CURVE('',#1982,#1984,#270,.T.);
#2188=EDGE_CURVE('',#1984,#1979,#274,.T.);
#2192=EDGE_CURVE('',#1987,#1988,#278,.T.);
#2194=EDGE_CURVE('',#1988,#1990,#282,.T.);
#2196=EDGE_CURVE('',#1990,#1992,#286,.T.);
#2198=EDGE_CURVE('',#1992,#1987,#290,.T.);
#2202=EDGE_CURVE('',#1995,#1996,#294,.T.);
#2204=EDGE_CURVE('',#1996,#1998,#298,.T.);
#2206=EDGE_CURVE('',#1998,#2000,#302,.T.);
#2208=EDGE_CURVE('',#2000,#1995,#306,.T.);
#2212=EDGE_CURVE('',#2003,#2004,#310,.T.);
#2214=EDGE_CURVE('',#2004,#2006,#314,.T.);
#2216=EDGE_CURVE('',#2006,#2008,#318,.T.);
#2218=EDGE_CURVE('',#2008,#2003,#322,.T.);
#2222=EDGE_CURVE('',#2011,#2012,#326,.T.);
#2224=EDGE_CURVE('',#2012,#2014,#330,.T.);
#2226=EDGE_CURVE('',#2014,#2016,#334,.T.);
#2228=EDGE_CURVE('',#2016,#2011,#338,.T.);
#2239=EDGE_CURVE('',#1531,#1539,#342,.T.);
#2241=EDGE_CURVE('',#1539,#1540,#358,.T.);
#2243=EDGE_CURVE('',#1532,#1540,#354,.T.);
#2254=EDGE_CURVE('',#1536,#1544,#346,.T.);
#2256=EDGE_CURVE('',#1544,#1539,#362,.T.);
#2268=EDGE_CURVE('',#1534,#1542,#350,.T.);
#2270=EDGE_CURVE('',#1542,#1544,#366,.T.);
#2283=EDGE_CURVE('',#1540,#1542,#370,.T.);
#2300=EDGE_CURVE('',#1615,#1616,#374,.T.);
#2302=EDGE_CURVE('',#1707,#1616,#379,.T.);
#2304=EDGE_CURVE('',#1707,#1708,#383,.T.);
#2306=EDGE_CURVE('',#1711,#1708,#388,.T.);
#2308=EDGE_CURVE('',#1711,#1712,#392,.T.);
#2310=EDGE_CURVE('',#1623,#1712,#397,.T.);
#2312=EDGE_CURVE('',#1623,#1624,#401,.T.);
#2314=EDGE_CURVE('',#1624,#1559,#406,.T.);
#2316=EDGE_CURVE('',#1559,#1560,#410,.T.);
#2318=EDGE_CURVE('',#1560,#1627,#415,.T.);
#2320=EDGE_CURVE('',#1627,#1628,#419,.T.);
#2322=EDGE_CURVE('',#1615,#1628,#424,.T.);
#2326=EDGE_CURVE('',#1645,#1646,#462,.T.);
#2328=EDGE_CURVE('',#1649,#1646,#467,.T.);
#2330=EDGE_CURVE('',#1649,#1650,#471,.T.);
#2332=EDGE_CURVE('',#1650,#1652,#475,.T.);
#2334=EDGE_CURVE('',#1655,#1652,#480,.T.);
#2336=EDGE_CURVE('',#1655,#1656,#484,.T.);
#2338=EDGE_CURVE('',#1659,#1656,#489,.T.);
#2340=EDGE_CURVE('',#1659,#1660,#493,.T.);
#2342=EDGE_CURVE('',#1663,#1660,#498,.T.);
#2344=EDGE_CURVE('',#1663,#1664,#502,.T.);
#2346=EDGE_CURVE('',#1664,#1666,#506,.T.);
#2348=EDGE_CURVE('',#1669,#1666,#511,.T.);
#2350=EDGE_CURVE('',#1669,#1670,#515,.T.);
#2352=EDGE_CURVE('',#1670,#1672,#519,.T.);
#2354=EDGE_CURVE('',#1675,#1672,#524,.T.);
#2356=EDGE_CURVE('',#1675,#1676,#528,.T.);
#2358=EDGE_CURVE('',#1679,#1676,#533,.T.);
#2360=EDGE_CURVE('',#1679,#1680,#537,.T.);
#2362=EDGE_CURVE('',#1682,#1680,#542,.T.);
#2364=EDGE_CURVE('',#1682,#1645,#546,.T.);
#2374=EDGE_CURVE('',#1619,#1620,#428,.T.);
#2376=EDGE_CURVE('',#1620,#1630,#432,.T.);
#2378=EDGE_CURVE('',#1630,#1555,#437,.T.);
#2380=EDGE_CURVE('',#1555,#1556,#441,.T.);
#2382=EDGE_CURVE('',#1556,#1633,#446,.T.);
#2384=EDGE_CURVE('',#1633,#1634,#450,.T.);
#2386=EDGE_CURVE('',#1634,#1704,#454,.T.);
#2388=EDGE_CURVE('',#1704,#1619,#458,.T.);
#2399=EDGE_CURVE('',#1692,#1615,#550,.T.);
#2401=EDGE_CURVE('',#1691,#1692,#554,.T.);
#2403=EDGE_CURVE('',#1691,#1616,#558,.T.);
#2414=EDGE_CURVE('',#1608,#1628,#570,.T.);
#2416=EDGE_CURVE('',#1608,#1692,#665,.T.);
#2428=EDGE_CURVE('',#1607,#1623,#562,.T.);
#2430=EDGE_CURVE('',#1607,#1608,#566,.T.);
#2434=EDGE_CURVE('',#1636,#1627,#674,.T.);
#2436=EDGE_CURVE('',#1636,#1640,#716,.T.);
#2438=EDGE_CURVE('',#1640,#1624,#695,.T.);
#2449=EDGE_CURVE('',#1701,#1712,#582,.T.);
#2451=EDGE_CURVE('',#1701,#1607,#630,.T.);
#2463=EDGE_CURVE('',#1702,#1711,#574,.T.);
#2465=EDGE_CURVE('',#1701,#1702,#578,.T.);
#2477=EDGE_CURVE('',#1695,#1708,#594,.T.);
#2479=EDGE_CURVE('',#1695,#1702,#650,.T.);
#2491=EDGE_CURVE('',#1696,#1707,#586,.T.);
#2493=EDGE_CURVE('',#1695,#1696,#590,.T.);
#2506=EDGE_CURVE('',#1691,#1696,#604,.T.);
#2517=EDGE_CURVE('',#1696,#1688,#599,.T.);
#2520=EDGE_CURVE('',#1688,#1691,#609,.T.);
#2532=EDGE_CURVE('',#1698,#1688,#621,.T.);
#2534=EDGE_CURVE('',#1698,#1695,#655,.T.);
#2544=EDGE_CURVE('',#1611,#1612,#613,.T.);
#2546=EDGE_CURVE('',#1611,#1698,#617,.T.);
#2549=EDGE_CURVE('',#1688,#1612,#625,.T.);
#2560=EDGE_CURVE('',#1607,#1611,#640,.T.);
#2563=EDGE_CURVE('',#1612,#1608,#670,.T.);
#2574=EDGE_CURVE('',#1611,#1701,#635,.T.);
#2586=EDGE_CURVE('',#1702,#1698,#645,.T.);
#2609=EDGE_CURVE('',#1692,#1612,#660,.T.);
#2635=EDGE_CURVE('',#1560,#1547,#678,.T.);
#2638=EDGE_CURVE('',#1555,#1548,#752,.T.);
#2641=EDGE_CURVE('',#1638,#1630,#682,.T.);
#2643=EDGE_CURVE('',#1638,#1636,#687,.T.);
#2656=EDGE_CURVE('',#1559,#1552,#691,.T.);
#2667=EDGE_CURVE('',#1640,#1642,#700,.T.);
#2669=EDGE_CURVE('',#1642,#1633,#704,.T.);
#2672=EDGE_CURVE('',#1556,#1550,#708,.T.);
#2686=EDGE_CURVE('',#1642,#1638,#712,.T.);
#2699=EDGE_CURVE('',#1620,#1604,#724,.T.);
#2701=EDGE_CURVE('',#1603,#1604,#736,.T.);
#2703=EDGE_CURVE('',#1634,#1603,#732,.T.);
#2718=EDGE_CURVE('',#1619,#1685,#720,.T.);
#2720=EDGE_CURVE('',#1685,#1604,#740,.T.);
#2732=EDGE_CURVE('',#1704,#1686,#728,.T.);
#2734=EDGE_CURVE('',#1685,#1686,#744,.T.);
#2747=EDGE_CURVE('',#1686,#1603,#748,.T.);
#2783=EDGE_CURVE('',#1645,#1563,#756,.T.);
#2785=EDGE_CURVE('',#1563,#1564,#897,.T.);
#2787=EDGE_CURVE('',#1646,#1564,#760,.T.);
#2798=EDGE_CURVE('',#1649,#1567,#764,.T.);
#2800=EDGE_CURVE('',#1567,#1568,#893,.T.);
#2802=EDGE_CURVE('',#1650,#1568,#808,.T.);
#2813=EDGE_CURVE('',#1670,#1576,#768,.T.);
#2815=EDGE_CURVE('',#1576,#1584,#850,.T.);
#2817=EDGE_CURVE('',#1672,#1584,#772,.T.);
#2828=EDGE_CURVE('',#1675,#1583,#776,.T.);
#2830=EDGE_CURVE('',#1583,#1580,#841,.T.);
#2832=EDGE_CURVE('',#1676,#1580,#780,.T.);
#2843=EDGE_CURVE('',#1679,#1579,#784,.T.);
#2845=EDGE_CURVE('',#1579,#1588,#910,.T.);
#2847=EDGE_CURVE('',#1680,#1588,#788,.T.);
#2858=EDGE_CURVE('',#1682,#1587,#792,.T.);
#2860=EDGE_CURVE('',#1587,#1563,#901,.T.);
#2872=EDGE_CURVE('',#1664,#1571,#796,.T.);
#2874=EDGE_CURVE('',#1571,#1572,#858,.T.);
#2876=EDGE_CURVE('',#1666,#1572,#800,.T.);
#2887=EDGE_CURVE('',#1669,#1575,#804,.T.);
#2889=EDGE_CURVE('',#1575,#1576,#854,.T.);
#2902=EDGE_CURVE('',#1568,#1600,#889,.T.);
#2904=EDGE_CURVE('',#1652,#1600,#812,.T.);
#2915=EDGE_CURVE('',#1655,#1599,#816,.T.);
#2917=EDGE_CURVE('',#1599,#1592,#880,.T.);
#2919=EDGE_CURVE('',#1656,#1592,#820,.T.);
#2930=EDGE_CURVE('',#1659,#1591,#824,.T.);
#2932=EDGE_CURVE('',#1591,#1596,#871,.T.);
#2934=EDGE_CURVE('',#1660,#1596,#828,.T.);
#2945=EDGE_CURVE('',#1663,#1595,#832,.T.);
#2947=EDGE_CURVE('',#1595,#1571,#862,.T.);
#2958=EDGE_CURVE('',#1579,#1580,#837,.T.);
#2961=EDGE_CURVE('',#1583,#1584,#846,.T.);
#2965=EDGE_CURVE('',#1572,#1575,#915,.T.);
#2969=EDGE_CURVE('',#1595,#1596,#867,.T.);
#2972=EDGE_CURVE('',#1591,#1592,#876,.T.);
#2975=EDGE_CURVE('',#1599,#1600,#885,.T.);
#2979=EDGE_CURVE('',#1564,#1567,#920,.T.);
#2983=EDGE_CURVE('',#1587,#1588,#906,.T.);
#3091=EDGE_CURVE('',#1867,#1715,#924,.T.);
#3093=EDGE_CURVE('',#1715,#1716,#940,.T.);
#3095=EDGE_CURVE('',#1868,#1716,#936,.T.);
#3106=EDGE_CURVE('',#1872,#1720,#928,.T.);
#3108=EDGE_CURVE('',#1720,#1715,#944,.T.);
#3120=EDGE_CURVE('',#1870,#1718,#932,.T.);
#3122=EDGE_CURVE('',#1718,#1720,#948,.T.);
#3135=EDGE_CURVE('',#1716,#1718,#952,.T.);
#3158=EDGE_CURVE('',#1723,#1724,#956,.T.);
#3160=EDGE_CURVE('',#1728,#1723,#960,.T.);
#3162=EDGE_CURVE('',#1726,#1728,#964,.T.);
#3164=EDGE_CURVE('',#1724,#1726,#968,.T.);
#3174=EDGE_CURVE('',#1731,#1732,#972,.T.);
#3176=EDGE_CURVE('',#1736,#1731,#976,.T.);
#3178=EDGE_CURVE('',#1734,#1736,#980,.T.);
#3180=EDGE_CURVE('',#1732,#1734,#984,.T.);
#3190=EDGE_CURVE('',#1739,#1740,#988,.T.);
#3192=EDGE_CURVE('',#1744,#1739,#992,.T.);
#3194=EDGE_CURVE('',#1742,#1744,#996,.T.);
#3196=EDGE_CURVE('',#1740,#1742,#1000,.T.);
#3206=EDGE_CURVE('',#1747,#1748,#1004,.T.);
#3208=EDGE_CURVE('',#1752,#1747,#1008,.T.);
#3210=EDGE_CURVE('',#1750,#1752,#1012,.T.);
#3212=EDGE_CURVE('',#1748,#1750,#1016,.T.);
#3222=EDGE_CURVE('',#1755,#1756,#1020,.T.);
#3224=EDGE_CURVE('',#1760,#1755,#1024,.T.);
#3226=EDGE_CURVE('',#1758,#1760,#1028,.T.);
#3228=EDGE_CURVE('',#1756,#1758,#1032,.T.);
#3238=EDGE_CURVE('',#1763,#1764,#1036,.T.);
#3240=EDGE_CURVE('',#1768,#1763,#1040,.T.);
#3242=EDGE_CURVE('',#1766,#1768,#1044,.T.);
#3244=EDGE_CURVE('',#1764,#1766,#1048,.T.);
#3254=EDGE_CURVE('',#1771,#1772,#1052,.T.);
#3256=EDGE_CURVE('',#1776,#1771,#1056,.T.);
#3258=EDGE_CURVE('',#1774,#1776,#1060,.T.);
#3260=EDGE_CURVE('',#1772,#1774,#1064,.T.);
#3270=EDGE_CURVE('',#1779,#1780,#1068,.T.);
#3272=EDGE_CURVE('',#1784,#1779,#1072,.T.);
#3274=EDGE_CURVE('',#1782,#1784,#1076,.T.);
#3276=EDGE_CURVE('',#1780,#1782,#1080,.T.);
#3286=EDGE_CURVE('',#1787,#1788,#1084,.T.);
#3288=EDGE_CURVE('',#1792,#1787,#1088,.T.);
#3290=EDGE_CURVE('',#1790,#1792,#1092,.T.);
#3292=EDGE_CURVE('',#1788,#1790,#1096,.T.);
#3302=EDGE_CURVE('',#1795,#1796,#1100,.T.);
#3304=EDGE_CURVE('',#1800,#1795,#1104,.T.);
#3306=EDGE_CURVE('',#1798,#1800,#1108,.T.);
#3308=EDGE_CURVE('',#1796,#1798,#1112,.T.);
#3318=EDGE_CURVE('',#1803,#1804,#1116,.T.);
#3320=EDGE_CURVE('',#1808,#1803,#1120,.T.);
#3322=EDGE_CURVE('',#1806,#1808,#1124,.T.);
#3324=EDGE_CURVE('',#1804,#1806,#1128,.T.);
#3334=EDGE_CURVE('',#1811,#1812,#1132,.T.);
#3336=EDGE_CURVE('',#1816,#1811,#1136,.T.);
#3338=EDGE_CURVE('',#1814,#1816,#1140,.T.);
#3340=EDGE_CURVE('',#1812,#1814,#1144,.T.);
#3350=EDGE_CURVE('',#1819,#1820,#1148,.T.);
#3352=EDGE_CURVE('',#1824,#1819,#1152,.T.);
#3354=EDGE_CURVE('',#1822,#1824,#1156,.T.);
#3356=EDGE_CURVE('',#1820,#1822,#1160,.T.);
#3366=EDGE_CURVE('',#1827,#1828,#1164,.T.);
#3368=EDGE_CURVE('',#1832,#1827,#1168,.T.);
#3370=EDGE_CURVE('',#1830,#1832,#1172,.T.);
#3372=EDGE_CURVE('',#1828,#1830,#1176,.T.);
#3382=EDGE_CURVE('',#1835,#1836,#1180,.T.);
#3384=EDGE_CURVE('',#1840,#1835,#1184,.T.);
#3386=EDGE_CURVE('',#1838,#1840,#1188,.T.);
#3388=EDGE_CURVE('',#1836,#1838,#1192,.T.);
#3398=EDGE_CURVE('',#1843,#1844,#1196,.T.);
#3400=EDGE_CURVE('',#1848,#1843,#1200,.T.);
#3402=EDGE_CURVE('',#1846,#1848,#1204,.T.);
#3404=EDGE_CURVE('',#1844,#1846,#1208,.T.);
#3414=EDGE_CURVE('',#1851,#1852,#1212,.T.);
#3416=EDGE_CURVE('',#1856,#1851,#1216,.T.);
#3418=EDGE_CURVE('',#1854,#1856,#1220,.T.);
#3420=EDGE_CURVE('',#1852,#1854,#1224,.T.);
#3430=EDGE_CURVE('',#1859,#1860,#1228,.T.);
#3432=EDGE_CURVE('',#1864,#1859,#1232,.T.);
#3434=EDGE_CURVE('',#1862,#1864,#1236,.T.);
#3436=EDGE_CURVE('',#1860,#1862,#1240,.T.);
#3447=EDGE_CURVE('',#1875,#1723,#1244,.T.);
#3450=EDGE_CURVE('',#1876,#1724,#1256,.T.);
#3461=EDGE_CURVE('',#1880,#1728,#1248,.T.);
#3474=EDGE_CURVE('',#1878,#1726,#1252,.T.);
#3499=EDGE_CURVE('',#1883,#1731,#1260,.T.);
#3502=EDGE_CURVE('',#1884,#1732,#1272,.T.);
#3513=EDGE_CURVE('',#1888,#1736,#1264,.T.);
#3526=EDGE_CURVE('',#1886,#1734,#1268,.T.);
#3551=EDGE_CURVE('',#1891,#1739,#1276,.T.);
#3554=EDGE_CURVE('',#1892,#1740,#1288,.T.);
#3565=EDGE_CURVE('',#1896,#1744,#1280,.T.);
#3578=EDGE_CURVE('',#1894,#1742,#1284,.T.);
#3603=EDGE_CURVE('',#1899,#1747,#1292,.T.);
#3606=EDGE_CURVE('',#1900,#1748,#1304,.T.);
#3617=EDGE_CURVE('',#1904,#1752,#1296,.T.);
#3630=EDGE_CURVE('',#1902,#1750,#1300,.T.);
#3655=EDGE_CURVE('',#1907,#1755,#1308,.T.);
#3658=EDGE_CURVE('',#1908,#1756,#1320,.T.);
#3669=EDGE_CURVE('',#1912,#1760,#1312,.T.);
#3682=EDGE_CURVE('',#1910,#1758,#1316,.T.);
#3707=EDGE_CURVE('',#1915,#1763,#1324,.T.);
#3710=EDGE_CURVE('',#1916,#1764,#1336,.T.);
#3721=EDGE_CURVE('',#1920,#1768,#1328,.T.);
#3734=EDGE_CURVE('',#1918,#1766,#1332,.T.);
#3759=EDGE_CURVE('',#1923,#1771,#1340,.T.);
#3762=EDGE_CURVE('',#1924,#1772,#1352,.T.);
#3773=EDGE_CURVE('',#1928,#1776,#1344,.T.);
#3786=EDGE_CURVE('',#1926,#1774,#1348,.T.);
#3811=EDGE_CURVE('',#1931,#1779,#1356,.T.);
#3814=EDGE_CURVE('',#1932,#1780,#1368,.T.);
#3825=EDGE_CURVE('',#1936,#1784,#1360,.T.);
#3838=EDGE_CURVE('',#1934,#1782,#1364,.T.);
#3863=EDGE_CURVE('',#1939,#1787,#1372,.T.);
#3866=EDGE_CURVE('',#1940,#1788,#1384,.T.);
#3877=EDGE_CURVE('',#1944,#1792,#1376,.T.);
#3890=EDGE_CURVE('',#1942,#1790,#1380,.T.);
#3915=EDGE_CURVE('',#1947,#1795,#1388,.T.);
#3918=EDGE_CURVE('',#1948,#1796,#1400,.T.);
#3929=EDGE_CURVE('',#1952,#1800,#1392,.T.);
#3942=EDGE_CURVE('',#1950,#1798,#1396,.T.);
#3967=EDGE_CURVE('',#1955,#1803,#1404,.T.);
#3970=EDGE_CURVE('',#1956,#1804,#1416,.T.);
#3981=EDGE_CURVE('',#1960,#1808,#1408,.T.);
#3994=EDGE_CURVE('',#1958,#1806,#1412,.T.);
#4019=EDGE_CURVE('',#1963,#1811,#1420,.T.);
#4022=EDGE_CURVE('',#1964,#1812,#1432,.T.);
#4033=EDGE_CURVE('',#1968,#1816,#1424,.T.);
#4046=EDGE_CURVE('',#1966,#1814,#1428,.T.);
#4071=EDGE_CURVE('',#1971,#1819,#1436,.T.);
#4074=EDGE_CURVE('',#1972,#1820,#1448,.T.);
#4085=EDGE_CURVE('',#1976,#1824,#1440,.T.);
#4098=EDGE_CURVE('',#1974,#1822,#1444,.T.);
#4123=EDGE_CURVE('',#1979,#1827,#1452,.T.);
#4126=EDGE_CURVE('',#1980,#1828,#1464,.T.);
#4137=EDGE_CURVE('',#1984,#1832,#1456,.T.);
#4150=EDGE_CURVE('',#1982,#1830,#1460,.T.);
#4175=EDGE_CURVE('',#1987,#1835,#1468,.T.);
#4178=EDGE_CURVE('',#1988,#1836,#1480,.T.);
#4189=EDGE_CURVE('',#1992,#1840,#1472,.T.);
#4202=EDGE_CURVE('',#1990,#1838,#1476,.T.);
#4227=EDGE_CURVE('',#1995,#1843,#1484,.T.);
#4230=EDGE_CURVE('',#1996,#1844,#1496,.T.);
#4241=EDGE_CURVE('',#2000,#1848,#1488,.T.);
#4254=EDGE_CURVE('',#1998,#1846,#1492,.T.);
#4279=EDGE_CURVE('',#2003,#1851,#1500,.T.);
#4282=EDGE_CURVE('',#2004,#1852,#1512,.T.);
#4293=EDGE_CURVE('',#2008,#1856,#1504,.T.);
#4306=EDGE_CURVE('',#2006,#1854,#1508,.T.);
#4331=EDGE_CURVE('',#2011,#1859,#1516,.T.);
#4334=EDGE_CURVE('',#2012,#1860,#1528,.T.);
#4345=EDGE_CURVE('',#2016,#1864,#1520,.T.);
#4358=EDGE_CURVE('',#2014,#1862,#1524,.T.);
#4379=(LENGTH_UNIT()NAMED_UNIT(*)SI_UNIT(.MILLI.,.METRE.));
#4381=(NAMED_UNIT(*)PLANE_ANGLE_UNIT()SI_UNIT($,.RADIAN.));
#4384=(NAMED_UNIT(*)SI_UNIT($,.STERADIAN.)SOLID_ANGLE_UNIT());
#4387=ADVANCED_BREP_SHAPE_REPRESENTATION('',(#4378),#4386);
#4394=PRODUCT_DEFINITION('design','',#4393,#4390);
#4395=PRODUCT_DEFINITION_SHAPE('','SHAPE FOR PCB.',#4394);
#4396=SHAPE_DEFINITION_REPRESENTATION(#4395,#4387);
ENDSEC;
END-ISO-10303-21;
